price;min_to_metro;region_of_moscow;total_area;living_area;floor;number_of_floors;construction_year;build_age ;is_new;is_apartments;ceiling_height;number_of_rooms;link
5 000 000,00;12;SEAR;74;58;1;12;1980;44;0;0;2,65;4;https://www.cian.ru/sale/flat/299187334/
5 000 000,00;8;SAR;32,8;21,8;5;12;2019;5;0;0;3;1;https://www.cian.ru/sale/flat/289694246/
5 000 000,00;4;CAR;34,7;17;4;12;1966;58;0;0;2,64;1;https://www.cian.ru/sale/flat/300062146/
5 015 000,00;4;NEAR;19,7;10,7;4;5;1955;69;0;1;3;1;https://www.cian.ru/sale/flat/300153461/
5 149 999,00;2;NEAR;19,5;37,5;1;5;1955;69;0;1;3,15;1;https://www.cian.ru/sale/flat/300668604/
5 155 000,00;2;NEAR;20,3;37,5;3;5;1955;69;0;1;3;1;https://www.cian.ru/sale/flat/300667780/
5 200 000,00;14;SAR;30;18;2;6;2019;5;0;1;3;1;https://www.cian.ru/sale/flat/297050402/
5 200 000,00;10;NEAR;18,5;37,5;4;16;2019;5;0;1;2,5;1;https://www.cian.ru/sale/flat/292204416/
5 200 000,00;10;NEAR;18,5;10,5;4;16;1980;44;0;1;3;1;https://www.cian.ru/sale/flat/297040416/
5 200 000,00;7;SEAR;98,4;67,2;6;7;1956;68;0;0;4;4;https://www.cian.ru/sale/flat/300806626/
5 230 000,00;2;NEAR;20,6;37,5;2;5;1955;69;0;1;3;1;https://www.cian.ru/sale/flat/293859596/
5 250 000,00;12;SAR;31,7;37,5;2;6;1986;38;0;1;4,5;2;https://www.cian.ru/sale/flat/297949797/
5 300 000,00;10;NEAR;19;10;1;16;1980;44;0;1;2,7;1;https://www.cian.ru/sale/flat/294771543/
5 350 000,00;12;SAR;31;18;2;6;1986;38;0;1;4,5;1;https://www.cian.ru/sale/flat/292533826/
5 430 000,00;16;NEAR;22,5;14;2;16;1989;35;0;1;3;1;https://www.cian.ru/sale/flat/300111122/
5 444 000,00;5;EAR;23;15;1;12;1977;47;0;1;2,5;1;https://www.cian.ru/sale/flat/281954303/
5 445 000,00;2;NEAR;19,8;37,5;2;5;2019;5;0;1;3,15;1;https://www.cian.ru/sale/flat/299884766/
5 450 000,00;60;WAR;18;37,5;4;5;2019;5;0;1;3;1;https://www.cian.ru/sale/flat/286867547/
5 500 000,00;10;CAR;21;12;1;5;1956;68;0;1;3;1;https://www.cian.ru/sale/flat/300433015/
5 500 000,00;9;SAR;27;14;4;5;1930;94;0;1;3;1;https://www.cian.ru/sale/flat/300718061/
5 500 000,00;7;SAR;34,2;19,2;12;12;2019;5;0;0;3;1;https://www.cian.ru/sale/flat/299105794/
5 500 000,00;5;SAR;55;33;2;9;1970;54;0;0;2,64;2;https://www.cian.ru/sale/flat/300591249/
5 570 000,00;8;CAR;18,9;11,9;3;3;1900;124;0;1;2,9;1;https://www.cian.ru/sale/flat/295649148/
5 699 000,00;16;NWAR;36;20;8;9;2019;5;0;1;2,7;1;https://www.cian.ru/sale/flat/297265190/
5 699 000,00;15;EAR;29,8;37,5;6;6;1953;71;0;1;6;1;https://www.cian.ru/sale/flat/293823518/
5 699 999,00;1;NAR;22,7;37,5;3;3;2022;2;0;1;3,5;1;https://www.cian.ru/sale/flat/294911919/
5 699 999,00;1;NAR;23,1;37,5;2;3;2022;2;0;1;3,5;1;https://www.cian.ru/sale/flat/294230460/
5 700 000,00;15;NWAR;27,6;14;8;9;1980;44;0;1;4;1;https://www.cian.ru/sale/flat/277531258/
5 700 000,00;14;CAR;43;18;1;6;2019;5;0;0;3;1;https://www.cian.ru/sale/flat/297971520/
5 700 000,00;12;SEAR;26,4;37,5;1;7;1958;66;0;1;2,8;1;https://www.cian.ru/sale/flat/299743847/
5 700 000,00;9;SAR;20,7;15;1;14;1985;39;0;1;2,64;1;https://www.cian.ru/sale/flat/296486978/
5 723 000,00;1;NEAR;19,4;37,5;3;5;2019;5;0;1;3,15;1;https://www.cian.ru/sale/flat/299880337/
5 799 999,00;1;NAR;23;37,5;2;3;2022;2;0;1;3,5;1;https://www.cian.ru/sale/flat/294972720/
5 800 000,00;3;NAR;20,3;37,5;1;8;2019;5;0;1;4,1;1;https://www.cian.ru/sale/flat/299863166/
5 850 000,00;9;NAR;22,8;14;2;3;2019;5;0;1;3,4;1;https://www.cian.ru/sale/flat/300272054/
5 900 000,00;12;EAR;30;21;-1;7;2019;5;0;1;3;1;https://www.cian.ru/sale/flat/297954187/
5 900 000,00;10;SAR;40;20,8;3;14;1986;38;0;0;2,64;1;https://www.cian.ru/sale/flat/297496940/
5 980 000,00;13;WAR;24,1;21,3;1;14;1978;46;0;1;2,64;1;https://www.cian.ru/sale/flat/291263455/
5 990 000,00;2;NAR;19,2;37,5;1;3;2019;5;0;1;3,33;1;https://www.cian.ru/sale/flat/295982641/
5 999 999,00;4;NEAR;20,3;14;3;5;1955;69;0;1;3;1;https://www.cian.ru/sale/flat/300667437/
5 999 999,00;3;NEAR;20;37,5;3;5;2019;5;0;1;3;1;https://www.cian.ru/sale/flat/290999760/
6 000 000,00;12;SAR;32;18;3;6;1986;38;0;1;3;1;https://www.cian.ru/sale/flat/294074358/
6 000 000,00;3;SWAR;37;23,5;6;7;2013;11;0;1;3,2;1;https://www.cian.ru/sale/flat/300193305/
6 089 000,00;7;SEAR;21;13;1;7;2019;5;0;1;4,2;1;https://www.cian.ru/sale/flat/288557638/
6 137 000,00;12;SEAR;26,8;15;5;9;1980;44;0;1;2,6;1;https://www.cian.ru/sale/flat/300484391/
6 182 125,00;12;SEAR;26,8;37,5;4;9;1980;44;0;1;2,5;1;https://www.cian.ru/sale/flat/294926126/
6 200 000,00;13;SWAR;52,8;37,5;1;5;1960;64;0;1;2,6;1;https://www.cian.ru/sale/flat/299482165/
6 200 000,00;5;NEAR;51,9;30,5;13;14;1992;32;0;0;2,64;2;https://www.cian.ru/sale/flat/300366380/
6 219 000,00;8;CAR;27;18;2;8;2021;3;0;1;3,2;1;https://www.cian.ru/sale/flat/299562394/
6 299 000,00;15;EAR;29,5;37,5;6;6;2023;1;0;1;6;1;https://www.cian.ru/sale/flat/285374995/
6 300 000,00;15;CAR;40,4;37,5;1;1;2019;5;0;1;3,65;1;https://www.cian.ru/sale/flat/298986136/
6 300 000,00;8;CAR;18;11;4;6;2019;5;0;1;3;1;https://www.cian.ru/sale/flat/298484887/
6 300 000,00;8;CAR;19,7;12,7;2;3;1900;124;0;1;3,6;1;https://www.cian.ru/sale/flat/297145162/
6 300 000,00;1;EAR;18,3;16;3;4;2019;5;0;1;2,8;1;https://www.cian.ru/sale/flat/296717856/
6 307 760,00;2;NAR;20;12;1;3;2019;5;0;1;3,33;1;https://www.cian.ru/sale/flat/295670716/
6 333 000,00;8;CAR;27;18;2;8;1995;29;0;1;3,2;1;https://www.cian.ru/sale/flat/299025994/
6 370 000,00;12;SEAR;29,8;37,5;1;9;1980;44;0;1;2,5;1;https://www.cian.ru/sale/flat/298016388/
6 370 000,00;12;SEAR;29,8;17;1;9;1980;44;0;1;2,5;1;https://www.cian.ru/sale/flat/300557537/
6 370 000,00;12;SEAR;30;18;1;9;1980;44;0;1;2,6;1;https://www.cian.ru/sale/flat/279800832/
6 400 000,00;20;NAR;22,5;11,5;1;1;2023;1;0;1;3;1;https://www.cian.ru/sale/flat/299984268/
6 400 000,00;15;EAR;24;16;2;6;1970;54;0;1;3,3;1;https://www.cian.ru/sale/flat/300184257/
6 460 000,00;12;SEAR;27;16;5;9;1980;44;0;1;2,6;1;https://www.cian.ru/sale/flat/293493990/
6 500 000,00;19;SEAR;40,6;20;6;6;2019;5;0;1;4;1;https://www.cian.ru/sale/flat/300977548/
6 500 000,00;14;NAR;18,1;13,1;2;17;2022;2;0;1;3;1;https://www.cian.ru/sale/flat/299560251/
6 500 000,00;12;NEAR;18;37,5;4;12;1981;43;0;0;2,7;1;https://www.cian.ru/sale/flat/300726839/
6 500 000,00;12;NAR;23;10;1;5;1956;68;0;1;4;1;https://www.cian.ru/sale/flat/300081634/
6 500 000,00;8;NWAR;26,4;15,8;1;14;1994;30;0;1;2,7;1;https://www.cian.ru/sale/flat/288991914/
6 500 000,00;6;NEAR;18,2;9,2;2;5;2019;5;0;1;3;1;https://www.cian.ru/sale/flat/294948955/
6 500 000,00;6;NEAR;30;20;1;5;2019;5;0;1;2,5;1;https://www.cian.ru/sale/flat/297248368/
6 500 000,00;5;WAR;31,5;21,3;4;9;2019;5;0;0;3;1;https://www.cian.ru/sale/flat/299237703/
6 507 000,00;12;SEAR;26,7;15;4;9;2019;5;0;1;2,6;1;https://www.cian.ru/sale/flat/299938675/
6 507 500,00;12;SEAR;26,8;15;4;9;1980;44;0;1;2,6;1;https://www.cian.ru/sale/flat/299016463/
6 507 500,00;12;SEAR;26,9;15;6;9;1980;44;0;1;2,5;1;https://www.cian.ru/sale/flat/300558065/
6 507 900,00;12;SEAR;26,9;37,5;6;9;1980;44;0;1;2,5;1;https://www.cian.ru/sale/flat/299789518/
6 600 000,00;13;SWAR;26,2;15;1;14;2019;5;0;1;3;1;https://www.cian.ru/sale/flat/298261972/
6 600 000,00;9;NAR;22;15;4;5;2019;5;0;1;3,5;1;https://www.cian.ru/sale/flat/300008616/
6 600 000,00;9;SAR;22,7;10;4;6;2020;4;0;1;4,6;1;https://www.cian.ru/sale/flat/299890881/
6 609 260,00;2;NAR;20;10;3;3;2019;5;0;1;3,5;1;https://www.cian.ru/sale/flat/295685444/
6 650 000,00;12;NEAR;19;37,5;7;12;1981;43;0;0;2,7;1;https://www.cian.ru/sale/flat/300116229/
6 688 500,00;12;SEAR;29,5;16,7;5;9;1980;44;0;1;2,5;1;https://www.cian.ru/sale/flat/300558938/
6 700 000,00;18;NAR;26;16,2;4;4;1975;49;0;1;3;1;https://www.cian.ru/sale/flat/298225520/
6 700 000,00;11;NEAR;19;11;1;4;2019;5;0;1;3;1;https://www.cian.ru/sale/flat/296475414/
6 700 000,00;4;NEAR;20;14;9;16;2019;5;0;1;3;1;https://www.cian.ru/sale/flat/295180835/
6 749 000,00;2;NEAR;28,6;20,6;1;5;1955;69;0;1;3,5;1;https://www.cian.ru/sale/flat/291328090/
6 800 000,00;17;SWAR;23;12;1;9;1970;54;0;1;3;1;https://www.cian.ru/sale/flat/283478568/
6 800 000,00;17;EAR;37;30;1;2;2019;5;0;1;5;1;https://www.cian.ru/sale/flat/299776751/
6 800 000,00;7;SAR;28;11;1;10;1983;41;0;0;2,48;1;https://www.cian.ru/sale/flat/299185625/
6 800 000,00;4;CAR;58,8;37,5;1;5;1929;95;0;1;3;1;https://www.cian.ru/sale/flat/300212234/
6 825 000,00;12;SEAR;30,3;37,5;3;9;1980;44;0;1;2,5;1;https://www.cian.ru/sale/flat/298016918/
6 854 250,00;12;SEAR;34,9;37,5;1;9;1980;44;0;1;2,5;1;https://www.cian.ru/sale/flat/296746930/
6 890 000,00;3;SWAR;37;30;6;7;2019;5;0;1;3,2;2;https://www.cian.ru/sale/flat/298036394/
6 895 000,00;8;CAR;20,9;12,9;1;3;1900;124;0;1;4,5;1;https://www.cian.ru/sale/flat/284489277/
6 899 000,00;1;NAR;25,1;37,5;1;3;2022;2;0;1;3,5;1;https://www.cian.ru/sale/flat/294971554/
6 950 000,00;20;NAR;30;20;5;5;2023;1;0;1;5,5;2;https://www.cian.ru/sale/flat/299828426/
6 950 000,00;8;CAR;28;18;2;8;1995;29;0;1;3,2;1;https://www.cian.ru/sale/flat/299027789/
6 990 000,00;11;NEAR;20;12;1;4;2019;5;0;1;3;1;https://www.cian.ru/sale/flat/296475420/
6 990 000,00;7;EAR;21;37,5;1;6;1927;97;0;1;3;1;https://www.cian.ru/sale/flat/300302065/
7 000 000,00;18;SEAR;21,5;37,5;23;25;2023;1;1;0;2,65;1;https://www.cian.ru/sale/flat/298746990/
7 000 000,00;15;SEAR;41,5;21;11;12;2019;5;0;0;2,65;1;https://www.cian.ru/sale/flat/287073904/
7 000 000,00;14;WAR;20,3;9,3;5;16;2019;5;0;0;3;1;https://www.cian.ru/sale/flat/294760157/
7 000 000,00;11;SAR;21,7;12,7;2;3;2019;5;0;1;3;1;https://www.cian.ru/sale/flat/300395248/
7 000 000,00;11;EAR;31,7;12;1;17;1983;41;0;1;2,64;1;https://www.cian.ru/sale/flat/300072372/
7 000 000,00;11;WAR;83,7;49,4;1;26;2013;11;0;0;2,7;4;https://www.cian.ru/sale/flat/237399267/
7 000 000,00;4;NEAR;21;13;9;16;2019;5;0;1;3;1;https://www.cian.ru/sale/flat/297150227/
7 000 000,00;4;EAR;29,7;18,6;1;9;2019;5;0;1;2,6;1;https://www.cian.ru/sale/flat/299472476/
7 000 000,00;4;NEAR;37,9;19;4;17;1988;36;0;0;2,64;1;https://www.cian.ru/sale/flat/300001960/
7 060 000,00;7;CAR;25,3;37,5;1;5;1959;65;0;1;2,8;1;https://www.cian.ru/sale/flat/299097548/
7 100 000,00;16;SEAR;18;37,5;8;10;2019;5;0;0;3;1;https://www.cian.ru/sale/flat/295974920/
7 100 000,00;7;EAR;28,7;37,5;2;5;1972;52;0;0;2,64;1;https://www.cian.ru/sale/flat/300393795/
7 100 000,00;7;EAR;29,4;15,5;2;5;1972;52;0;0;2,77;1;https://www.cian.ru/sale/flat/300373889/
7 105 000,00;7;SEAR;24,5;16;1;7;1956;68;0;1;4;1;https://www.cian.ru/sale/flat/291960828/
7 198 354,00;2;NAR;25,1;15,1;1;3;2019;5;0;1;3,5;1;https://www.cian.ru/sale/flat/296523412/
7 200 000,00;8;CAR;19;7;2;3;1900;124;0;1;3;1;https://www.cian.ru/sale/flat/296211422/
7 200 000,00;8;NEAR;28;37,5;1;6;1942;82;0;0;3,2;1;https://www.cian.ru/sale/flat/300191546/
7 220 000,00;12;SEAR;35,1;37,5;9;9;1980;44;0;1;2,5;1;https://www.cian.ru/sale/flat/296746996/
7 220 000,00;12;SEAR;35,1;21;9;9;1980;44;0;1;2,6;1;https://www.cian.ru/sale/flat/300484387/
7 220 000,00;12;SEAR;35,1;20;9;9;1980;44;0;1;2,5;1;https://www.cian.ru/sale/flat/300556981/
7 300 000,00;20;NAR;26,4;12;5;5;2019;5;0;1;8;1;https://www.cian.ru/sale/flat/299715031/
7 300 000,00;20;SWAR;30,6;37,5;1;3;1960;64;0;0;3;1;https://www.cian.ru/sale/flat/298365407/
7 300 000,00;15;SEAR;20;9;10;18;2022;2;0;0;2,8;1;https://www.cian.ru/sale/flat/291183295/
7 300 000,00;11;NWAR;31,5;14;1;14;2019;5;0;1;3;1;https://www.cian.ru/sale/flat/293717676/
7 300 000,00;10;SEAR;32,7;17,9;11;12;1980;44;0;0;2,5;1;https://www.cian.ru/sale/flat/300889888/
7 300 000,00;9;SEAR;38,9;20,9;5;12;1977;47;0;0;2,64;1;https://www.cian.ru/sale/flat/300075498/
7 350 000,00;7;SAR;35,5;20;1;9;1973;51;0;0;2,64;1;https://www.cian.ru/sale/flat/298284201/
7 400 000,00;17;EAR;24,3;37,5;2;3;2019;5;0;1;3;1;https://www.cian.ru/sale/flat/299027821/
7 400 000,00;11;NEAR;21;13;1;4;2019;5;0;1;3;1;https://www.cian.ru/sale/flat/296475423/
7 450 000,00;7;SEAR;25,7;16;1;7;1956;68;0;1;4;1;https://www.cian.ru/sale/flat/284402254/
7 490 000,00;19;NAR;24,9;37,5;7;9;1972;52;0;0;2,6;1;https://www.cian.ru/sale/flat/299568425/
7 490 000,00;9;NEAR;31,9;21;1;9;1967;57;0;0;2,64;1;https://www.cian.ru/sale/flat/300396855/
7 490 000,00;7;NEAR;19,1;10,1;7;7;2019;5;0;1;3;1;https://www.cian.ru/sale/flat/298794106/
7 495 000,00;7;SEAR;18,9;10,9;1;7;2019;5;0;1;4;1;https://www.cian.ru/sale/flat/296279120/
7 499 999,00;12;SAR;40;37,5;3;5;2017;7;0;1;2,64;2;https://www.cian.ru/sale/flat/293054575/
7 500 000,00;19;SWAR;38,3;19,6;11;17;2019;5;0;0;3;1;https://www.cian.ru/sale/flat/299520907/
7 500 000,00;18;SEAR;19,7;9,4;25;25;2023;1;1;0;3;1;https://www.cian.ru/sale/flat/298407427/
7 500 000,00;17;SEAR;31,5;21,4;2;9;1966;58;0;0;2,64;1;https://www.cian.ru/sale/flat/299946851/
7 500 000,00;16;SEAR;79,1;55,4;5;5;1957;67;0;0;2,8;3;https://www.cian.ru/sale/flat/298969111/
7 500 000,00;10;NEAR;25,3;17,3;1;9;1976;48;0;0;2,64;1;https://www.cian.ru/sale/flat/299267264/
7 500 000,00;8;WAR;30,4;18,7;5;5;1967;57;0;0;3;1;https://www.cian.ru/sale/flat/298101474/
7 500 000,00;8;SAR;32,5;19;1;9;1973;51;0;0;2,64;1;https://www.cian.ru/sale/flat/300413307/
7 500 000,00;7;EAR;32,6;18,6;8;9;1974;50;0;0;2,64;1;https://www.cian.ru/sale/flat/297124834/
7 500 000,00;7;SAR;33;19;5;9;1973;51;0;0;2,64;1;https://www.cian.ru/sale/flat/298662291/
7 550 000,00;7;CAR;19;14;4;4;1917;107;0;1;3;1;https://www.cian.ru/sale/flat/299526999/
7 580 000,00;3;EAR;32;18;2;9;2019;5;0;0;3;1;https://www.cian.ru/sale/flat/299472933/
7 588 000,00;13;SWAR;38;19,1;10;17;2009;15;0;0;2,7;1;https://www.cian.ru/sale/flat/296151287/
7 600 000,00;10;EAR;25;37,5;6;9;1972;52;0;0;2,64;1;https://www.cian.ru/sale/flat/300460233/
7 600 000,00;9;WAR;32,6;18;10;12;1979;45;0;0;2,7;1;https://www.cian.ru/sale/flat/291066914/
7 600 000,00;4;SWAR;37,7;17,7;2;14;2009;15;0;0;2,7;1;https://www.cian.ru/sale/flat/298991889/
7 650 000,00;19;NAR;35;22;4;7;2022;2;0;1;4,2;1;https://www.cian.ru/sale/flat/298702852/
7 650 000,00;18;NEAR;31,5;19;6;18;2019;5;0;1;3,1;1;https://www.cian.ru/sale/flat/300384115/
7 700 000,00;15;SWAR;35;15;12;14;2008;16;0;0;2,64;1;https://www.cian.ru/sale/flat/296254383/
7 700 000,00;11;NEAR;21;14;3;9;1971;53;0;0;2,64;1;https://www.cian.ru/sale/flat/300078174/
7 700 000,00;9;NWAR;29;19;14;24;2019;5;0;1;3;1;https://www.cian.ru/sale/flat/299935320/
7 700 000,00;9;SAR;31;37,5;1;17;2019;5;0;1;3;1;https://www.cian.ru/sale/flat/300418736/
7 700 000,00;6;SAR;22;13;6;9;1970;54;0;0;2,64;1;https://www.cian.ru/sale/flat/300939633/
7 700 000,00;6;SAR;32;18,2;7;9;1974;50;0;0;2,64;1;https://www.cian.ru/sale/flat/297425926/
7 749 999,00;4;NEAR;29,5;37,5;1;5;1955;69;0;1;3;1;https://www.cian.ru/sale/flat/300775172/
7 750 000,00;20;SWAR;34;17,1;3;5;1986;38;0;0;3;1;https://www.cian.ru/sale/flat/299057343/
7 750 000,00;14;SEAR;23;12;5;16;2019;5;0;0;3;1;https://www.cian.ru/sale/flat/298521910/
7 750 000,00;9;NAR;19;15;4;5;2019;5;0;1;3,1;1;https://www.cian.ru/sale/flat/284697038/
7 769 500,00;8;NEAR;37,65;13,2;4;8;2024;0;1;1;2,8;1;https://www.cian.ru/sale/flat/297367493/
7 790 000,00;9;NEAR;31,8;37,5;1;12;1973;51;0;0;2,64;1;https://www.cian.ru/sale/flat/300225912/
7 800 000,00;11;SAR;18;9;2;4;1999;25;0;1;3;1;https://www.cian.ru/sale/flat/300745951/
7 800 000,00;11;EAR;31,8;18;1;9;1966;58;0;0;2,64;1;https://www.cian.ru/sale/flat/300553532/
7 800 000,00;7;CAR;20,2;37,5;1;2;1899;125;0;1;3;1;https://www.cian.ru/sale/flat/299254045/
7 800 000,00;6;NWAR;20,7;37,5;4;4;2019;5;0;1;3;1;https://www.cian.ru/sale/flat/298261390/
7 890 000,00;15;SWAR;26,9;11,8;1;9;1978;46;0;0;2,64;1;https://www.cian.ru/sale/flat/297727663/
7 900 000,00;19;SEAR;23,2;11;19;25;2023;1;0;0;2,6;1;https://www.cian.ru/sale/flat/297515488/
7 900 000,00;15;WAR;19,6;15;12;22;1980;44;0;1;2,65;1;https://www.cian.ru/sale/flat/294621795/
7 900 000,00;12;SWAR;43,4;20;16;17;2008;16;0;0;2,7;1;https://www.cian.ru/sale/flat/300894774/
7 900 000,00;11;SWAR;43,4;19,8;13;17;2008;16;0;0;3;1;https://www.cian.ru/sale/flat/300592828/
7 900 000,00;9;EAR;37;19;4;4;2019;5;0;1;3;1;https://www.cian.ru/sale/flat/298298332/
7 900 000,00;8;SAR;34,7;19,6;9;12;1975;49;0;0;2,5;1;https://www.cian.ru/sale/flat/300526999/
7 900 000,00;6;EAR;35,1;20,8;3;9;2019;5;0;0;3;1;https://www.cian.ru/sale/flat/293651268/
7 900 000,00;5;NWAR;26,4;37,5;13;22;2022;2;0;1;3;1;https://www.cian.ru/sale/flat/296629506/
7 900 000,00;4;EAR;30;18;1;9;1968;56;0;0;2,64;1;https://www.cian.ru/sale/flat/299205665/
7 900 000,00;3;EAR;33;19;2;9;1976;48;0;0;2,7;1;https://www.cian.ru/sale/flat/300892104/
7 950 000,00;20;SAR;32,2;19;1;9;1971;53;0;0;2,64;1;https://www.cian.ru/sale/flat/300437152/
7 950 000,00;16;SEAR;31;18;9;9;1962;62;0;0;2,64;1;https://www.cian.ru/sale/flat/297818711/
7 950 000,00;13;SWAR;27,6;14,1;7;7;2001;23;0;0;2,64;1;https://www.cian.ru/sale/flat/299962900/
7 950 000,00;4;EAR;33,2;18;6;9;1967;57;0;0;2,64;1;https://www.cian.ru/sale/flat/300557845/
7 950 000,00;3;EAR;32,6;18;2;12;1966;58;0;0;2,64;1;https://www.cian.ru/sale/flat/300050892/
7 980 000,00;9;SEAR;37;21;4;9;2019;5;0;1;3;1;https://www.cian.ru/sale/flat/300294201/
7 990 000,00;19;SWAR;38,2;37,5;12;16;2009;15;0;0;3;1;https://www.cian.ru/sale/flat/298901375/
7 990 000,00;17;NAR;36,9;17,7;19;25;2013;11;0;0;2,78;1;https://www.cian.ru/sale/flat/294374828/
7 990 000,00;14;EAR;33;17;5;5;1960;64;0;0;2,8;1;https://www.cian.ru/sale/flat/296182391/
7 990 000,00;4;EAR;30,4;18;7;9;2019;5;0;0;3;1;https://www.cian.ru/sale/flat/297551830/
7 999 990,00;10;NEAR;35;37,5;1;12;1975;49;0;1;3;1;https://www.cian.ru/sale/flat/297153518/
8 000 000,00;20;EAR;32;19;4;9;1976;48;0;0;2,64;1;https://www.cian.ru/sale/flat/283252548/
8 000 000,00;19;SWAR;38,2;25;12;17;2009;15;0;0;3;1;https://www.cian.ru/sale/flat/297324682/
8 000 000,00;15;EAR;32;18;1;5;1960;64;0;0;2,7;1;https://www.cian.ru/sale/flat/292648915/
8 000 000,00;14;EAR;33;20;1;9;2019;5;0;0;3;1;https://www.cian.ru/sale/flat/300385771/
8 000 000,00;13;WAR;20;12;12;16;1976;48;0;0;3;1;https://www.cian.ru/sale/flat/298811811/
8 000 000,00;13;EAR;32,1;37,5;6;9;1970;54;0;0;2,64;1;https://www.cian.ru/sale/flat/300834581/
8 000 000,00;10;NEAR;35;15;1;12;1975;49;0;1;2,6;1;https://www.cian.ru/sale/flat/297046262/
8 000 000,00;10;SAR;39,1;20,7;1;12;2019;5;0;0;3;1;https://www.cian.ru/sale/flat/275891629/
8 000 000,00;9;SEAR;30,1;19;7;9;1968;56;0;0;2,6;1;https://www.cian.ru/sale/flat/298847221/
8 000 000,00;7;CAR;21;37,5;1;12;1972;52;0;1;3;1;https://www.cian.ru/sale/flat/300595497/
8 000 000,00;4;SAR;22;37,5;15;22;2019;5;0;0;3;1;https://www.cian.ru/sale/flat/296390586/
8 000 000,00;4;EAR;30;19;5;9;1971;53;0;0;2,64;1;https://www.cian.ru/sale/flat/298700761/
8 010 000,00;8;NEAR;35,53;12,5;7;8;2024;0;1;1;2,8;1;https://www.cian.ru/sale/flat/297367762/
8 010 400,00;8;NEAR;33,99;10,7;8;8;2024;0;1;1;2,8;1;https://www.cian.ru/sale/flat/297367253/
8 020 080,00;8;NEAR;37,32;13,3;5;8;2024;0;1;1;2,8;1;https://www.cian.ru/sale/flat/297367515/
8 050 000,00;5;EAR;32,5;19;7;9;1975;49;0;0;2,64;1;https://www.cian.ru/sale/flat/299080209/
8 100 000,00;18;NEAR;31,5;12;8;18;2023;1;0;1;3;1;https://www.cian.ru/sale/flat/298902529/
8 100 000,00;16;NEAR;30,7;17,7;5;18;2023;1;0;1;3;1;https://www.cian.ru/sale/flat/299217031/
8 100 000,00;11;NEAR;33;18,5;1;12;1974;50;0;0;2,64;1;https://www.cian.ru/sale/flat/300335752/
8 100 000,00;10;NEAR;26;15;4;5;1954;70;0;1;3,15;1;https://www.cian.ru/sale/flat/300205593/
8 100 000,00;10;NEAR;36;25;1;4;1958;66;0;0;3;1;https://www.cian.ru/sale/flat/300383224/
8 100 000,00;9;SAR;32,7;18,7;7;9;1973;51;0;0;2,5;1;https://www.cian.ru/sale/flat/299017677/
8 100 000,00;8;SAR;32,6;18,5;9;9;1974;50;0;0;2,64;1;https://www.cian.ru/sale/flat/299694079/
8 100 000,00;8;SAR;32,7;19;9;9;1973;51;0;0;2,64;1;https://www.cian.ru/sale/flat/294802470/
8 100 000,00;7;EAR;38;19;10;17;1985;39;0;0;2,65;1;https://www.cian.ru/sale/flat/298115061/
8 100 000,00;5;EAR;32,5;18,9;5;9;2019;5;0;0;2,64;1;https://www.cian.ru/sale/flat/299282460/
8 100 000,00;5;WAR;37;17;3;8;2019;5;0;0;3;1;https://www.cian.ru/sale/flat/299767197/
8 149 000,00;6;EAR;32,9;20;6;9;2019;5;0;0;3;1;https://www.cian.ru/sale/flat/298846753/
8 150 000,00;18;SEAR;32,9;18,8;5;9;1968;56;0;0;2,64;1;https://www.cian.ru/sale/flat/300151973/
8 150 000,00;13;EAR;19;11;3;11;1955;69;0;1;2,9;1;https://www.cian.ru/sale/flat/291141898/
8 150 000,00;11;SAR;34,7;19,2;2;12;1975;49;0;0;2,48;1;https://www.cian.ru/sale/flat/268804300/
8 150 000,00;11;SWAR;42;19,7;12;17;2007;17;0;0;2,64;1;https://www.cian.ru/sale/flat/300724047/
8 150 000,00;6;EAR;34,9;19,6;1;9;1976;48;0;0;2,64;1;https://www.cian.ru/sale/flat/300241684/
8 150 000,00;5;EAR;33,1;19,1;3;9;1973;51;0;0;2,64;1;https://www.cian.ru/sale/flat/297901577/
8 190 000,00;17;EAR;35,4;19,3;4;12;1973;51;0;0;2,48;1;https://www.cian.ru/sale/flat/298749193/
8 200 000,00;20;WAR;23,5;18;3;5;1968;56;0;0;2,5;1;https://www.cian.ru/sale/flat/300845591/
8 200 000,00;20;SEAR;38;18,9;12;17;2019;5;0;0;3;1;https://www.cian.ru/sale/flat/300115898/
8 200 000,00;20;SEAR;38,5;19;16;17;2007;17;0;0;3;1;https://www.cian.ru/sale/flat/298532932/
8 200 000,00;18;NEAR;30,2;11;14;18;2019;5;0;1;3;1;https://www.cian.ru/sale/flat/298622664/
8 200 000,00;16;NEAR;30,7;17,7;6;18;2023;1;0;1;3;1;https://www.cian.ru/sale/flat/299217033/
8 200 000,00;16;NEAR;32,5;18;1;9;1978;46;0;0;2,64;1;https://www.cian.ru/sale/flat/295159744/
8 200 000,00;16;SAR;32,7;19;8;9;1974;50;0;0;2,6;1;https://www.cian.ru/sale/flat/299610779/
8 200 000,00;16;NWAR;37,7;1;14;28;2023;1;0;1;3;1;https://www.cian.ru/sale/flat/299110504/
8 200 000,00;11;EAR;32,7;18,7;8;9;1973;51;0;0;2,64;1;https://www.cian.ru/sale/flat/300562429/
8 200 000,00;11;NAR;35,6;22;3;4;1965;59;0;0;2,7;1;https://www.cian.ru/sale/flat/297903469/
8 200 000,00;11;NAR;35,6;18,8;4;4;1957;67;0;0;3,2;1;https://www.cian.ru/sale/flat/297414315/
8 200 000,00;11;NAR;35,7;18,8;4;4;1957;67;0;0;3,2;1;https://www.cian.ru/sale/flat/298546312/
8 200 000,00;11;NAR;35,7;19,2;4;4;1957;67;0;0;3;1;https://www.cian.ru/sale/flat/300644356/
8 200 000,00;11;NAR;36;19;4;4;1957;67;0;0;3,2;1;https://www.cian.ru/sale/flat/298484384/
8 200 000,00;11;SWAR;43;20;8;17;2007;17;0;0;2,64;1;https://www.cian.ru/sale/flat/299679053/
8 200 000,00;10;SWAR;38,6;20,5;1;9;2000;24;0;0;2,64;1;https://www.cian.ru/sale/flat/300253311/
8 200 000,00;10;SAR;39;21;3;12;2019;5;0;0;3;1;https://www.cian.ru/sale/flat/300010652/
8 200 000,00;7;SAR;33;18,7;1;9;2019;5;0;0;2,64;1;https://www.cian.ru/sale/flat/300740237/
8 200 000,00;6;WAR;21;13;3;9;1975;49;0;0;2,64;1;https://www.cian.ru/sale/flat/300717594/
8 200 000,00;6;EAR;34,8;37,5;10;16;2019;5;0;0;3;1;https://www.cian.ru/sale/flat/299612275/
8 200 000,00;5;SEAR;34,8;21,2;4;9;1979;45;0;0;2,64;1;https://www.cian.ru/sale/flat/299415187/
8 200 000,00;4;EAR;30;17;1;9;1973;51;0;0;2,64;1;https://www.cian.ru/sale/flat/300796453/
8 200 000,00;2;NEAR;31,4;14;8;18;2023;1;0;1;3;1;https://www.cian.ru/sale/flat/292134779/
8 200 000,00;2;NEAR;33;17;16;18;2023;1;0;1;3;1;https://www.cian.ru/sale/flat/299654462/
8 240 000,00;7;EAR;30,7;19,3;5;5;1964;60;0;0;3;1;https://www.cian.ru/sale/flat/300019266/
8 250 000,00;14;SEAR;32,6;18,8;1;9;1980;44;0;0;2,64;1;https://www.cian.ru/sale/flat/297731761/
8 250 000,00;10;EAR;32,2;18,5;2;9;1971;53;0;0;2,64;1;https://www.cian.ru/sale/flat/298382874/
8 250 000,00;9;SAR;34,2;18;9;9;1973;51;0;0;2,64;1;https://www.cian.ru/sale/flat/297943447/
8 270 000,00;9;SAR;32,4;19;3;9;1971;53;0;0;2,64;1;https://www.cian.ru/sale/flat/299322012/
8 278 000,00;19;NEAR;25;15;18;18;2023;1;0;1;3;1;https://www.cian.ru/sale/flat/298754386/
8 290 000,00;19;NAR;34,3;13,8;8;12;2023;1;1;0;3;1;https://www.cian.ru/sale/flat/300698308/
8 290 000,00;19;NAR;34,3;13,8;8;12;2019;5;0;0;3;1;https://www.cian.ru/sale/flat/300639142/
8 290 000,00;18;EAR;32,8;18,8;8;9;1971;53;0;0;2,6;1;https://www.cian.ru/sale/flat/300337012/
8 290 000,00;5;NEAR;31,7;19;2;8;1965;59;0;0;2,64;1;https://www.cian.ru/sale/flat/300397959/
8 299 999,00;12;NEAR;25,6;16;9;9;1976;48;0;0;2,64;1;https://www.cian.ru/sale/flat/297042689/
8 300 000,00;20;EAR;33,1;19,4;6;9;1972;52;0;0;2,64;1;https://www.cian.ru/sale/flat/295335071/
8 300 000,00;20;NAR;34,7;19;1;12;1967;57;0;0;2,64;1;https://www.cian.ru/sale/flat/300329313/
8 300 000,00;19;SWAR;38,2;17,6;12;16;2019;5;0;0;3;1;https://www.cian.ru/sale/flat/298470529/
8 300 000,00;18;NAR;32,7;19;1;9;1978;46;0;0;2,64;1;https://www.cian.ru/sale/flat/300509346/
8 300 000,00;17;EAR;30,3;18,1;5;5;1961;63;0;0;2,8;1;https://www.cian.ru/sale/flat/298872925/
8 300 000,00;17;NAR;33,2;19;2;9;1968;56;0;0;3;1;https://www.cian.ru/sale/flat/300772468/
8 300 000,00;15;EAR;30,4;18;1;5;1960;64;0;0;3;1;https://www.cian.ru/sale/flat/298978405/
8 300 000,00;15;SEAR;32;17;6;17;2019;5;0;0;2,7;1;https://www.cian.ru/sale/flat/300418834/
8 300 000,00;15;NEAR;33;20;11;17;2023;1;0;1;2,8;1;https://www.cian.ru/sale/flat/299152509/
8 300 000,00;12;SEAR;30;18;2;5;1964;60;0;0;2,5;1;https://www.cian.ru/sale/flat/298808258/
8 300 000,00;10;EAR;32,3;18,6;2;9;2019;5;0;0;3;1;https://www.cian.ru/sale/flat/298004529/
8 300 000,00;9;SAR;33;18;9;12;2019;5;0;0;3;1;https://www.cian.ru/sale/flat/299729992/
8 300 000,00;7;NEAR;37,1;11,1;8;8;2024;0;0;1;2,8;1;https://www.cian.ru/sale/flat/300829868/
8 300 000,00;6;EAR;39,2;21;9;12;1977;47;0;0;2,7;1;https://www.cian.ru/sale/flat/300793174/
8 300 000,00;5;EAR;32,3;18,6;5;9;1972;52;0;0;2,64;1;https://www.cian.ru/sale/flat/300894152/
8 300 000,00;5;SEAR;37,5;18,8;6;17;2010;14;0;0;3;1;https://www.cian.ru/sale/flat/300654476/
8 300 000,00;4;SAR;34;37,5;12;24;2023;1;1;0;3;1;https://www.cian.ru/sale/flat/294831631/
8 350 000,00;13;SWAR;18;10;1;9;2019;5;0;1;3;1;https://www.cian.ru/sale/flat/296578003/
8 350 000,00;13;SEAR;31,5;18,5;4;9;1968;56;0;0;3;1;https://www.cian.ru/sale/flat/299652109/
8 350 000,00;8;EAR;35;37,5;10;12;1966;58;0;0;2,64;1;https://www.cian.ru/sale/flat/300741487/
8 350 000,00;7;NAR;27;10;5;9;2019;5;0;0;3;1;https://www.cian.ru/sale/flat/300598910/
8 350 000,00;5;NEAR;30,7;18,7;5;8;1965;59;0;0;2,64;1;https://www.cian.ru/sale/flat/300876707/
8 350 000,00;5;EAR;32,4;19;7;9;1972;52;0;0;2,6;1;https://www.cian.ru/sale/flat/300826839/
8 350 000,00;5;SAR;32,5;18,6;6;9;1976;48;0;0;3;1;https://www.cian.ru/sale/flat/300152944/
8 380 000,00;18;EAR;32,8;18,8;8;9;1971;53;0;0;2,65;1;https://www.cian.ru/sale/flat/300844028/
8 400 000,00;15;SAR;32;13,9;1;17;2004;20;0;1;2,74;1;https://www.cian.ru/sale/flat/300134950/
8 400 000,00;15;SAR;35;20;5;9;2019;5;0;0;3;1;https://www.cian.ru/sale/flat/300444908/
8 400 000,00;5;SEAR;35;21,2;3;9;1979;45;0;0;2,75;1;https://www.cian.ru/sale/flat/298296711/
8 450 000,00;19;NEAR;32,2;12;16;18;2019;5;0;1;3;1;https://www.cian.ru/sale/flat/298622666/
8 450 000,00;15;SEAR;20;14;14;23;2023;1;0;0;3;1;https://www.cian.ru/sale/flat/300430476/
8 450 000,00;10;SEAR;33,1;20;9;9;1967;57;0;0;2,64;1;https://www.cian.ru/sale/flat/297053574/
8 450 000,00;9;SEAR;25;14;2;9;1973;51;0;0;2,64;1;https://www.cian.ru/sale/flat/300026900/
8 450 000,00;6;EAR;39,2;19,1;1;12;1977;47;0;0;2,64;1;https://www.cian.ru/sale/flat/295977963/
8 500 000,00;20;NEAR;32,6;20;4;9;1975;49;0;0;2,64;1;https://www.cian.ru/sale/flat/299733663/
8 500 000,00;14;SWAR;32,2;18,8;1;9;1976;48;0;0;2,64;1;https://www.cian.ru/sale/flat/298465348/
8 550 000,00;7;WAR;33,1;22;1;9;1966;58;0;0;2,64;1;https://www.cian.ru/sale/flat/300059358/
8 590 000,00;15;NWAR;29,6;18,3;1;5;1960;64;0;0;2,7;1;https://www.cian.ru/sale/flat/298868538/
8 590 000,00;8;SAR;33;37,5;4;9;1973;51;0;0;3;1;https://www.cian.ru/sale/flat/300243658/
8 599 000,00;7;CAR;21;11;4;4;1917;107;0;1;3,85;1;https://www.cian.ru/sale/flat/297214225/
8 600 000,00;7;CAR;21;14;4;4;1917;107;0;1;3,85;1;https://www.cian.ru/sale/flat/300391726/
8 600 000,00;4;EAR;31;19;1;9;1974;50;0;0;2,65;1;https://www.cian.ru/sale/flat/300344381/
8 645 000,00;12;SEAR;34,7;21;8;9;1980;44;0;0;2,5;1;https://www.cian.ru/sale/flat/298263575/
8 690 000,00;11;CAR;21,6;37,5;3;8;1957;67;0;1;3;1;https://www.cian.ru/sale/flat/290627963/
8 700 000,00;17;NWAR;31,8;18;2;4;2019;5;0;0;3;1;https://www.cian.ru/sale/flat/300691951/
8 700 000,00;17;EAR;42;19;5;16;1988;36;0;0;2,48;1;https://www.cian.ru/sale/flat/183733799/
8 700 000,00;16;SAR;32,6;18,7;4;9;1974;50;0;0;2,6;1;https://www.cian.ru/sale/flat/296521470/
8 700 000,00;11;SAR;19;10;2;4;2019;5;0;1;3;1;https://www.cian.ru/sale/flat/299059172/
8 700 000,00;10;SEAR;32,1;37,5;8;9;1972;52;0;0;2,64;1;https://www.cian.ru/sale/flat/300961329/
8 700 000,00;6;SAR;30;20;3;12;1972;52;0;0;2,64;1;https://www.cian.ru/sale/flat/298783952/
8 700 000,00;4;SEAR;90,8;61,9;3;14;2019;5;0;0;3;4;https://www.cian.ru/sale/flat/294564208/
8 740 000,00;14;EAR;31,6;21,4;6;9;1964;60;0;0;2,8;1;https://www.cian.ru/sale/flat/296173861/
8 750 000,00;9;SAR;39;19;1;17;1983;41;0;0;2,64;1;https://www.cian.ru/sale/flat/283705645/
8 780 000,00;6;EAR;34;20;5;9;1963;61;0;0;2,5;1;https://www.cian.ru/sale/flat/299565654/
8 790 000,00;16;SAR;32,5;37,5;7;9;1974;50;0;0;2,64;1;https://www.cian.ru/sale/flat/299774427/
8 800 000,00;15;SEAR;20;14;8;21;2022;2;0;0;3;1;https://www.cian.ru/sale/flat/300753760/
8 800 000,00;9;NAR;37,1;37,5;1;9;1965;59;0;0;2,64;2;https://www.cian.ru/sale/flat/300811968/
8 800 000,00;8;SEAR;33;16,7;8;9;2019;5;0;0;3;1;https://www.cian.ru/sale/flat/300552265/
8 800 000,00;4;NEAR;32,8;37,5;8;9;1969;55;0;0;3;1;https://www.cian.ru/sale/flat/300839361/
8 850 000,00;20;NAR;35;20;5;5;2023;1;0;1;3;1;https://www.cian.ru/sale/flat/297532577/
8 850 000,00;9;SAR;27,4;14,7;1;12;1975;49;0;0;2,64;1;https://www.cian.ru/sale/flat/300374529/
8 880 000,00;16;WAR;19,4;11,4;22;22;1980;44;0;1;2,65;1;https://www.cian.ru/sale/flat/300822403/
8 899 500,00;12;NAR;34,9;37,5;3;10;2024;0;1;1;3;1;https://www.cian.ru/sale/flat/290338266/
8 900 000,00;20;SEAR;35,5;37,5;5;16;2001;23;0;0;2,7;1;https://www.cian.ru/sale/flat/300599409/
8 900 000,00;14;NEAR;37;18;12;15;2024;0;1;0;3;1;https://www.cian.ru/sale/flat/299792390/
8 900 000,00;12;NAR;34,9;23;3;10;2024;0;0;1;3,3;1;https://www.cian.ru/sale/flat/300868520/
8 900 000,00;12;EAR;40;21,3;9;9;1971;53;0;0;3;1;https://www.cian.ru/sale/flat/299720943/
8 900 000,00;4;NEAR;26,4;37,5;1;5;1963;61;0;0;2,5;1;https://www.cian.ru/sale/flat/300540690/
8 900 000,00;3;SEAR;32,8;18,7;6;9;2019;5;0;0;3;1;https://www.cian.ru/sale/flat/295758505/
8 900 000,00;1;EAR;34,1;18;1;5;1960;64;0;0;3;1;https://www.cian.ru/sale/flat/300298383/
8 950 000,00;15;WAR;20,8;14;6;22;1980;44;0;1;2,65;1;https://www.cian.ru/sale/flat/294623881/
8 950 000,00;7;NAR;37,4;19;17;17;1989;35;0;0;2,7;1;https://www.cian.ru/sale/flat/300737992/
8 977 500,00;12;SEAR;35,3;37,5;9;9;1980;44;0;0;2,5;1;https://www.cian.ru/sale/flat/295766411/
8 977 500,00;12;SEAR;35,3;21;9;9;1980;44;0;0;2,5;1;https://www.cian.ru/sale/flat/300844691/
8 987 654,00;9;SAR;34;15,3;16;17;2003;21;0;0;2,64;1;https://www.cian.ru/sale/flat/296195090/
8 990 000,00;13;EAR;32,7;18,7;5;9;1970;54;0;0;2,64;1;https://www.cian.ru/sale/flat/298297454/
8 990 000,00;5;SWAR;33,1;37,5;6;9;1975;49;0;0;2,64;1;https://www.cian.ru/sale/flat/300789556/
8 990 000,00;4;SEAR;38,4;20,8;11;14;2003;21;0;0;2,64;1;https://www.cian.ru/sale/flat/299624705/
9 000 000,00;15;WAR;20,5;15;12;22;1980;44;0;1;2,65;1;https://www.cian.ru/sale/flat/300706310/
9 000 000,00;13;SEAR;40;18;11;14;2019;5;0;0;3;1;https://www.cian.ru/sale/flat/299562651/
9 000 000,00;13;SAR;43,4;24,5;6;6;2021;3;0;1;4;1;https://www.cian.ru/sale/flat/297366114/
9 000 000,00;10;EAR;31;18;2;5;1964;60;0;0;2,65;1;https://www.cian.ru/sale/flat/300865417/
9 000 000,00;9;SWAR;37;19;1;12;2000;24;0;0;2,64;1;https://www.cian.ru/sale/flat/299341352/
9 000 000,00;8;SWAR;32,9;18;9;9;1980;44;0;0;2,5;1;https://www.cian.ru/sale/flat/300912565/
9 000 000,00;7;EAR;28,7;15,5;5;5;1966;58;0;0;2,5;1;https://www.cian.ru/sale/flat/300652846/
9 000 000,00;5;SWAR;34;18;9;12;1974;50;0;0;2,7;1;https://www.cian.ru/sale/flat/299451757/
9 000 000,00;5;NAR;34,9;20;8;12;2019;5;0;0;3;1;https://www.cian.ru/sale/flat/298065569/
9 015 675,00;12;SWAR;35,5;10,2;3;9;2023;1;1;0;2,68;1;https://www.cian.ru/sale/flat/300726097/
9 050 000,00;14;SAR;38,2;19,2;13;17;1985;39;0;0;2,64;1;https://www.cian.ru/sale/flat/300189623/
9 072 500,00;12;SEAR;35,9;37,5;9;9;1980;44;0;0;2,5;1;https://www.cian.ru/sale/flat/295766589/
9 100 000,00;13;NAR;25,2;14,7;8;9;1975;49;0;0;3;1;https://www.cian.ru/sale/flat/299575784/
9 100 000,00;10;EAR;36;19,3;4;16;2019;5;0;0;3;1;https://www.cian.ru/sale/flat/299944808/
9 100 000,00;7;SEAR;33;37,5;4;9;1974;50;0;0;2,64;1;https://www.cian.ru/sale/flat/298728880/
9 100 000,00;5;NWAR;30;18;2;5;1967;57;0;0;3;1;https://www.cian.ru/sale/flat/299920319/
9 100 000,00;5;EAR;35,5;15;3;14;2000;24;0;0;2,7;1;https://www.cian.ru/sale/flat/300157236/
9 100 000,00;1;EAR;38;18,9;14;14;2006;18;0;0;2,74;1;https://www.cian.ru/sale/flat/300448810/
9 120 000,00;12;SEAR;36;37,5;4;9;1980;44;0;0;2,5;1;https://www.cian.ru/sale/flat/296747241/
9 120 000,00;12;SEAR;36,1;37,5;5;9;1980;44;0;0;2,5;1;https://www.cian.ru/sale/flat/294226529/
9 120 000,00;12;SEAR;36,1;21;4;9;1980;44;0;0;3;1;https://www.cian.ru/sale/flat/297473076/
9 120 000,00;12;SEAR;36,1;37,5;4;9;1980;44;0;0;2,5;1;https://www.cian.ru/sale/flat/298016618/
9 190 000,00;4;EAR;37,4;22,5;6;9;1965;59;0;0;2,5;2;https://www.cian.ru/sale/flat/299175943/
9 200 000,00;20;WAR;30,1;16;3;5;1965;59;0;0;2,5;1;https://www.cian.ru/sale/flat/297115762/
9 200 000,00;15;WAR;21,3;37,5;11;22;1980;44;0;1;2,65;1;https://www.cian.ru/sale/flat/292542632/
9 200 000,00;14;NEAR;32,8;19,8;3;18;2023;1;0;1;3;1;https://www.cian.ru/sale/flat/298561550/
9 200 000,00;14;NAR;32,83;20,7;8;11;2024;0;1;0;3;2;https://www.cian.ru/sale/flat/290060320/
9 200 000,00;11;SWAR;33;37,5;9;9;1976;48;0;0;3;1;https://www.cian.ru/sale/flat/300158641/
9 200 000,00;10;EAR;36,3;20;12;12;1968;56;0;0;2,64;1;https://www.cian.ru/sale/flat/298956219/
9 200 000,00;8;EAR;35;21,5;6;9;1967;57;0;0;2,64;1;https://www.cian.ru/sale/flat/292809252/
9 200 000,00;4;NEAR;34,8;18,3;12;14;1971;53;0;0;2,7;1;https://www.cian.ru/sale/flat/299105222/
9 200 000,00;3;SAR;40,21;18,3;10;22;2022;2;1;0;3;1;https://www.cian.ru/sale/flat/294313141/
9 200 000,00;2;NEAR;32,8;19,8;3;18;2023;1;0;1;3;1;https://www.cian.ru/sale/flat/297171996/
9 215 000,00;12;SEAR;36,3;37,5;7;9;1980;44;0;0;2,5;1;https://www.cian.ru/sale/flat/297465291/
9 215 000,00;12;SEAR;36,5;37,5;9;9;1980;44;0;0;2,5;1;https://www.cian.ru/sale/flat/298882717/
9 215 000,00;12;SEAR;36,9;37,5;7;9;1980;44;0;0;2,5;1;https://www.cian.ru/sale/flat/294926973/
9 215 000,00;12;SEAR;37;37,5;8;9;1980;44;0;0;2,5;1;https://www.cian.ru/sale/flat/294228710/
9 243 500,00;16;WAR;20,3;12,3;15;22;1980;44;0;1;2,65;1;https://www.cian.ru/sale/flat/299873259/
9 250 000,00;3;SWAR;34,3;14,8;6;12;2002;22;0;0;2,75;1;https://www.cian.ru/sale/flat/300788111/
9 290 000,00;14;NAR;32,9;17,8;7;12;1968;56;0;0;2,64;1;https://www.cian.ru/sale/flat/299026219/
9 300 000,00;20;NAR;34,4;13,8;4;14;2023;1;1;0;3;1;https://www.cian.ru/sale/flat/299164643/
9 300 000,00;16;NEAR;33;19;3;9;1974;50;0;0;2,64;1;https://www.cian.ru/sale/flat/299525068/
9 300 000,00;16;NAR;34,1;12;11;15;2023;1;1;0;3;1;https://www.cian.ru/sale/flat/300101681/
9 300 000,00;15;SAR;35,6;19,8;1;12;1979;45;0;0;2,5;1;https://www.cian.ru/sale/flat/299766316/
9 300 000,00;13;SWAR;38,3;37,5;2;14;2019;5;0;0;3;1;https://www.cian.ru/sale/flat/297263854/
9 300 000,00;12;EAR;31;19;2;9;1965;59;0;0;2,64;1;https://www.cian.ru/sale/flat/299798021/
9 300 000,00;12;SAR;38,7;21;12;12;2019;5;0;0;3;1;https://www.cian.ru/sale/flat/299776431/
9 300 000,00;11;NAR;31,5;21,4;8;9;1965;59;0;0;2,7;1;https://www.cian.ru/sale/flat/297846883/
9 300 000,00;8;SEAR;38;20;16;17;2013;11;0;0;2,74;1;https://www.cian.ru/sale/flat/299330882/
9 300 000,00;7;NEAR;33;18;4;9;2019;5;0;0;3;1;https://www.cian.ru/sale/flat/287487167/
9 300 000,00;7;SAR;37,2;19,2;16;17;1983;41;0;0;2,7;1;https://www.cian.ru/sale/flat/299656583/
9 300 000,00;3;EAR;39,1;24;1;12;2019;5;0;0;2,64;1;https://www.cian.ru/sale/flat/300779233/
9 380 000,00;13;SEAR;39;20,9;9;12;2019;5;0;0;3;1;https://www.cian.ru/sale/flat/298520114/
9 390 000,00;4;EAR;32,6;19;3;9;1968;56;0;0;2,64;1;https://www.cian.ru/sale/flat/300907778/
9 400 000,00;20;EAR;31,9;37,5;9;9;1966;58;0;0;2,65;1;https://www.cian.ru/sale/flat/299247896/
9 400 000,00;15;SEAR;37,8;16,8;5;12;2019;5;0;0;3;1;https://www.cian.ru/sale/flat/297048212/
9 400 000,00;13;NAR;39,1;20,8;1;12;1979;45;0;0;2,64;1;https://www.cian.ru/sale/flat/298036066/
9 400 000,00;10;SEAR;35;15;8;16;2000;24;0;0;2,7;1;https://www.cian.ru/sale/flat/300578229/
9 440 000,00;5;SEAR;38,8;24;5;10;2003;21;0;0;2,8;1;https://www.cian.ru/sale/flat/294302570/
9 450 000,00;15;EAR;33;18,8;5;9;1970;54;0;0;2,64;1;https://www.cian.ru/sale/flat/299359436/
9 450 000,00;7;SAR;37,7;37,5;1;16;1982;42;0;0;2,64;1;https://www.cian.ru/sale/flat/263316279/
9 490 000,00;9;SAR;39,3;20;7;12;1982;42;0;0;2,64;1;https://www.cian.ru/sale/flat/300824342/
9 499 000,00;16;SEAR;30;19;6;9;1971;53;0;0;2,55;1;https://www.cian.ru/sale/flat/300520887/
9 499 000,00;5;SEAR;31,5;18;5;9;1970;54;0;0;2,65;1;https://www.cian.ru/sale/flat/300291039/
9 500 000,00;19;EAR;32;17;9;9;1973;51;0;0;2,64;1;https://www.cian.ru/sale/flat/300795150/
9 500 000,00;16;SEAR;37,6;18,9;6;17;2002;22;0;0;2,6;1;https://www.cian.ru/sale/flat/299881508/
9 500 000,00;16;NWAR;45,18;28,5;27;28;2023;1;1;1;3;2;https://www.cian.ru/sale/flat/296787455/
9 500 000,00;15;EAR;30;13;6;9;1972;52;0;0;2,5;1;https://www.cian.ru/sale/flat/300295943/
9 500 000,00;12;SEAR;31,3;18;2;5;2019;5;0;0;3;1;https://www.cian.ru/sale/flat/300073203/
9 500 000,00;12;SWAR;35;15;1;9;2001;23;0;0;2,65;1;https://www.cian.ru/sale/flat/298622113/
9 500 000,00;11;SEAR;39,3;18,9;8;25;2016;8;0;0;3;1;https://www.cian.ru/sale/flat/296135318/
9 500 000,00;10;EAR;40,6;20,6;4;12;2004;20;0;0;2,64;1;https://www.cian.ru/sale/flat/297937991/
9 500 000,00;9;SAR;38,6;20,9;4;12;1983;41;0;0;2,64;1;https://www.cian.ru/sale/flat/299367215/
9 500 000,00;8;SWAR;36;16;1;12;1999;25;0;0;2,7;1;https://www.cian.ru/sale/flat/300301003/
9 500 000,00;6;EAR;21,6;12;33;33;2019;5;0;0;3;1;https://www.cian.ru/sale/flat/300756677/
9 500 000,00;4;NAR;37,6;19,7;2;17;2003;21;0;0;2,74;1;https://www.cian.ru/sale/flat/299190804/
9 550 000,00;17;EAR;40;22;10;12;1965;59;0;0;2,65;2;https://www.cian.ru/sale/flat/299918584/
9 550 000,00;16;EAR;41;37,5;1;5;1974;50;0;0;3;2;https://www.cian.ru/sale/flat/298462549/
9 550 000,00;5;NWAR;33,9;37,5;8;22;2022;2;0;1;3;1;https://www.cian.ru/sale/flat/298975287/
9 600 000,00;17;SEAR;30,38;37,5;4;21;2024;0;1;1;3;1;https://www.cian.ru/sale/flat/298664472/
9 600 000,00;12;SWAR;32;18;1;5;1959;65;0;0;3;1;https://www.cian.ru/sale/flat/299621067/
9 600 000,00;8;SAR;31,9;18,7;10;12;1974;50;0;0;2,64;1;https://www.cian.ru/sale/flat/298021673/
9 600 000,00;8;SEAR;38;19;7;17;2011;13;0;0;2,8;1;https://www.cian.ru/sale/flat/300831522/
9 600 000,00;6;SAR;31;20,8;1;9;1963;61;0;0;2,64;1;https://www.cian.ru/sale/flat/300927327/
9 600 000,00;5;NEAR;37,9;18;8;22;2009;15;0;0;2,75;1;https://www.cian.ru/sale/flat/297560632/
9 600 000,00;1;SAR;42;13;1;22;1987;37;0;0;2,64;1;https://www.cian.ru/sale/flat/300930286/
9 640 000,00;13;SAR;42;20;13;16;2019;5;0;0;2,7;1;https://www.cian.ru/sale/flat/298583239/
9 650 000,00;19;WAR;38;19;17;17;2019;5;0;0;3;1;https://www.cian.ru/sale/flat/300442511/
9 650 000,00;13;NEAR;36;17;5;12;1977;47;0;0;2,7;1;https://www.cian.ru/sale/flat/300272864/
9 699 000,00;7;WAR;38;20;16;22;2006;18;0;0;2,64;1;https://www.cian.ru/sale/flat/299727317/
9 699 999,00;8;EAR;44;37,5;8;9;1972;52;0;0;2,64;2;https://www.cian.ru/sale/flat/296470480/
9 700 000,00;20;EAR;38,2;37,5;10;12;1965;59;0;0;2,6;2;https://www.cian.ru/sale/flat/300054601/
9 700 000,00;10;SEAR;35;18;4;12;1967;57;0;0;3;1;https://www.cian.ru/sale/flat/299553350/
9 700 000,00;10;WAR;37,2;25,2;4;9;1974;50;0;0;3;2;https://www.cian.ru/sale/flat/298558706/
9 700 000,00;9;SWAR;27,4;37,5;1;5;1967;57;0;0;3;1;https://www.cian.ru/sale/flat/291751246/
9 700 000,00;9;EAR;44,8;32,8;1;5;2019;5;0;0;3;2;https://www.cian.ru/sale/flat/298618899/
9 700 000,00;6;NWAR;30;16,1;4;5;1965;59;0;0;2,48;1;https://www.cian.ru/sale/flat/300670685/
9 700 000,00;6;EAR;36,1;21;6;9;1976;48;0;0;2,64;1;https://www.cian.ru/sale/flat/300430041/
9 730 000,00;16;SAR;37;19;10;17;1998;26;0;0;3;1;https://www.cian.ru/sale/flat/300281735/
9 750 000,00;19;WAR;37;23;2;9;2019;5;0;0;3;2;https://www.cian.ru/sale/flat/296118979/
9 750 000,00;2;EAR;39;18;12;12;1967;57;0;0;2,64;1;https://www.cian.ru/sale/flat/297233032/
9 753 600,00;12;NAR;38,4;37,5;4;10;2024;0;1;1;3;1;https://www.cian.ru/sale/flat/277464883/
9 754 000,00;12;NAR;38,4;20;4;10;2024;0;0;1;3,3;1;https://www.cian.ru/sale/flat/300869329/
9 790 000,00;16;SEAR;33,3;17,1;4;9;1969;55;0;0;2,65;1;https://www.cian.ru/sale/flat/296748808/
9 800 000,00;10;EAR;31,7;19;6;9;1966;58;0;0;2,8;1;https://www.cian.ru/sale/flat/294430204/
9 800 000,00;9;SEAR;41,4;18;9;17;2011;13;0;0;2,8;1;https://www.cian.ru/sale/flat/300946150/
9 800 000,00;8;EAR;35,5;20,2;8;12;1967;57;0;0;3;1;https://www.cian.ru/sale/flat/298174244/
9 800 000,00;7;WAR;33,5;37,5;6;9;1971;53;0;0;2,64;1;https://www.cian.ru/sale/flat/298538616/
9 800 000,00;7;WAR;38,5;19,3;17;17;1989;35;0;0;2,6;1;https://www.cian.ru/sale/flat/299567766/
9 800 000,00;2;SEAR;38;19;17;17;2015;9;0;0;2,74;1;https://www.cian.ru/sale/flat/297858614/
9 850 000,00;12;SEAR;38;37,5;7;17;1985;39;0;0;2,64;1;https://www.cian.ru/sale/flat/298401519/
9 850 000,00;9;EAR;29,6;17,1;4;9;1968;56;0;0;2,64;1;https://www.cian.ru/sale/flat/265719814/
9 900 000,00;18;SWAR;34,2;18,9;13;16;1980;44;0;0;3;1;https://www.cian.ru/sale/flat/298503162/
9 900 000,00;15;EAR;40;19;9;16;1981;43;0;0;2,65;1;https://www.cian.ru/sale/flat/299884223/
9 900 000,00;13;SEAR;37,1;22,4;8;9;1961;63;0;0;2,65;2;https://www.cian.ru/sale/flat/299542495/
9 900 000,00;13;SAR;38,5;19,5;2;16;2019;5;0;0;3;1;https://www.cian.ru/sale/flat/299567278/
9 900 000,00;10;SEAR;37,4;37,5;7;9;1964;60;0;0;2,64;2;https://www.cian.ru/sale/flat/299432268/
9 900 000,00;10;EAR;43,8;37,5;7;9;1970;54;0;0;2,64;2;https://www.cian.ru/sale/flat/293658515/
9 900 000,00;7;WAR;38,7;21;15;21;1988;36;0;0;2,7;1;https://www.cian.ru/sale/flat/300298041/
9 900 000,00;7;WAR;41;20;15;22;2019;5;0;0;3;1;https://www.cian.ru/sale/flat/300146260/
9 900 000,00;7;WAR;41;19;15;22;2019;5;0;0;3;1;https://www.cian.ru/sale/flat/300146314/
9 900 000,00;5;SEAR;35;20;8;9;1970;54;0;0;3;1;https://www.cian.ru/sale/flat/300710491/
9 900 000,00;5;EAR;43,2;11,9;11;12;2022;2;0;0;2,7;1;https://www.cian.ru/sale/flat/296478167/
9 900 000,00;4;EAR;44,1;28,9;12;24;2007;17;0;0;2,7;2;https://www.cian.ru/sale/flat/300470437/
9 900 000,00;3;SEAR;38,2;19,2;7;10;1995;29;0;0;3;1;https://www.cian.ru/sale/flat/300049945/
9 950 000,00;13;NAR;31,7;37,5;1;9;1976;48;0;0;2,5;1;https://www.cian.ru/sale/flat/298337714/
9 950 000,00;5;EAR;45;29;9;9;1970;54;0;0;2,64;2;https://www.cian.ru/sale/flat/294453097/
9 950 000,00;4;NAR;44;27;8;9;1968;56;0;0;3;2;https://www.cian.ru/sale/flat/299402447/
9 990 000,00;13;SEAR;28,7;17,4;2;2;2023;1;0;1;5;1;https://www.cian.ru/sale/flat/300967755/
9 990 000,00;11;SAR;20,3;37,5;2;4;2017;7;0;1;3;1;https://www.cian.ru/sale/flat/272423402/
9 990 000,00;9;CAR;40;35;1;5;1907;117;0;1;3;2;https://www.cian.ru/sale/flat/300580991/
9 990 000,00;7;SEAR;38,3;18;16;17;2019;5;0;0;3;1;https://www.cian.ru/sale/flat/300790165/
9 990 000,00;4;NEAR;35,1;21,5;1;9;2019;5;0;0;3;1;https://www.cian.ru/sale/flat/295014997/
9 990 000,00;4;SEAR;38;19;5;17;2003;21;0;0;2,74;1;https://www.cian.ru/sale/flat/300232028/
9 999 000,00;6;NAR;38,6;20;2;14;1994;30;0;0;2,64;1;https://www.cian.ru/sale/flat/296044216/
10 000 000,00;18;SEAR;32;37,5;6;16;2023;1;1;0;3;1;https://www.cian.ru/sale/flat/300004650/
10 000 000,00;15;NEAR;32,2;37,5;16;16;2024;0;1;0;3;1;https://www.cian.ru/sale/flat/300209521/
10 000 000,00;14;EAR;30;15;5;5;2019;5;0;0;3;1;https://www.cian.ru/sale/flat/299329406/
10 000 000,00;14;NWAR;38,8;20,5;1;12;1983;41;0;0;2,64;1;https://www.cian.ru/sale/flat/300886403/
10 000 000,00;12;SEAR;44,3;37,5;4;9;1980;44;0;0;2,6;2;https://www.cian.ru/sale/flat/297115546/
10 000 000,00;10;SEAR;39,1;21;10;14;1986;38;0;0;2,64;1;https://www.cian.ru/sale/flat/300560954/
10 000 000,00;9;SWAR;38;19;8;17;2019;5;0;0;3;1;https://www.cian.ru/sale/flat/299469625/
10 000 000,00;9;WAR;39;21;2;14;1988;36;0;0;2,64;1;https://www.cian.ru/sale/flat/300305305/
10 000 000,00;9;EAR;44,1;37,5;1;9;1968;56;0;0;2,64;2;https://www.cian.ru/sale/flat/300814829/
10 000 000,00;8;WAR;37,7;19;12;17;1989;35;0;0;2,64;1;https://www.cian.ru/sale/flat/300882682/
10 000 000,00;8;NEAR;38,5;20,6;2;12;1981;43;0;0;2,64;1;https://www.cian.ru/sale/flat/300824442/
10 000 000,00;7;SEAR;38,6;37,5;3;12;1968;56;0;0;2,64;1;https://www.cian.ru/sale/flat/299937034/
10 000 000,00;5;CAR;25,5;14;5;5;2019;5;0;1;3;1;https://www.cian.ru/sale/flat/299589594/
10 000 000,00;5;SAR;28,3;13;10;12;1975;49;0;0;2,48;1;https://www.cian.ru/sale/flat/300935419/
10 000 000,00;4;NEAR;30;37,5;9;21;2021;3;1;1;3;1;https://www.cian.ru/sale/flat/300112163/
10 029 452,00;12;NAR;32,4;37,5;4;10;2024;0;1;1;3;1;https://www.cian.ru/sale/flat/292909058/
10 100 000,00;20;NAR;35;20;3;12;2019;5;0;0;3;1;https://www.cian.ru/sale/flat/300594074/
10 100 000,00;20;NAR;35;37,5;3;12;1968;56;0;0;2,64;1;https://www.cian.ru/sale/flat/300501002/
10 100 000,00;15;SAR;21,1;37,5;2;26;2019;5;0;0;3;1;https://www.cian.ru/sale/flat/298464986/
10 100 000,00;15;EAR;38;19;5;14;1995;29;0;0;2,64;1;https://www.cian.ru/sale/flat/299635064/
10 100 000,00;10;NAR;35,5;20;10;12;1968;56;0;0;3;1;https://www.cian.ru/sale/flat/300659821/
10 100 000,00;8;SEAR;38;28;1;9;1967;57;0;0;2,64;2;https://www.cian.ru/sale/flat/299078839/
10 100 000,00;8;SWAR;38,3;20,8;3;14;2003;21;0;0;2,64;1;https://www.cian.ru/sale/flat/298981209/
10 100 000,00;4;SEAR;31,6;19,9;2;5;1962;62;0;0;2,5;1;https://www.cian.ru/sale/flat/299130688/
10 150 000,00;12;EAR;36,8;37,5;3;5;2015;9;0;1;3,9;2;https://www.cian.ru/sale/flat/300699318/
10 150 000,00;10;NEAR;32,6;18,7;4;9;1975;49;0;0;2,64;1;https://www.cian.ru/sale/flat/298373961/
10 150 000,00;9;SAR;36,2;17,7;2;17;2003;21;0;0;2,64;1;https://www.cian.ru/sale/flat/298431321/
10 150 000,00;7;SEAR;36,9;22,8;2;12;1967;57;0;0;3;2;https://www.cian.ru/sale/flat/299124774/
10 190 000,00;3;NAR;33,1;19;5;9;1971;53;0;0;3;1;https://www.cian.ru/sale/flat/300098216/
10 200 000,00;21;NAR;44;37,5;8;9;1967;57;0;0;2,64;2;https://www.cian.ru/sale/flat/299453449/
10 200 000,00;15;SWAR;33;19;7;9;2019;5;0;0;3;1;https://www.cian.ru/sale/flat/300348297/
10 200 000,00;13;NAR;41,8;37,5;5;14;2024;0;1;0;3;2;https://www.cian.ru/sale/flat/300657098/
10 200 000,00;13;SAR;45;35;2;9;1975;49;0;0;2,64;2;https://www.cian.ru/sale/flat/300895600/
10 200 000,00;12;SWAR;33;17,1;3;9;1969;55;0;0;2,64;1;https://www.cian.ru/sale/flat/298097974/
10 200 000,00;11;SWAR;32,7;18,9;4;9;1972;52;0;0;2,64;1;https://www.cian.ru/sale/flat/300469439/
10 200 000,00;7;NEAR;31,5;21,3;4;9;2019;5;0;0;2,7;1;https://www.cian.ru/sale/flat/300201168/
10 200 000,00;7;NEAR;31,5;21,4;4;9;1967;57;0;0;2,64;1;https://www.cian.ru/sale/flat/299842989/
10 200 000,00;6;EAR;38;21;3;9;1970;54;0;0;2,64;1;https://www.cian.ru/sale/flat/299278048/
10 280 886,00;21;NWAR;37,4;14,4;2;25;2022;2;1;0;2,72;1;https://www.cian.ru/sale/flat/300917619/
10 299 000,00;4;EAR;44,5;29,4;7;9;2019;5;0;0;3;2;https://www.cian.ru/sale/flat/300024381/
10 300 000,00;20;NEAR;38;20,1;15;16;1980;44;0;0;2,7;1;https://www.cian.ru/sale/flat/300009662/
10 300 000,00;18;SEAR;33,8;10;25;25;2023;1;1;0;2,65;1;https://www.cian.ru/sale/flat/298397020/
10 300 000,00;16;EAR;41;19;16;24;2007;17;0;0;2,7;1;https://www.cian.ru/sale/flat/299098438/
10 300 000,00;15;WAR;38;19;7;23;2019;5;0;0;3;1;https://www.cian.ru/sale/flat/299785207/
10 300 000,00;11;EAR;35;20;5;12;1968;56;0;0;2,64;1;https://www.cian.ru/sale/flat/300417729/
10 300 000,00;11;NAR;38,1;37,5;15;17;1998;26;0;0;3;1;https://www.cian.ru/sale/flat/299916899/
10 300 000,00;10;NAR;44,4;27,9;1;9;1968;56;0;0;2,64;2;https://www.cian.ru/sale/flat/300633462/
10 300 000,00;8;NAR;30;17;5;5;1958;66;0;0;2,5;1;https://www.cian.ru/sale/flat/300734523/
10 300 000,00;5;NEAR;37,5;19,1;13;16;2019;5;0;0;3;1;https://www.cian.ru/sale/flat/297902239/
10 300 000,00;4;CAR;26,8;14;6;13;2019;5;0;0;3;1;https://www.cian.ru/sale/flat/299722483/
10 300 000,00;4;NWAR;37;22;6;9;1963;61;0;0;2,6;2;https://www.cian.ru/sale/flat/300815687/
10 390 000,00;14;EAR;30,2;18,6;2;5;1964;60;0;0;2,5;1;https://www.cian.ru/sale/flat/300438271/
10 390 000,00;10;NAR;27;37,5;5;8;1961;63;0;0;2,8;1;https://www.cian.ru/sale/flat/300646975/
10 400 000,00;7;SEAR;37,9;18,9;11;17;2016;8;0;0;2,7;1;https://www.cian.ru/sale/flat/300832689/
10 400 000,00;5;WAR;33;18,8;7;9;2019;5;0;0;3;1;https://www.cian.ru/sale/flat/299506735/
10 420 000,00;11;SEAR;39,3;23,7;1;9;1977;47;0;0;2,64;2;https://www.cian.ru/sale/flat/300400550/
10 450 000,00;7;SAR;37,9;18,9;14;17;1986;38;0;0;2,64;1;https://www.cian.ru/sale/flat/299938068/
10 450 000,00;7;WAR;38,2;19,8;16;21;2007;17;0;0;2,7;1;https://www.cian.ru/sale/flat/300867612/
10 460 814,00;6;NAR;34,3;13,8;5;15;2023;1;1;0;2,84;1;https://www.cian.ru/sale/flat/300121803/
10 462 529,00;21;NWAR;38,5;14,4;2;24;2022;2;1;0;2,8;1;https://www.cian.ru/sale/flat/300917761/
10 481 185,00;12;NAR;32,5;37,5;9;10;2024;0;1;1;3;1;https://www.cian.ru/sale/flat/297303763/
10 490 000,00;16;NEAR;37;20;7;12;1967;57;0;0;2,64;1;https://www.cian.ru/sale/flat/298191085/
10 490 000,00;9;NWAR;35;20;8;9;2019;5;0;0;3;1;https://www.cian.ru/sale/flat/300725362/
10 490 000,00;5;SAR;32,7;37,5;2;12;1975;49;0;0;2,5;1;https://www.cian.ru/sale/flat/300635008/
10 499 000,00;11;SEAR;38;16,6;8;19;2013;11;0;0;2,78;1;https://www.cian.ru/sale/flat/300959550/
10 500 000,00;19;NAR;38;37,5;12;17;2004;20;0;0;2,74;1;https://www.cian.ru/sale/flat/300472406/
10 500 000,00;19;EAR;44,2;37,5;6;9;2019;5;0;0;3;2;https://www.cian.ru/sale/flat/299737835/
10 500 000,00;18;SEAR;33,7;9,8;14;15;2023;1;1;0;3;1;https://www.cian.ru/sale/flat/300326167/
10 500 000,00;17;WAR;34,4;18,9;12;16;2019;5;0;0;2,5;1;https://www.cian.ru/sale/flat/289770726/
10 500 000,00;17;NEAR;35,1;21,2;5;9;1974;50;0;0;2,64;1;https://www.cian.ru/sale/flat/299927384/
10 500 000,00;17;EAR;37,5;18,9;2;17;2007;17;0;0;3;1;https://www.cian.ru/sale/flat/300693446/
10 500 000,00;17;SEAR;42,8;28,4;6;9;2019;5;0;0;3;2;https://www.cian.ru/sale/flat/291049452/
10 500 000,00;16;NWAR;47,3;31,1;1;9;1967;57;0;0;3;2;https://www.cian.ru/sale/flat/298436420/
10 500 000,00;15;NAR;37,5;18,5;1;14;2019;5;0;0;26,4;1;https://www.cian.ru/sale/flat/300301779/
10 500 000,00;15;SAR;38;19;6;17;1984;40;0;0;2,64;1;https://www.cian.ru/sale/flat/296045961/
10 500 000,00;13;SEAR;29,3;17,8;2;2;2023;1;0;1;5;1;https://www.cian.ru/sale/flat/300938238/
10 500 000,00;13;SEAR;30;17,7;2;2;2023;1;0;1;5;1;https://www.cian.ru/sale/flat/300938234/
10 500 000,00;13;SWAR;34,83;19,6;3;5;1960;64;0;0;2,8;1;https://www.cian.ru/sale/flat/300797878/
10 500 000,00;13;EAR;35,2;20,1;6;12;2019;5;0;0;3;1;https://www.cian.ru/sale/flat/295294075/
10 500 000,00;13;WAR;38,3;18,8;2;13;2011;13;0;0;2,65;1;https://www.cian.ru/sale/flat/299928314/
10 500 000,00;12;SAR;35,2;20,1;1;12;2019;5;0;0;2,7;1;https://www.cian.ru/sale/flat/300708213/
10 500 000,00;11;NAR;30,5;18,5;2;5;1963;61;0;0;2,5;1;https://www.cian.ru/sale/flat/300617206/
10 500 000,00;11;NWAR;32,9;17,6;3;9;1969;55;0;0;2,64;1;https://www.cian.ru/sale/flat/299560983/
10 500 000,00;11;SWAR;33;19;8;9;1976;48;0;0;2,64;1;https://www.cian.ru/sale/flat/299512754/
10 500 000,00;10;WAR;33;10;22;25;2022;2;0;0;2,6;1;https://www.cian.ru/sale/flat/295075346/
10 500 000,00;10;NAR;36,1;13;3;14;1972;52;0;1;4,6;1;https://www.cian.ru/sale/flat/298219243/
10 500 000,00;10;SAR;38;19;2;17;1987;37;0;0;2,64;1;https://www.cian.ru/sale/flat/300980941/
10 500 000,00;9;NEAR;38;19;14;17;2002;22;0;0;2,7;1;https://www.cian.ru/sale/flat/300779111/
10 500 000,00;8;SWAR;32,8;18,1;5;9;2019;5;0;0;2,5;1;https://www.cian.ru/sale/flat/299105195/
10 500 000,00;8;SAR;36,2;19;16;16;1976;48;0;0;2,64;1;https://www.cian.ru/sale/flat/300279567/
10 500 000,00;8;EAR;38,7;20,9;3;9;2019;5;0;0;3;1;https://www.cian.ru/sale/flat/298527999/
10 500 000,00;5;NWAR;38,4;18;6;17;1992;32;0;0;2,64;1;https://www.cian.ru/sale/flat/300138776/
10 500 000,00;5;EAR;44;28;8;9;1972;52;0;0;2,64;2;https://www.cian.ru/sale/flat/298847321/
10 500 000,00;4;SAR;38,9;20,9;12;12;2019;5;0;0;3;1;https://www.cian.ru/sale/flat/299774443/
10 500 000,00;4;NWAR;40;25;4;9;1963;61;0;0;2,5;2;https://www.cian.ru/sale/flat/300732921/
10 550 000,00;16;NEAR;30;19;10;18;2023;1;0;1;3;1;https://www.cian.ru/sale/flat/300410066/
10 590 000,00;12;SAR;31;16,6;3;9;1969;55;0;0;2,55;1;https://www.cian.ru/sale/flat/300385867/
10 594 377,00;6;NWAR;27,77;22,8;8;18;2022;2;1;1;4,5;1;https://www.cian.ru/sale/flat/297472751/
10 600 000,00;16;NEAR;44,2;27,9;4;9;1974;50;0;0;2,64;2;https://www.cian.ru/sale/flat/299594980/
10 600 000,00;11;NAR;35;15;1;14;1994;30;0;0;2,64;1;https://www.cian.ru/sale/flat/299572625/
10 600 000,00;9;SAR;37,7;17,7;28;50;2013;11;0;0;2,9;1;https://www.cian.ru/sale/flat/299980989/
10 600 000,00;9;EAR;38,1;24,9;8;12;1969;55;0;0;2,7;2;https://www.cian.ru/sale/flat/300020395/
10 600 000,00;7;NAR;40,47;27,5;10;17;2024;0;0;0;2,8;2;https://www.cian.ru/sale/flat/300310205/
10 600 000,00;4;NAR;37,3;19;2;17;1984;40;0;0;2,64;1;https://www.cian.ru/sale/flat/298213552/
10 600 000,00;4;EAR;40;23;6;9;1965;59;0;0;2,64;2;https://www.cian.ru/sale/flat/280933806/
10 600 000,00;2;NAR;30;19;5;5;1960;64;0;0;2,48;1;https://www.cian.ru/sale/flat/298743351/
10 600 000,00;2;NWAR;37,1;18;13;17;1992;32;0;0;3;1;https://www.cian.ru/sale/flat/298296311/
10 600 000,00;2;EAR;42,5;37,5;7;16;2006;18;0;0;2,9;1;https://www.cian.ru/sale/flat/297163771/
10 690 000,00;18;SWAR;37;20;9;16;2019;5;0;0;3;1;https://www.cian.ru/sale/flat/299250848/
10 700 000,00;21;WAR;35,3;19,5;10;14;1969;55;0;0;2,64;1;https://www.cian.ru/sale/flat/298131853/
10 700 000,00;19;WAR;34,4;18,8;1;4;1949;75;0;0;3;1;https://www.cian.ru/sale/flat/299728439/
10 700 000,00;18;EAR;38;22,1;4;9;2019;5;0;0;3;2;https://www.cian.ru/sale/flat/299733311/
10 700 000,00;16;NEAR;37;19;15;17;2005;19;0;0;2,74;1;https://www.cian.ru/sale/flat/298208285/
10 700 000,00;15;SAR;30;15,6;6;12;1972;52;0;0;2,64;1;https://www.cian.ru/sale/flat/300386069/
10 700 000,00;7;EAR;48;31,5;8;12;1968;56;0;0;2,64;2;https://www.cian.ru/sale/flat/294746939/
10 700 000,00;5;EAR;45,2;37,5;4;9;1973;51;0;0;2,64;2;https://www.cian.ru/sale/flat/300754754/
10 750 000,00;17;EAR;34;37,5;8;9;1967;57;0;0;2,6;1;https://www.cian.ru/sale/flat/300157559/
10 750 000,00;16;EAR;40;19;17;24;2007;17;0;0;3;1;https://www.cian.ru/sale/flat/297883038/
10 750 000,00;16;EAR;40;19;17;24;2007;17;0;0;2,78;1;https://www.cian.ru/sale/flat/300966108/
10 799 999,00;18;SAR;36,4;20;19;22;1984;40;0;0;3;1;https://www.cian.ru/sale/flat/299098420/
10 800 000,00;15;EAR;37,2;23,3;9;12;2019;5;0;0;3;2;https://www.cian.ru/sale/flat/299021060/
10 800 000,00;11;SAR;33;17;2;9;2019;5;0;0;3;1;https://www.cian.ru/sale/flat/298873227/
10 800 000,00;11;SEAR;33,9;15,1;15;17;2018;6;0;0;2,8;1;https://www.cian.ru/sale/flat/300797184/
10 800 000,00;11;NEAR;35;19,5;3;9;1976;48;0;0;2,7;1;https://www.cian.ru/sale/flat/300019385/
10 800 000,00;11;NAR;38,1;19;12;17;1998;26;0;0;3;1;https://www.cian.ru/sale/flat/298706698/
10 800 000,00;11;EAR;45;28,3;7;9;1966;58;0;0;2,8;2;https://www.cian.ru/sale/flat/299417295/
10 800 000,00;7;WAR;38,5;20,1;19;22;2008;16;0;0;2,64;1;https://www.cian.ru/sale/flat/299543766/
10 800 000,00;6;SAR;38,7;23,7;12;14;1972;52;0;0;2,64;2;https://www.cian.ru/sale/flat/299190121/
10 800 000,00;3;SAR;38;19;17;17;1997;27;0;0;2,6;1;https://www.cian.ru/sale/flat/300923704/
10 805 117,00;10;WAR;33,3;37,5;14;25;2021;3;1;0;2,63;1;https://www.cian.ru/sale/flat/299449816/
10 831 048,00;5;WAR;33,1;37,5;6;25;2021;3;1;0;2,63;1;https://www.cian.ru/sale/flat/299449780/
10 840 000,00;12;WAR;34,1;37,5;1;9;2019;5;0;0;3;2;https://www.cian.ru/sale/flat/300319011/
10 850 000,00;20;EAR;38,7;20,4;4;9;1983;41;0;0;2,7;1;https://www.cian.ru/sale/flat/300377102/
10 850 000,00;18;NEAR;33;19;8;9;1974;50;0;0;2,7;1;https://www.cian.ru/sale/flat/300188888/
10 850 000,00;17;EAR;39,7;17,8;8;9;1970;54;0;0;2,65;1;https://www.cian.ru/sale/flat/299732160/
10 850 000,00;12;SAR;41,2;19,6;7;14;1969;55;0;0;2,6;1;https://www.cian.ru/sale/flat/296562644/
10 857 959,00;5;WAR;35,5;37,5;2;25;2021;3;1;0;2,63;1;https://www.cian.ru/sale/flat/299449789/
10 890 000,00;27;WAR;33,2;18;8;9;1966;58;0;0;2,64;1;https://www.cian.ru/sale/flat/299110667/
10 890 000,00;7;NWAR;44,3;27,9;1;9;2019;5;0;0;3;2;https://www.cian.ru/sale/flat/300108535/
10 890 000,00;4;NWAR;40;20;2;16;1988;36;0;0;2,48;1;https://www.cian.ru/sale/flat/299979419/
10 900 000,00;17;NWAR;30;20;9;9;1966;58;0;0;2,64;1;https://www.cian.ru/sale/flat/299168359/
10 900 000,00;15;SEAR;44,6;37,5;1;5;1960;64;0;0;2,64;2;https://www.cian.ru/sale/flat/300441470/
10 900 000,00;12;NWAR;33,6;19,2;1;14;1970;54;0;0;2,75;1;https://www.cian.ru/sale/flat/300692309/
10 900 000,00;11;SWAR;38;37,5;14;16;1981;43;0;0;2,65;1;https://www.cian.ru/sale/flat/300576055/
10 900 000,00;10;SEAR;37,8;18,9;3;17;2019;5;0;0;3;1;https://www.cian.ru/sale/flat/299570022/
10 900 000,00;10;EAR;38;26,8;1;9;1970;54;0;0;2,64;2;https://www.cian.ru/sale/flat/299556246/
10 900 000,00;9;WAR;34,9;21;2;14;1973;51;0;0;2,7;1;https://www.cian.ru/sale/flat/298556528/
10 900 000,00;8;NAR;34,9;20,8;9;9;1964;60;0;0;2,64;2;https://www.cian.ru/sale/flat/300619659/
10 900 000,00;6;SAR;34;21,6;9;9;1966;58;0;0;2,6;1;https://www.cian.ru/sale/flat/299877600/
10 900 000,00;6;SAR;63,25;33,9;2;22;2019;5;0;0;3;2;https://www.cian.ru/sale/flat/300683447/
10 950 000,00;20;NWAR;36,2;14,3;6;25;2019;5;0;0;2,74;1;https://www.cian.ru/sale/flat/298169068/
10 950 000,00;13;NAR;35;20;1;12;1969;55;0;0;2,64;1;https://www.cian.ru/sale/flat/296030466/
10 950 000,00;4;SAR;38,2;22,3;5;12;1967;57;0;0;2,5;2;https://www.cian.ru/sale/flat/300464296/
10 990 000,00;9;SAR;37;20;10;12;1969;55;0;0;2,64;1;https://www.cian.ru/sale/flat/298037035/
10 990 000,00;9;SEAR;38,4;20;17;19;2018;6;0;0;2,74;1;https://www.cian.ru/sale/flat/300821406/
10 990 000,00;7;SAR;38,1;19,2;7;17;2019;5;0;0;3;1;https://www.cian.ru/sale/flat/294267082/
10 999 000,00;10;SAR;48,6;31,2;8;14;1972;52;0;0;2,64;2;https://www.cian.ru/sale/flat/300211144/
10 999 000,00;4;NWAR;39;37,5;2;12;1980;44;0;0;2,64;1;https://www.cian.ru/sale/flat/295522332/
11 000 000,00;20;SEAR;25,87;37,5;7;21;2024;0;1;1;3;1;https://www.cian.ru/sale/flat/299255684/
11 000 000,00;19;SWAR;55,15;28,7;6;16;2019;5;0;0;3;2;https://www.cian.ru/sale/flat/299477612/
11 000 000,00;14;WAR;36;19;6;16;1976;48;0;0;2,7;1;https://www.cian.ru/sale/flat/300506765/
11 000 000,00;14;WAR;41;37,5;5;5;1960;64;0;0;2,64;2;https://www.cian.ru/sale/flat/298705735/
11 000 000,00;13;SEAR;31,4;19;2;2;2023;1;0;1;5;1;https://www.cian.ru/sale/flat/300938241/
11 000 000,00;12;SAR;45;30;1;9;1968;56;0;0;2,64;2;https://www.cian.ru/sale/flat/300136505/
11 000 000,00;11;SEAR;35,4;20,3;2;12;1966;58;0;0;3;1;https://www.cian.ru/sale/flat/299098702/
11 000 000,00;10;SAR;37,7;37,5;1;9;1963;61;0;0;2,65;2;https://www.cian.ru/sale/flat/300795874/
11 000 000,00;9;NEAR;44,5;37,5;3;4;1970;54;0;1;3;2;https://www.cian.ru/sale/flat/298139494/
11 000 000,00;7;EAR;45;28,4;5;9;1971;53;0;0;2,6;2;https://www.cian.ru/sale/flat/299361979/
11 000 000,00;6;NWAR;30,2;37,5;21;22;2022;2;1;1;3;1;https://www.cian.ru/sale/flat/292542558/
11 000 000,00;6;EAR;45,4;37,5;5;9;2019;5;0;0;3;2;https://www.cian.ru/sale/flat/297829179/
11 000 000,00;5;SAR;37;19,1;7;16;1995;29;0;0;2,6;1;https://www.cian.ru/sale/flat/299027336/
11 000 000,00;3;EAR;45;29;2;9;2019;5;0;0;2,64;2;https://www.cian.ru/sale/flat/295787404/
11 062 867,00;10;WAR;35,2;37,5;14;25;2021;3;1;0;2,63;1;https://www.cian.ru/sale/flat/299449812/
11 090 000,00;18;NEAR;42;27,8;2;5;1967;57;0;0;2,5;2;https://www.cian.ru/sale/flat/300342332/
11 090 000,00;5;NEAR;42,7;27,8;2;5;1967;57;0;0;2,64;2;https://www.cian.ru/sale/flat/298282165/
11 090 000,00;5;NEAR;43;27,8;2;5;1967;57;0;0;2,6;2;https://www.cian.ru/sale/flat/300701493/
11 100 000,00;18;SWAR;46,6;29,8;7;14;1968;56;0;0;2,8;2;https://www.cian.ru/sale/flat/297580299/
11 100 000,00;17;NAR;47;30,2;8;9;2019;5;0;0;3;2;https://www.cian.ru/sale/flat/300661792/
11 100 000,00;17;NAR;47;30,2;8;9;1971;53;0;0;2,7;2;https://www.cian.ru/sale/flat/300609062/
11 100 000,00;16;SAR;44,4;27,9;5;9;1975;49;0;0;2,5;2;https://www.cian.ru/sale/flat/300829381/
11 100 000,00;10;WAR;34;19;1;5;1960;64;0;0;2,7;1;https://www.cian.ru/sale/flat/299032300/
11 100 000,00;10;EAR;38;26,8;1;9;1970;54;0;0;2,64;2;https://www.cian.ru/sale/flat/298662594/
11 100 000,00;6;SEAR;51,3;37,5;8;17;2011;13;0;0;2,74;2;https://www.cian.ru/sale/flat/300724404/
11 100 000,00;5;NWAR;36,3;20;8;22;2022;2;0;1;3;1;https://www.cian.ru/sale/flat/300577874/
11 150 000,00;14;SAR;31,5;21;8;9;1965;59;0;0;2,64;1;https://www.cian.ru/sale/flat/300077196/
11 155 271,00;5;WAR;35,1;37,5;6;25;2021;3;1;0;2,63;1;https://www.cian.ru/sale/flat/299449778/
11 190 000,00;17;NAR;50,9;25,5;13;14;2023;1;0;0;3;2;https://www.cian.ru/sale/flat/291101042/
11 190 000,00;15;WAR;31;18,5;2;10;1967;57;0;0;2,75;1;https://www.cian.ru/sale/flat/299893982/
11 199 000,00;7;SAR;57,8;37,5;2;9;1973;51;0;0;3;3;https://www.cian.ru/sale/flat/300393709/
11 199 999,00;19;SWAR;32;21,5;7;9;1964;60;0;0;2,64;1;https://www.cian.ru/sale/flat/297849335/
11 200 000,00;19;WAR;30,8;18,8;2;10;1967;57;0;0;2,8;1;https://www.cian.ru/sale/flat/299859994/
11 200 000,00;18;WAR;31,4;17,1;6;9;1965;59;0;0;2,7;1;https://www.cian.ru/sale/flat/297010912/
11 200 000,00;15;SWAR;34,5;37,5;3;5;1959;65;0;0;2,7;1;https://www.cian.ru/sale/flat/297540716/
11 200 000,00;15;SAR;39;19;11;17;1989;35;0;0;2,64;1;https://www.cian.ru/sale/flat/299919212/
11 200 000,00;13;NEAR;34;37,5;4;5;1959;65;0;0;2,95;1;https://www.cian.ru/sale/flat/299962573/
11 200 000,00;13;WAR;47,8;31,5;4;14;1978;46;0;0;3;2;https://www.cian.ru/sale/flat/299989334/
11 200 000,00;13;WAR;47,8;31,5;4;14;1978;46;0;0;3;2;https://www.cian.ru/sale/flat/300057103/
11 200 000,00;12;NAR;45;32;5;9;1965;59;0;0;2,65;2;https://www.cian.ru/sale/flat/300427206/
11 200 000,00;7;EAR;35,2;19,4;9;14;1971;53;0;0;2,64;1;https://www.cian.ru/sale/flat/300848229/
11 200 000,00;6;EAR;50,4;37,5;9;12;1978;46;0;0;2,5;2;https://www.cian.ru/sale/flat/298668459/
11 200 000,00;4;SAR;36;11;8;34;2023;1;1;0;3;1;https://www.cian.ru/sale/flat/300779837/
11 246 285,00;5;NWAR;29,5;16,8;18;22;2022;2;1;1;2,87;1;https://www.cian.ru/sale/flat/294627207/
11 250 000,00;4;WAR;32;21,5;2;9;1962;62;0;0;2,64;1;https://www.cian.ru/sale/flat/300870617/
11 275 000,00;18;EAR;41;15,8;2;24;2021;3;1;0;2,64;1;https://www.cian.ru/sale/flat/298917322/
11 290 000,00;15;EAR;55;37,5;1;5;2019;5;0;0;3;2;https://www.cian.ru/sale/flat/300830031/
11 290 000,00;4;SEAR;37,2;18;6;14;1994;30;0;0;2,64;1;https://www.cian.ru/sale/flat/298211447/
11 299 000,00;20;NEAR;42,7;18,4;24;25;2024;0;1;0;2,6;1;https://www.cian.ru/sale/flat/298373641/
11 300 000,00;18;WAR;37,8;19,1;11;17;1987;37;0;0;2,64;1;https://www.cian.ru/sale/flat/299426713/
11 300 000,00;17;NEAR;37,1;37,5;2;9;1963;61;0;0;2,5;2;https://www.cian.ru/sale/flat/297667857/
11 300 000,00;15;SWAR;33;37,5;4;9;1969;55;0;0;3;1;https://www.cian.ru/sale/flat/300123359/
11 300 000,00;15;WAR;40,1;19;6;17;2019;5;0;0;3;1;https://www.cian.ru/sale/flat/300373282/
11 300 000,00;15;SWAR;42,1;17,6;2;12;2019;5;0;0;3;1;https://www.cian.ru/sale/flat/300838166/
11 300 000,00;15;NAR;62;35,3;6;15;2023;1;0;0;3;2;https://www.cian.ru/sale/flat/297843866/
11 300 000,00;14;EAR;38;18,9;17;17;2000;24;0;0;2,74;1;https://www.cian.ru/sale/flat/298596946/
11 300 000,00;14;EAR;46,4;30,6;7;12;1970;54;0;0;2,64;2;https://www.cian.ru/sale/flat/299048958/
11 300 000,00;13;NEAR;38,8;37,5;8;9;1966;58;0;0;2,7;2;https://www.cian.ru/sale/flat/300151989/
11 300 000,00;11;NEAR;41,2;37,5;13;19;2015;9;0;0;2,7;1;https://www.cian.ru/sale/flat/300749553/
11 300 000,00;8;SWAR;36;37,5;12;12;1966;58;0;0;2,64;1;https://www.cian.ru/sale/flat/298158138/
11 300 000,00;8;SAR;47;31;3;12;1973;51;0;0;2,6;2;https://www.cian.ru/sale/flat/300116941/
11 300 000,00;7;SEAR;32,4;15;4;9;2019;5;0;0;3;1;https://www.cian.ru/sale/flat/298111522/
11 300 000,00;7;SAR;50,4;28,1;7;16;1984;40;0;0;2,48;2;https://www.cian.ru/sale/flat/300616262/
11 300 000,00;7;SEAR;57,6;43,3;10;12;1979;45;0;0;2,6;2;https://www.cian.ru/sale/flat/300510506/
11 300 000,00;5;NEAR;38;25;5;17;2019;5;0;0;3;1;https://www.cian.ru/sale/flat/299356077/
11 348 498,00;10;WAR;35,5;37,5;14;25;2021;3;1;0;2,63;1;https://www.cian.ru/sale/flat/299449813/
11 350 000,00;12;WAR;33,4;20;11;25;2022;2;0;0;2,7;1;https://www.cian.ru/sale/flat/293841011/
11 350 000,00;9;SWAR;32;21,8;1;9;2019;5;0;0;3;1;https://www.cian.ru/sale/flat/292686414/
11 360 000,00;17;NEAR;45;28,6;5;9;1978;46;0;0;2,64;2;https://www.cian.ru/sale/flat/300422493/
11 399 000,00;2;SWAR;38;19;13;17;1991;33;0;0;2,75;1;https://www.cian.ru/sale/flat/300832025/
11 400 000,00;16;SAR;36;37,5;6;20;2023;1;1;0;2,8;2;https://www.cian.ru/sale/flat/300351570/
11 400 000,00;15;EAR;38,2;19,2;14;16;1976;48;0;0;2,7;1;https://www.cian.ru/sale/flat/294166690/
11 400 000,00;15;SEAR;52,9;37,5;12;12;1979;45;0;0;2,64;2;https://www.cian.ru/sale/flat/298835538/
11 400 000,00;13;WAR;45,7;29,8;8;9;1970;54;0;0;2,64;2;https://www.cian.ru/sale/flat/298336498/
11 400 000,00;11;WAR;37,9;18,9;9;23;2007;17;0;0;2,7;1;https://www.cian.ru/sale/flat/300461258/
11 400 000,00;10;SWAR;35;20;2;5;1959;65;0;0;2,85;1;https://www.cian.ru/sale/flat/297817464/
11 400 000,00;10;SEAR;43;30;2;9;1970;54;0;0;2,7;2;https://www.cian.ru/sale/flat/298709399/
11 400 000,00;9;SEAR;38,9;20,9;2;14;1988;36;0;0;2,64;1;https://www.cian.ru/sale/flat/300055372/
11 400 000,00;5;NEAR;46,1;37,5;1;12;1974;50;0;0;3;2;https://www.cian.ru/sale/flat/295895327/
11 400 000,00;3;SAR;38,9;20,9;5;12;1976;48;0;0;2,64;1;https://www.cian.ru/sale/flat/300528636/
11 450 000,00;18;NEAR;47;28,7;9;18;2019;5;0;1;3;2;https://www.cian.ru/sale/flat/300269965/
11 489 999,00;20;EAR;36,7;18;11;22;2007;17;0;0;2,75;1;https://www.cian.ru/sale/flat/300843529/
11 490 000,00;19;NAR;38;20;9;17;2001;23;0;0;2,8;1;https://www.cian.ru/sale/flat/300872900/
11 490 000,00;19;SAR;58;37,5;5;9;1970;54;0;0;2,64;3;https://www.cian.ru/sale/flat/300684591/
11 490 000,00;6;SAR;38;37,5;5;17;1988;36;0;0;2,64;1;https://www.cian.ru/sale/flat/299601171/
11 499 000,00;15;SWAR;39;15;15;23;2024;0;0;0;3;1;https://www.cian.ru/sale/flat/299862230/
11 500 000,00;20;SWAR;44,8;27,5;9;9;1977;47;0;0;2,64;2;https://www.cian.ru/sale/flat/300706081/
11 500 000,00;19;NEAR;38,1;37,5;2;9;1964;60;0;0;2,7;2;https://www.cian.ru/sale/flat/299019640/
11 500 000,00;18;EAR;42,6;18,1;7;14;2013;11;0;0;2,64;1;https://www.cian.ru/sale/flat/300500053/
11 500 000,00;18;NEAR;46,7;37,5;5;9;1982;42;0;0;2,6;2;https://www.cian.ru/sale/flat/298158945/
11 500 000,00;18;SWAR;50,8;37,5;9;17;2023;1;0;0;2,8;2;https://www.cian.ru/sale/flat/299849732/
11 500 000,00;17;EAR;50,7;25,7;2;3;1967;57;0;1;5;1;https://www.cian.ru/sale/flat/300469442/
11 500 000,00;16;NAR;34,6;19,3;4;16;1974;50;0;0;2,6;1;https://www.cian.ru/sale/flat/299106606/
11 500 000,00;16;SAR;45;30;2;12;2019;5;0;0;3;2;https://www.cian.ru/sale/flat/298829548/
11 500 000,00;15;EAR;42,8;29,1;3;9;1967;57;0;0;2,64;2;https://www.cian.ru/sale/flat/300229425/
11 500 000,00;13;SEAR;37,2;14,5;5;18;2018;6;0;0;2,65;1;https://www.cian.ru/sale/flat/299814181/
11 500 000,00;12;NAR;37,7;37,5;8;9;2019;5;0;0;3;2;https://www.cian.ru/sale/flat/299560653/
11 500 000,00;11;SEAR;43;29;2;9;1974;50;0;0;2,64;2;https://www.cian.ru/sale/flat/299468868/
11 500 000,00;9;NEAR;55,7;37,5;6;23;2007;17;0;1;2,65;2;https://www.cian.ru/sale/flat/300074472/
11 500 000,00;9;NEAR;60;45,1;1;9;2019;5;0;0;2,5;3;https://www.cian.ru/sale/flat/299298166/
11 500 000,00;8;NAR;40,4;25,3;8;9;1963;61;0;0;2,7;2;https://www.cian.ru/sale/flat/293725330/
11 500 000,00;7;EAR;38,3;23,9;10;14;1970;54;0;0;2,64;2;https://www.cian.ru/sale/flat/294696192/
11 500 000,00;7;SAR;38,8;19;13;17;1986;38;0;0;6;1;https://www.cian.ru/sale/flat/300160548/
11 500 000,00;6;NEAR;38,1;19,9;16;22;2019;5;0;0;3;1;https://www.cian.ru/sale/flat/279367183/
11 500 000,00;6;NEAR;38,9;20,4;2;12;1984;40;0;0;2,64;1;https://www.cian.ru/sale/flat/299719558/
11 500 000,00;6;NEAR;57;37,5;3;9;1971;53;0;0;2,64;3;https://www.cian.ru/sale/flat/300448713/
11 500 000,00;5;WAR;35;20;4;9;1970;54;0;0;2,64;1;https://www.cian.ru/sale/flat/289479862/
11 500 000,00;5;SWAR;42,4;19;3;16;2003;21;0;0;2,64;1;https://www.cian.ru/sale/flat/300967353/
11 500 000,00;5;NWAR;46,3;37,5;28;33;2024;0;1;0;3;2;https://www.cian.ru/sale/flat/299430589/
11 500 000,00;5;NAR;50,4;30,6;7;16;1982;42;0;0;2,7;2;https://www.cian.ru/sale/flat/300710411/
11 500 000,00;5;NAR;52,2;30,8;3;16;2019;5;0;0;3;2;https://www.cian.ru/sale/flat/293078878/
11 500 000,00;3;WAR;32;20;4;5;1961;63;0;0;3;1;https://www.cian.ru/sale/flat/283607568/
11 500 000,00;3;EAR;45,2;29,5;7;9;1974;50;0;0;3;2;https://www.cian.ru/sale/flat/298054480/
11 550 000,00;17;SWAR;47;30,3;2;9;1972;52;0;0;2,64;2;https://www.cian.ru/sale/flat/300424622/
11 599 000,00;17;NAR;35,2;19,6;2;12;1967;57;0;0;2,5;1;https://www.cian.ru/sale/flat/300419481/
11 600 000,00;19;NAR;40;16;17;17;1976;48;0;0;2,7;1;https://www.cian.ru/sale/flat/300775701/
11 600 000,00;18;EAR;37,7;23;1;9;1966;58;0;0;2,64;1;https://www.cian.ru/sale/flat/300905486/
11 600 000,00;16;WAR;45;26;2;12;1972;52;0;0;2,64;2;https://www.cian.ru/sale/flat/300843447/
11 600 000,00;12;NEAR;37;19;6;16;1984;40;0;0;2,48;1;https://www.cian.ru/sale/flat/298103293/
11 600 000,00;11;EAR;33,7;18;5;5;1951;73;0;0;3;1;https://www.cian.ru/sale/flat/292408397/
11 600 000,00;9;SWAR;35;20;6;12;1969;55;0;0;3;1;https://www.cian.ru/sale/flat/294398120/
11 600 000,00;9;SAR;37,7;18,9;13;14;2010;14;0;0;2,74;1;https://www.cian.ru/sale/flat/299987453/
11 600 000,00;8;SEAR;54;37,5;9;17;2010;14;0;0;2,74;2;https://www.cian.ru/sale/flat/298537664/
11 600 000,00;5;SEAR;45;28,8;8;9;2019;5;0;0;3;2;https://www.cian.ru/sale/flat/300640759/
11 650 000,00;7;NEAR;33;18;4;9;1969;55;0;0;2,6;1;https://www.cian.ru/sale/flat/297683894/
11 650 000,00;4;WAR;63,1;46,7;4;9;1979;45;0;0;2,64;4;https://www.cian.ru/sale/flat/299241499/
11 689 000,00;9;SAR;31,8;21,3;1;9;1961;63;0;0;2,64;1;https://www.cian.ru/sale/flat/300615994/
11 690 000,00;10;SWAR;35,5;37,5;6;15;1973;51;0;0;2,6;2;https://www.cian.ru/sale/flat/299440062/
11 699 000,00;6;NAR;41;29;7;9;1963;61;0;0;2,64;2;https://www.cian.ru/sale/flat/300334511/
11 700 000,00;19;NAR;33,6;14,1;32;33;2023;1;1;0;3;1;https://www.cian.ru/sale/flat/299243966/
11 700 000,00;18;SAR;45,2;28,9;5;5;1967;57;0;0;2,8;2;https://www.cian.ru/sale/flat/300048777/
11 700 000,00;15;SAR;23,4;37,5;13;26;2024;0;1;0;3;1;https://www.cian.ru/sale/flat/298544924/
11 700 000,00;12;SAR;38,4;19,3;9;17;1995;29;0;0;2,64;1;https://www.cian.ru/sale/flat/298772084/
11 700 000,00;11;SEAR;45;28;1;5;1964;60;0;0;2,7;2;https://www.cian.ru/sale/flat/300098873/
11 700 000,00;11;SEAR;45;28;1;5;1964;60;0;0;2,7;2;https://www.cian.ru/sale/flat/300145214/
11 700 000,00;10;SEAR;42;37,5;7;9;1970;54;0;0;2,64;2;https://www.cian.ru/sale/flat/299430799/
11 700 000,00;9;SAR;38,8;19,1;12;15;1999;25;0;0;2,64;1;https://www.cian.ru/sale/flat/298072517/
11 700 000,00;9;SAR;45,8;30,2;3;12;1973;51;0;0;2,64;2;https://www.cian.ru/sale/flat/299987714/
11 700 000,00;5;WAR;31,8;20,8;8;9;1964;60;0;0;2,64;1;https://www.cian.ru/sale/flat/297302521/
11 700 000,00;4;EAR;45,2;33,3;5;5;2019;5;0;0;3;2;https://www.cian.ru/sale/flat/287768560/
11 700 000,00;3;SAR;39,4;24,3;4;12;1967;57;0;0;2,5;2;https://www.cian.ru/sale/flat/299033803/
11 713 000,00;12;NAR;53;37,5;2;10;2024;0;1;1;3;2;https://www.cian.ru/sale/flat/293041439/
11 713 000,00;12;NAR;53;37;2;10;2024;0;0;1;3,3;2;https://www.cian.ru/sale/flat/300867426/
11 734 304,00;10;WAR;38,7;37,5;4;25;2021;3;1;0;2,63;1;https://www.cian.ru/sale/flat/299449817/
11 784 950,00;9;EAR;32,01;20,6;12;25;2024;0;1;1;2,8;2;https://www.cian.ru/sale/flat/300470632/
11 790 000,00;15;CAR;31;18;3;8;1961;63;0;0;2,75;1;https://www.cian.ru/sale/flat/299147351/
11 794 000,00;15;EAR;46;37,5;2;4;2019;5;0;1;3;1;https://www.cian.ru/sale/flat/297071145/
11 800 000,00;19;EAR;38;19,2;15;17;2000;24;0;0;2,64;1;https://www.cian.ru/sale/flat/299520739/
11 800 000,00;19;NWAR;39,9;19;4;4;1948;76;0;0;3,2;1;https://www.cian.ru/sale/flat/299093726/
11 800 000,00;15;SWAR;33;19;8;9;1977;47;0;0;2,64;1;https://www.cian.ru/sale/flat/300793062/
11 800 000,00;15;SAR;33,1;17;9;22;2019;5;0;0;3;1;https://www.cian.ru/sale/flat/300669958/
11 800 000,00;15;SWAR;45;30;1;9;2019;5;0;0;3;2;https://www.cian.ru/sale/flat/299186950/
11 800 000,00;15;EAR;46,7;30,6;8;9;1973;51;0;0;2,5;2;https://www.cian.ru/sale/flat/297917379/
11 800 000,00;10;SAR;33,2;21,1;5;12;1964;60;0;0;2,64;1;https://www.cian.ru/sale/flat/300505732/
11 800 000,00;10;NWAR;38;22,6;3;5;1960;64;0;0;2,48;2;https://www.cian.ru/sale/flat/298654353/
11 800 000,00;10;NWAR;39;21;2;12;1981;43;0;0;2,64;1;https://www.cian.ru/sale/flat/300918991/
11 800 000,00;7;SEAR;36,8;19,1;11;17;1989;35;0;0;2,64;1;https://www.cian.ru/sale/flat/297048496/
11 800 000,00;7;SEAR;37,7;37,5;1;12;1973;51;0;0;2,68;2;https://www.cian.ru/sale/flat/299926036/
11 800 000,00;7;NWAR;43,3;28,7;4;5;1960;64;0;0;2,7;2;https://www.cian.ru/sale/flat/299268934/
11 800 000,00;6;NAR;37;22,6;5;9;1962;62;0;0;2,64;2;https://www.cian.ru/sale/flat/293166750/
11 800 000,00;6;SAR;46,2;30,3;7;12;1976;48;0;0;2,5;2;https://www.cian.ru/sale/flat/297961592/
11 800 000,00;6;SAR;48,2;37,5;7;12;1973;51;0;0;2,48;2;https://www.cian.ru/sale/flat/300804494/
11 800 000,00;5;NEAR;45;28,5;3;14;1969;55;0;0;2,64;2;https://www.cian.ru/sale/flat/292354057/
11 820 000,00;16;SEAR;50,7;29,7;4;12;1980;44;0;0;2,64;2;https://www.cian.ru/sale/flat/292767565/
11 850 000,00;16;NEAR;32,7;20;4;9;1978;46;0;0;2,65;1;https://www.cian.ru/sale/flat/300981591/
11 850 000,00;10;SEAR;42,3;37,5;3;5;1964;60;0;0;2,64;2;https://www.cian.ru/sale/flat/300190999/
11 890 000,00;12;SWAR;38,3;37,5;9;12;2019;5;0;0;2,5;2;https://www.cian.ru/sale/flat/300867797/
11 890 000,00;11;WAR;37,5;26,5;5;9;2019;5;0;0;2,55;2;https://www.cian.ru/sale/flat/298481554/
11 900 000,00;20;SEAR;38,51;37,5;18;21;2024;0;1;1;3;2;https://www.cian.ru/sale/flat/299244406/
11 900 000,00;18;SAR;54;32,1;10;16;1977;47;0;0;2,64;2;https://www.cian.ru/sale/flat/300343513/
11 900 000,00;17;SEAR;47,7;24,2;5;19;2024;0;1;1;3;1;https://www.cian.ru/sale/flat/298808079/
11 900 000,00;11;SEAR;38,6;20,8;4;9;2000;24;0;0;2,9;1;https://www.cian.ru/sale/flat/300155365/
11 900 000,00;9;NEAR;33;18,8;2;9;1974;50;0;0;2,64;1;https://www.cian.ru/sale/flat/300887823/
11 900 000,00;9;EAR;39,3;18,1;12;14;2019;5;0;0;3;1;https://www.cian.ru/sale/flat/295677601/
11 900 000,00;9;SEAR;45,6;28,5;4;12;1967;57;0;0;2,5;2;https://www.cian.ru/sale/flat/300283823/
11 900 000,00;8;SAR;38,1;19,1;10;17;2019;5;0;0;3;1;https://www.cian.ru/sale/flat/299944351/
11 900 000,00;7;EAR;30;9,7;27;33;2024;0;1;0;3;1;https://www.cian.ru/sale/flat/300980084/
11 900 000,00;7;NAR;37,2;37,5;2;12;1967;57;0;0;2,64;2;https://www.cian.ru/sale/flat/298139887/
11 900 000,00;7;SEAR;44,8;29,2;1;5;1963;61;0;0;2,6;2;https://www.cian.ru/sale/flat/298662616/
11 900 000,00;4;EAR;40,6;37,5;3;9;1966;58;0;0;2,64;2;https://www.cian.ru/sale/flat/300273588/
11 930 000,00;6;NEAR;35,1;15;15;22;2019;5;0;0;2,85;1;https://www.cian.ru/sale/flat/299856834/
11 950 000,00;20;WAR;41;27,9;3;5;2019;5;0;0;2,5;2;https://www.cian.ru/sale/flat/296776601/
11 950 000,00;15;SEAR;42;18,1;2;23;2019;5;0;0;3;1;https://www.cian.ru/sale/flat/299343814/
11 950 000,00;15;NEAR;48,2;37,5;7;11;2015;9;0;1;3,3;2;https://www.cian.ru/sale/flat/295806744/
11 950 000,00;8;SAR;52,2;30,5;11;14;1985;39;0;0;2,64;2;https://www.cian.ru/sale/flat/293032694/
11 950 000,00;5;SWAR;32,6;37,5;7;9;1963;61;0;0;2,64;1;https://www.cian.ru/sale/flat/300355036/
11 966 670,00;6;NAR;42,3;13,8;13;15;2023;1;1;0;2,84;1;https://www.cian.ru/sale/flat/300121847/
11 990 000,00;18;NEAR;52,3;37,5;5;18;2023;1;0;1;3;2;https://www.cian.ru/sale/flat/298007996/
11 990 000,00;16;NAR;34,3;12;13;14;2023;1;1;0;3;1;https://www.cian.ru/sale/flat/298335323/
11 990 000,00;15;EAR;31,9;37,5;16;21;2023;1;0;1;2,62;1;https://www.cian.ru/sale/flat/300137251/
11 990 000,00;14;SWAR;35;17,4;9;9;1968;56;0;0;2,64;1;https://www.cian.ru/sale/flat/300133799/
11 990 000,00;13;CAR;37,4;37,5;1;5;1960;64;0;1;2,8;2;https://www.cian.ru/sale/flat/296080680/
11 990 000,00;13;NAR;41;26;1;5;2019;5;0;0;3;2;https://www.cian.ru/sale/flat/298157794/
11 990 000,00;10;WAR;36,6;20;2;9;1974;50;0;0;2,5;1;https://www.cian.ru/sale/flat/298517117/
11 995 000,00;11;EAR;59;42;1;9;1971;53;0;0;2,64;3;https://www.cian.ru/sale/flat/300988379/
11 999 000,00;9;SEAR;55,2;32,7;7;19;2010;14;0;0;2,78;2;https://www.cian.ru/sale/flat/297796650/
11 999 999,00;17;EAR;35,3;37,5;4;5;1958;66;0;0;3,5;2;https://www.cian.ru/sale/flat/294510839/
11 999 999,00;16;EAR;44,4;28,8;5;9;1970;54;0;0;3;2;https://www.cian.ru/sale/flat/298227898/
12 000 000,00;19;SWAR;38;23;6;9;1964;60;0;0;2,64;2;https://www.cian.ru/sale/flat/300576385/
12 000 000,00;18;NAR;44,6;37,5;4;5;2019;5;0;0;3;2;https://www.cian.ru/sale/flat/299342188/
12 000 000,00;17;NWAR;43;28;2;9;2019;5;0;0;3;2;https://www.cian.ru/sale/flat/296083968/
12 000 000,00;16;NAR;36,6;19,3;4;24;2023;1;0;0;3;1;https://www.cian.ru/sale/flat/298620400/
12 000 000,00;16;NWAR;36,7;18,7;1;9;1979;45;0;0;2,64;1;https://www.cian.ru/sale/flat/299920940/
12 000 000,00;15;SEAR;34,7;19,1;6;16;1982;42;0;0;2,48;1;https://www.cian.ru/sale/flat/299565713/
12 000 000,00;14;SEAR;35;19,1;11;16;1978;46;0;0;3;1;https://www.cian.ru/sale/flat/300522974/
12 000 000,00;14;NEAR;38,8;20,8;3;12;1975;49;0;0;2,7;1;https://www.cian.ru/sale/flat/300176787/
12 000 000,00;14;EAR;42;30;1;8;2019;5;0;0;3;2;https://www.cian.ru/sale/flat/295803072/
12 000 000,00;14;SWAR;45;28,8;8;9;1967;57;0;0;2,5;2;https://www.cian.ru/sale/flat/299941696/
12 000 000,00;14;SAR;46;30;1;9;1975;49;0;0;2,64;2;https://www.cian.ru/sale/flat/300622194/
12 000 000,00;13;EAR;32;18;4;4;1927;97;0;0;3,2;1;https://www.cian.ru/sale/flat/299479360/
12 000 000,00;12;NEAR;46,8;37,5;7;12;2019;5;0;0;3;2;https://www.cian.ru/sale/flat/300017664/
12 000 000,00;10;NWAR;33,12;18,7;3;12;2019;5;0;0;3;1;https://www.cian.ru/sale/flat/299564815/
12 000 000,00;10;SEAR;34,2;15,4;4;9;1963;61;0;0;2,6;1;https://www.cian.ru/sale/flat/299487467/
12 000 000,00;9;CAR;31,6;21,4;4;7;1965;59;0;0;2,5;1;https://www.cian.ru/sale/flat/300100666/
12 000 000,00;9;NEAR;37;22;6;8;1960;64;0;0;3;2;https://www.cian.ru/sale/flat/300832937/
12 000 000,00;8;SEAR;44,9;29,3;2;9;1964;60;0;0;2,64;2;https://www.cian.ru/sale/flat/297910425/
12 000 000,00;8;SAR;53,3;37,5;11;17;2000;24;0;0;2,6;2;https://www.cian.ru/sale/flat/298155397/
12 000 000,00;7;SWAR;33;20;4;5;1959;65;0;0;2,6;1;https://www.cian.ru/sale/flat/300127778/
12 000 000,00;7;EAR;42,4;37,5;4;5;2019;5;0;0;3;2;https://www.cian.ru/sale/flat/296028455/
12 000 000,00;6;SWAR;30;16;1;8;1960;64;0;0;2,7;1;https://www.cian.ru/sale/flat/300332458/
12 000 000,00;5;SEAR;30;15;3;9;1964;60;0;0;2,7;1;https://www.cian.ru/sale/flat/300257640/
12 000 000,00;5;NAR;37;24;8;12;1967;57;0;0;2,64;2;https://www.cian.ru/sale/flat/299652999/
12 000 000,00;5;NEAR;38,3;20,9;5;17;1989;35;0;0;2,6;1;https://www.cian.ru/sale/flat/294034791/
12 000 000,00;5;NEAR;52,4;30,4;6;12;1981;43;0;0;2,7;2;https://www.cian.ru/sale/flat/297265680/
12 000 000,00;4;NEAR;37,4;37,5;3;12;2019;5;0;0;3;2;https://www.cian.ru/sale/flat/300741529/
12 000 000,00;4;SWAR;39,1;21;2;14;1991;33;0;0;2,64;1;https://www.cian.ru/sale/flat/300794336/
12 000 000,00;4;SEAR;44,9;37,5;4;5;1962;62;0;0;3;2;https://www.cian.ru/sale/flat/300437344/
12 000 000,00;4;NAR;47;28;2;12;2019;5;0;0;3;2;https://www.cian.ru/sale/flat/300197570/
12 000 000,00;4;EAR;52,3;30,4;9;12;1975;49;0;0;2,6;2;https://www.cian.ru/sale/flat/299744949/
12 000 000,00;4;CAR;92,3;67;3;14;1990;34;0;0;3;3;https://www.cian.ru/sale/flat/300876952/
12 000 000,00;2;SEAR;52;30,5;6;18;2013;11;0;0;2,75;2;https://www.cian.ru/sale/flat/288377596/
12 000 000,00;1;SEAR;32;21,2;8;9;1962;62;0;0;2,6;1;https://www.cian.ru/sale/flat/300780545/
12 015 584,00;10;WAR;38,8;37,5;5;25;2021;3;1;0;2,63;1;https://www.cian.ru/sale/flat/299449732/
12 015 600,00;20;NEAR;32,3;37,5;10;22;2021;3;1;0;2,79;1;https://www.cian.ru/sale/flat/296754092/
12 100 000,00;18;EAR;39;18;10;24;2022;2;0;0;3;1;https://www.cian.ru/sale/flat/298488707/
12 100 000,00;11;EAR;35,2;19,4;9;14;1971;53;0;0;2,5;1;https://www.cian.ru/sale/flat/300390378/
12 100 000,00;7;NEAR;35,4;16,2;10;17;2021;3;0;0;2,8;1;https://www.cian.ru/sale/flat/293574412/
12 100 000,00;7;SEAR;35,6;10,7;3;23;2022;2;1;0;2,8;2;https://www.cian.ru/sale/flat/295371840/
12 100 000,00;6;SAR;63,1;37,5;7;22;2021;3;0;0;2,8;2;https://www.cian.ru/sale/flat/300859558/
12 100 000,00;4;SAR;39;18,9;4;17;2004;20;0;0;2,7;1;https://www.cian.ru/sale/flat/297493776/
12 100 000,00;3;SEAR;52;31;17;18;2013;11;0;0;2,7;2;https://www.cian.ru/sale/flat/298136780/
12 128 571,00;22;SAR;32,4;9,4;22;23;2023;1;1;0;2,62;1;https://www.cian.ru/sale/flat/300725327/
12 150 000,00;16;EAR;42;27;5;8;1960;64;0;0;2,7;2;https://www.cian.ru/sale/flat/300611842/
12 150 000,00;15;SAR;42,7;24,6;3;12;1972;52;0;0;2,64;2;https://www.cian.ru/sale/flat/300887606/
12 199 000,00;9;WAR;56;32,1;2;14;1988;36;0;0;2,64;2;https://www.cian.ru/sale/flat/300605149/
12 200 000,00;18;NWAR;29;13;14;22;2019;5;0;0;3,1;1;https://www.cian.ru/sale/flat/298645710/
12 200 000,00;18;EAR;45;32,5;4;9;1965;59;0;0;2,7;2;https://www.cian.ru/sale/flat/299466286/
12 200 000,00;12;NAR;37,8;20;3;17;2006;18;0;0;2,64;1;https://www.cian.ru/sale/flat/298787848/
12 200 000,00;12;EAR;38;23;3;12;1968;56;0;0;2,64;2;https://www.cian.ru/sale/flat/300053925/
12 200 000,00;10;SEAR;32,1;37,5;25;33;2023;1;0;0;2,9;2;https://www.cian.ru/sale/flat/299471941/
12 200 000,00;10;NAR;35,3;17;9;14;2019;5;0;1;3;1;https://www.cian.ru/sale/flat/299589586/
12 200 000,00;7;SEAR;35,6;37,5;3;24;2023;1;1;0;2,6;1;https://www.cian.ru/sale/flat/300157468/
12 200 000,00;4;SEAR;55,4;30,4;5;8;2003;21;0;0;2,64;2;https://www.cian.ru/sale/flat/300792177/
12 200 000,00;1;SAR;37,2;18,9;15;16;1983;41;0;0;2,64;1;https://www.cian.ru/sale/flat/300943823/
12 250 000,00;25;SAR;21,5;13,2;19;26;2024;0;1;0;2,9;1;https://www.cian.ru/sale/flat/300092289/
12 290 000,00;12;NEAR;36,9;14,5;8;18;2018;6;0;0;2,7;1;https://www.cian.ru/sale/flat/299396300/
12 299 000,00;17;SEAR;89,9;37,5;13;17;2019;5;0;0;2,7;4;https://www.cian.ru/sale/flat/296830664/
12 300 000,00;19;NAR;35,2;11,7;14;33;2021;3;0;0;3;1;https://www.cian.ru/sale/flat/300150280/
12 300 000,00;17;WAR;30,7;18;2;4;1960;64;0;0;2,8;1;https://www.cian.ru/sale/flat/298808458/
12 300 000,00;12;SWAR;37,9;37,5;5;9;1962;62;0;0;2,64;2;https://www.cian.ru/sale/flat/290978067/
12 300 000,00;11;NEAR;30;37,5;6;32;2023;1;1;0;3;1;https://www.cian.ru/sale/flat/299134852/
12 300 000,00;10;NAR;41;25;1;5;2019;5;0;0;3;2;https://www.cian.ru/sale/flat/294502101/
12 300 000,00;5;NEAR;46,1;37,5;1;12;1978;46;0;0;2,64;2;https://www.cian.ru/sale/flat/298605362/
12 300 000,00;3;EAR;45,7;29,3;3;9;1964;60;0;0;2,64;2;https://www.cian.ru/sale/flat/299457040/
12 304 450,00;9;EAR;32,71;21,2;19;25;2024;0;1;1;2,8;2;https://www.cian.ru/sale/flat/300556155/
12 327 301,00;16;NAR;42,1;16,2;13;14;2023;1;1;0;2,84;1;https://www.cian.ru/sale/flat/297033534/
12 337 000,00;2;NAR;31,9;15;2;15;2016;8;0;1;3;1;https://www.cian.ru/sale/flat/297916901/
12 390 000,00;9;SWAR;42;12;19;26;2016;8;0;0;2,8;1;https://www.cian.ru/sale/flat/300945228/
12 399 000,00;17;EAR;41;18;6;14;2013;11;0;0;3;1;https://www.cian.ru/sale/flat/298657199/
12 399 000,00;5;NAR;40;19,4;6;11;2018;6;0;0;2,8;1;https://www.cian.ru/sale/flat/300899799/
12 399 000,00;4;SEAR;37,8;19,1;14;17;2003;21;0;0;2,75;1;https://www.cian.ru/sale/flat/298823679/
12 400 000,00;14;NEAR;45;30;4;12;1974;50;0;0;2,7;2;https://www.cian.ru/sale/flat/298697084/
12 400 000,00;13;NEAR;53,3;30,2;11;12;1983;41;0;0;2,64;2;https://www.cian.ru/sale/flat/299283687/
12 400 000,00;12;SAR;32,2;18,7;7;9;1973;51;0;0;2,64;1;https://www.cian.ru/sale/flat/300197626/
12 400 000,00;11;NAR;54;32;5;12;1977;47;0;0;2,6;2;https://www.cian.ru/sale/flat/294302985/
12 400 000,00;10;EAR;40;22;3;23;2022;2;0;0;2,75;1;https://www.cian.ru/sale/flat/299132838/
12 400 000,00;8;NAR;32,7;19;4;9;1968;56;0;0;2,6;1;https://www.cian.ru/sale/flat/300619103/
12 400 000,00;5;NEAR;31;18;5;7;1987;37;0;1;4,25;1;https://www.cian.ru/sale/flat/299241993/
12 400 000,00;5;EAR;44,8;30,4;1;5;1963;61;0;0;2,5;2;https://www.cian.ru/sale/flat/300486607/
12 400 000,00;3;SAR;38,4;20;22;22;2000;24;0;0;2,7;1;https://www.cian.ru/sale/flat/298369798/
12 450 000,00;12;SAR;48;34;5;9;1969;55;0;0;2,64;2;https://www.cian.ru/sale/flat/300022483/
12 450 000,00;12;SAR;48;32;5;9;1969;55;0;0;2,64;2;https://www.cian.ru/sale/flat/300734116/
12 460 000,00;9;SWAR;47,4;37,5;29;31;2019;5;0;0;2,7;2;https://www.cian.ru/sale/flat/299173725/
12 490 000,00;12;SEAR;32,1;37,5;1;9;1966;58;0;0;2,6;1;https://www.cian.ru/sale/flat/300489090/
12 490 000,00;6;SEAR;38;20;12;14;1971;53;0;0;2,7;1;https://www.cian.ru/sale/flat/298730339/
12 499 000,00;5;SEAR;32,7;19;6;8;1961;63;0;0;2,7;1;https://www.cian.ru/sale/flat/300928131/
12 500 000,00;20;SAR;53;35,5;9;9;1968;56;0;0;2,64;3;https://www.cian.ru/sale/flat/299559924/
12 500 000,00;19;NEAR;35,7;16;9;11;1978;46;0;0;2,8;1;https://www.cian.ru/sale/flat/299795791/
12 500 000,00;17;WAR;30;12;8;19;2019;5;0;0;3;1;https://www.cian.ru/sale/flat/300894636/
12 500 000,00;17;NAR;59,6;37,5;12;14;2023;1;1;0;2,8;2;https://www.cian.ru/sale/flat/298664454/
12 500 000,00;16;SAR;51,3;37,5;5;12;1976;48;0;0;2,48;2;https://www.cian.ru/sale/flat/298456361/
12 500 000,00;15;SWAR;36,4;20;7;12;2019;5;0;1;3;1;https://www.cian.ru/sale/flat/297478360/
12 500 000,00;15;SAR;45,5;37,5;7;9;1969;55;0;0;2,64;2;https://www.cian.ru/sale/flat/280344676/
12 500 000,00;14;NAR;49;34;9;9;1980;44;0;0;2,65;3;https://www.cian.ru/sale/flat/300669759/
12 500 000,00;14;NEAR;52,8;28,5;12;26;2024;0;1;0;2,66;2;https://www.cian.ru/sale/flat/298664411/
12 500 000,00;13;NAR;30;19;2;9;1962;62;0;0;3;1;https://www.cian.ru/sale/flat/298017739/
12 500 000,00;10;SEAR;34,1;14;18;32;2023;1;0;0;2,6;1;https://www.cian.ru/sale/flat/300938365/
12 500 000,00;10;SAR;42;37,5;8;18;2022;2;1;0;3;1;https://www.cian.ru/sale/flat/286587452/
12 500 000,00;9;SAR;52,5;37,5;12;16;1982;42;0;0;3;2;https://www.cian.ru/sale/flat/298796724/
12 500 000,00;7;EAR;34;19;1;13;1975;49;0;0;2,5;1;https://www.cian.ru/sale/flat/300691248/
12 500 000,00;7;NWAR;35,9;37,5;7;9;1974;50;0;0;2,64;1;https://www.cian.ru/sale/flat/300670903/
12 500 000,00;7;SAR;53,8;32,2;3;17;1983;41;0;0;2,7;2;https://www.cian.ru/sale/flat/299768114/
12 500 000,00;7;SEAR;55;32,8;8;19;2014;10;0;0;2,78;2;https://www.cian.ru/sale/flat/298665303/
12 500 000,00;6;WAR;36,1;19;15;16;1979;45;0;0;2,64;1;https://www.cian.ru/sale/flat/300309463/
12 500 000,00;6;SWAR;37;16,7;4;17;2005;19;0;0;2,78;1;https://www.cian.ru/sale/flat/300311562/
12 500 000,00;5;NWAR;35;20;7;9;1963;61;0;0;2,7;1;https://www.cian.ru/sale/flat/298918712/
12 500 000,00;5;NAR;37;16,7;17;17;2013;11;0;0;2,72;1;https://www.cian.ru/sale/flat/292113104/
12 500 000,00;5;EAR;40;23;7;12;1986;38;0;0;2,64;1;https://www.cian.ru/sale/flat/298728706/
12 500 000,00;4;SAR;39;20;3;14;1973;51;0;0;2,7;1;https://www.cian.ru/sale/flat/294755887/
12 500 000,00;3;SEAR;57,9;37,7;18;22;2007;17;0;0;2,64;2;https://www.cian.ru/sale/flat/298714960/
12 550 000,00;20;SEAR;38,51;37,5;7;21;2024;0;1;1;3;1;https://www.cian.ru/sale/flat/298756738/
12 550 000,00;18;SWAR;45;28;4;12;1974;50;0;0;3;2;https://www.cian.ru/sale/flat/297004181/
12 577 790,00;10;WAR;42,4;37,5;7;25;2021;3;1;0;2,63;1;https://www.cian.ru/sale/flat/299449820/
12 590 000,00;8;NAR;44,3;37,5;9;9;1971;53;0;0;2,64;2;https://www.cian.ru/sale/flat/297444092/
12 600 000,00;18;NAR;44,8;29,9;3;9;1967;57;0;0;2,64;2;https://www.cian.ru/sale/flat/298906413/
12 600 000,00;14;NEAR;38,5;17;5;9;2017;7;0;0;2,8;1;https://www.cian.ru/sale/flat/300199245/
12 600 000,00;11;EAR;38;37,5;3;9;1966;58;0;0;2,65;2;https://www.cian.ru/sale/flat/299469295/
12 600 000,00;10;NWAR;39;20,8;7;12;1981;43;0;0;2,64;1;https://www.cian.ru/sale/flat/297699499/
12 600 000,00;7;SEAR;43,9;27,6;6;9;1972;52;0;0;2,64;2;https://www.cian.ru/sale/flat/299480517/
12 600 000,00;5;SAR;42,9;37,5;8;9;2019;5;0;0;3;2;https://www.cian.ru/sale/flat/296206157/
12 650 000,00;17;SEAR;39,19;37,5;15;19;2024;0;1;1;3;1;https://www.cian.ru/sale/flat/298421754/
12 699 000,00;12;EAR;40,9;26,2;6;8;1961;63;0;0;2,64;2;https://www.cian.ru/sale/flat/299601515/
12 699 000,00;7;NEAR;35,4;16,2;10;17;2021;3;0;0;2,8;1;https://www.cian.ru/sale/flat/298657575/
12 700 000,00;20;NWAR;41,5;37,5;2;25;2024;0;1;1;3;2;https://www.cian.ru/sale/flat/298274092/
12 700 000,00;20;WAR;44;18;22;25;2010;14;0;0;2,8;1;https://www.cian.ru/sale/flat/299892401/
12 700 000,00;19;SWAR;44,2;27,7;2;9;2019;5;0;0;2,7;2;https://www.cian.ru/sale/flat/300440179/
12 700 000,00;17;NWAR;32,5;37,5;9;9;1979;45;0;0;2,64;1;https://www.cian.ru/sale/flat/300985679/
12 700 000,00;16;NAR;42;21;3;12;1978;46;0;0;2,64;1;https://www.cian.ru/sale/flat/300806179/
12 700 000,00;14;WAR;35,3;10,3;14;21;2023;1;1;0;2,62;1;https://www.cian.ru/sale/flat/298463243/
12 700 000,00;14;NEAR;36,3;18,9;7;14;2003;21;0;0;2,74;1;https://www.cian.ru/sale/flat/299673462/
12 700 000,00;13;WAR;54;31,1;8;14;1991;33;0;0;2,64;2;https://www.cian.ru/sale/flat/300857258/
12 700 000,00;10;EAR;41;26;6;8;1961;63;0;0;2,65;2;https://www.cian.ru/sale/flat/300435235/
12 700 000,00;9;SWAR;53,3;37,5;4;12;2001;23;0;0;3;2;https://www.cian.ru/sale/flat/299021229/
12 700 000,00;7;EAR;40;23;7;12;1986;38;0;0;2,8;1;https://www.cian.ru/sale/flat/299775850/
12 700 000,00;7;SWAR;48;37,5;9;12;1972;52;0;0;2,64;2;https://www.cian.ru/sale/flat/295463619/
12 700 000,00;6;WAR;36,5;37,5;4;16;1982;42;0;0;2,64;1;https://www.cian.ru/sale/flat/300265337/
12 700 000,00;6;NWAR;41,4;25,7;4;5;1961;63;0;0;2,48;2;https://www.cian.ru/sale/flat/300248641/
12 700 000,00;6;SEAR;55,5;32,7;5;19;2010;14;0;0;2,75;2;https://www.cian.ru/sale/flat/300270509/
12 700 000,00;5;SAR;51,8;30,8;12;12;1977;47;0;0;2,64;2;https://www.cian.ru/sale/flat/300284279/
12 700 000,00;4;SWAR;37,8;19;5;17;2003;21;0;0;2,74;1;https://www.cian.ru/sale/flat/300252459/
12 700 000,00;4;NWAR;42,4;37,5;3;5;2019;5;0;0;2,7;2;https://www.cian.ru/sale/flat/299101609/
12 700 000,00;3;EAR;47;31;3;12;1968;56;0;0;2,6;2;https://www.cian.ru/sale/flat/297126552/
12 700 000,00;3;EAR;47,2;32,5;7;12;2019;5;0;0;3;2;https://www.cian.ru/sale/flat/297759977/
12 702 200,00;16;NAR;42,2;16,2;5;13;2023;1;1;0;2,84;1;https://www.cian.ru/sale/flat/297032934/
12 710 000,00;11;SWAR;42,5;37,5;29;34;2019;5;0;0;2,7;1;https://www.cian.ru/sale/flat/298255599/
12 750 000,00;10;WAR;46;27,6;7;9;1967;57;0;0;2,5;2;https://www.cian.ru/sale/flat/297235125/
12 800 000,00;20;EAR;36;19;20;20;2022;2;0;0;3;1;https://www.cian.ru/sale/flat/297249360/
12 800 000,00;15;EAR;42,7;27,8;1;5;1958;66;0;0;2,7;2;https://www.cian.ru/sale/flat/299693763/
12 800 000,00;14;NAR;39;25;6;12;1967;57;0;0;3;2;https://www.cian.ru/sale/flat/297560669/
12 800 000,00;14;EAR;45,1;30,6;5;5;1964;60;0;0;2,6;2;https://www.cian.ru/sale/flat/299940717/
12 800 000,00;13;SEAR;48;30,2;12;12;1970;54;0;0;2,6;2;https://www.cian.ru/sale/flat/300025818/
12 800 000,00;10;NEAR;45,5;28,4;7;14;1974;50;0;0;2,65;2;https://www.cian.ru/sale/flat/296327043/
12 800 000,00;6;WAR;40,8;18;6;9;2023;1;0;0;2,7;1;https://www.cian.ru/sale/flat/300327603/
12 800 000,00;3;WAR;45;30;1;9;1970;54;0;0;2,7;2;https://www.cian.ru/sale/flat/294302599/
12 850 000,00;12;SWAR;35,5;18,3;2;10;2000;24;0;0;2,7;1;https://www.cian.ru/sale/flat/297908781/
12 850 000,00;8;SEAR;61;34;2;25;2013;11;0;0;3;2;https://www.cian.ru/sale/flat/248190016/
12 872 970,00;22;SAR;36,2;11,1;27;33;2023;1;1;0;2,62;1;https://www.cian.ru/sale/flat/300725287/
12 888 568,00;10;WAR;44;37,5;14;25;2021;3;1;0;2,63;1;https://www.cian.ru/sale/flat/300605461/
12 897 995,00;10;WAR;43,9;37,5;5;25;2021;3;1;0;2,63;1;https://www.cian.ru/sale/flat/299449806/
12 900 000,00;19;WAR;32,5;20;6;9;1962;62;0;0;2,5;1;https://www.cian.ru/sale/flat/300472824/
12 900 000,00;17;SEAR;41,54;37,5;8;21;2024;0;1;1;3;2;https://www.cian.ru/sale/flat/298554168/
12 900 000,00;16;SEAR;39;20;4;16;1982;42;0;0;2,7;1;https://www.cian.ru/sale/flat/295987840/
12 900 000,00;14;NAR;59,6;29,7;7;14;2024;0;1;0;2,75;2;https://www.cian.ru/sale/flat/300441906/
12 900 000,00;13;SWAR;50;30;3;9;1976;48;0;0;2,64;3;https://www.cian.ru/sale/flat/300683250/
12 900 000,00;11;NEAR;40,2;14,9;14;33;2023;1;0;0;2,7;1;https://www.cian.ru/sale/flat/299505290/
12 900 000,00;10;SEAR;44;26,4;9;9;1962;62;0;0;2,65;2;https://www.cian.ru/sale/flat/294469100/
12 900 000,00;8;WAR;54;33;10;17;1989;35;0;0;2,64;2;https://www.cian.ru/sale/flat/300855957/
12 900 000,00;4;NEAR;43;20;15;16;2023;1;0;0;2,8;1;https://www.cian.ru/sale/flat/300224325/
12 913 586,00;20;NEAR;34,7;37,5;10;22;2021;3;1;0;2,65;1;https://www.cian.ru/sale/flat/295442233/
12 918 132,00;17;SEAR;37,6;13,2;3;29;2024;0;1;1;2,87;1;https://www.cian.ru/sale/flat/300575198/
12 950 000,00;18;SAR;46,2;29,4;4;12;1977;47;0;0;3;2;https://www.cian.ru/sale/flat/299070675/
12 950 000,00;18;SEAR;52,1;37,5;13;18;2022;2;0;0;2,6;2;https://www.cian.ru/sale/flat/299917593/
12 950 000,00;9;NEAR;44,7;26,8;4;14;1971;53;0;0;2,64;2;https://www.cian.ru/sale/flat/297842232/
12 950 000,00;8;SAR;53,5;30,6;16;17;2019;5;0;0;3;2;https://www.cian.ru/sale/flat/298058278/
12 980 000,00;19;WAR;46,9;30,9;2;14;1974;50;0;0;3;2;https://www.cian.ru/sale/flat/298991084/
12 990 000,00;14;WAR;35;21;1;9;1972;52;0;0;2,64;1;https://www.cian.ru/sale/flat/300197540/
12 990 000,00;10;SWAR;34,7;19,7;12;12;1972;52;0;0;3;1;https://www.cian.ru/sale/flat/299587318/
12 990 000,00;10;SWAR;35;19,7;11;12;1972;52;0;0;2,48;1;https://www.cian.ru/sale/flat/300897156/
12 990 000,00;8;WAR;34,5;17,1;5;19;2019;5;0;0;3;1;https://www.cian.ru/sale/flat/300146036/
12 990 000,00;7;SEAR;50;35;4;19;2014;10;0;0;3;2;https://www.cian.ru/sale/flat/300550054/
12 990 000,00;3;NAR;42,3;28,8;3;9;1964;60;0;0;2,6;2;https://www.cian.ru/sale/flat/298954295/
12 999 000,00;15;SWAR;38,3;18;19;23;2023;1;1;0;3;1;https://www.cian.ru/sale/flat/291789123/
12 999 999,00;13;NEAR;58,3;41,4;2;9;1980;44;0;0;2,64;3;https://www.cian.ru/sale/flat/298557542/
12 999 999,00;7;NWAR;38;15;12;12;2004;20;0;0;2,7;1;https://www.cian.ru/sale/flat/298414628/
12 999 999,00;5;SWAR;34,6;18;4;7;2019;5;0;1;3;1;https://www.cian.ru/sale/flat/299772470/
13 000 000,00;20;SAR;35,4;19,7;13;16;2019;5;0;0;2,5;1;https://www.cian.ru/sale/flat/300564827/
13 000 000,00;20;NWAR;39,6;37,5;2;28;2023;1;0;0;2,85;2;https://www.cian.ru/sale/flat/288417350/
13 000 000,00;20;WAR;40;23,7;10;12;2019;5;0;0;3;2;https://www.cian.ru/sale/flat/293819595/
13 000 000,00;19;EAR;43;37,5;4;4;2014;10;0;1;3,3;2;https://www.cian.ru/sale/flat/300491067/
13 000 000,00;17;SEAR;40,2;12,5;5;33;2024;0;1;1;3;1;https://www.cian.ru/sale/flat/300368349/
13 000 000,00;16;NEAR;53;28;4;16;1988;36;0;0;2,48;2;https://www.cian.ru/sale/flat/299145326/
13 000 000,00;14;SAR;38,7;20,8;4;12;1982;42;0;0;3;1;https://www.cian.ru/sale/flat/300647536/
13 000 000,00;14;NEAR;51;37,5;11;18;2023;1;1;1;3;2;https://www.cian.ru/sale/flat/289253686/
13 000 000,00;13;NAR;37,2;22,8;5;9;1962;62;0;0;3;2;https://www.cian.ru/sale/flat/299561140/
13 000 000,00;12;NAR;35,1;20;11;12;2019;5;0;0;3;1;https://www.cian.ru/sale/flat/299241818/
13 000 000,00;12;EAR;37;22,6;4;9;1966;58;0;0;2,5;2;https://www.cian.ru/sale/flat/299115293/
13 000 000,00;8;EAR;37;25;6;16;1982;42;0;0;2,48;1;https://www.cian.ru/sale/flat/300499163/
13 000 000,00;8;NWAR;55;32,6;1;14;1997;27;0;0;2,7;2;https://www.cian.ru/sale/flat/300708579/
13 000 000,00;7;NWAR;33,2;37,5;9;9;1966;58;0;0;3;2;https://www.cian.ru/sale/flat/300753621/
13 000 000,00;7;WAR;37;37,5;2;17;1984;40;0;0;2,64;1;https://www.cian.ru/sale/flat/295817542/
13 000 000,00;7;EAR;51,3;37,5;9;14;2005;19;0;0;2,74;2;https://www.cian.ru/sale/flat/299278062/
13 000 000,00;6;NEAR;45,4;30,1;10;12;2019;5;0;0;2,7;2;https://www.cian.ru/sale/flat/300071306/
13 000 000,00;6;NEAR;58,7;43,1;5;9;2019;5;0;0;3;3;https://www.cian.ru/sale/flat/296210557/
13 000 000,00;5;SAR;65;34;12;18;2023;1;1;0;2,8;2;https://www.cian.ru/sale/flat/292667670/
13 000 000,00;4;NEAR;45;30;4;5;1964;60;0;0;2,64;2;https://www.cian.ru/sale/flat/295420102/
13 000 000,00;1;EAR;105,5;70;4;16;2019;5;0;0;3;4;https://www.cian.ru/sale/flat/297582881/
13 034 703,00;22;SAR;37,7;10,9;32;33;2023;1;1;0;2,62;1;https://www.cian.ru/sale/flat/300725264/
13 050 000,00;17;NAR;35;22;17;18;2023;1;0;0;2,7;2;https://www.cian.ru/sale/flat/300160212/
13 050 000,00;8;NAR;34,1;37,5;17;18;2022;2;1;0;3;2;https://www.cian.ru/sale/flat/297049404/
13 061 204,00;27;SAR;35,7;10,6;32;33;2023;1;1;0;2,62;1;https://www.cian.ru/sale/flat/300725174/
13 100 000,00;20;SEAR;50;31;9;21;2024;0;1;1;3;2;https://www.cian.ru/sale/flat/298268526/
13 100 000,00;13;WAR;53,2;37,5;4;17;1986;38;0;0;2,65;2;https://www.cian.ru/sale/flat/297247458/
13 100 000,00;8;NEAR;39,8;37,5;12;12;1971;53;0;0;2,64;2;https://www.cian.ru/sale/flat/300848175/
13 100 000,00;6;SAR;40;12,5;11;30;2021;3;0;0;3,15;1;https://www.cian.ru/sale/flat/300640655/
13 107 409,00;5;NWAR;38,3;14,6;18;22;2022;2;1;1;2,87;1;https://www.cian.ru/sale/flat/294627225/
13 140 000,00;10;EAR;43,8;37,5;2;3;2019;5;0;1;3;1;https://www.cian.ru/sale/flat/293546579/
13 150 000,00;16;CAR;81;61,8;1;5;1932;92;0;0;3;4;https://www.cian.ru/sale/flat/300397844/
13 200 000,00;19;SEAR;32,2;9,5;12;33;2023;1;0;0;2,8;1;https://www.cian.ru/sale/flat/297769271/
13 200 000,00;17;NWAR;44,7;37,5;8;9;1974;50;0;0;2,64;2;https://www.cian.ru/sale/flat/300525950/
13 200 000,00;17;EAR;53,6;34,9;5;5;1960;64;0;0;2,48;3;https://www.cian.ru/sale/flat/300170974/
13 200 000,00;16;NEAR;53;35,3;1;9;1974;50;0;0;2,6;3;https://www.cian.ru/sale/flat/295331890/
13 200 000,00;15;SWAR;38;20;8;9;1976;48;0;0;2,64;1;https://www.cian.ru/sale/flat/300555782/
13 200 000,00;15;SAR;38,1;18;9;10;2000;24;0;0;2,64;1;https://www.cian.ru/sale/flat/299963323/
13 200 000,00;15;NWAR;53,5;32,7;1;4;1958;66;0;0;3,1;2;https://www.cian.ru/sale/flat/299437447/
13 200 000,00;12;SWAR;45,2;18;10;22;1987;37;0;0;2,64;1;https://www.cian.ru/sale/flat/300780263/
13 200 000,00;7;CAR;49;37,5;8;8;2021;3;0;1;4;2;https://www.cian.ru/sale/flat/297171871/
13 213 932,00;17;SEAR;40,1;13,3;3;29;2024;0;1;1;2,87;1;https://www.cian.ru/sale/flat/300575196/
13 290 010,00;9;EAR;35,33;23,7;20;25;2024;0;1;1;2,8;2;https://www.cian.ru/sale/flat/298003723/
13 300 000,00;17;SEAR;42;20;15;17;2023;1;0;0;2,8;1;https://www.cian.ru/sale/flat/298260764/
13 300 000,00;11;EAR;33,8;37,5;12;33;2023;1;1;0;3;1;https://www.cian.ru/sale/flat/295102788/
13 300 000,00;10;NEAR;31,8;37,5;4;5;1961;63;0;0;2,64;1;https://www.cian.ru/sale/flat/296658686/
13 300 000,00;9;NWAR;53,5;32,5;1;17;1993;31;0;0;3;2;https://www.cian.ru/sale/flat/300749835/
13 300 000,00;5;NAR;34,5;28;3;6;1920;104;0;1;3,7;1;https://www.cian.ru/sale/flat/300268349/
13 300 000,00;5;NAR;43,9;37,5;4;9;1967;57;0;0;2,65;2;https://www.cian.ru/sale/flat/299714188/
13 300 000,00;4;EAR;44,5;37,5;22;24;2007;17;0;0;2,78;1;https://www.cian.ru/sale/flat/295618764/
13 350 000,00;9;NEAR;64,6;47,2;9;9;1969;55;0;0;2,6;4;https://www.cian.ru/sale/flat/300617076/
13 350 000,00;4;NAR;37,8;22,7;4;9;2019;5;0;0;3;2;https://www.cian.ru/sale/flat/299322554/
13 354 800,00;20;NEAR;35,9;37,5;10;22;2021;3;1;0;2,79;1;https://www.cian.ru/sale/flat/296754090/
13 380 000,00;15;WAR;30;37,5;7;9;1976;48;0;0;2,7;1;https://www.cian.ru/sale/flat/300542693/
13 389 999,00;16;SAR;32;21;5;9;1962;62;0;0;2,5;1;https://www.cian.ru/sale/flat/299293185/
13 400 000,00;19;EAR;48,5;20;4;4;2014;10;0;1;3;1;https://www.cian.ru/sale/flat/289202649/
13 400 000,00;18;SAR;51;37,5;6;9;1976;48;0;0;2,64;3;https://www.cian.ru/sale/flat/300909559/
13 400 000,00;17;SEAR;42;19;10;14;1977;47;0;0;3;1;https://www.cian.ru/sale/flat/300019961/
13 400 000,00;16;SAR;44,5;37,5;6;8;1962;62;0;0;2,6;2;https://www.cian.ru/sale/flat/296570382/
13 400 000,00;14;SWAR;39;20;13;16;1981;43;0;0;2,64;1;https://www.cian.ru/sale/flat/298755272/
13 400 000,00;10;SAR;41,15;20,9;6;12;1985;39;0;0;2,64;1;https://www.cian.ru/sale/flat/299486441/
13 400 000,00;8;SAR;52;27,9;14;16;2019;5;0;0;3;2;https://www.cian.ru/sale/flat/299183582/
13 424 195,00;22;SAR;41,4;15,4;22;23;2023;1;1;0;2,62;1;https://www.cian.ru/sale/flat/300725318/
13 437 922,00;5;NWAR;34,7;12,8;16;22;2022;2;1;1;2,87;1;https://www.cian.ru/sale/flat/296571124/
13 450 000,00;20;NEAR;36,2;19,8;6;16;1980;44;0;0;2,64;1;https://www.cian.ru/sale/flat/300622955/
13 450 000,00;8;NEAR;38,5;19;8;17;2010;14;0;0;2,74;1;https://www.cian.ru/sale/flat/300469110/
13 490 000,00;18;SAR;62,5;46,3;1;9;1976;48;0;1;2,64;4;https://www.cian.ru/sale/flat/299658844/
13 490 000,00;11;SWAR;33;37,5;9;9;1969;55;0;0;2,64;1;https://www.cian.ru/sale/flat/300980632/
13 490 000,00;10;EAR;38,8;37,5;3;12;1966;58;0;0;2,64;2;https://www.cian.ru/sale/flat/300703069/
13 500 000,00;42;WAR;42;37,5;7;13;2021;3;0;0;3,7;2;https://www.cian.ru/sale/flat/281157343/
13 500 000,00;20;NWAR;43;37,5;2;25;2024;0;1;1;3;2;https://www.cian.ru/sale/flat/298274091/
13 500 000,00;18;EAR;39,1;20,2;24;24;2021;3;0;0;3;1;https://www.cian.ru/sale/flat/299329067/
13 500 000,00;16;SWAR;36;13;13;18;2019;5;0;0;3;1;https://www.cian.ru/sale/flat/300015290/
13 500 000,00;15;WAR;38,2;21,4;2;9;2019;5;0;0;3;1;https://www.cian.ru/sale/flat/300616358/
13 500 000,00;15;NAR;45,1;37,5;12;14;1970;54;0;0;2,64;2;https://www.cian.ru/sale/flat/299686686/
13 500 000,00;14;SAR;37;18;10;23;1984;40;0;0;2,75;1;https://www.cian.ru/sale/flat/300277635/
13 500 000,00;13;SWAR;29,8;14,8;4;8;1958;66;0;0;2,5;1;https://www.cian.ru/sale/flat/298204608/
13 500 000,00;13;NWAR;39,5;20;10;16;1980;44;0;0;2,64;1;https://www.cian.ru/sale/flat/300365708/
13 500 000,00;12;SWAR;32,5;21;6;9;1962;62;0;0;2,64;1;https://www.cian.ru/sale/flat/300396782/
13 500 000,00;12;WAR;47;31;8;14;1972;52;0;0;2,64;2;https://www.cian.ru/sale/flat/298019738/
13 500 000,00;11;SEAR;33;37,5;7;8;1962;62;0;0;2,7;1;https://www.cian.ru/sale/flat/300135811/
13 500 000,00;11;SEAR;55;37,5;5;9;2000;24;0;0;2,64;2;https://www.cian.ru/sale/flat/298825949/
13 500 000,00;10;NWAR;32,5;16,8;7;12;2019;5;0;0;3;1;https://www.cian.ru/sale/flat/300985185/
13 500 000,00;10;NAR;43,2;37,5;4;5;1962;62;0;0;2,5;2;https://www.cian.ru/sale/flat/299596557/
13 500 000,00;9;SAR;44;20;26;50;2013;11;0;0;2,9;2;https://www.cian.ru/sale/flat/300105970/
13 500 000,00;8;WAR;37,5;37,5;2;12;1974;50;0;0;2,7;2;https://www.cian.ru/sale/flat/286114857/
13 500 000,00;8;NEAR;40;19,4;5;16;1986;38;0;0;2,5;1;https://www.cian.ru/sale/flat/300961036/
13 500 000,00;8;SEAR;53;31;6;12;1995;29;0;0;2,64;2;https://www.cian.ru/sale/flat/298624347/
13 500 000,00;8;SEAR;74;37,5;1;14;2019;5;0;0;3;4;https://www.cian.ru/sale/flat/300686900/
13 500 000,00;7;NAR;39;23;10;12;1965;59;0;0;2,64;2;https://www.cian.ru/sale/flat/300653839/
13 500 000,00;5;NAR;34,8;20;6;16;2020;4;0;1;2,8;1;https://www.cian.ru/sale/flat/298982026/
13 500 000,00;5;SEAR;50,8;30,3;7;14;1997;27;0;0;2,64;2;https://www.cian.ru/sale/flat/300737220/
13 550 000,00;11;NWAR;37,2;37,5;3;16;1981;43;0;0;2,64;1;https://www.cian.ru/sale/flat/299496599/
13 550 000,00;5;SAR;39,8;21;3;23;2019;5;0;0;2,6;1;https://www.cian.ru/sale/flat/299167916/
13 561 530,00;25;SEAR;35,3;10,7;18;23;2023;1;1;0;2,62;1;https://www.cian.ru/sale/flat/300680033/
13 590 000,00;8;WAR;34,6;21,6;5;12;1967;57;0;0;2,6;1;https://www.cian.ru/sale/flat/300611928/
13 590 000,00;8;WAR;34,9;37,5;5;12;1967;57;0;0;2,6;1;https://www.cian.ru/sale/flat/300787335/
13 590 000,00;2;SAR;52;35;1;16;1978;46;0;0;3;2;https://www.cian.ru/sale/flat/299650130/
13 600 000,00;17;EAR;64;40;4;9;1971;53;0;0;2,65;4;https://www.cian.ru/sale/flat/298823032/
13 600 000,00;4;WAR;31;18;5;9;2019;5;0;0;3;1;https://www.cian.ru/sale/flat/299253528/
13 650 000,00;14;NEAR;32;37,5;8;8;1962;62;0;0;2,8;1;https://www.cian.ru/sale/flat/300935802/
13 690 000,00;3;SEAR;40;20;5;17;1991;33;0;0;2,7;1;https://www.cian.ru/sale/flat/300782277/
13 700 000,00;20;EAR;39,3;20;16;22;2007;17;0;0;2,75;1;https://www.cian.ru/sale/flat/296816715/
13 700 000,00;19;NAR;56,5;37,5;6;9;1968;56;0;0;3;3;https://www.cian.ru/sale/flat/300776368/
13 700 000,00;16;SEAR;62,1;45,9;9;9;2019;5;0;0;3;4;https://www.cian.ru/sale/flat/298360928/
13 700 000,00;14;EAR;56,1;37,5;4;7;1997;27;0;0;2,64;2;https://www.cian.ru/sale/flat/300876198/
13 700 000,00;12;WAR;39,1;21;10;12;1980;44;0;0;2,64;1;https://www.cian.ru/sale/flat/299121621/
13 700 000,00;11;SEAR;28;18;11;29;2022;2;0;0;3;1;https://www.cian.ru/sale/flat/300670002/
13 700 000,00;9;NEAR;64,6;46,7;9;9;1969;55;0;0;2,6;4;https://www.cian.ru/sale/flat/292667499/
13 700 000,00;8;NWAR;22,1;37,5;5;32;2024;0;0;0;3;1;https://www.cian.ru/sale/flat/300835111/
13 700 000,00;6;SWAR;49,9;37,5;12;12;2019;5;0;0;3;2;https://www.cian.ru/sale/flat/292391101/
13 700 000,00;6;NEAR;61,9;46,4;8;9;1970;54;0;0;3;4;https://www.cian.ru/sale/flat/299170711/
13 700 000,00;5;SWAR;38,7;37,5;3;14;1994;30;0;0;2,64;1;https://www.cian.ru/sale/flat/299485140/
13 750 000,00;20;EAR;38,6;26,5;8;24;2019;5;0;0;2,9;1;https://www.cian.ru/sale/flat/299963312/
13 750 000,00;9;WAR;44,3;37,5;3;9;1970;54;0;0;2,65;2;https://www.cian.ru/sale/flat/299853557/
13 750 000,00;5;SEAR;67;46;1;6;1929;95;0;1;3,1;3;https://www.cian.ru/sale/flat/300442758/
13 750 000,00;4;SEAR;67;40;1;6;2019;5;0;1;3,2;2;https://www.cian.ru/sale/flat/300865618/
13 758 188,00;12;NAR;57,3;37,5;3;10;2024;0;1;1;3;2;https://www.cian.ru/sale/flat/293041441/
13 767 600,00;14;WAR;33;9,6;32;33;2023;1;1;0;2,7;1;https://www.cian.ru/sale/flat/274414161/
13 780 000,00;9;NAR;37,6;37,5;8;31;2024;0;1;0;2,7;1;https://www.cian.ru/sale/flat/300890761/
13 800 000,00;17;NWAR;40,3;30;9;28;2019;5;0;1;3;1;https://www.cian.ru/sale/flat/300592124/
13 800 000,00;16;NAR;62,5;44,7;5;12;1981;43;0;0;2,6;3;https://www.cian.ru/sale/flat/299459192/
13 800 000,00;14;SWAR;38,1;37,5;2;12;1965;59;0;0;2,64;2;https://www.cian.ru/sale/flat/295978318/
13 800 000,00;12;CAR;35;37,5;10;12;1972;52;0;0;2,48;1;https://www.cian.ru/sale/flat/300232347/
13 800 000,00;11;NEAR;38,8;37,5;12;19;2020;4;0;0;2,8;1;https://www.cian.ru/sale/flat/300757392/
13 800 000,00;9;NEAR;33;21,4;3;9;1968;56;0;0;2,65;1;https://www.cian.ru/sale/flat/300441251/
13 800 000,00;5;SAR;46,8;30,5;4;12;2019;5;0;0;3;2;https://www.cian.ru/sale/flat/300236165/
13 800 000,00;4;WAR;34;15,9;9;9;1965;59;0;0;2,7;1;https://www.cian.ru/sale/flat/300135242/
13 850 000,00;10;SAR;40,3;22,6;21;24;2022;2;0;0;2,9;1;https://www.cian.ru/sale/flat/296405462/
13 850 000,00;4;WAR;44,4;37,5;3;29;2022;2;1;1;3;1;https://www.cian.ru/sale/flat/294781897/
13 870 000,00;12;NAR;57,3;37,5;5;10;2024;0;0;1;3,3;2;https://www.cian.ru/sale/flat/300426960/
13 890 000,00;16;NWAR;35,7;12,2;13;21;2023;1;0;0;3,1;1;https://www.cian.ru/sale/flat/300073845/
13 900 000,00;18;WAR;44,9;31,6;3;16;1971;53;0;0;2,7;2;https://www.cian.ru/sale/flat/298298500/
13 900 000,00;18;SWAR;75;44;13;18;2019;5;0;0;3;3;https://www.cian.ru/sale/flat/300923132/
13 900 000,00;16;EAR;44,9;14,9;11;21;2022;2;0;1;3;2;https://www.cian.ru/sale/flat/299154733/
13 900 000,00;14;NEAR;47,8;37,5;17;21;2021;3;0;1;2,8;2;https://www.cian.ru/sale/flat/300499639/
13 900 000,00;13;EAR;50,3;29,5;4;14;1990;34;0;0;2,64;2;https://www.cian.ru/sale/flat/300563845/
13 900 000,00;11;SEAR;49,2;37,5;1;9;2003;21;0;0;2,78;2;https://www.cian.ru/sale/flat/292375277/
13 900 000,00;10;WAR;36;14,3;8;17;2000;24;0;0;2,64;1;https://www.cian.ru/sale/flat/299495080/
13 900 000,00;10;SAR;61,4;45,8;4;9;1971;53;0;0;2,64;4;https://www.cian.ru/sale/flat/296846928/
13 900 000,00;10;WAR;76,8;51,4;1;14;2019;5;0;0;3;4;https://www.cian.ru/sale/flat/297556834/
13 900 000,00;9;EAR;63,2;46,7;5;9;1967;57;0;0;3;4;https://www.cian.ru/sale/flat/299603832/
13 900 000,00;8;SWAR;50,1;30,4;2;17;1990;34;0;0;2,62;2;https://www.cian.ru/sale/flat/300559505/
13 900 000,00;7;SEAR;62,9;46,5;2;9;2019;5;0;0;3;4;https://www.cian.ru/sale/flat/299359347/
13 900 000,00;6;SWAR;44,5;29,2;2;9;1972;52;0;0;2,64;2;https://www.cian.ru/sale/flat/298911954/
13 900 000,00;6;SAR;84;46,2;2;22;2023;1;0;0;3;3;https://www.cian.ru/sale/flat/300655380/
13 900 000,00;5;SEAR;47;19;11;23;2009;15;0;0;2,7;1;https://www.cian.ru/sale/flat/296689256/
13 900 000,00;5;WAR;62,3;41;2;9;1965;59;0;0;2,7;3;https://www.cian.ru/sale/flat/300989457/
13 900 000,00;3;NAR;38;19,2;10;17;2001;23;0;0;2,7;1;https://www.cian.ru/sale/flat/299875131/
13 950 000,00;19;NWAR;31;37,5;5;22;2022;2;0;1;3;1;https://www.cian.ru/sale/flat/299768562/
13 950 000,00;7;SWAR;46;30;3;9;1976;48;0;0;2,64;2;https://www.cian.ru/sale/flat/300499469/
13 950 000,00;6;SEAR;51,1;30,3;2;17;2016;8;0;0;2,7;2;https://www.cian.ru/sale/flat/300542057/
13 950 000,00;6;WAR;73;37,5;1;17;1989;35;0;0;2,64;3;https://www.cian.ru/sale/flat/296891678/
13 955 000,00;4;SWAR;54;37,5;11;20;2022;2;1;1;3;1;https://www.cian.ru/sale/flat/283753041/
13 960 000,00;5;SAR;32,4;9,5;4;33;2023;1;1;0;3;1;https://www.cian.ru/sale/flat/297201277/
13 970 000,00;8;SEAR;64;41;8;9;2019;5;0;0;3;4;https://www.cian.ru/sale/flat/299097846/
13 990 000,00;15;SWAR;62,1;33,3;8;13;2004;20;0;0;2,75;2;https://www.cian.ru/sale/flat/299812752/
13 990 000,00;14;SWAR;40,1;37,5;2;20;2022;2;0;0;2,7;1;https://www.cian.ru/sale/flat/300179831/
13 990 000,00;11;SAR;30;37,5;2;4;2017;7;0;1;2,7;4;https://www.cian.ru/sale/flat/272426677/
13 990 000,00;10;SEAR;47;37,5;6;9;1972;52;0;0;2,5;2;https://www.cian.ru/sale/flat/300503142/
13 990 000,00;9;SAR;54,8;37,5;15;24;2012;12;0;0;2,9;2;https://www.cian.ru/sale/flat/300829889/
13 990 000,00;8;NEAR;35;37,5;3;9;1966;58;0;0;2,65;2;https://www.cian.ru/sale/flat/300663312/
13 990 000,00;8;WAR;36;37,5;9;9;1970;54;0;0;2,64;1;https://www.cian.ru/sale/flat/300664967/
13 990 000,00;7;NAR;53,9;32,3;11;16;1980;44;0;0;2,64;2;https://www.cian.ru/sale/flat/300043414/
13 990 000,00;6;SAR;39;37,5;12;16;1981;43;0;0;2,64;1;https://www.cian.ru/sale/flat/298934809/
13 990 000,00;5;EAR;56,1;34,1;5;5;1958;66;0;0;2,65;2;https://www.cian.ru/sale/flat/291017581/
13 990 000,00;3;SAR;44,9;37,5;4;9;1970;54;0;0;2,5;2;https://www.cian.ru/sale/flat/299855355/
13 997 000,00;3;SAR;59,4;43,8;1;9;1973;51;0;0;3;3;https://www.cian.ru/sale/flat/300289604/
13 999 000,00;18;EAR;57,5;38;3;9;1970;54;0;0;2,64;3;https://www.cian.ru/sale/flat/299986474/
13 999 000,00;11;SEAR;62,6;44;3;9;1967;57;0;0;2,64;4;https://www.cian.ru/sale/flat/291396641/
13 999 000,00;3;NAR;36,7;22,9;2;9;1964;60;0;0;3;2;https://www.cian.ru/sale/flat/300781629/
13 999 900,00;9;NEAR;36;19;9;12;1970;54;0;0;2,64;1;https://www.cian.ru/sale/flat/300497842/
13 999 999,00;19;NEAR;58,3;33,7;6;22;2007;17;0;0;2,64;2;https://www.cian.ru/sale/flat/300033276/
13 999 999,00;4;EAR;48;24;20;22;2022;2;0;0;2,7;2;https://www.cian.ru/sale/flat/298922909/
14 000 000,00;19;WAR;55,3;37,5;4;4;1949;75;0;0;3;2;https://www.cian.ru/sale/flat/300853753/
14 000 000,00;18;SEAR;63,1;46,5;3;9;1979;45;0;0;2,6;4;https://www.cian.ru/sale/flat/300299181/
14 000 000,00;17;NAR;28,6;37,5;3;23;2024;0;1;1;3,2;1;https://www.cian.ru/sale/flat/298969635/
14 000 000,00;17;SWAR;47;37,5;14;14;1969;55;0;0;2,64;2;https://www.cian.ru/sale/flat/300795780/
14 000 000,00;15;SEAR;51;28,4;5;17;1992;32;0;0;2,64;2;https://www.cian.ru/sale/flat/300831273/
14 000 000,00;14;NWAR;30;20;21;24;2021;3;0;1;3,2;1;https://www.cian.ru/sale/flat/294594280/
14 000 000,00;14;SWAR;63,2;46,3;9;9;1972;52;0;0;3;4;https://www.cian.ru/sale/flat/300574311/
14 000 000,00;14;SEAR;68;39;2;23;2019;5;0;0;3;2;https://www.cian.ru/sale/flat/289389141/
14 000 000,00;13;NAR;37,1;22,6;3;9;1964;60;0;0;2,64;2;https://www.cian.ru/sale/flat/300754029/
14 000 000,00;13;SEAR;40,9;20,9;11;13;2022;2;0;0;2,8;1;https://www.cian.ru/sale/flat/299281102/
14 000 000,00;13;SEAR;54;32,5;1;14;1997;27;0;0;2,64;2;https://www.cian.ru/sale/flat/295295281/
14 000 000,00;12;NEAR;37;19;13;17;2019;5;0;0;2,7;1;https://www.cian.ru/sale/flat/298527239/
14 000 000,00;11;SAR;64;46,4;3;9;2019;5;0;0;3;4;https://www.cian.ru/sale/flat/294609476/
14 000 000,00;10;NWAR;58,2;37;7;9;1968;56;0;0;2,64;3;https://www.cian.ru/sale/flat/298883796/
14 000 000,00;9;SEAR;58,6;31,6;19;25;2016;8;0;0;2,7;2;https://www.cian.ru/sale/flat/300654085/
14 000 000,00;8;SAR;76,6;52,7;1;14;1991;33;0;0;2,64;4;https://www.cian.ru/sale/flat/299295825/
14 000 000,00;6;SAR;54;37,5;6;9;1977;47;0;0;2,64;3;https://www.cian.ru/sale/flat/297212699/
14 000 000,00;5;SAR;32,4;37,5;4;33;2023;1;1;0;2,7;1;https://www.cian.ru/sale/flat/298421748/
14 000 000,00;4;NAR;43;32;6;8;1958;66;0;0;3;2;https://www.cian.ru/sale/flat/298753215/
14 000 000,00;4;SWAR;44,8;27,4;4;12;1972;52;0;0;3;2;https://www.cian.ru/sale/flat/300424388/
14 064 700,00;12;WAR;34,9;15,6;19;21;2023;1;1;0;2,7;1;https://www.cian.ru/sale/flat/297334702/
14 077 381,00;24;SEAR;36,8;10,7;14;23;2023;1;1;0;2,62;1;https://www.cian.ru/sale/flat/300680004/
14 100 000,00;14;SWAR;31;19;3;9;1965;59;0;0;2,5;1;https://www.cian.ru/sale/flat/300386735/
14 100 000,00;13;NAR;36,19;12;10;22;2023;1;0;0;2,7;1;https://www.cian.ru/sale/flat/300889696/
14 100 000,00;12;NEAR;29,4;17,6;6;8;1959;65;0;0;2,7;1;https://www.cian.ru/sale/flat/300771393/
14 100 000,00;9;NAR;36,73;37,5;17;31;2024;0;1;0;2,7;1;https://www.cian.ru/sale/flat/298664660/
14 100 000,00;8;EAR;45;28;2;9;1962;62;0;0;2,64;2;https://www.cian.ru/sale/flat/300427699/
14 100 000,00;7;SEAR;39,8;18,9;6;24;2018;6;0;0;2,7;1;https://www.cian.ru/sale/flat/299928892/
14 100 000,00;5;EAR;53;32,5;9;10;2019;5;0;0;3;2;https://www.cian.ru/sale/flat/300313132/
14 100 000,00;3;NAR;45;30;2;5;1963;61;0;0;3;2;https://www.cian.ru/sale/flat/300411529/
14 149 999,00;7;NEAR;63,2;37,5;4;12;1976;48;0;0;2,5;3;https://www.cian.ru/sale/flat/294295889/
14 150 000,00;11;SWAR;38,5;19;17;17;2010;14;0;0;2,74;1;https://www.cian.ru/sale/flat/300454579/
14 170 118,00;27;SAR;34,3;14;30;33;2023;1;1;0;2,68;1;https://www.cian.ru/sale/flat/300915394/
14 180 992,00;10;WAR;47,6;37,5;3;25;2022;2;1;0;2,7;2;https://www.cian.ru/sale/flat/300614605/
14 200 000,00;9;SAR;30,6;18,7;7;8;2019;5;0;0;3;1;https://www.cian.ru/sale/flat/300338572/
14 200 000,00;8;SWAR;60,2;37,5;10;16;2003;21;0;0;2,9;2;https://www.cian.ru/sale/flat/299185600/
14 200 000,00;5;NWAR;40,6;26;18;25;2019;5;0;0;2,85;1;https://www.cian.ru/sale/flat/298599181/
14 200 000,00;5;NEAR;42,4;21;2;23;2021;3;0;0;2,8;1;https://www.cian.ru/sale/flat/297722022/
14 200 000,00;4;EAR;40;23,5;3;12;1969;55;0;0;2,64;1;https://www.cian.ru/sale/flat/298965296/
14 216 588,00;20;NEAR;34;37,5;10;22;2021;3;1;0;2,65;1;https://www.cian.ru/sale/flat/298401393/
14 221 662,00;16;NWAR;39;37,5;1;24;2024;0;1;0;3;1;https://www.cian.ru/sale/flat/300361487/
14 250 000,00;10;NWAR;43;18;20;20;2015;9;0;0;3;1;https://www.cian.ru/sale/flat/300615394/
14 250 000,00;5;NAR;35;19;3;9;1973;51;0;0;3;1;https://www.cian.ru/sale/flat/300986104/
14 250 000,00;3;NAR;42,2;15,3;5;24;2021;3;0;0;2,8;1;https://www.cian.ru/sale/flat/300009245/
14 250 000,00;2;NWAR;37,5;19;11;22;1987;37;0;0;2,64;1;https://www.cian.ru/sale/flat/300603353/
14 290 000,00;8;NEAR;38;20;4;9;1975;49;0;0;2,64;1;https://www.cian.ru/sale/flat/300809061/
14 300 000,00;17;EAR;45;30;2;9;1966;58;0;0;2,65;2;https://www.cian.ru/sale/flat/300293083/
14 300 000,00;16;SWAR;67;41;2;9;1976;48;0;0;2,7;4;https://www.cian.ru/sale/flat/295037149/
14 300 000,00;15;NEAR;36;18;2;9;1964;60;0;0;3;2;https://www.cian.ru/sale/flat/300840758/
14 300 000,00;15;NAR;61;42,9;6;9;2019;5;0;0;3;4;https://www.cian.ru/sale/flat/299723167/
14 300 000,00;11;CAR;80,9;56,4;8;8;1957;67;0;0;3,2;4;https://www.cian.ru/sale/flat/297372708/
14 300 000,00;5;NWAR;45,7;37,5;6;25;2022;2;0;1;3,1;2;https://www.cian.ru/sale/flat/300172251/
14 300 000,00;4;SAR;62,4;46;5;9;2019;5;0;0;3;4;https://www.cian.ru/sale/flat/299596657/
14 300 000,00;3;EAR;40,1;37,5;2;8;1963;61;0;0;2,64;1;https://www.cian.ru/sale/flat/300571796/
14 350 000,00;14;NEAR;63,7;33,2;7;17;2007;17;0;0;2,74;2;https://www.cian.ru/sale/flat/300833862/
14 350 000,00;9;NWAR;35;37,5;9;9;1972;52;0;0;2,64;2;https://www.cian.ru/sale/flat/300840365/
14 375 962,00;16;NAR;52,8;25,5;10;14;2023;1;1;0;2,84;2;https://www.cian.ru/sale/flat/297033536/
14 390 000,00;7;WAR;32,8;14;6;17;2023;1;1;0;3;1;https://www.cian.ru/sale/flat/300383794/
14 390 000,00;3;SAR;38,2;20,1;6;9;1961;63;0;0;3;1;https://www.cian.ru/sale/flat/300660959/
14 400 000,00;16;SWAR;30;18;8;9;1966;58;0;0;2,7;1;https://www.cian.ru/sale/flat/299241579/
14 400 000,00;14;NAR;44,5;37,5;3;9;1972;52;0;0;2,64;2;https://www.cian.ru/sale/flat/300793238/
14 400 000,00;8;NAR;36;19;8;9;1970;54;0;0;2,7;1;https://www.cian.ru/sale/flat/300600845/
14 400 000,00;6;SAR;36,9;14;18;26;2023;1;0;0;2,7;1;https://www.cian.ru/sale/flat/299427439/
14 400 000,00;5;SAR;52;32;2;17;1997;27;0;0;2,64;2;https://www.cian.ru/sale/flat/291641709/
14 450 000,00;10;NAR;48,3;29,2;1;9;1975;49;0;0;2,64;2;https://www.cian.ru/sale/flat/298252053/
14 467 200,00;14;WAR;35,2;10,3;20;33;2023;1;1;0;2,7;1;https://www.cian.ru/sale/flat/297434025/
14 490 000,00;13;NWAR;40;18;8;9;2019;5;0;0;3;2;https://www.cian.ru/sale/flat/300102336/
14 490 000,00;11;SWAR;41;21,1;5;12;1968;56;0;0;2,48;2;https://www.cian.ru/sale/flat/299961362/
14 490 000,00;7;NAR;35;37,5;5;12;1968;56;0;0;2,64;1;https://www.cian.ru/sale/flat/300557795/
14 499 000,00;16;EAR;52;37,5;1;16;1993;31;0;0;2,48;2;https://www.cian.ru/sale/flat/300601402/
14 500 000,00;18;NWAR;35,7;12,2;13;21;2023;1;1;0;3;1;https://www.cian.ru/sale/flat/297022451/
14 500 000,00;17;NWAR;30,5;19;6;16;2024;0;1;0;3;1;https://www.cian.ru/sale/flat/299693599/
14 500 000,00;17;EAR;39,5;21;2;14;1994;30;0;0;2,65;1;https://www.cian.ru/sale/flat/300691701/
14 500 000,00;17;SWAR;44;30;2;5;1963;61;0;0;2,5;2;https://www.cian.ru/sale/flat/300210689/
14 500 000,00;17;SEAR;48,74;37,5;11;19;2024;0;1;1;3;2;https://www.cian.ru/sale/flat/298297506/
14 500 000,00;16;WAR;42;18;16;25;1998;26;0;0;2,8;1;https://www.cian.ru/sale/flat/295181332/
14 500 000,00;16;NAR;43,9;37,5;1;16;1977;47;0;0;2,7;1;https://www.cian.ru/sale/flat/300833245/
14 500 000,00;15;EAR;58;44;2;9;1966;58;0;0;2,64;3;https://www.cian.ru/sale/flat/300579605/
14 500 000,00;15;EAR;65;43,7;9;9;1970;54;0;0;2,64;4;https://www.cian.ru/sale/flat/300713526/
14 500 000,00;14;SWAR;37,5;20;5;14;2007;17;0;0;2,75;1;https://www.cian.ru/sale/flat/298572994/
14 500 000,00;14;NEAR;52,2;37,5;6;12;1979;45;0;0;2,64;2;https://www.cian.ru/sale/flat/300844069/
14 500 000,00;13;SWAR;63;46;6;9;2019;5;0;0;3;4;https://www.cian.ru/sale/flat/299520142/
14 500 000,00;12;SWAR;50;37,5;4;9;1976;48;0;0;2,64;3;https://www.cian.ru/sale/flat/299145106/
14 500 000,00;12;SWAR;64;47;3;9;1977;47;0;0;2,64;4;https://www.cian.ru/sale/flat/271286209/
14 500 000,00;11;EAR;37,7;10,3;11;33;2024;0;1;0;3;1;https://www.cian.ru/sale/flat/299677411/
14 500 000,00;11;NWAR;43;27;5;9;1968;56;0;0;3;2;https://www.cian.ru/sale/flat/299853663/
14 500 000,00;10;SEAR;30;18;10;27;2022;2;0;0;3;1;https://www.cian.ru/sale/flat/298826127/
14 500 000,00;10;SEAR;38,2;37,5;8;9;1969;55;0;0;2,6;2;https://www.cian.ru/sale/flat/298501611/
14 500 000,00;10;WAR;45;30;11;14;1969;55;0;0;2,64;2;https://www.cian.ru/sale/flat/300810564/
14 500 000,00;9;SEAR;40,9;25,3;3;8;1961;63;0;0;2,6;2;https://www.cian.ru/sale/flat/300478282/
14 500 000,00;8;NEAR;57;45;3;9;1970;54;0;0;2,64;3;https://www.cian.ru/sale/flat/300779492/
14 500 000,00;8;NWAR;61,7;37,5;8;24;2023;1;0;0;2,75;2;https://www.cian.ru/sale/flat/294473072/
14 500 000,00;8;NEAR;64,5;45,9;1;9;2019;5;0;0;3;4;https://www.cian.ru/sale/flat/300107944/
14 500 000,00;8;SAR;65;40;13;16;1983;41;0;0;3;3;https://www.cian.ru/sale/flat/299899341/
14 500 000,00;7;SAR;31,5;15;16;23;2023;1;1;0;3;1;https://www.cian.ru/sale/flat/300083916/
14 500 000,00;7;NAR;38,3;19,2;11;17;1988;36;0;0;2,7;1;https://www.cian.ru/sale/flat/298165816/
14 500 000,00;6;SAR;35,1;13,3;2;26;2023;1;0;0;2,7;1;https://www.cian.ru/sale/flat/300799595/
14 500 000,00;6;SEAR;44;28;17;17;2006;18;0;0;2,75;2;https://www.cian.ru/sale/flat/300841537/
14 500 000,00;6;NAR;47,2;32,7;12;33;2019;5;0;0;3;2;https://www.cian.ru/sale/flat/299611996/
14 500 000,00;6;SAR;47,9;37,5;2;9;1973;51;0;0;2,8;2;https://www.cian.ru/sale/flat/298819612/
14 500 000,00;6;NAR;64;46,4;3;9;1966;58;0;0;2,64;4;https://www.cian.ru/sale/flat/294052215/
14 500 000,00;5;NAR;37,9;19;12;17;1986;38;0;0;2,75;1;https://www.cian.ru/sale/flat/298554787/
14 500 000,00;5;NAR;65;46,4;3;9;1966;58;0;0;2,7;4;https://www.cian.ru/sale/flat/292487820/
14 500 000,00;5;SAR;68,5;53,6;4;9;1971;53;0;0;2,64;3;https://www.cian.ru/sale/flat/299731595/
14 500 000,00;3;WAR;37,6;18;8;17;1984;40;0;0;2,7;1;https://www.cian.ru/sale/flat/300685886/
14 500 000,00;3;EAR;59,3;37,5;4;9;1969;55;0;0;2,64;3;https://www.cian.ru/sale/flat/300542990/
14 502 068,00;4;EAR;33,51;12,5;6;29;2023;1;1;0;3;1;https://www.cian.ru/sale/flat/298055159/
14 507 621,00;17;SEAR;45,9;13,1;3;8;2024;0;1;1;2,87;1;https://www.cian.ru/sale/flat/300575191/
14 518 035,00;16;NAR;52,9;25,5;13;14;2023;1;1;0;2,84;2;https://www.cian.ru/sale/flat/297032963/
14 528 203,00;27;SAR;44,2;16;17;23;2023;1;1;0;2,62;1;https://www.cian.ru/sale/flat/300726025/
14 550 000,00;5;NWAR;51,1;37,5;4;20;2024;0;1;0;3;2;https://www.cian.ru/sale/flat/299687178/
14 562 033,00;10;SWAR;47,5;14,9;11;14;2023;1;1;1;2,8;1;https://www.cian.ru/sale/flat/297413638/
14 590 000,00;5;WAR;32,6;10,6;9;21;2023;1;1;0;3;1;https://www.cian.ru/sale/flat/300126205/
14 599 000,00;11;NEAR;50,3;37,5;14;16;1976;48;0;0;2,5;2;https://www.cian.ru/sale/flat/299108145/
14 600 000,00;11;EAR;37,3;10,3;7;33;2024;0;1;0;2,8;1;https://www.cian.ru/sale/flat/298264753/
14 600 000,00;9;SAR;50,5;30,4;5;17;1985;39;0;0;2,64;2;https://www.cian.ru/sale/flat/300867236/
14 604 980,00;6;NAR;52,4;25,4;13;15;2023;1;1;0;2,84;2;https://www.cian.ru/sale/flat/300121769/
14 650 000,00;14;NEAR;58;37,5;5;17;2016;8;0;0;2,64;2;https://www.cian.ru/sale/flat/298324638/
14 650 000,00;10;NAR;36;15;5;17;2001;23;0;0;2,64;1;https://www.cian.ru/sale/flat/294761737/
14 700 000,00;13;CAR;30;18;3;5;1960;64;0;0;2,8;1;https://www.cian.ru/sale/flat/298670679/
14 700 000,00;10;SEAR;30;15;5;29;2022;2;0;0;3;1;https://www.cian.ru/sale/flat/299360335/
14 700 000,00;9;NAR;32,9;20,8;1;5;1960;64;0;0;2,9;1;https://www.cian.ru/sale/flat/297827474/
14 700 000,00;9;SAR;45;20;9;9;1969;55;0;0;2,6;2;https://www.cian.ru/sale/flat/300610779/
14 700 000,00;7;SAR;45;28;4;9;1970;54;0;0;2,55;2;https://www.cian.ru/sale/flat/300282463/
14 728 625,00;10;SEAR;37,1;11,9;29;33;2023;1;1;0;2,67;1;https://www.cian.ru/sale/flat/293402797/
14 766 700,00;14;WAR;37;11,2;33;33;2023;1;1;0;2,7;1;https://www.cian.ru/sale/flat/281170310/
14 790 000,00;13;SAR;59;37,6;8;9;1969;55;0;0;2,64;3;https://www.cian.ru/sale/flat/300327358/
14 790 000,00;12;SAR;44,7;30,4;5;8;1961;63;0;0;2,64;2;https://www.cian.ru/sale/flat/296801651/
14 798 340,00;11;WAR;34,2;14,1;33;33;2023;1;1;0;2,62;1;https://www.cian.ru/sale/flat/270796934/
14 799 000,00;4;NEAR;63,1;46,3;9;9;2019;5;0;0;3;4;https://www.cian.ru/sale/flat/289331383/
14 800 000,00;13;WAR;44;28;1;9;1970;54;0;0;2,64;2;https://www.cian.ru/sale/flat/297130856/
14 800 000,00;12;EAR;65;38,9;1;9;1971;53;0;0;2,64;3;https://www.cian.ru/sale/flat/299860510/
14 800 000,00;11;SEAR;28,1;37,5;5;27;2022;2;0;0;3;1;https://www.cian.ru/sale/flat/300883239/
14 800 000,00;11;SAR;45;37,5;4;9;1970;54;0;0;2,64;2;https://www.cian.ru/sale/flat/300508742/
14 800 000,00;10;NAR;47;31;5;14;1971;53;0;0;2,64;2;https://www.cian.ru/sale/flat/300822574/
14 800 000,00;8;SEAR;41,1;15;14;26;2023;1;0;0;2,7;1;https://www.cian.ru/sale/flat/299560332/
14 800 000,00;8;SAR;44,4;37,5;1;5;1966;58;0;0;2,48;2;https://www.cian.ru/sale/flat/299070039/
14 800 000,00;8;EAR;57,9;41,3;8;9;1968;56;0;0;2,55;3;https://www.cian.ru/sale/flat/300824965/
14 800 000,00;7;SEAR;34,5;37,5;17;33;2023;1;1;0;3;1;https://www.cian.ru/sale/flat/296167467/
14 800 000,00;7;NEAR;46;30;5;12;1981;43;0;0;2,6;2;https://www.cian.ru/sale/flat/300684694/
14 800 000,00;6;NEAR;34,6;20,8;5;21;2019;5;0;0;2,8;1;https://www.cian.ru/sale/flat/300385847/
14 800 000,00;5;NEAR;30;16;11;12;1972;52;0;0;2,64;1;https://www.cian.ru/sale/flat/300045417/
14 800 000,00;5;NEAR;30;15,6;11;12;1972;52;0;0;3;1;https://www.cian.ru/sale/flat/300881473/
14 800 000,00;3;NAR;36,9;19;10;24;2021;3;0;0;3;1;https://www.cian.ru/sale/flat/299281002/
14 825 000,00;13;WAR;52;37,5;7;17;2006;18;0;0;2,5;2;https://www.cian.ru/sale/flat/299856718/
14 850 000,00;13;SEAR;77,8;49,8;1;5;1958;66;0;0;3;4;https://www.cian.ru/sale/flat/295197611/
14 850 000,00;11;SEAR;51,5;37,5;16;17;2001;23;0;0;2,7;2;https://www.cian.ru/sale/flat/300512221/
14 850 000,00;11;EAR;55;32;5;17;2019;5;0;0;2,6;2;https://www.cian.ru/sale/flat/300634689/
14 850 000,00;11;NEAR;62,5;45,5;6;9;2019;5;0;0;2,65;4;https://www.cian.ru/sale/flat/298673623/
14 850 000,00;10;NAR;43,7;19,3;10;12;1975;49;0;0;2,65;1;https://www.cian.ru/sale/flat/300553239/
14 861 000,00;5;WAR;32,8;9,5;28;33;2023;1;1;0;3;1;https://www.cian.ru/sale/flat/299983333/
14 900 000,00;19;NEAR;63,7;37,5;13;25;2024;0;1;0;3;2;https://www.cian.ru/sale/flat/299247819/
14 900 000,00;14;SWAR;55,3;37,9;4;5;1960;64;0;0;2,6;3;https://www.cian.ru/sale/flat/298976988/
14 900 000,00;14;NEAR;63;46,1;8;9;1975;49;0;0;2,64;4;https://www.cian.ru/sale/flat/298576679/
14 900 000,00;11;SEAR;34,2;37,5;24;33;2023;1;0;0;2,59;1;https://www.cian.ru/sale/flat/297087775/
14 900 000,00;11;SEAR;58,4;37,5;22;25;2019;5;0;0;3;2;https://www.cian.ru/sale/flat/292772970/
14 900 000,00;8;NWAR;40;21;10;12;1979;45;0;0;2,64;1;https://www.cian.ru/sale/flat/297396521/
14 900 000,00;8;NEAR;40;37,5;5;9;1966;58;0;0;2,64;2;https://www.cian.ru/sale/flat/299659010/
14 900 000,00;8;SAR;40,2;18,9;24;25;2018;6;0;0;2,7;1;https://www.cian.ru/sale/flat/298878638/
14 900 000,00;5;WAR;35,7;11,2;16;33;2023;1;1;0;3;1;https://www.cian.ru/sale/flat/296614283/
14 900 000,00;4;NEAR;44,5;37,5;5;9;1975;49;0;0;2,64;2;https://www.cian.ru/sale/flat/299871569/
14 900 000,00;4;SEAR;55;30,4;5;12;2002;22;0;0;2,64;2;https://www.cian.ru/sale/flat/298228405/
14 900 000,00;3;EAR;63,2;46,7;1;9;1976;48;0;0;2,64;4;https://www.cian.ru/sale/flat/300026356/
14 900 000,00;3;SEAR;74;43;11;19;2010;14;0;0;3;3;https://www.cian.ru/sale/flat/299292844/
14 900 000,00;1;SWAR;32;17;4;9;1970;54;0;0;2,58;1;https://www.cian.ru/sale/flat/300833544/
14 924 263,00;10;WAR;49,8;37,5;11;25;2021;3;1;0;2,63;2;https://www.cian.ru/sale/flat/300605458/
14 945 920,00;14;WAR;38,6;10,9;24;33;2023;1;1;0;2,7;1;https://www.cian.ru/sale/flat/297434023/
14 950 000,00;16;WAR;38,1;19;3;17;1993;31;0;0;2,7;1;https://www.cian.ru/sale/flat/300891715/
14 950 000,00;15;NEAR;78;43,7;1;12;1981;43;0;0;3;4;https://www.cian.ru/sale/flat/298459827/
14 950 000,00;9;NAR;54,4;37,5;5;5;1959;65;0;0;2,75;3;https://www.cian.ru/sale/flat/291812213/
14 950 000,00;6;SAR;54;37,5;2;18;2021;3;0;0;2,8;2;https://www.cian.ru/sale/flat/299479879/
14 976 000,00;6;NWAR;37,79;37,5;11;18;2022;2;1;1;3;2;https://www.cian.ru/sale/flat/292547823/
14 980 000,00;20;NWAR;48;15;4;19;2023;1;0;0;3;1;https://www.cian.ru/sale/flat/300148604/
14 983 798,00;6;NEAR;41,3;37,5;3;33;2020;4;1;0;2,63;1;https://www.cian.ru/sale/flat/300298451/
14 983 854,00;20;NEAR;37,5;37,5;5;22;2021;3;1;0;2,65;1;https://www.cian.ru/sale/flat/298401390/
14 990 000,00;16;EAR;54;36;7;12;1987;37;0;0;3;2;https://www.cian.ru/sale/flat/298803552/
14 990 000,00;14;SWAR;35,3;37,5;6;12;1974;50;0;0;2,64;1;https://www.cian.ru/sale/flat/299990269/
14 990 000,00;14;SWAR;40;23,3;9;12;1969;55;0;0;2,6;2;https://www.cian.ru/sale/flat/300774268/
14 990 000,00;14;NEAR;51,1;37,5;5;17;2023;1;0;1;3;2;https://www.cian.ru/sale/flat/299059276/
14 990 000,00;5;NAR;43;28;5;5;1959;65;0;0;2,5;2;https://www.cian.ru/sale/flat/300057821/
14 999 000,00;20;NWAR;51;28;4;25;2019;5;0;0;3;2;https://www.cian.ru/sale/flat/299293091/
14 999 000,00;7;WAR;41;20;2;12;1974;50;0;0;2,64;1;https://www.cian.ru/sale/flat/298517952/
14 999 000,00;3;WAR;35,2;20;4;5;1961;63;0;0;2,7;1;https://www.cian.ru/sale/flat/299146321/
14 999 900,00;14;SWAR;58,5;29,4;9;14;2008;16;0;0;2,64;2;https://www.cian.ru/sale/flat/298038160/
14 999 999,00;14;SAR;63,5;39,1;9;9;1972;52;0;0;2,64;3;https://www.cian.ru/sale/flat/296199584/
15 000 000,00;20;NWAR;38,1;12,8;23;27;2023;1;0;0;3;1;https://www.cian.ru/sale/flat/300345102/
15 000 000,00;20;NWAR;60;37,5;1;16;1977;47;0;0;2,64;2;https://www.cian.ru/sale/flat/300213900/
15 000 000,00;17;SWAR;62,7;46,3;3;9;1972;52;0;0;3;4;https://www.cian.ru/sale/flat/299731947/
15 000 000,00;16;SWAR;33;37,5;4;9;1964;60;0;0;2,64;1;https://www.cian.ru/sale/flat/299495592/
15 000 000,00;16;WAR;64;46,2;9;9;1970;54;0;0;2,64;4;https://www.cian.ru/sale/flat/297772053/
15 000 000,00;15;NAR;58,8;42,5;2;5;1967;57;0;0;4,5;3;https://www.cian.ru/sale/flat/299765160/
15 000 000,00;13;CAR;39,1;25;10;12;1978;46;0;0;2,64;1;https://www.cian.ru/sale/flat/300961532/
15 000 000,00;13;WAR;53,6;37,5;7;16;1979;45;0;0;2,64;2;https://www.cian.ru/sale/flat/299561244/
15 000 000,00;11;NAR;35;37,5;4;9;2021;3;0;0;2,95;2;https://www.cian.ru/sale/flat/300001735/
15 000 000,00;11;NEAR;36,4;19,3;12;14;1971;53;0;0;2,7;1;https://www.cian.ru/sale/flat/300295957/
15 000 000,00;11;NEAR;39,1;11,7;20;32;2023;1;0;0;2,75;1;https://www.cian.ru/sale/flat/300067352/
15 000 000,00;9;EAR;36,46;37,5;16;33;2023;1;1;0;3;1;https://www.cian.ru/sale/flat/298292536/
15 000 000,00;9;WAR;47,3;33,5;6;12;2019;5;0;0;3;2;https://www.cian.ru/sale/flat/300849139/
15 000 000,00;8;CAR;32,8;37,5;11;12;1966;58;0;0;2,64;1;https://www.cian.ru/sale/flat/298085850/
15 000 000,00;8;NWAR;55,5;37,5;1;4;2019;5;0;0;3;2;https://www.cian.ru/sale/flat/299765157/
15 000 000,00;8;NEAR;63;46,3;3;9;1979;45;0;0;2,6;4;https://www.cian.ru/sale/flat/298220970/
15 000 000,00;7;SAR;59,7;43,1;2;9;1970;54;0;0;2,64;3;https://www.cian.ru/sale/flat/297636835/
15 000 000,00;6;CAR;27;19;2;6;1928;96;0;1;3,1;1;https://www.cian.ru/sale/flat/292654290/
15 000 000,00;6;WAR;46,8;24,4;17;24;2018;6;0;0;2,65;1;https://www.cian.ru/sale/flat/300829361/
15 000 000,00;5;NEAR;31,7;20,1;1;5;1962;62;0;0;2,64;1;https://www.cian.ru/sale/flat/300487094/
15 000 000,00;5;NAR;33,8;15;17;17;2018;6;0;0;3;1;https://www.cian.ru/sale/flat/299989219/
15 000 000,00;5;WAR;40,8;28,8;8;14;1974;50;0;0;3;2;https://www.cian.ru/sale/flat/300099334/
15 000 000,00;4;SEAR;40;20;2;7;2008;16;0;0;3,4;1;https://www.cian.ru/sale/flat/277942686/
15 000 000,00;4;NWAR;45;37,5;5;5;1964;60;0;0;2,5;2;https://www.cian.ru/sale/flat/299945354/
15 000 000,00;2;SAR;40,2;37,5;4;17;1972;52;0;0;2,64;1;https://www.cian.ru/sale/flat/299525163/
15 100 000,00;13;EAR;58,4;31,5;5;5;1958;66;0;0;3;2;https://www.cian.ru/sale/flat/300540008/
15 100 000,00;5;NAR;41;18;3;16;1983;41;0;0;2,6;1;https://www.cian.ru/sale/flat/299997376/
15 100 000,00;5;NAR;50;32,4;6;31;2022;2;0;0;2,85;2;https://www.cian.ru/sale/flat/299447787/
15 100 000,00;3;WAR;55,1;33,7;2;5;1959;65;0;0;3;2;https://www.cian.ru/sale/flat/298195728/
15 136 800,00;9;EAR;35,7;11,2;33;33;2023;1;1;0;2,6;1;https://www.cian.ru/sale/flat/286097747/
15 146 733,00;6;WAR;50,1;37,5;18;25;2021;3;1;0;2,63;2;https://www.cian.ru/sale/flat/299449835/
15 150 000,00;10;WAR;31;15;5;5;2019;5;0;0;3;1;https://www.cian.ru/sale/flat/296556180/
15 177 043,00;4;EAR;36,33;18,4;6;29;2023;1;1;0;3;2;https://www.cian.ru/sale/flat/298055156/
15 180 000,00;18;NWAR;29,2;14,3;8;16;2023;1;1;0;3;1;https://www.cian.ru/sale/flat/299064211/
15 190 000,00;5;NWAR;37;20;4;21;2002;22;0;0;3;1;https://www.cian.ru/sale/flat/300384806/
15 199 980,00;13;WAR;49,7;37,5;3;9;1970;54;0;0;2,64;2;https://www.cian.ru/sale/flat/300691649/
15 200 000,00;19;NEAR;48;37,5;1;12;1973;51;0;0;2,64;2;https://www.cian.ru/sale/flat/300253528/
15 200 000,00;18;WAR;43,7;37,5;26;30;2019;5;0;0;3,02;2;https://www.cian.ru/sale/flat/294213944/
15 200 000,00;17;NAR;35,2;20;12;12;1967;57;0;0;2,64;1;https://www.cian.ru/sale/flat/300948330/
15 200 000,00;16;SEAR;62,2;37,5;8;9;1969;55;0;0;2,64;4;https://www.cian.ru/sale/flat/300197305/
15 200 000,00;12;NEAR;44,5;37,5;5;9;1968;56;0;0;2,64;2;https://www.cian.ru/sale/flat/298559075/
15 200 000,00;9;EAR;33;17;6;9;1965;59;0;0;2,6;1;https://www.cian.ru/sale/flat/300989405/
15 200 000,00;7;NEAR;36,39;14;15;24;2020;4;1;0;3;1;https://www.cian.ru/sale/flat/296210002/
15 269 184,00;25;WAR;32;12,2;2;33;2023;1;1;0;2,62;1;https://www.cian.ru/sale/flat/300679647/
15 272 858,00;16;NAR;59,6;29,7;3;14;2023;1;1;0;2,84;2;https://www.cian.ru/sale/flat/297033498/
15 290 000,00;12;EAR;45;37,5;6;12;1968;56;0;0;2,64;2;https://www.cian.ru/sale/flat/298925476/
15 299 000,00;19;NEAR;47;30;15;15;2018;6;0;0;2,7;2;https://www.cian.ru/sale/flat/300472670/
15 300 000,00;15;WAR;71;50;3;16;2019;5;0;0;3;4;https://www.cian.ru/sale/flat/300523749/
15 300 000,00;13;NAR;40;12;14;22;2023;1;0;0;3;1;https://www.cian.ru/sale/flat/299966367/
15 300 000,00;10;EAR;40;37,5;13;33;2023;1;1;0;3;2;https://www.cian.ru/sale/flat/298751444/
15 300 000,00;9;EAR;45,8;21,4;10;14;2004;20;0;0;2,8;1;https://www.cian.ru/sale/flat/292545798/
15 300 000,00;7;SWAR;63,5;47;2;9;1977;47;0;0;2,64;4;https://www.cian.ru/sale/flat/297284429/
15 300 000,00;5;NEAR;61,5;33,3;16;16;2003;21;0;0;2,64;2;https://www.cian.ru/sale/flat/300176483/
15 300 000,00;4;EAR;74,6;55,7;1;14;1971;53;0;0;2,64;4;https://www.cian.ru/sale/flat/290838053/
15 300 000,00;3;NWAR;34;22;3;9;1972;52;0;0;2,64;2;https://www.cian.ru/sale/flat/300109245/
15 300 000,00;3;NEAR;40;12;13;22;2022;2;0;0;3;1;https://www.cian.ru/sale/flat/296383358/
15 328 800,00;11;EAR;36;10,6;33;33;2023;1;1;0;2,6;1;https://www.cian.ru/sale/flat/288566684/
15 333 570,00;5;WAR;51,3;37,5;3;25;2021;3;1;0;2,63;2;https://www.cian.ru/sale/flat/299449765/
15 336 216,00;30;WAR;32,4;9,5;5;33;2024;0;1;0;2,62;1;https://www.cian.ru/sale/flat/300762628/
15 338 234,00;30;WAR;32,6;9,4;31;33;2023;1;1;0;2,62;1;https://www.cian.ru/sale/flat/300679495/
15 340 292,00;10;SEAR;38,9;10,9;31;33;2023;1;1;0;2,67;1;https://www.cian.ru/sale/flat/293849362/
15 350 000,00;4;WAR;57;37;3;5;1957;67;0;0;3;2;https://www.cian.ru/sale/flat/300707466/
15 375 000,00;18;NWAR;41,5;14,3;13;21;2023;1;0;0;3;1;https://www.cian.ru/sale/flat/300499412/
15 377 189,00;6;NWAR;46,93;37,5;16;18;2022;2;1;1;4,5;3;https://www.cian.ru/sale/flat/295137054/
15 382 197,00;5;WAR;51,7;37,5;24;25;2021;3;1;0;2,63;2;https://www.cian.ru/sale/flat/299508962/
15 392 669,00;24;SEAR;45,8;12,5;13;23;2023;1;1;0;2,62;1;https://www.cian.ru/sale/flat/300680003/
15 400 000,00;5;NEAR;56,3;37,5;10;22;2009;15;0;0;2,8;2;https://www.cian.ru/sale/flat/299280221/
15 400 000,00;4;NAR;32;37,5;6;15;2018;6;0;1;3;1;https://www.cian.ru/sale/flat/298939258/
15 400 000,00;4;SWAR;41,9;22;17;22;2007;17;0;0;3;1;https://www.cian.ru/sale/flat/299724639/
15 410 798,00;16;NAR;59,5;29,7;13;13;2023;1;1;0;2,84;2;https://www.cian.ru/sale/flat/297032975/
15 451 876,00;26;SAR;42,3;22;2;11;2024;0;1;0;2,97;1;https://www.cian.ru/sale/flat/288140316/
15 471 700,00;12;WAR;47,9;34,5;4;21;2020;4;1;1;3,3;2;https://www.cian.ru/sale/flat/299137381/
15 490 000,00;6;SEAR;40,9;10,5;14;25;2018;6;0;0;2,8;2;https://www.cian.ru/sale/flat/299322359/
15 499 000,00;7;CAR;36,8;19,3;11;16;1975;49;0;0;2,6;1;https://www.cian.ru/sale/flat/300045498/
15 499 000,00;6;NAR;49,4;38,5;9;33;2024;0;0;0;2,8;2;https://www.cian.ru/sale/flat/300122473/
15 500 000,00;20;WAR;58;30;1;5;1957;67;0;0;3;2;https://www.cian.ru/sale/flat/300895376/
15 500 000,00;19;NWAR;53,3;31,9;11;16;2019;5;0;0;2,6;2;https://www.cian.ru/sale/flat/299591930/
15 500 000,00;17;EAR;68,1;50,1;2;9;1973;51;0;0;2,5;4;https://www.cian.ru/sale/flat/298758515/
15 500 000,00;17;EAR;68,1;50,1;2;9;1973;51;0;0;2,6;4;https://www.cian.ru/sale/flat/299648038/
15 500 000,00;16;WAR;35;37,5;12;15;1969;55;0;0;2,64;1;https://www.cian.ru/sale/flat/294632911/
15 500 000,00;14;WAR;51,3;31,1;4;16;2019;5;0;0;2,5;2;https://www.cian.ru/sale/flat/300209343/
15 500 000,00;14;SAR;60,5;37,5;2;17;2000;24;0;0;2,7;2;https://www.cian.ru/sale/flat/300888953/
15 500 000,00;12;SWAR;38;37,5;7;9;1962;62;0;0;2,64;2;https://www.cian.ru/sale/flat/299496399/
15 500 000,00;12;SEAR;38,8;15;18;20;2019;5;0;0;3;1;https://www.cian.ru/sale/flat/300551345/
15 500 000,00;11;SWAR;70;45;12;12;1967;57;0;0;2,8;3;https://www.cian.ru/sale/flat/296664650/
15 500 000,00;10;CAR;36;19;7;12;1974;50;0;0;2,64;1;https://www.cian.ru/sale/flat/299241650/
15 500 000,00;10;NAR;39,3;11,2;4;6;2019;5;0;1;3,2;1;https://www.cian.ru/sale/flat/294768332/
15 500 000,00;9;EAR;52,7;37,5;6;12;1985;39;0;0;3;2;https://www.cian.ru/sale/flat/298725493/
15 500 000,00;9;EAR;65;45;8;9;1968;56;0;0;2,64;4;https://www.cian.ru/sale/flat/301084769/
15 500 000,00;8;NWAR;42;19;17;25;2008;16;0;0;2,8;1;https://www.cian.ru/sale/flat/297471744/
15 500 000,00;6;CAR;33,6;19;2;9;2019;5;0;0;3;1;https://www.cian.ru/sale/flat/299055856/
15 500 000,00;6;EAR;52;30;8;12;1986;38;0;0;3;2;https://www.cian.ru/sale/flat/300659824/
15 500 000,00;5;WAR;27;37,5;6;14;2019;5;0;0;3;1;https://www.cian.ru/sale/flat/300935784/
15 500 000,00;5;NWAR;34,6;13,5;19;25;2024;0;1;0;3;1;https://www.cian.ru/sale/flat/295269605/
15 500 000,00;5;NEAR;52;30,3;10;14;1994;30;0;0;3;2;https://www.cian.ru/sale/flat/300576198/
15 500 000,00;4;SAR;62;46;2;9;1971;53;0;0;2,64;4;https://www.cian.ru/sale/flat/298679810/
15 500 000,00;4;EAR;63;46,3;4;9;1971;53;0;0;2,64;4;https://www.cian.ru/sale/flat/301065204/
15 500 000,00;3;SWAR;44,5;37,5;4;9;1972;52;0;0;2,64;2;https://www.cian.ru/sale/flat/300860737/
15 500 000,00;2;NEAR;36,3;25,1;14;15;2020;4;0;1;3;1;https://www.cian.ru/sale/flat/299027298/
15 510 000,00;9;CAR;34;27;2;5;1903;121;0;1;3,3;1;https://www.cian.ru/sale/flat/300551096/
15 550 000,00;19;SEAR;50,1;37,5;3;16;1986;38;0;0;3;2;https://www.cian.ru/sale/flat/297903439/
15 550 000,00;19;SEAR;50,1;28,2;3;16;1986;38;0;0;2,48;2;https://www.cian.ru/sale/flat/300552142/
15 550 000,00;10;SEAR;54,5;31,9;10;16;1977;47;0;0;2,64;2;https://www.cian.ru/sale/flat/286749798/
15 550 000,00;9;CAR;35,6;20,3;1;12;1980;44;0;0;2,65;1;https://www.cian.ru/sale/flat/300011260/
15 550 000,00;9;WAR;38;37,5;9;17;1984;40;0;0;2,64;1;https://www.cian.ru/sale/flat/296688010/
15 550 000,00;7;NWAR;42;22;17;18;2000;24;0;0;3;1;https://www.cian.ru/sale/flat/300813614/
15 579 050,00;5;WAR;52,9;37,5;3;25;2021;3;1;0;2,63;2;https://www.cian.ru/sale/flat/299508963/
15 600 000,00;20;WAR;65,4;39,2;19;21;2020;4;1;1;3;2;https://www.cian.ru/sale/flat/290875925/
15 600 000,00;19;NAR;56,1;37,5;2;16;2021;3;0;0;2,63;2;https://www.cian.ru/sale/flat/298485263/
15 600 000,00;16;NAR;58;37,5;30;34;2024;0;0;0;2,64;3;https://www.cian.ru/sale/flat/300004652/
15 600 000,00;15;EAR;42;13,4;20;21;2022;2;0;1;3;1;https://www.cian.ru/sale/flat/300943049/
15 600 000,00;15;SWAR;68;37,5;2;9;1978;46;0;0;3;4;https://www.cian.ru/sale/flat/295849880/
15 600 000,00;5;SAR;59;41;4;9;2019;5;0;0;3;3;https://www.cian.ru/sale/flat/294928648/
15 600 000,00;4;SAR;50,9;20,7;7;33;2023;1;1;0;3;2;https://www.cian.ru/sale/flat/297150148/
15 600 000,00;3;CAR;35,1;37,5;12;12;1969;55;0;0;3;1;https://www.cian.ru/sale/flat/300873918/
15 607 088,00;30;WAR;34;14;21;33;2024;0;1;0;2,62;1;https://www.cian.ru/sale/flat/300679252/
15 621 827,00;10;WAR;53,6;37,5;2;25;2021;3;1;0;2,63;2;https://www.cian.ru/sale/flat/300605455/
15 625 394,00;10;WAR;51,4;37,5;12;25;2021;3;1;0;2,63;2;https://www.cian.ru/sale/flat/299449791/
15 650 000,00;8;WAR;35,6;37,5;30;32;2022;2;0;0;2,62;2;https://www.cian.ru/sale/flat/286524902/
15 650 000,00;6;SEAR;64;43,9;7;9;2019;5;0;0;3;3;https://www.cian.ru/sale/flat/299072474/
15 680 000,00;11;SAR;46,1;28,7;8;9;1974;50;0;0;2,64;2;https://www.cian.ru/sale/flat/298942262/
15 700 000,00;12;SEAR;38,8;17,4;18;20;2019;5;0;0;3;1;https://www.cian.ru/sale/flat/300600848/
15 700 000,00;11;SEAR;65;40;19;25;2018;6;0;0;2,8;2;https://www.cian.ru/sale/flat/296364346/
15 700 000,00;9;NEAR;37,1;20,2;11;16;1982;42;0;0;2,7;1;https://www.cian.ru/sale/flat/299208022/
15 700 000,00;9;WAR;63,1;46,5;5;9;1969;55;0;0;2,64;4;https://www.cian.ru/sale/flat/300807144/
15 700 000,00;5;WAR;26,9;13,4;8;14;2019;5;0;0;3;1;https://www.cian.ru/sale/flat/300650861/
15 700 000,00;5;WAR;39,8;37,5;3;15;2024;0;1;1;2,7;2;https://www.cian.ru/sale/flat/298664704/
15 700 000,00;5;NWAR;48,2;14,1;8;19;2023;1;0;0;3;2;https://www.cian.ru/sale/flat/299117210/
15 727 500,00;29;EAR;37,5;10,4;29;33;2023;1;1;0;2,6;1;https://www.cian.ru/sale/flat/271786256/
15 731 763,00;10;WAR;51,8;37,5;13;25;2021;3;1;0;2,63;2;https://www.cian.ru/sale/flat/299449809/
15 768 716,00;6;NAR;62,9;37,9;3;15;2023;1;1;0;2,84;4;https://www.cian.ru/sale/flat/299656016/
15 800 000,00;19;NEAR;60;37,5;19;25;2024;0;1;0;3;2;https://www.cian.ru/sale/flat/300601398/
15 800 000,00;18;NWAR;38,1;18,2;24;25;2009;15;0;0;3;1;https://www.cian.ru/sale/flat/300774778/
15 800 000,00;17;SWAR;42;37,5;7;9;1967;57;0;0;2,64;2;https://www.cian.ru/sale/flat/298429447/
15 800 000,00;17;SEAR;47,73;37,5;7;21;2024;0;1;1;3;2;https://www.cian.ru/sale/flat/298189595/
15 800 000,00;17;SWAR;56;41;1;10;1961;63;0;0;2,64;3;https://www.cian.ru/sale/flat/300936698/
15 800 000,00;16;NEAR;40;27;1;14;2022;2;0;0;3;1;https://www.cian.ru/sale/flat/300329735/
15 800 000,00;14;SAR;43;17;3;35;2022;2;1;0;3,1;1;https://www.cian.ru/sale/flat/300666380/
15 800 000,00;12;SEAR;36,8;18;3;9;1962;62;0;0;3;1;https://www.cian.ru/sale/flat/298255017/
15 800 000,00;5;NEAR;75,1;51,7;1;12;1976;48;0;0;2,64;4;https://www.cian.ru/sale/flat/295858075/
15 800 000,00;3;NAR;43;31,3;4;8;2019;5;0;0;3;2;https://www.cian.ru/sale/flat/285616997/
15 836 476,00;6;WAR;54,1;37,5;2;25;2021;3;1;0;2,63;2;https://www.cian.ru/sale/flat/300889122/
15 850 000,00;11;EAR;45;37,5;2;17;2023;1;0;0;3;2;https://www.cian.ru/sale/flat/299104201/
15 870 000,00;9;NAR;45;27;5;5;1960;64;0;0;2,75;2;https://www.cian.ru/sale/flat/300900545/
15 890 000,00;5;SWAR;44,9;19,8;18;24;2003;21;0;0;2,78;1;https://www.cian.ru/sale/flat/300871933/
15 899 000,00;3;SEAR;38,1;20;5;15;2023;1;0;0;3;1;https://www.cian.ru/sale/flat/297903207/
15 900 000,00;19;SEAR;31,2;37,5;10;22;2023;1;1;0;3,1;1;https://www.cian.ru/sale/flat/300601414/
15 900 000,00;19;SAR;44,35;37,5;3;15;2024;0;1;0;2,7;2;https://www.cian.ru/sale/flat/298396891/
15 900 000,00;18;NEAR;49,1;22,8;4;18;2023;1;0;1;2,7;2;https://www.cian.ru/sale/flat/300206682/
15 900 000,00;15;NAR;55,1;43;1;5;1960;64;0;0;2,6;3;https://www.cian.ru/sale/flat/300651633/
15 900 000,00;12;NEAR;62,7;46,3;1;9;1968;56;0;0;2,64;4;https://www.cian.ru/sale/flat/294249196/
15 900 000,00;11;NWAR;29,5;11,4;18;41;2021;3;1;0;3,2;1;https://www.cian.ru/sale/flat/299241123/
15 900 000,00;11;SEAR;39,8;37,5;4;21;2021;3;0;0;3;2;https://www.cian.ru/sale/flat/300565552/
15 900 000,00;10;SWAR;45;37,5;2;9;1972;52;0;0;2,64;2;https://www.cian.ru/sale/flat/299812487/
15 900 000,00;7;SEAR;57,6;39,6;7;9;1969;55;0;0;2,5;3;https://www.cian.ru/sale/flat/299722553/
15 900 000,00;5;SWAR;53;28;8;14;1995;29;0;0;2,64;2;https://www.cian.ru/sale/flat/300474914/
15 900 000,00;4;SAR;40,6;18,9;15;23;2015;9;0;0;2,7;1;https://www.cian.ru/sale/flat/298021901/
15 900 000,00;4;SWAR;55;14;23;23;2019;5;0;1;6,5;2;https://www.cian.ru/sale/flat/299523719/
15 900 000,00;3;SWAR;63;46,5;5;9;1977;47;0;0;3;4;https://www.cian.ru/sale/flat/300468576/
15 900 000,00;3;SEAR;64;47;6;9;1969;55;0;0;2,64;4;https://www.cian.ru/sale/flat/297769984/
15 900 000,00;2;NAR;47;20;11;33;2019;5;0;0;3;2;https://www.cian.ru/sale/flat/300617244/
15 915 910,00;29;EAR;37,3;11,2;29;33;2023;1;1;0;2,6;1;https://www.cian.ru/sale/flat/286291553/
15 950 000,00;22;WAR;37,4;14;20;30;2019;5;0;0;3;1;https://www.cian.ru/sale/flat/300113747/
15 950 000,00;14;NWAR;28;14,6;25;41;2024;0;1;0;3,2;1;https://www.cian.ru/sale/flat/296680746/
15 950 000,00;13;WAR;53;32,8;6;14;1968;56;0;0;2,7;2;https://www.cian.ru/sale/flat/297079796/
15 950 000,00;9;NWAR;61,8;40,1;1;9;1995;29;0;0;2,65;2;https://www.cian.ru/sale/flat/300397344/
15 950 000,00;7;SEAR;49,7;25;3;8;1959;65;0;0;3;1;https://www.cian.ru/sale/flat/300622311/
15 956 781,00;30;WAR;32,3;9,8;33;34;2023;1;1;0;2,62;1;https://www.cian.ru/sale/flat/300679325/
15 961 450,00;4;EAR;35,3;20,2;6;29;2023;1;1;0;3;2;https://www.cian.ru/sale/flat/298055188/
15 970 000,00;5;WAR;39,3;11,9;1;33;2023;1;1;0;2,7;1;https://www.cian.ru/sale/flat/297360580/
15 974 666,00;24;WAR;31,8;10,4;18;21;2023;1;1;0;2,74;1;https://www.cian.ru/sale/flat/279592040/
15 978 137,00;11;NWAR;35;10;13;17;2014;10;0;0;2,75;1;https://www.cian.ru/sale/flat/300251102/
15 981 280,00;10;WAR;53,2;37,5;3;25;2021;3;1;0;2,63;2;https://www.cian.ru/sale/flat/299449819/
15 990 000,00;16;SAR;45,9;20;21;21;2006;18;0;0;2,78;1;https://www.cian.ru/sale/flat/300334903/
15 990 000,00;13;NWAR;65,2;45,8;6;9;2019;5;0;0;3;4;https://www.cian.ru/sale/flat/299738414/
15 990 000,00;7;SWAR;45;37,5;8;9;1971;53;0;0;2,5;2;https://www.cian.ru/sale/flat/300807361/
15 990 000,00;6;NAR;47;37,5;11;33;2019;5;0;0;3;2;https://www.cian.ru/sale/flat/300221936/
15 990 000,00;5;NWAR;43;37,5;5;9;1967;57;0;0;2,64;2;https://www.cian.ru/sale/flat/298726692/
15 990 000,00;3;WAR;40;20;4;14;1998;26;0;0;2,8;1;https://www.cian.ru/sale/flat/299778170/
15 999 000,00;17;SAR;44,45;13,7;5;12;2024;0;1;0;3;1;https://www.cian.ru/sale/flat/299855973/
15 999 990,00;13;NAR;58,2;33,7;13;16;2019;5;0;0;2,7;2;https://www.cian.ru/sale/flat/299027484/
16 000 000,00;19;WAR;42;21;4;12;2023;1;0;0;3;1;https://www.cian.ru/sale/flat/300860664/
16 000 000,00;18;SEAR;48,8;20,3;21;25;2023;1;1;0;3;2;https://www.cian.ru/sale/flat/300383611/
16 000 000,00;17;SEAR;41,1;13,5;23;30;2019;5;0;0;3;1;https://www.cian.ru/sale/flat/300319816/
16 000 000,00;16;SAR;47;30;8;9;1973;51;0;0;2,64;2;https://www.cian.ru/sale/flat/299862540/
16 000 000,00;15;SWAR;54,2;24,4;6;21;2023;1;1;0;3;2;https://www.cian.ru/sale/flat/298735725/
16 000 000,00;15;SAR;54,5;32,2;10;17;1988;36;0;0;2,64;2;https://www.cian.ru/sale/flat/300574973/
16 000 000,00;14;NAR;35,6;12,3;8;21;2024;0;1;1;3,2;1;https://www.cian.ru/sale/flat/299511473/
16 000 000,00;12;WAR;41,9;21,5;19;19;2022;2;0;0;2,72;1;https://www.cian.ru/sale/flat/300703424/
16 000 000,00;11;SEAR;45,2;25;3;30;2023;1;0;0;3;1;https://www.cian.ru/sale/flat/299063844/
16 000 000,00;11;SEAR;76,1;53,4;2;5;2019;5;0;0;3;4;https://www.cian.ru/sale/flat/284604248/
16 000 000,00;9;WAR;47,4;24,4;19;25;2017;7;0;0;3;1;https://www.cian.ru/sale/flat/300667031/
16 000 000,00;9;NWAR;50,8;37,5;13;16;2019;5;0;0;2,6;2;https://www.cian.ru/sale/flat/299325584/
16 000 000,00;9;SAR;82,2;41,8;13;20;2023;1;1;0;3;2;https://www.cian.ru/sale/flat/293948906/
16 000 000,00;8;SEAR;45;37,5;4;9;1969;55;0;0;2,64;2;https://www.cian.ru/sale/flat/300621745/
16 000 000,00;8;NWAR;65;45;6;9;1967;57;0;0;2,64;4;https://www.cian.ru/sale/flat/299554948/
16 000 000,00;6;NEAR;62,9;47;8;9;1969;55;0;0;2,64;4;https://www.cian.ru/sale/flat/301068786/
16 000 000,00;5;NWAR;62,7;46,3;6;9;1967;57;0;0;2,64;4;https://www.cian.ru/sale/flat/301046963/
16 059 038,00;6;NAR;68,3;35,6;6;15;2023;1;1;0;2,84;4;https://www.cian.ru/sale/flat/299656059/
16 100 000,00;8;NWAR;33;16;6;23;2023;1;0;0;3;1;https://www.cian.ru/sale/flat/299962346/
16 100 000,00;4;CAR;47,2;28,4;8;12;1968;56;0;0;2,6;2;https://www.cian.ru/sale/flat/300684401/
16 105 292,00;6;NWAR;49,59;44,6;20;22;2022;2;1;1;3;2;https://www.cian.ru/sale/flat/292582406/
16 150 000,00;2;NAR;55,5;44;2;5;1962;62;0;0;2,8;3;https://www.cian.ru/sale/flat/296226599/
16 190 000,00;12;NEAR;38,5;16;6;20;2021;3;0;1;3,25;1;https://www.cian.ru/sale/flat/285754476/
16 200 000,00;18;SEAR;50,6;37,5;25;25;2023;1;1;0;3;2;https://www.cian.ru/sale/flat/300189850/
16 200 000,00;17;SEAR;40,4;13;4;30;2022;2;0;0;2,9;1;https://www.cian.ru/sale/flat/300865217/
16 200 000,00;11;SAR;42;22;12;12;2022;2;0;0;2,75;1;https://www.cian.ru/sale/flat/298704944/
16 200 000,00;11;WAR;42,8;14,8;30;33;2023;1;1;0;3;2;https://www.cian.ru/sale/flat/299808868/
16 200 000,00;9;SAR;76;54,4;2;12;1974;50;0;0;2,6;4;https://www.cian.ru/sale/flat/274438786/
16 200 000,00;7;NEAR;45;20;4;5;1961;63;0;0;2,6;2;https://www.cian.ru/sale/flat/300781800/
16 200 000,00;4;WAR;38,6;20;7;21;2023;1;1;0;3;1;https://www.cian.ru/sale/flat/300610242/
16 225 132,00;19;WAR;35,8;10,6;32;32;2022;2;1;0;2,62;1;https://www.cian.ru/sale/flat/296760109/
16 237 479,00;2;EAR;41,32;23,4;2;20;2024;0;1;0;3;1;https://www.cian.ru/sale/flat/299859638/
16 240 942,00;29;WAR;37,3;11,2;6;33;2023;1;1;0;2,62;1;https://www.cian.ru/sale/flat/300679399/
16 299 000,00;10;WAR;33,3;12;13;25;2019;5;0;0;3;1;https://www.cian.ru/sale/flat/297049321/
16 299 752,00;30;WAR;34,4;10,2;33;34;2023;1;1;0;2,62;1;https://www.cian.ru/sale/flat/300679311/
16 300 000,00;17;SWAR;46,7;28,5;8;8;1960;64;0;0;2,7;2;https://www.cian.ru/sale/flat/297418762/
16 300 000,00;13;SAR;35;22,1;9;9;1965;59;0;0;3;2;https://www.cian.ru/sale/flat/300162005/
16 300 000,00;11;SAR;38;18,3;7;20;2019;5;0;0;3;1;https://www.cian.ru/sale/flat/296209050/
16 300 000,00;11;SEAR;38;20;5;22;1990;34;0;0;2,8;1;https://www.cian.ru/sale/flat/300822428/
16 300 000,00;11;SEAR;55,5;37,5;21;25;2015;9;0;0;2,8;2;https://www.cian.ru/sale/flat/299464659/
16 300 000,00;8;SWAR;45,3;30,5;4;9;1973;51;0;0;2,65;2;https://www.cian.ru/sale/flat/300274491/
16 300 000,00;7;SWAR;60,3;37,5;2;5;1959;65;0;0;3;2;https://www.cian.ru/sale/flat/299137308/
16 300 000,00;6;NEAR;62,7;44,9;2;12;2019;5;0;0;3;3;https://www.cian.ru/sale/flat/297881966/
16 300 000,00;4;NWAR;37,8;37,5;4;9;1964;60;0;0;2,57;2;https://www.cian.ru/sale/flat/300256139/
16 300 000,00;3;NWAR;53,9;31,9;6;17;1994;30;0;0;2,64;2;https://www.cian.ru/sale/flat/295729946/
16 300 000,00;3;NWAR;53,9;37,5;9;17;1985;39;0;0;2,64;2;https://www.cian.ru/sale/flat/300734770/
16 328 840,00;11;EAR;37,4;11,2;33;33;2024;0;1;0;2,6;1;https://www.cian.ru/sale/flat/270786818/
16 350 000,00;16;NEAR;40;19;2;13;2021;3;0;0;2,72;1;https://www.cian.ru/sale/flat/292434467/
16 355 789,00;6;NAR;58,1;28,6;15;15;2023;1;1;0;2,84;2;https://www.cian.ru/sale/flat/300345249/
16 360 104,00;9;WAR;37,37;22,9;17;30;2023;1;1;0;3,3;2;https://www.cian.ru/sale/flat/299583575/
16 372 174,00;30;WAR;36,2;11,2;27;34;2023;1;1;0;2,62;1;https://www.cian.ru/sale/flat/300679318/
16 388 393,00;5;WAR;55,1;37,5;12;25;2021;3;1;0;2,63;2;https://www.cian.ru/sale/flat/300605467/
16 390 000,00;12;WAR;63,6;43,9;2;9;1981;43;0;0;2,64;3;https://www.cian.ru/sale/flat/298413599/
16 400 000,00;18;SEAR;58;37,5;4;15;2023;1;1;0;3;2;https://www.cian.ru/sale/flat/300887458/
16 400 000,00;15;SWAR;45;29,4;10;12;1966;58;0;0;2,6;2;https://www.cian.ru/sale/flat/300433709/
16 400 000,00;14;WAR;45;29,3;19;29;2022;2;0;0;3;2;https://www.cian.ru/sale/flat/298799627/
16 400 000,00;8;SEAR;64;42;3;14;1971;53;0;0;2,7;3;https://www.cian.ru/sale/flat/300009660/
16 400 000,00;7;NAR;67,5;38,6;1;10;2003;21;0;0;2,64;2;https://www.cian.ru/sale/flat/298325378/
16 409 423,00;29;WAR;31,9;9,5;33;33;2023;1;1;0;2,62;1;https://www.cian.ru/sale/flat/300679186/
16 416 254,00;10;NAR;36,4;16;19;21;2023;1;1;0;2,72;1;https://www.cian.ru/sale/flat/270793531/
16 449 514,00;12;SWAR;81,2;34,5;2;9;2023;1;1;0;2,68;3;https://www.cian.ru/sale/flat/300726060/
16 450 000,00;6;NWAR;41;18;13;25;2024;0;1;0;3;1;https://www.cian.ru/sale/flat/293236021/
16 453 178,00;15;NAR;35,8;10,8;33;33;2023;1;1;0;2,68;1;https://www.cian.ru/sale/flat/299876147/
16 459 884,00;10;WAR;55,8;37,5;25;25;2021;3;1;0;2,63;2;https://www.cian.ru/sale/flat/299449801/
16 473 000,00;7;SAR;57,8;37,5;25;26;2023;1;1;0;2,6;2;https://www.cian.ru/sale/flat/298061099/
16 480 000,00;13;SAR;38;37,5;4;19;2016;8;0;0;2,8;1;https://www.cian.ru/sale/flat/298556166/
16 490 000,00;15;WAR;45;20;19;29;2019;5;0;0;3;1;https://www.cian.ru/sale/flat/300110674/
16 490 000,00;10;NEAR;42,3;37,5;5;9;1970;54;0;0;2,64;2;https://www.cian.ru/sale/flat/300666704/
16 499 000,00;10;NWAR;43;37,5;1;5;1962;62;0;0;3;2;https://www.cian.ru/sale/flat/300230411/
16 500 000,00;18;NWAR;38,3;37,5;3;21;2023;1;1;0;3;1;https://www.cian.ru/sale/flat/298166787/
16 500 000,00;15;SWAR;38,4;19,8;3;22;2004;20;0;0;2,64;1;https://www.cian.ru/sale/flat/300767627/
16 500 000,00;14;SWAR;45,2;24;4;13;2023;1;1;0;3;1;https://www.cian.ru/sale/flat/300328902/
16 500 000,00;14;SEAR;75,6;52;1;14;1985;39;0;0;2,8;4;https://www.cian.ru/sale/flat/299853143/
16 500 000,00;12;WAR;52;30,7;14;17;1985;39;0;0;2,64;2;https://www.cian.ru/sale/flat/299675189/
16 500 000,00;12;SAR;58,7;34,6;4;22;1991;33;0;0;2,66;2;https://www.cian.ru/sale/flat/298905862/
16 500 000,00;11;WAR;60,5;37,5;11;15;2022;2;0;0;2,6;2;https://www.cian.ru/sale/flat/298570903/
16 500 000,00;10;SWAR;38,5;22,9;6;9;1962;62;0;0;2,64;2;https://www.cian.ru/sale/flat/300025324/
16 500 000,00;9;SEAR;53;33;6;17;2001;23;0;0;2,7;2;https://www.cian.ru/sale/flat/299616814/
16 500 000,00;8;SEAR;55,6;37,5;14;14;2005;19;0;0;2,8;2;https://www.cian.ru/sale/flat/299938064/
16 500 000,00;8;NEAR;77;52,3;1;12;2019;5;0;0;3;4;https://www.cian.ru/sale/flat/297471836/
16 500 000,00;5;NWAR;40,3;18;3;25;2024;0;1;0;3;1;https://www.cian.ru/sale/flat/300341594/
16 500 000,00;5;WAR;42,02;12,8;7;33;2023;1;1;0;2,65;1;https://www.cian.ru/sale/flat/300007216/
16 500 000,00;5;NAR;48,1;37,5;5;12;1968;56;0;0;2,6;2;https://www.cian.ru/sale/flat/300176485/
16 500 000,00;3;NEAR;58;34;2;17;1989;35;0;0;2,64;2;https://www.cian.ru/sale/flat/299937672/
16 500 000,00;3;SAR;58,6;37,5;7;8;2019;5;0;0;3;2;https://www.cian.ru/sale/flat/297928971/
16 541 000,00;5;WAR;55,6;37,5;3;25;2021;3;1;0;2,63;2;https://www.cian.ru/sale/flat/299449764/
16 562 490,00;10;WAR;57;37,5;4;25;2021;3;1;0;2,63;2;https://www.cian.ru/sale/flat/300605447/
16 572 446,00;10;NAR;38,6;11,3;31;32;2023;1;1;0;2,72;1;https://www.cian.ru/sale/flat/275900440/
16 575 818,00;10;NAR;36,5;10,2;21;21;2023;1;1;0;2,72;1;https://www.cian.ru/sale/flat/270793589/
16 590 000,00;10;SWAR;47,3;37,5;8;14;2023;1;0;1;2,9;2;https://www.cian.ru/sale/flat/297798583/
16 595 378,00;24;WAR;34,1;10,8;16;21;2023;1;1;0;2,74;1;https://www.cian.ru/sale/flat/297698007/
16 600 000,00;15;SAR;85;60;9;12;1978;46;0;0;2,75;4;https://www.cian.ru/sale/flat/300300865/
16 600 000,00;13;NEAR;56,6;31,8;15;19;2016;8;0;0;2,7;2;https://www.cian.ru/sale/flat/299905470/
16 600 000,00;12;SEAR;55;37,5;7;12;1985;39;0;0;2,64;2;https://www.cian.ru/sale/flat/299901758/
16 600 000,00;11;SEAR;59;37,5;5;25;2019;5;0;0;2,8;2;https://www.cian.ru/sale/flat/300309528/
16 600 000,00;10;SWAR;54;35;6;16;2019;5;0;0;3;2;https://www.cian.ru/sale/flat/299894310/
16 614 000,00;12;WAR;42,6;15,3;21;21;2023;1;1;0;2,7;1;https://www.cian.ru/sale/flat/278497284/
16 647 235,00;2;NAR;37;10,7;16;21;2023;1;1;1;3,15;1;https://www.cian.ru/sale/flat/298000773/
16 650 000,00;16;WAR;44,4;26,5;9;12;1968;56;0;0;2,64;2;https://www.cian.ru/sale/flat/299844898/
16 674 020,00;11;EAR;41,8;10,9;33;33;2023;1;1;0;2,6;1;https://www.cian.ru/sale/flat/270787135/
16 700 000,00;18;WAR;65,4;37,5;8;16;1971;53;0;0;2,7;2;https://www.cian.ru/sale/flat/299110671/
16 700 000,00;17;SEAR;64;33,8;11;17;2020;4;0;0;2,7;2;https://www.cian.ru/sale/flat/299076373/
16 700 000,00;16;SEAR;64;34;11;17;2020;4;0;0;3;2;https://www.cian.ru/sale/flat/299167474/
16 700 000,00;15;NEAR;81;60;7;18;2023;1;0;1;4;3;https://www.cian.ru/sale/flat/297360339/
16 700 000,00;11;SEAR;37;18;2;3;2023;1;1;0;3;1;https://www.cian.ru/sale/flat/295101795/
16 700 000,00;10;NWAR;47,2;37,5;2;25;2008;16;0;0;2,8;2;https://www.cian.ru/sale/flat/294814205/
16 750 000,00;8;NWAR;60,7;37,5;3;24;2024;0;1;0;3;3;https://www.cian.ru/sale/flat/299331283/
16 790 000,00;7;EAR;53,1;32,5;6;16;1966;58;0;0;2,5;2;https://www.cian.ru/sale/flat/293033843/
16 799 999,00;11;SEAR;38,7;25,6;26;27;2023;1;0;0;3;2;https://www.cian.ru/sale/flat/297957070/
16 800 000,00;19;NAR;61;37,5;3;9;1970;54;0;0;2,64;3;https://www.cian.ru/sale/flat/300773184/
16 800 000,00;10;SEAR;37,8;20,3;10;15;2023;1;0;0;3;1;https://www.cian.ru/sale/flat/294768716/
16 800 000,00;8;WAR;35,4;11,3;9;19;2019;5;0;0;2,7;1;https://www.cian.ru/sale/flat/300206672/
16 800 000,00;8;CAR;35,9;37,5;3;5;1927;97;0;0;3;1;https://www.cian.ru/sale/flat/300401139/
16 800 000,00;7;NWAR;35;15,6;19;44;2023;1;1;0;3;1;https://www.cian.ru/sale/flat/299305397/
16 800 000,00;6;NEAR;54;31;7;7;2019;5;0;0;3,1;2;https://www.cian.ru/sale/flat/299111468/
16 800 000,00;4;NAR;62,3;45;8;9;1968;56;0;0;2,64;4;https://www.cian.ru/sale/flat/283635366/
16 800 000,00;4;SEAR;78;31;14;14;2019;5;0;0;3;3;https://www.cian.ru/sale/flat/299166516/
16 811 680,00;5;WAR;58,7;37,5;5;25;2021;3;1;0;2,63;2;https://www.cian.ru/sale/flat/299449776/
16 820 000,00;11;NEAR;41;27;9;9;1970;54;0;0;3;2;https://www.cian.ru/sale/flat/299107562/
16 864 281,00;5;WAR;60,7;37,5;6;25;2021;3;1;0;2,63;2;https://www.cian.ru/sale/flat/300605469/
16 900 000,00;20;WAR;72,5;43,5;6;21;2020;4;1;1;3;2;https://www.cian.ru/sale/flat/283700420/
16 900 000,00;14;NAR;56;37;1;8;1959;65;0;0;3,2;2;https://www.cian.ru/sale/flat/300071937/
16 900 000,00;12;EAR;58,5;37,5;2;23;2023;1;0;0;3;2;https://www.cian.ru/sale/flat/300697220/
16 900 000,00;12;SEAR;59;33;18;22;2019;5;0;0;3;2;https://www.cian.ru/sale/flat/300484955/
16 900 000,00;10;WAR;74,4;51,3;1;14;1991;33;0;0;3;4;https://www.cian.ru/sale/flat/291583338/
16 900 000,00;8;NAR;40;37,5;10;16;1979;45;0;0;2,6;2;https://www.cian.ru/sale/flat/299695600/
16 900 000,00;8;WAR;41,4;37,5;2;5;1960;64;0;0;3;2;https://www.cian.ru/sale/flat/300828564/
16 900 000,00;8;SWAR;63,4;45;4;9;1969;55;0;0;2,65;3;https://www.cian.ru/sale/flat/299859361/
16 900 000,00;7;NWAR;61,88;24,5;6;24;2024;0;1;0;3;2;https://www.cian.ru/sale/flat/300195289/
16 900 000,00;2;WAR;43;28;5;9;1966;58;0;0;3;2;https://www.cian.ru/sale/flat/300770138/
16 926 240,00;10;WAR;59,1;37,5;5;25;2021;3;1;0;2,63;2;https://www.cian.ru/sale/flat/299652496/
16 959 780,00;20;NEAR;51,3;37,5;11;22;2021;3;1;0;2,79;2;https://www.cian.ru/sale/flat/296754079/
16 971 100,00;17;SEAR;36,9;10,5;10;29;2024;0;1;0;2,87;1;https://www.cian.ru/sale/flat/300575216/
16 983 000,00;19;NEAR;27;20,3;28;32;2023;1;1;0;3;1;https://www.cian.ru/sale/flat/298604075/
16 990 000,00;14;NWAR;51,4;37,5;7;25;2016;8;0;0;3,1;2;https://www.cian.ru/sale/flat/299467046/
16 990 000,00;11;SWAR;43,1;14,4;4;46;2023;1;0;0;3;1;https://www.cian.ru/sale/flat/299208670/
16 999 000,00;17;NEAR;38;12;5;11;2019;5;0;0;2,65;1;https://www.cian.ru/sale/flat/298839861/
16 999 000,00;10;SEAR;62,2;37,4;19;26;2022;2;0;0;2,7;2;https://www.cian.ru/sale/flat/298382822/
16 999 000,00;4;SEAR;54,3;32,1;12;17;2004;20;0;0;2,7;2;https://www.cian.ru/sale/flat/300243577/
17 000 000,00;20;WAR;53;27;18;23;2007;17;0;0;3,1;2;https://www.cian.ru/sale/flat/290909841/
17 000 000,00;15;WAR;71,4;55;6;16;1967;57;0;0;2,64;4;https://www.cian.ru/sale/flat/294511796/
17 000 000,00;14;SAR;63,5;46,1;4;9;1970;54;0;0;2,6;4;https://www.cian.ru/sale/flat/296639718/
17 000 000,00;12;SWAR;99,9;63,9;10;12;2019;5;0;0;3;4;https://www.cian.ru/sale/flat/294567971/
17 000 000,00;11;NAR;55;38;5;16;1974;50;0;0;3;2;https://www.cian.ru/sale/flat/293250714/
17 000 000,00;10;NAR;33;37,5;6;15;2017;7;0;1;3;1;https://www.cian.ru/sale/flat/279125910/
17 000 000,00;10;NAR;34,1;20;21;22;2022;2;0;1;3,15;1;https://www.cian.ru/sale/flat/300297108/
17 000 000,00;10;NWAR;34,7;11,6;24;53;2022;2;0;0;3,1;1;https://www.cian.ru/sale/flat/289908475/
17 000 000,00;8;SEAR;35;12,5;24;26;2023;1;1;0;3;1;https://www.cian.ru/sale/flat/299007541/
17 000 000,00;6;WAR;53,3;37,5;17;17;1984;40;0;0;2,7;2;https://www.cian.ru/sale/flat/300560475/
17 000 000,00;6;SWAR;57,9;37,8;3;9;1972;52;0;0;2,53;3;https://www.cian.ru/sale/flat/300045504/
17 000 000,00;2;WAR;37,5;15;5;39;2022;2;1;0;3;1;https://www.cian.ru/sale/flat/255985339/
17 003 450,00;14;WAR;44,5;16,1;32;33;2023;1;1;0;2,7;1;https://www.cian.ru/sale/flat/286094340/
17 028 119,00;22;SAR;50,8;20,7;19;33;2023;1;1;0;2,62;2;https://www.cian.ru/sale/flat/300725238/
17 041 514,00;7;NAR;38,6;11,5;32;32;2023;1;1;0;2,72;1;https://www.cian.ru/sale/flat/284563081/
17 057 880,00;26;SAR;45,8;27;10;11;2024;0;1;0;2,97;1;https://www.cian.ru/sale/flat/292460513/
17 063 118,00;5;NEAR;60,2;37,5;1;33;2023;1;1;0;2,63;2;https://www.cian.ru/sale/flat/299449843/
17 088 250,00;16;NAR;77,7;42,3;13;14;2023;1;1;0;2,84;3;https://www.cian.ru/sale/flat/297032832/
17 098 187,00;30;WAR;36,1;11,2;30;33;2023;1;1;0;2,62;1;https://www.cian.ru/sale/flat/300679453/
17 100 000,00;16;NAR;46,7;37,5;6;12;1969;55;0;0;2,64;2;https://www.cian.ru/sale/flat/300841155/
17 100 000,00;13;SWAR;64,1;37,5;3;9;1976;48;0;0;2,64;4;https://www.cian.ru/sale/flat/300651025/
17 100 000,00;11;NAR;62,2;46,3;4;9;1966;58;0;0;2,64;4;https://www.cian.ru/sale/flat/294698871/
17 115 000,00;4;NAR;44,7;37,5;2;15;2016;8;0;1;3;2;https://www.cian.ru/sale/flat/297914652/
17 150 000,00;6;SAR;39,9;12,2;10;13;2024;0;1;0;30;1;https://www.cian.ru/sale/flat/300852067/
17 150 000,00;5;NWAR;32,2;14,5;13;25;2023;1;1;0;3;1;https://www.cian.ru/sale/flat/296116887/
17 200 000,00;16;WAR;55,3;23,8;9;16;2004;20;0;0;2,7;2;https://www.cian.ru/sale/flat/300732744/
17 200 000,00;10;EAR;54,9;30,4;8;10;2004;20;0;0;2,64;2;https://www.cian.ru/sale/flat/300127453/
17 200 000,00;7;NEAR;43,8;12,2;30;32;2023;1;0;0;2,65;1;https://www.cian.ru/sale/flat/297368415/
17 200 000,00;6;WAR;78;55;1;14;1991;33;0;0;2,64;4;https://www.cian.ru/sale/flat/298623374/
17 200 000,00;2;NWAR;49;37,5;2;5;1951;73;0;0;2,64;2;https://www.cian.ru/sale/flat/300045857/
17 204 799,00;6;NWAR;49,53;44,5;19;22;2022;2;1;1;3;3;https://www.cian.ru/sale/flat/300069755/
17 211 750,00;9;SAR;79,5;37,5;5;45;2013;11;0;0;2,9;2;https://www.cian.ru/sale/flat/298882868/
17 247 160,00;11;EAR;43,4;16,1;33;33;2023;1;1;0;2,6;1;https://www.cian.ru/sale/flat/294404502/
17 250 000,00;14;WAR;36,2;37,5;5;27;2022;2;0;0;2,95;1;https://www.cian.ru/sale/flat/300622309/
17 250 000,00;9;EAR;49,62;21,1;28;33;2023;1;1;0;3;2;https://www.cian.ru/sale/flat/296526099/
17 250 000,00;4;NWAR;63;46,4;3;9;2019;5;0;0;3;4;https://www.cian.ru/sale/flat/295664160/
17 250 000,00;4;NWAR;63;46,4;3;9;1970;54;0;0;2,6;4;https://www.cian.ru/sale/flat/297040398/
17 250 000,00;4;NWAR;63;45;3;9;1970;54;0;0;2,6;4;https://www.cian.ru/sale/flat/298058962/
17 277 095,00;2;NAR;38,4;11,1;16;21;2023;1;1;1;3,15;1;https://www.cian.ru/sale/flat/298000793/
17 290 000,00;7;NWAR;31,7;12;19;33;2023;1;0;0;3,4;1;https://www.cian.ru/sale/flat/300658108/
17 294 726,00;7;WAR;37,2;11,8;2;21;2023;1;1;0;2,74;1;https://www.cian.ru/sale/flat/279588141/
17 300 000,00;17;SEAR;42;13,1;26;30;2024;0;1;0;2,5;1;https://www.cian.ru/sale/flat/298558261/
17 300 000,00;15;SEAR;42,7;18,3;8;30;2023;1;1;0;2,6;1;https://www.cian.ru/sale/flat/295771498/
17 300 000,00;10;SWAR;90;47;2;22;2007;17;0;0;2,8;3;https://www.cian.ru/sale/flat/299549331/
17 300 000,00;5;EAR;58;35;5;18;2018;6;0;0;3;2;https://www.cian.ru/sale/flat/300051915/
17 306 100,00;6;WAR;57,4;37,5;9;25;2021;3;1;0;2,63;2;https://www.cian.ru/sale/flat/300192000/
17 350 000,00;14;SAR;31,34;20,7;3;6;2024;0;1;0;3;1;https://www.cian.ru/sale/flat/299485153/
17 350 000,00;12;SEAR;57,5;31,7;30;30;2021;3;0;0;2,65;2;https://www.cian.ru/sale/flat/300197601/
17 350 000,00;12;SEAR;57,5;37,5;30;30;2021;3;0;0;2,65;2;https://www.cian.ru/sale/flat/300744274/
17 350 000,00;11;NAR;52;30;2;18;2016;8;0;0;2,8;2;https://www.cian.ru/sale/flat/300568783/
17 350 804,00;12;SAR;48;28;2;23;2023;1;1;0;2,97;1;https://www.cian.ru/sale/flat/288140144/
17 392 177,00;21;NWAR;77,6;45,8;6;25;2022;2;1;0;2,72;3;https://www.cian.ru/sale/flat/300917707/
17 398 243,00;7;NAR;42,3;13,4;20;32;2023;1;1;0;2,72;1;https://www.cian.ru/sale/flat/297433984/
17 400 000,00;13;NWAR;39,1;37,5;3;27;2022;2;0;0;3,3;1;https://www.cian.ru/sale/flat/297265242/
17 400 000,00;10;SWAR;40,9;37,5;6;18;2023;1;0;0;3;1;https://www.cian.ru/sale/flat/299203398/
17 400 000,00;8;NEAR;35,8;20,2;4;10;1957;67;0;0;3,32;1;https://www.cian.ru/sale/flat/299433333/
17 400 000,00;6;SAR;72;37,5;16;22;2023;1;0;0;2,8;2;https://www.cian.ru/sale/flat/300142526/
17 400 000,00;1;NWAR;38;37,5;4;9;1965;59;0;0;2,64;2;https://www.cian.ru/sale/flat/300734140/
17 423 703,00;20;NEAR;52,3;37,5;13;22;2021;3;1;0;2,79;2;https://www.cian.ru/sale/flat/296754095/
17 450 000,00;4;NWAR;63;46,4;3;9;1970;54;0;0;2,7;4;https://www.cian.ru/sale/flat/282065037/
17 451 252,00;29;WAR;39;16,4;1;33;2023;1;1;0;2,62;1;https://www.cian.ru/sale/flat/300679189/
17 466 089,00;2;EAR;44,05;22,7;2;20;2024;0;1;0;3;2;https://www.cian.ru/sale/flat/297151000/
17 480 000,00;14;CAR;44,9;19,2;11;16;2000;24;0;0;3;1;https://www.cian.ru/sale/flat/298620907/
17 499 000,00;20;NWAR;36;22;12;36;2020;4;0;0;3,08;2;https://www.cian.ru/sale/flat/296310724/
17 499 000,00;16;NWAR;42,2;37,5;17;24;2024;0;1;0;3;1;https://www.cian.ru/sale/flat/298805494/
17 499 000,00;10;NWAR;54;34;16;17;2019;5;0;0;3;2;https://www.cian.ru/sale/flat/300825973/
17 500 000,00;20;SAR;39,6;22,8;15;24;2023;1;1;1;3;2;https://www.cian.ru/sale/flat/292016280/
17 500 000,00;18;EAR;64,1;46,4;6;9;1971;53;0;0;2,64;4;https://www.cian.ru/sale/flat/297133272/
17 500 000,00;16;SWAR;38;18;7;14;2023;1;0;0;3;1;https://www.cian.ru/sale/flat/300420717/
17 500 000,00;16;SWAR;55,2;30,7;11;25;1993;31;0;0;3;2;https://www.cian.ru/sale/flat/299415722/
17 500 000,00;14;EAR;65,4;43,2;5;9;1973;51;0;0;2,64;4;https://www.cian.ru/sale/flat/299193763/
17 500 000,00;14;EAR;65,4;43,2;5;9;1973;51;0;0;2,64;4;https://www.cian.ru/sale/flat/299561845/
17 500 000,00;13;WAR;36;37,5;8;28;2019;5;1;1;3;1;https://www.cian.ru/sale/flat/300722775/
17 500 000,00;13;NEAR;49,1;23,2;12;18;2023;1;0;1;3,2;2;https://www.cian.ru/sale/flat/299849082/
17 500 000,00;12;SAR;60;34;5;17;2019;5;0;0;3;2;https://www.cian.ru/sale/flat/300774365/
17 500 000,00;12;WAR;71;47;4;5;1961;63;0;0;2,65;2;https://www.cian.ru/sale/flat/300545017/
17 500 000,00;11;WAR;60;43,2;6;9;1971;53;0;0;2,48;3;https://www.cian.ru/sale/flat/291312183/
17 500 000,00;11;NEAR;65;47;2;9;1977;47;0;0;2,64;4;https://www.cian.ru/sale/flat/300530468/
17 500 000,00;10;NAR;30,2;20;4;15;2019;5;0;1;3;1;https://www.cian.ru/sale/flat/300540938/
17 500 000,00;10;NAR;52,3;37,5;6;17;2004;20;0;0;2,8;2;https://www.cian.ru/sale/flat/298925810/
17 500 000,00;9;SWAR;40,7;24,4;15;16;2019;5;0;0;2,6;1;https://www.cian.ru/sale/flat/299110690/
17 500 000,00;9;SEAR;42,4;37,5;4;5;1961;63;0;0;3;2;https://www.cian.ru/sale/flat/299901814/
17 500 000,00;9;CAR;60;38;1;5;1954;70;0;0;4;2;https://www.cian.ru/sale/flat/300389524/
17 500 000,00;9;SAR;63;41;8;9;1971;53;0;0;2,64;3;https://www.cian.ru/sale/flat/298462548/
17 500 000,00;8;NAR;34,7;15;10;20;2019;5;0;0;3;1;https://www.cian.ru/sale/flat/300931491/
17 500 000,00;8;WAR;51,85;22,8;12;33;2023;1;1;0;3;2;https://www.cian.ru/sale/flat/300397129/
17 500 000,00;8;NEAR;52,5;32;8;9;2019;5;0;0;6;3;https://www.cian.ru/sale/flat/300162447/
17 500 000,00;8;SEAR;55,4;34,1;19;31;2019;5;0;0;3;2;https://www.cian.ru/sale/flat/300832241/
17 500 000,00;8;NEAR;57;28;5;17;2022;2;0;0;23;2;https://www.cian.ru/sale/flat/297877542/
17 500 000,00;7;WAR;38,7;18,8;3;41;2019;5;0;0;3;1;https://www.cian.ru/sale/flat/300739522/
17 500 000,00;7;WAR;75,6;52,6;2;12;2019;5;0;0;2,64;4;https://www.cian.ru/sale/flat/298505192/
17 500 000,00;6;SEAR;95,1;48,5;2;19;2012;12;0;0;2,78;4;https://www.cian.ru/sale/flat/300988122/
17 500 000,00;5;NAR;37;12;2;22;2021;3;0;0;2,8;1;https://www.cian.ru/sale/flat/296989997/
17 500 000,00;5;NWAR;42,6;18,3;17;25;2024;0;1;0;3;1;https://www.cian.ru/sale/flat/300655983/
17 500 000,00;5;NWAR;63,1;46,5;8;9;1967;57;0;0;2,64;4;https://www.cian.ru/sale/flat/300879383/
17 500 000,00;4;NWAR;42,9;25;14;47;2019;5;0;0;3,1;1;https://www.cian.ru/sale/flat/300664236/
17 500 000,00;3;WAR;44;15,4;12;33;2023;1;1;0;3;1;https://www.cian.ru/sale/flat/300077810/
17 500 000,00;2;NEAR;37,5;22,5;4;15;2020;4;0;1;3,1;1;https://www.cian.ru/sale/flat/289459051/
17 550 000,00;12;SEAR;57,5;32,9;7;17;2021;3;0;0;2,7;2;https://www.cian.ru/sale/flat/297412548/
17 570 000,00;9;SAR;62,4;45,4;9;9;2019;5;0;0;3;4;https://www.cian.ru/sale/flat/301042817/
17 585 789,00;6;NAR;83,7;46,1;5;15;2023;1;1;0;2,84;3;https://www.cian.ru/sale/flat/299656071/
17 600 000,00;6;WAR;36;20;23;25;2021;3;0;0;3;1;https://www.cian.ru/sale/flat/297661462/
17 600 000,00;3;CAR;32,8;37,5;2;9;1970;54;0;0;2,7;1;https://www.cian.ru/sale/flat/300987795/
17 622 420,00;14;WAR;41,7;15,3;20;21;2023;1;1;0;2,62;1;https://www.cian.ru/sale/flat/286094379/
17 646 209,00;2;EAR;38,86;20,5;6;20;2024;0;1;0;3;1;https://www.cian.ru/sale/flat/297150977/
17 676 549,00;6;NAR;77,8;42,3;8;15;2023;1;1;0;2,84;3;https://www.cian.ru/sale/flat/299656090/
17 690 000,00;6;SAR;55;37,5;15;16;1981;43;0;0;2,64;2;https://www.cian.ru/sale/flat/300346058/
17 699 000,00;14;SAR;36,7;37,5;11;15;2023;1;1;0;3;1;https://www.cian.ru/sale/flat/295987891/
17 699 000,00;5;NWAR;77,6;37,5;19;20;2024;0;1;0;2,68;3;https://www.cian.ru/sale/flat/298837021/
17 700 000,00;11;SEAR;43,1;20,1;4;7;2023;1;1;0;3;1;https://www.cian.ru/sale/flat/297446138/
17 700 000,00;4;NWAR;43,3;37,5;5;54;2024;0;1;0;2,85;2;https://www.cian.ru/sale/flat/300121852/
17 700 000,00;4;SWAR;51,1;30,7;12;12;1974;50;0;0;2,48;2;https://www.cian.ru/sale/flat/300649339/
17 711 344,00;10;NAR;46,4;13,6;16;32;2023;1;1;0;2,72;1;https://www.cian.ru/sale/flat/299951291/
17 711 798,00;19;WAR;41,1;10,5;32;32;2022;2;1;0;2,62;1;https://www.cian.ru/sale/flat/296760108/
17 742 312,00;10;NAR;42,3;13,4;27;32;2023;1;1;0;2,72;1;https://www.cian.ru/sale/flat/299906792/
17 750 000,00;14;SAR;38,9;19;7;20;2022;2;0;0;3;1;https://www.cian.ru/sale/flat/300698867/
17 750 000,00;9;EAR;49;20,8;23;33;2023;1;1;0;3;2;https://www.cian.ru/sale/flat/297497038/
17 775 256,00;17;SEAR;37,4;10,5;22;29;2024;0;1;0;2,87;1;https://www.cian.ru/sale/flat/300575226/
17 800 000,00;19;NEAR;102;64;6;22;2014;10;0;0;2,8;4;https://www.cian.ru/sale/flat/292859247/
17 800 000,00;15;SEAR;85,4;56,8;2;14;1984;40;0;0;2,64;4;https://www.cian.ru/sale/flat/267664241/
17 800 000,00;5;NWAR;58;33;11;25;2022;2;0;1;3,1;2;https://www.cian.ru/sale/flat/300172066/
17 800 000,00;4;NWAR;57,6;37,5;4;25;2002;22;0;0;2,6;2;https://www.cian.ru/sale/flat/299790654/
17 830 120,00;30;WAR;44;15,6;19;33;2023;1;1;0;2,62;1;https://www.cian.ru/sale/flat/300679431/
17 844 459,00;17;SEAR;53,7;26,8;13;29;2024;0;1;1;2,87;2;https://www.cian.ru/sale/flat/300575206/
17 853 150,00;10;SWAR;69,4;37,5;3;14;2023;1;1;1;2,8;2;https://www.cian.ru/sale/flat/297413619/
17 853 649,00;21;NWAR;78,9;42;15;25;2022;2;1;0;2,72;3;https://www.cian.ru/sale/flat/300917766/
17 881 217,00;10;NAR;42,1;13,3;32;32;2023;1;1;0;2,72;1;https://www.cian.ru/sale/flat/270793740/
17 899 000,00;2;CAR;41,7;32,3;2;9;1964;60;0;0;2,5;2;https://www.cian.ru/sale/flat/300792289/
17 900 000,00;16;SAR;40,4;17;12;16;2022;2;0;0;2,7;1;https://www.cian.ru/sale/flat/300242556/
17 900 000,00;15;SAR;35,2;12,3;5;16;2023;1;1;0;3;1;https://www.cian.ru/sale/flat/295400535/
17 900 000,00;13;NAR;56,5;37,5;7;17;1970;54;0;0;2,7;2;https://www.cian.ru/sale/flat/295832537/
17 900 000,00;12;SEAR;73,2;52,6;3;5;1959;65;0;0;3;4;https://www.cian.ru/sale/flat/300198608/
17 900 000,00;11;NEAR;39,49;15,3;6;31;2024;0;1;0;2,86;1;https://www.cian.ru/sale/flat/298408364/
17 900 000,00;9;NAR;38,4;37,5;15;17;2021;3;0;0;3,1;1;https://www.cian.ru/sale/flat/299563667/
17 900 000,00;8;NWAR;35;14;3;33;2023;1;0;0;3;1;https://www.cian.ru/sale/flat/297550566/
17 900 000,00;8;WAR;40;18;14;31;2019;5;0;0;3;1;https://www.cian.ru/sale/flat/300197753/
17 900 000,00;7;SAR;53,4;32,5;12;17;2002;22;0;0;2,64;2;https://www.cian.ru/sale/flat/295298480/
17 900 000,00;6;NEAR;40,79;19,4;4;23;2020;4;1;0;3;1;https://www.cian.ru/sale/flat/294252498/
17 900 000,00;6;SAR;112,1;37,5;13;24;2023;1;0;0;3;4;https://www.cian.ru/sale/flat/300645791/
17 900 000,00;4;SAR;59;37,5;4;7;1957;67;0;0;3;2;https://www.cian.ru/sale/flat/300601422/
17 900 000,00;4;SAR;63;48;9;9;1975;49;0;0;2,64;4;https://www.cian.ru/sale/flat/298664300/
17 900 000,00;4;SAR;63;48;9;9;1975;49;0;0;2,64;4;https://www.cian.ru/sale/flat/299572455/
17 900 000,00;3;SEAR;80,7;37,5;1;9;1999;25;0;0;2,64;3;https://www.cian.ru/sale/flat/299556772/
17 933 958,00;2;EAR;38,04;20,2;15;20;2024;0;1;0;3;1;https://www.cian.ru/sale/flat/297150997/
17 948 111,00;6;WAR;63,7;37,5;13;25;2021;3;1;0;2,63;3;https://www.cian.ru/sale/flat/299449830/
17 950 000,00;15;NEAR;59,9;33,9;14;14;2003;21;0;0;2,74;2;https://www.cian.ru/sale/flat/295278167/
17 950 000,00;6;SWAR;39;18,6;6;25;2023;1;0;0;3,2;1;https://www.cian.ru/sale/flat/295315041/
17 950 000,00;6;SAR;56,6;37,5;15;21;2011;13;0;0;3;2;https://www.cian.ru/sale/flat/295462972/
17 970 000,00;20;NWAR;36;15;20;25;2022;2;0;0;2,8;1;https://www.cian.ru/sale/flat/300246480/
17 990 000,00;18;SEAR;65,1;37,5;24;25;2022;2;0;0;2,62;2;https://www.cian.ru/sale/flat/300402728/
17 990 000,00;8;SEAR;40;37,5;24;30;2023;1;0;0;3,2;1;https://www.cian.ru/sale/flat/300775267/
17 990 000,00;8;WAR;41,1;37,5;27;41;2019;5;0;0;3;2;https://www.cian.ru/sale/flat/298002960/
17 990 000,00;4;WAR;42,8;37,5;4;5;1960;64;0;0;2,8;2;https://www.cian.ru/sale/flat/298783896/
17 999 900,00;12;NWAR;46,7;18;18;21;2022;2;0;1;3;1;https://www.cian.ru/sale/flat/293749407/
18 000 000,00;19;SEAR;38,6;15,4;7;22;2023;1;1;0;3;1;https://www.cian.ru/sale/flat/296248018/
18 000 000,00;19;NAR;61,6;32,6;4;25;2023;1;0;0;2,7;2;https://www.cian.ru/sale/flat/300724209/
18 000 000,00;15;SWAR;45,1;37,5;6;9;1964;60;0;0;2,64;2;https://www.cian.ru/sale/flat/295970933/
18 000 000,00;13;SAR;38,8;37,5;5;20;2024;0;1;0;3,15;1;https://www.cian.ru/sale/flat/300529477/
18 000 000,00;12;NWAR;32;19;2;37;2018;6;0;1;3,2;1;https://www.cian.ru/sale/flat/299655895/
18 000 000,00;12;SWAR;42,6;21,2;6;28;2024;0;1;0;3;2;https://www.cian.ru/sale/flat/294997110/
18 000 000,00;12;NAR;48,8;37,5;5;6;1952;72;0;1;3,2;2;https://www.cian.ru/sale/flat/299520754/
18 000 000,00;10;NAR;32,1;20;4;15;2019;5;0;1;3;1;https://www.cian.ru/sale/flat/300540943/
18 000 000,00;10;NEAR;38,1;13,7;7;52;2024;0;1;0;3,28;1;https://www.cian.ru/sale/flat/300734756/
18 000 000,00;10;SEAR;63;46;2;9;2019;5;0;0;3;4;https://www.cian.ru/sale/flat/292465322/
18 000 000,00;9;NWAR;37;11,3;20;32;2019;5;0;0;3,1;1;https://www.cian.ru/sale/flat/298830651/
18 000 000,00;9;SWAR;55,1;35,2;2;8;2019;5;0;0;3;2;https://www.cian.ru/sale/flat/292318097/
18 000 000,00;8;SAR;40,3;11,6;3;9;2024;0;1;0;3;1;https://www.cian.ru/sale/flat/300680273/
18 000 000,00;7;CAR;34,9;26,2;2;5;1941;83;0;0;2,9;2;https://www.cian.ru/sale/flat/296209444/
18 000 000,00;6;SAR;100;70;4;4;2019;5;0;1;4;4;https://www.cian.ru/sale/flat/294174791/
18 000 000,00;5;NWAR;36,3;15;11;36;2022;2;0;0;2,75;1;https://www.cian.ru/sale/flat/298464053/
18 000 000,00;5;NEAR;58;34;10;21;2023;1;0;0;2,75;2;https://www.cian.ru/sale/flat/299382631/
18 018 378,00;10;NAR;46,5;13,7;30;32;2023;1;1;0;2,72;1;https://www.cian.ru/sale/flat/296577488/
18 022 000,00;9;NEAR;43,6;37,5;14;27;2022;2;1;0;3;1;https://www.cian.ru/sale/flat/294033665/
18 029 400,00;16;NAR;59,7;29,7;7;15;2023;1;1;0;2,84;2;https://www.cian.ru/sale/flat/297033157/
18 038 615,00;10;NAR;42,5;13,5;32;32;2023;1;1;0;2,72;1;https://www.cian.ru/sale/flat/299906790/
18 062 500,00;4;WAR;42,5;13,3;11;29;2022;2;1;1;3;1;https://www.cian.ru/sale/flat/292026458/
18 065 482,00;27;SAR;58,6;25,6;23;23;2023;1;1;0;2,62;2;https://www.cian.ru/sale/flat/300726033/
18 082 940,00;30;WAR;41,4;12,7;32;34;2023;1;1;0;2,62;1;https://www.cian.ru/sale/flat/300679329/
18 085 704,00;29;WAR;42;11,7;3;33;2023;1;1;0;2,62;1;https://www.cian.ru/sale/flat/300679407/
18 090 016,00;24;WAR;41,5;14,6;5;21;2023;1;1;0;2,74;1;https://www.cian.ru/sale/flat/279592032/
18 099 000,00;14;SAR;35,4;37,5;13;15;2023;1;1;0;3;1;https://www.cian.ru/sale/flat/295991044/
18 100 000,00;12;NEAR;62,5;37,5;2;17;2016;8;0;0;3;2;https://www.cian.ru/sale/flat/299733844/
18 100 000,00;9;SAR;65;27,4;18;18;2011;13;0;0;2,9;3;https://www.cian.ru/sale/flat/300067867/
18 100 000,00;8;SAR;49,4;37,5;15;22;1988;36;0;0;3;2;https://www.cian.ru/sale/flat/300615971/
18 105 100,00;6;NWAR;53,3;32,2;12;16;1982;42;0;0;2,64;2;https://www.cian.ru/sale/flat/300398287/
18 130 000,00;7;NEAR;57,4;29,6;10;22;2019;5;0;0;2,85;2;https://www.cian.ru/sale/flat/299853615/
18 150 000,00;5;NWAR;52,2;37,5;22;22;2022;2;0;1;3;2;https://www.cian.ru/sale/flat/300015130/
18 199 000,00;11;NEAR;51,6;37,5;5;32;2023;1;1;0;3;2;https://www.cian.ru/sale/flat/299873243/
18 200 000,00;22;SAR;35,6;12,5;11;15;2024;0;0;0;3;1;https://www.cian.ru/sale/flat/299000581/
18 200 000,00;16;SAR;77,3;50,8;3;14;1990;34;0;0;3;4;https://www.cian.ru/sale/flat/288645420/
18 200 000,00;14;EAR;58,8;32,5;16;24;2023;1;0;0;2,7;2;https://www.cian.ru/sale/flat/300640451/
18 200 000,00;13;SWAR;96,4;60;1;10;1961;63;0;1;2,65;3;https://www.cian.ru/sale/flat/299430544/
18 200 000,00;8;NWAR;50;21;22;22;2022;2;0;0;3;2;https://www.cian.ru/sale/flat/298346336/
18 200 000,00;7;NAR;38;11,7;13;15;2019;5;0;1;2,9;1;https://www.cian.ru/sale/flat/299024926/
18 200 000,00;7;NEAR;54;35;3;5;1957;67;0;0;3;2;https://www.cian.ru/sale/flat/292565452/
18 200 000,00;6;SAR;112,1;37,5;11;22;2019;5;0;0;3;4;https://www.cian.ru/sale/flat/300640200/
18 200 089,00;24;WAR;35,2;11;21;21;2023;1;1;0;3,87;1;https://www.cian.ru/sale/flat/286829765/
18 211 840,00;12;WAR;51,2;23,7;18;21;2023;1;1;0;2,7;2;https://www.cian.ru/sale/flat/299876157/
18 250 000,00;9;SEAR;90,9;62;3;17;2013;11;0;0;2,64;4;https://www.cian.ru/sale/flat/292603829/
18 250 000,00;6;NWAR;50,3;37,5;7;16;1987;37;0;0;3;2;https://www.cian.ru/sale/flat/300504155/
18 250 000,00;4;WAR;42,2;13,5;14;21;2023;1;1;0;2,74;1;https://www.cian.ru/sale/flat/298396928/
18 270 000,00;13;SEAR;40,6;29,3;10;10;2017;7;0;1;3,2;2;https://www.cian.ru/sale/flat/299928040/
18 300 000,00;19;NWAR;42;28;9;18;2022;2;0;1;3;2;https://www.cian.ru/sale/flat/300747383/
18 300 000,00;19;SWAR;45,4;37,5;5;9;2019;5;0;0;3;2;https://www.cian.ru/sale/flat/300476400/
18 300 000,00;14;WAR;37,7;11;7;27;2022;2;0;0;2,9;1;https://www.cian.ru/sale/flat/300836735/
18 300 000,00;12;CAR;38,7;20;13;14;2011;13;0;0;2,75;1;https://www.cian.ru/sale/flat/297215041/
18 300 000,00;12;SAR;59;30;2;19;2015;9;0;0;3;2;https://www.cian.ru/sale/flat/284528253/
18 300 000,00;12;SAR;64,6;44,2;11;12;1966;58;0;0;3;3;https://www.cian.ru/sale/flat/298678425/
18 300 000,00;7;EAR;78;61,8;8;9;2019;5;0;0;2,7;4;https://www.cian.ru/sale/flat/300483653/
18 300 000,00;5;NWAR;53,5;37,5;9;22;2022;2;0;1;3;2;https://www.cian.ru/sale/flat/297423245/
18 328 700,00;16;NAR;61,3;29,6;13;13;2023;1;1;0;2,84;2;https://www.cian.ru/sale/flat/297032833/
18 343 212,00;9;WAR;44,79;30,1;18;30;2023;1;1;0;3,3;2;https://www.cian.ru/sale/flat/299583584/
18 350 000,00;6;SAR;85,5;60,2;9;12;1976;48;0;0;2,65;4;https://www.cian.ru/sale/flat/299328201/
18 350 000,00;4;EAR;77;52,1;3;5;1960;64;0;0;2,95;3;https://www.cian.ru/sale/flat/298808963/
18 359 136,00;5;NWAR;72;44;18;22;2022;2;1;1;2,87;3;https://www.cian.ru/sale/flat/300985242/
18 376 470,00;7;NAR;46,3;13,4;11;32;2023;1;1;0;2,72;1;https://www.cian.ru/sale/flat/299906811/
18 388 406,00;10;WAR;63,7;37,5;13;25;2021;3;1;0;2,63;3;https://www.cian.ru/sale/flat/300605454/
18 400 000,00;13;SAR;39,9;11;19;20;2024;0;1;0;2,9;1;https://www.cian.ru/sale/flat/298538613/
18 400 000,00;9;NWAR;35;17;6;33;2023;1;1;0;3,5;1;https://www.cian.ru/sale/flat/298231338/
18 400 000,00;9;EAR;86,3;57,7;3;12;1985;39;0;0;2,7;4;https://www.cian.ru/sale/flat/298681334/
18 400 000,00;8;SAR;46,3;17;2;28;2019;5;0;0;3;1;https://www.cian.ru/sale/flat/300941020/
18 424 313,00;10;SEAR;53,9;37,5;30;33;2023;1;1;0;2,72;2;https://www.cian.ru/sale/flat/300362073/
18 432 030,00;11;WAR;46,3;21,8;32;33;2023;1;1;0;2,62;2;https://www.cian.ru/sale/flat/293187689/
18 437 040,00;14;WAR;52,2;20,8;22;33;2023;1;1;0;2,7;2;https://www.cian.ru/sale/flat/286155220/
18 450 000,00;13;NEAR;55,9;37,5;5;17;2019;5;0;0;3;2;https://www.cian.ru/sale/flat/300052374/
18 450 000,00;9;EAR;58;30;22;33;2024;0;0;0;3;3;https://www.cian.ru/sale/flat/299860834/
18 462 000,00;15;WAR;52;27;10;29;2022;2;0;0;2,9;2;https://www.cian.ru/sale/flat/299762508/
18 480 000,00;7;NWAR;44,2;37,5;6;11;2012;12;0;1;3;2;https://www.cian.ru/sale/flat/299984457/
18 490 000,00;20;SAR;21,5;15;23;28;2023;1;0;0;3;1;https://www.cian.ru/sale/flat/300218010/
18 499 000,00;12;NEAR;37,6;10,1;18;30;2024;0;1;0;3,15;1;https://www.cian.ru/sale/flat/297083311/
18 500 000,00;22;SAR;74;54;2;9;1961;63;0;0;3;4;https://www.cian.ru/sale/flat/282638614/
18 500 000,00;18;SWAR;37,6;37,5;17;47;2024;0;1;0;3,15;1;https://www.cian.ru/sale/flat/299740765/
18 500 000,00;17;NAR;73;53;5;5;1960;64;0;0;3;3;https://www.cian.ru/sale/flat/300788549/
18 500 000,00;16;NEAR;73,8;51;3;12;1980;44;0;0;2,64;4;https://www.cian.ru/sale/flat/295849808/
18 500 000,00;16;SEAR;76,6;53,8;3;5;1958;66;0;0;3;4;https://www.cian.ru/sale/flat/300412066/
18 500 000,00;15;SAR;37;12;8;8;2019;5;0;0;3;1;https://www.cian.ru/sale/flat/295930960/
18 500 000,00;15;SAR;40,6;37,5;11;16;2023;1;0;0;3;2;https://www.cian.ru/sale/flat/300032408/
18 500 000,00;14;WAR;43,2;37,5;3;25;2015;9;0;1;3;2;https://www.cian.ru/sale/flat/289779311/
18 500 000,00;14;SEAR;52,6;37,5;6;14;1976;48;0;0;2,7;2;https://www.cian.ru/sale/flat/300112210/
18 500 000,00;13;SEAR;80,1;48,7;5;12;1983;41;0;0;2,64;3;https://www.cian.ru/sale/flat/300733347/
18 500 000,00;12;NAR;38,3;37,5;7;21;2023;1;0;1;3,13;2;https://www.cian.ru/sale/flat/299924004/
18 500 000,00;12;NEAR;53,1;31,5;16;17;2004;20;0;0;2,55;2;https://www.cian.ru/sale/flat/300733343/
18 500 000,00;11;SEAR;90,7;37,5;4;12;1984;40;0;0;2,7;4;https://www.cian.ru/sale/flat/297121259/
18 500 000,00;10;NWAR;41;37,5;12;28;2022;2;0;0;3,02;1;https://www.cian.ru/sale/flat/298839224/
18 500 000,00;10;NAR;45;37,5;5;5;1962;62;0;0;2,48;2;https://www.cian.ru/sale/flat/300427642/
18 500 000,00;9;NEAR;53,2;37,5;8;25;2022;2;0;0;3;2;https://www.cian.ru/sale/flat/299461037/
18 500 000,00;9;WAR;62,6;48;4;9;1969;55;0;0;2,6;4;https://www.cian.ru/sale/flat/294650914/
18 500 000,00;8;WAR;42,6;37,5;15;24;2024;0;1;0;3;1;https://www.cian.ru/sale/flat/299463238/
18 500 000,00;7;WAR;73;50;5;5;2019;5;0;0;3;3;https://www.cian.ru/sale/flat/293454410/
18 500 000,00;6;NEAR;57,3;37,5;18;22;2019;5;0;0;3;2;https://www.cian.ru/sale/flat/299856835/
18 500 000,00;4;NWAR;54,7;37,5;3;5;1964;60;0;0;2,48;3;https://www.cian.ru/sale/flat/299595531/
18 500 000,00;2;SEAR;35,1;12;27;30;2021;3;0;0;3;1;https://www.cian.ru/sale/flat/297730158/
18 523 001,00;17;SEAR;41,3;12,3;22;30;2024;0;1;0;2,87;1;https://www.cian.ru/sale/flat/300575265/
18 550 000,00;17;NWAR;38,9;15,2;8;44;2023;1;1;0;3;1;https://www.cian.ru/sale/flat/296284550/
18 574 202,00;23;SWAR;84,9;37,5;2;21;2023;1;1;0;2,99;4;https://www.cian.ru/sale/flat/297569208/
18 588 577,00;19;SEAR;37,4;9,7;29;30;2024;0;1;0;2,87;1;https://www.cian.ru/sale/flat/300575567/
18 600 000,00;16;WAR;43,5;37,5;13;21;2015;9;0;1;3;2;https://www.cian.ru/sale/flat/299757372/
18 600 000,00;11;NWAR;37,6;37,5;37;53;2021;3;0;0;3;1;https://www.cian.ru/sale/flat/295760765/
18 600 000,00;10;SAR;37,7;22,8;8;9;1964;60;0;0;2,6;2;https://www.cian.ru/sale/flat/297903197/
18 600 000,00;7;NWAR;56,6;37,5;2;25;2014;10;0;0;2,75;2;https://www.cian.ru/sale/flat/291104285/
18 600 000,00;5;NWAR;38;37,5;9;25;2023;1;0;0;3,1;1;https://www.cian.ru/sale/flat/294670793/
18 603 000,00;8;SAR;47,7;37,5;3;9;1974;50;0;0;2,64;2;https://www.cian.ru/sale/flat/298726841/
18 627 000,00;14;WAR;52,5;20,8;28;33;2023;1;1;0;2,7;2;https://www.cian.ru/sale/flat/289149353/
18 650 000,00;20;SAR;44,3;37,5;5;16;2023;1;1;0;3,15;2;https://www.cian.ru/sale/flat/300567987/
18 652 971,00;9;EAR;61,13;46,8;11;25;2024;0;1;1;2,8;3;https://www.cian.ru/sale/flat/300294332/
18 688 012,00;10;SEAR;51,4;37,5;26;33;2023;1;1;0;2,72;2;https://www.cian.ru/sale/flat/300362060/
18 690 000,00;11;SEAR;85,6;57,1;3;12;2019;5;0;0;3;4;https://www.cian.ru/sale/flat/293144686/
18 700 000,00;17;SAR;36,5;10,2;16;46;2019;5;0;0;3;1;https://www.cian.ru/sale/flat/300499349/
18 700 000,00;14;WAR;37,7;17,7;7;27;2019;5;0;0;3;1;https://www.cian.ru/sale/flat/300110671/
18 700 000,00;12;SAR;46;37,5;13;24;2022;2;0;0;2,8;2;https://www.cian.ru/sale/flat/300445688/
18 700 000,00;9;NAR;44,7;20;3;22;2023;1;0;1;3;1;https://www.cian.ru/sale/flat/299969211/
18 700 000,00;9;NAR;44,7;37,5;3;22;2023;1;0;1;3;2;https://www.cian.ru/sale/flat/299982265/
18 700 000,00;7;SEAR;48,4;21,4;15;27;2023;1;1;0;3;2;https://www.cian.ru/sale/flat/296856934/
18 700 000,00;6;WAR;53,1;27,7;18;32;2022;2;0;0;2,62;2;https://www.cian.ru/sale/flat/299482557/
18 762 218,00;17;SEAR;41,5;12,3;28;30;2024;0;1;0;2,87;1;https://www.cian.ru/sale/flat/300575270/
18 770 841,00;10;SEAR;51,6;37,5;31;33;2023;1;1;0;2,72;2;https://www.cian.ru/sale/flat/300362081/
18 799 000,00;5;WAR;55;30;7;21;2023;1;1;0;3;3;https://www.cian.ru/sale/flat/299812955/
18 800 000,00;15;NWAR;34,7;15,6;19;44;2023;1;1;0;3,6;1;https://www.cian.ru/sale/flat/298745465/
18 800 000,00;12;NEAR;34,2;37,5;18;20;2021;3;0;1;3;1;https://www.cian.ru/sale/flat/300241514/
18 800 000,00;8;NAR;47,6;30,8;10;35;2023;1;1;0;3;2;https://www.cian.ru/sale/flat/300251772/
18 800 000,00;5;NWAR;60;10;18;24;2022;2;0;0;2,8;2;https://www.cian.ru/sale/flat/300787656/
18 800 000,00;4;EAR;56,8;37,5;2;12;1979;45;0;0;3;2;https://www.cian.ru/sale/flat/294716867/
18 865 980,00;10;NAR;46;13,4;32;32;2023;1;1;0;2,72;1;https://www.cian.ru/sale/flat/279400254/
18 873 388,00;24;WAR;43,2;13,6;8;21;2023;1;1;0;2,74;1;https://www.cian.ru/sale/flat/291534652/
18 878 400,00;9;NEAR;50,1;37,5;12;27;2022;2;1;0;3;1;https://www.cian.ru/sale/flat/294033379/
18 888 888,00;5;NAR;38,64;7;22;30;2018;6;0;0;2,8;1;https://www.cian.ru/sale/flat/300441246/
18 900 000,00;20;SWAR;42,6;26,7;10;42;2023;1;0;0;3;2;https://www.cian.ru/sale/flat/300368305/
18 900 000,00;12;SEAR;73,5;50,5;3;12;1984;40;0;0;2,6;4;https://www.cian.ru/sale/flat/297459059/
18 900 000,00;11;SEAR;41,7;37,5;5;26;2023;1;0;0;2,6;1;https://www.cian.ru/sale/flat/300832068/
18 900 000,00;9;NWAR;35;25;8;33;2023;1;1;0;3,5;1;https://www.cian.ru/sale/flat/299132213/
18 900 000,00;7;CAR;33;16,7;8;12;1974;50;0;0;2,6;1;https://www.cian.ru/sale/flat/296836592/
18 900 000,00;4;SAR;41,7;15,9;23;26;2023;1;0;0;3;1;https://www.cian.ru/sale/flat/295736833/
18 900 000,00;2;NEAR;49,1;37,5;17;18;2019;5;0;1;3;2;https://www.cian.ru/sale/flat/300528739/
18 914 069,00;22;NWAR;65,6;20,3;3;25;2022;2;1;1;3;3;https://www.cian.ru/sale/flat/296357844/
18 950 000,00;5;NAR;64,1;37,5;3;17;2015;9;0;0;2,75;2;https://www.cian.ru/sale/flat/299389260/
18 963 034,00;16;NAR;89,6;52;4;14;2023;1;1;0;2,84;4;https://www.cian.ru/sale/flat/297032899/
18 972 800,00;30;WAR;44;15,6;9;34;2023;1;1;0;2,62;1;https://www.cian.ru/sale/flat/300679308/
18 973 473,00;4;SWAR;87,3;37,5;2;21;2023;1;1;0;2,99;3;https://www.cian.ru/sale/flat/297569207/
18 982 653,00;4;NWAR;39,36;11,7;48;52;2024;0;1;0;2,85;1;https://www.cian.ru/sale/flat/294936941/
18 990 000,00;7;SWAR;47;15,6;3;34;2023;1;0;0;3;1;https://www.cian.ru/sale/flat/300415453/
18 990 000,00;6;WAR;99,5;64;17;22;2019;5;0;0;3;4;https://www.cian.ru/sale/flat/300345183/
18 995 000,00;14;SWAR;81;50;13;14;1992;32;0;0;2,7;3;https://www.cian.ru/sale/flat/296922765/
18 999 999,00;8;WAR;60;32;2;23;2019;5;0;0;3;2;https://www.cian.ru/sale/flat/298382931/
18 999 999,00;5;SAR;63,9;43,6;6;9;1969;55;0;0;2,64;4;https://www.cian.ru/sale/flat/300348093/
19 000 000,00;19;SEAR;34,6;12;12;14;2023;1;1;0;3;1;https://www.cian.ru/sale/flat/300103650/
19 000 000,00;11;SEAR;49,6;16,3;9;22;2023;1;1;0;3;1;https://www.cian.ru/sale/flat/296575731/
19 000 000,00;11;SAR;53;38;13;17;2020;4;0;1;2,6;2;https://www.cian.ru/sale/flat/296314137/
19 000 000,00;9;WAR;40,6;17,7;12;16;2019;5;0;0;3;1;https://www.cian.ru/sale/flat/300889564/
19 000 000,00;9;NWAR;43;22;19;22;2019;5;0;1;3;1;https://www.cian.ru/sale/flat/300397973/
19 000 000,00;9;SAR;110;52,8;2;18;2023;1;1;0;2,8;3;https://www.cian.ru/sale/flat/297118874/
19 000 000,00;8;NWAR;35;37,5;3;32;2023;1;0;0;3;1;https://www.cian.ru/sale/flat/298159475/
19 000 000,00;8;NAR;47;20;35;35;2021;3;0;0;3;1;https://www.cian.ru/sale/flat/296780495/
19 000 000,00;8;CAR;47;30;5;6;2019;5;0;0;3;3;https://www.cian.ru/sale/flat/300640756/
19 000 000,00;5;NWAR;35,5;15,2;7;23;2023;1;0;0;3,2;1;https://www.cian.ru/sale/flat/291807482/
19 000 000,00;5;NWAR;38;37,5;17;25;2023;1;0;0;3,1;1;https://www.cian.ru/sale/flat/300144568/
19 000 000,00;3;SAR;53,3;37,5;4;8;1960;64;0;0;2,7;2;https://www.cian.ru/sale/flat/300428385/
19 000 000,00;1;SEAR;71,8;51,9;5;5;1929;95;0;0;3;4;https://www.cian.ru/sale/flat/294418297/
19 027 591,00;29;WAR;43,7;15,6;31;33;2023;1;1;0;2,62;1;https://www.cian.ru/sale/flat/300679191/
19 080 360,00;11;WAR;48,6;21,7;28;33;2023;1;1;0;2,62;2;https://www.cian.ru/sale/flat/291512784/
19 081 776,00;10;SEAR;56;37,5;2;33;2023;1;1;0;2,72;2;https://www.cian.ru/sale/flat/300362033/
19 113 240,00;4;WAR;66,4;31,5;2;29;2022;2;1;1;3;2;https://www.cian.ru/sale/flat/286713661/
19 162 944,00;15;NAR;40,8;37,5;35;36;2023;1;1;0;2,95;1;https://www.cian.ru/sale/flat/298317466/
19 168 200,00;10;SEAR;46;14,3;2;29;2022;2;1;0;2,87;1;https://www.cian.ru/sale/flat/300575274/
19 200 000,00;9;WAR;72,1;50,4;4;5;1954;70;0;0;3;3;https://www.cian.ru/sale/flat/300122099/
19 200 000,00;5;WAR;76;52;2;12;1983;41;0;0;2,64;4;https://www.cian.ru/sale/flat/294644665/
19 200 000,00;2;NAR;42,3;32,2;2;8;1960;64;0;0;2,65;2;https://www.cian.ru/sale/flat/299389518/
19 250 000,00;8;NAR;54;32,1;6;17;2007;17;0;0;3;2;https://www.cian.ru/sale/flat/299235333/
19 260 000,00;19;WAR;57;40,2;6;10;2019;5;0;0;3;3;https://www.cian.ru/sale/flat/300592453/
19 280 000,00;14;WAR;45,3;37,5;22;27;2022;2;1;0;3;1;https://www.cian.ru/sale/flat/299256398/
19 280 443,00;16;NAR;85,7;48,2;5;14;2023;1;1;0;2,84;4;https://www.cian.ru/sale/flat/297033464/
19 300 000,00;8;EAR;57;36;3;6;1927;97;0;0;3,2;2;https://www.cian.ru/sale/flat/300654584/
19 300 000,00;4;EAR;80;43;10;11;2005;19;0;0;3;3;https://www.cian.ru/sale/flat/294650660/
19 328 110,00;27;NEAR;42,1;12,7;5;14;2023;1;1;0;2,83;1;https://www.cian.ru/sale/flat/300918140/
19 344 758,00;7;SAR;47,6;37,5;13;15;2022;2;1;0;2,7;1;https://www.cian.ru/sale/flat/300289659/
19 350 000,00;10;SWAR;92,6;63,7;5;9;2019;5;0;0;3;4;https://www.cian.ru/sale/flat/300442688/
19 350 000,00;6;WAR;100,4;64,7;17;22;1988;36;0;0;2,64;4;https://www.cian.ru/sale/flat/291866313/
19 383 067,00;21;NWAR;85,4;39,1;6;24;2022;2;1;0;2,82;3;https://www.cian.ru/sale/flat/300917933/
19 400 000,00;5;NWAR;38;14;11;24;2023;1;1;0;3,15;1;https://www.cian.ru/sale/flat/298051122/
19 400 000,00;5;EAR;72,1;52;6;16;1968;56;0;0;2,65;4;https://www.cian.ru/sale/flat/298169684/
19 400 962,00;19;SEAR;41,4;13,1;23;30;2024;0;1;0;2,87;1;https://www.cian.ru/sale/flat/300575526/
19 418 339,00;6;NWAR;64,54;43,9;22;22;2022;2;1;1;3;2;https://www.cian.ru/sale/flat/297552658/
19 427 045,00;16;NAR;83,9;46,3;11;13;2023;1;1;0;2,84;3;https://www.cian.ru/sale/flat/297032835/
19 431 200,00;27;NEAR;45,4;13,3;10;14;2023;1;1;0;2,83;1;https://www.cian.ru/sale/flat/300918147/
19 435 000,00;13;NAR;54;33;3;5;1961;63;0;0;2,65;2;https://www.cian.ru/sale/flat/291968693/
19 450 000,00;15;SEAR;37;15;5;28;2021;3;0;0;3,2;1;https://www.cian.ru/sale/flat/295896231/
19 458 439,00;5;WAR;71,5;37,5;7;25;2021;3;1;0;2,63;2;https://www.cian.ru/sale/flat/300605473/
19 468 778,00;30;WAR;51,4;22,7;4;33;2024;0;1;0;2,62;2;https://www.cian.ru/sale/flat/300679261/
19 490 000,00;9;CAR;52,7;21;5;7;2018;6;0;1;3,4;1;https://www.cian.ru/sale/flat/298068780/
19 499 999,00;9;SWAR;47,2;17;3;42;2019;5;0;0;3;1;https://www.cian.ru/sale/flat/296438200/
19 500 000,00;19;SEAR;57,4;37,5;10;11;2021;3;0;1;3;2;https://www.cian.ru/sale/flat/295669985/
19 500 000,00;16;NWAR;39;12,5;2;6;2023;1;1;1;3,24;1;https://www.cian.ru/sale/flat/299370745/
19 500 000,00;14;SAR;42,8;12,8;9;14;2023;1;1;0;3;1;https://www.cian.ru/sale/flat/297333633/
19 500 000,00;10;NEAR;50;33,9;18;27;2022;2;0;0;3,2;2;https://www.cian.ru/sale/flat/299068142/
19 500 000,00;8;CAR;35;18;7;9;1976;48;0;0;2,6;1;https://www.cian.ru/sale/flat/300225205/
19 500 000,00;8;WAR;36,9;37,5;6;17;2022;2;0;0;3,12;1;https://www.cian.ru/sale/flat/295222259/
19 500 000,00;7;WAR;51;20,3;16;17;2023;1;1;0;3;2;https://www.cian.ru/sale/flat/300488768/
19 500 000,00;7;NWAR;60,9;37,5;15;28;2019;5;0;0;3;2;https://www.cian.ru/sale/flat/300499251/
19 500 000,00;7;SEAR;84;56;7;8;1940;84;0;0;3,2;4;https://www.cian.ru/sale/flat/298902914/
19 500 000,00;6;SAR;42,3;37,5;10;13;2024;0;1;0;2,65;1;https://www.cian.ru/sale/flat/300982132/
19 500 000,00;4;SEAR;80,6;48;5;14;2003;21;0;0;3;3;https://www.cian.ru/sale/flat/298830650/
19 500 000,00;4;NAR;83,9;54,3;5;14;1992;32;0;0;2,64;4;https://www.cian.ru/sale/flat/292686236/
19 545 610,00;10;SEAR;56,5;37,5;29;33;2023;1;1;0;2,72;2;https://www.cian.ru/sale/flat/300362039/
19 559 584,00;2;EAR;47,09;18,6;2;20;2024;0;1;0;3;2;https://www.cian.ru/sale/flat/297151036/
19 570 315,00;10;SEAR;57,9;37,5;6;33;2023;1;1;0;2,72;2;https://www.cian.ru/sale/flat/300362053/
19 573 961,00;19;SEAR;41,5;13,1;28;30;2024;0;1;0;2,87;1;https://www.cian.ru/sale/flat/300575531/
19 599 000,00;12;NAR;81;57;4;12;1981;43;0;0;2,5;4;https://www.cian.ru/sale/flat/299586601/
19 600 000,00;9;SAR;103,5;53,4;10;20;2022;2;1;0;3;3;https://www.cian.ru/sale/flat/291048126/
19 601 636,00;10;WAR;68,9;37,5;4;25;2021;3;1;0;2,63;2;https://www.cian.ru/sale/flat/300889114/
19 614 228,00;9;NWAR;41,9;37,5;36;47;2023;1;1;0;3,05;1;https://www.cian.ru/sale/flat/296745558/
19 654 093,00;5;SAR;40,66;25,5;26;26;2023;1;1;0;2,87;2;https://www.cian.ru/sale/flat/284858726/
19 678 335,00;6;NAR;101,3;62,1;5;15;2023;1;1;0;2,84;4;https://www.cian.ru/sale/flat/297033401/
19 690 000,00;2;WAR;56,3;36,7;9;9;1977;47;0;0;3;2;https://www.cian.ru/sale/flat/299518128/
19 700 000,00;26;NWAR;53,2;37,5;5;21;2024;0;1;0;3;2;https://www.cian.ru/sale/flat/300283885/
19 700 000,00;20;SWAR;42,7;13,2;10;42;2023;1;0;0;3;1;https://www.cian.ru/sale/flat/299323266/
19 700 000,00;20;SWAR;45,7;15,5;16;42;2023;1;0;0;3;1;https://www.cian.ru/sale/flat/300269721/
19 700 000,00;13;WAR;33;37,5;5;9;1962;62;0;0;3;1;https://www.cian.ru/sale/flat/300709125/
19 700 000,00;10;NAR;50,5;15,9;27;44;2019;5;0;0;3;2;https://www.cian.ru/sale/flat/296741786/
19 700 000,00;8;WAR;41,7;37,5;24;24;2024;0;1;0;2,65;1;https://www.cian.ru/sale/flat/298277263/
19 700 000,00;7;WAR;50,2;30,3;3;17;1985;39;0;0;2,64;2;https://www.cian.ru/sale/flat/297303391/
19 700 000,00;6;SWAR;92,2;63,4;4;12;2000;24;0;0;2,64;4;https://www.cian.ru/sale/flat/294062823/
19 700 000,00;3;SWAR;91;66;5;10;1995;29;0;0;2,64;4;https://www.cian.ru/sale/flat/299708595/
19 730 000,00;14;WAR;46,3;37,5;23;27;2022;2;1;0;3;1;https://www.cian.ru/sale/flat/299256404/
19 748 103,00;5;WAR;62,3;29,3;2;23;2023;1;1;0;2,73;2;https://www.cian.ru/sale/flat/298525426/
19 750 000,00;5;NWAR;53,4;37,5;9;16;2019;5;0;0;3;2;https://www.cian.ru/sale/flat/300449678/
19 762 560,00;9;NWAR;43,8;37,5;36;47;2023;1;1;0;3,05;1;https://www.cian.ru/sale/flat/296745561/
19 764 973,00;30;WAR;51,9;23,1;6;33;2024;0;1;0;2,62;2;https://www.cian.ru/sale/flat/300679268/
19 789 000,00;12;SWAR;56,5;32,1;9;17;1998;26;0;0;2,64;2;https://www.cian.ru/sale/flat/288255306/
19 795 000,00;4;EAR;51,61;20,7;21;29;2023;1;1;0;3;2;https://www.cian.ru/sale/flat/299292598/
19 800 000,00;15;SAR;50,5;26,1;12;22;2023;1;0;1;3;2;https://www.cian.ru/sale/flat/294564627/
19 800 000,00;11;CAR;31;37,5;3;5;1958;66;0;0;2,85;1;https://www.cian.ru/sale/flat/294476646/
19 800 000,00;11;WAR;60;34;6;17;2019;5;0;0;2,7;2;https://www.cian.ru/sale/flat/300418102/
19 800 000,00;10;NWAR;46;37,5;9;26;2024;0;1;0;4,4;2;https://www.cian.ru/sale/flat/300567867/
19 800 000,00;10;NAR;61,6;37,5;3;4;1958;66;0;0;3;2;https://www.cian.ru/sale/flat/300523406/
19 800 000,00;8;NAR;61;36;17;22;2023;1;0;0;2,93;2;https://www.cian.ru/sale/flat/296923306/
19 800 000,00;4;SAR;48,6;37,5;18;23;2020;4;0;0;3;2;https://www.cian.ru/sale/flat/300794127/
19 821 140,00;10;WAR;43,68;30,6;29;30;2023;1;1;0;3,3;2;https://www.cian.ru/sale/flat/298589269/
19 821 352,00;6;NAR;40,6;37,5;3;33;2024;0;1;1;2,7;2;https://www.cian.ru/sale/flat/299401333/
19 850 000,00;11;EAR;57,1;37,5;5;25;2020;4;0;0;2,8;2;https://www.cian.ru/sale/flat/300588052/
19 850 000,00;8;SEAR;59,3;37,5;30;33;2021;3;0;0;2,72;2;https://www.cian.ru/sale/flat/299184528/
19 869 852,00;5;WAR;68,8;37,5;9;25;2021;3;1;0;2,63;2;https://www.cian.ru/sale/flat/299449787/
19 870 358,00;8;NEAR;57,4;37,5;3;22;2021;3;1;0;2,72;2;https://www.cian.ru/sale/flat/294768589/
19 882 837,00;29;WAR;48,9;21,1;29;33;2023;1;1;0;2,62;2;https://www.cian.ru/sale/flat/300679360/
19 890 000,00;14;WAR;92;48;25;25;2007;17;0;0;2,7;2;https://www.cian.ru/sale/flat/296709126/
19 900 000,00;20;NWAR;45;37,5;8;20;2023;1;0;0;2,8;2;https://www.cian.ru/sale/flat/299967084/
19 900 000,00;20;NWAR;45;37,5;16;20;2023;1;0;0;3;2;https://www.cian.ru/sale/flat/299985394/
19 900 000,00;9;SAR;74,6;37,9;8;15;2019;5;0;1;3;3;https://www.cian.ru/sale/flat/298462127/
19 900 000,00;5;CAR;42;37,5;2;9;1968;56;0;0;2,6;2;https://www.cian.ru/sale/flat/300541952/
19 900 000,00;4;SAR;49;32;7;17;2020;4;0;0;3;2;https://www.cian.ru/sale/flat/297994423/
19 921 381,00;30;WAR;55,8;22,1;1;17;2024;0;1;0;3,3;1;https://www.cian.ru/sale/flat/300679182/
19 932 179,00;5;SWAR;40,3;37,5;10;25;2024;0;1;0;3,17;1;https://www.cian.ru/sale/flat/294886650/
19 950 000,00;11;WAR;99,3;64;20;22;1988;36;0;0;2,64;4;https://www.cian.ru/sale/flat/299017679/
19 950 000,00;8;WAR;36;10;3;33;2022;2;0;0;2,6;1;https://www.cian.ru/sale/flat/294952977/
19 980 000,00;20;NWAR;39;16;5;25;2022;2;0;0;3;2;https://www.cian.ru/sale/flat/299615213/
19 980 000,00;18;SEAR;101;64;21;22;1996;28;0;0;2,66;4;https://www.cian.ru/sale/flat/299371010/
19 990 000,00;19;SAR;49;11;2;29;2023;1;0;0;3;1;https://www.cian.ru/sale/flat/300176709/
19 990 000,00;15;SEAR;34;20;6;28;2021;3;0;0;3;1;https://www.cian.ru/sale/flat/299108822/
19 990 000,00;12;CAR;45,2;37,5;4;8;1959;65;0;0;2,8;2;https://www.cian.ru/sale/flat/299595089/
19 990 000,00;7;SWAR;46,4;17,7;11;34;2019;5;0;0;3;1;https://www.cian.ru/sale/flat/296361605/
19 990 000,00;5;NEAR;54,8;37,5;3;8;1960;64;0;0;3;2;https://www.cian.ru/sale/flat/299501793/
19 990 000,00;4;NWAR;58,5;32,9;17;17;2019;5;0;0;3;2;https://www.cian.ru/sale/flat/296029218/
19 990 000,00;3;NEAR;62;33;3;7;1957;67;0;0;3,2;2;https://www.cian.ru/sale/flat/299899135/
19 990 000,00;3;NAR;64,3;37,5;3;6;1940;84;0;0;3;2;https://www.cian.ru/sale/flat/300707176/
19 999 000,00;17;SAR;65,61;37,8;4;12;2024;0;1;0;3;2;https://www.cian.ru/sale/flat/299855892/
19 999 000,00;10;SWAR;48,2;37,5;8;8;1960;64;0;0;2,8;2;https://www.cian.ru/sale/flat/299293831/
19 999 000,00;8;WAR;99,8;64,4;2;22;1992;32;0;0;2,64;4;https://www.cian.ru/sale/flat/300059787/
19 999 900,00;9;NWAR;48,6;18;19;21;2022;2;0;1;3;1;https://www.cian.ru/sale/flat/293743894/
19 999 999,00;16;SAR;54;37,5;8;26;2024;0;1;0;3;1;https://www.cian.ru/sale/flat/300620700/
19 999 999,00;11;SEAR;37,6;15,8;3;13;2023;1;1;0;3;1;https://www.cian.ru/sale/flat/294354130/
20 000 000,00;15;WAR;54;32;9;17;1986;38;0;0;2,64;2;https://www.cian.ru/sale/flat/300320333/
20 000 000,00;14;SWAR;61;34,8;4;13;2023;1;1;0;3;2;https://www.cian.ru/sale/flat/300006140/
20 000 000,00;12;SEAR;74,7;43,9;3;17;1990;34;0;0;2,64;3;https://www.cian.ru/sale/flat/300752416/
20 000 000,00;9;NWAR;41,3;15,2;12;48;2022;2;0;0;3,1;1;https://www.cian.ru/sale/flat/299523715/
20 000 000,00;9;NWAR;41,8;14,5;12;48;2022;2;0;0;3,1;1;https://www.cian.ru/sale/flat/299523717/
20 000 000,00;9;NWAR;42,4;15;18;48;2022;2;0;0;3;1;https://www.cian.ru/sale/flat/292001549/
20 000 000,00;8;WAR;64;37,5;5;9;1967;57;0;0;2,64;4;https://www.cian.ru/sale/flat/299062643/
20 000 000,00;8;WAR;67;50;5;9;2019;5;0;0;3;4;https://www.cian.ru/sale/flat/301016139/
20 000 000,00;8;WAR;67;47;5;9;1968;56;0;0;2,5;4;https://www.cian.ru/sale/flat/300942055/
20 000 000,00;7;CAR;45;31,4;5;9;2019;5;0;0;3;2;https://www.cian.ru/sale/flat/300112199/
20 000 000,00;7;EAR;79;55,4;5;6;1927;97;0;0;3;4;https://www.cian.ru/sale/flat/297525115/
20 000 000,00;6;WAR;55,3;37,5;2;54;2024;0;1;0;3;1;https://www.cian.ru/sale/flat/298623574/
20 000 000,00;6;SWAR;96,4;60;2;14;2002;22;0;0;2,64;4;https://www.cian.ru/sale/flat/291111348/
20 000 000,00;5;NWAR;37,6;14,7;20;25;2023;1;1;0;3;1;https://www.cian.ru/sale/flat/298839620/
20 000 000,00;5;CAR;41;25,3;5;5;1961;63;0;0;2,7;2;https://www.cian.ru/sale/flat/300844237/
20 000 000,00;5;WAR;45,5;37,5;5;6;1961;63;0;0;2,7;2;https://www.cian.ru/sale/flat/300605744/
20 000 000,00;5;SAR;97,7;62,1;17;18;2021;3;0;0;2,8;4;https://www.cian.ru/sale/flat/293891888/
20 000 000,00;4;NEAR;52,3;27,7;6;33;2023;1;1;0;3;2;https://www.cian.ru/sale/flat/299601485/
20 000 000,00;2;SEAR;52,5;30,5;8;14;1985;39;0;0;2,64;2;https://www.cian.ru/sale/flat/292659494/
20 004 880,00;11;WAR;51,4;23,2;25;33;2023;1;1;0;2,62;2;https://www.cian.ru/sale/flat/297434006/
20 018 048,00;30;WAR;48,6;37,5;27;33;2023;1;1;0;2,62;2;https://www.cian.ru/sale/flat/300679492/
20 058 305,00;16;NAR;90,7;54,1;13;14;2023;1;1;0;2,84;4;https://www.cian.ru/sale/flat/297032953/
20 069 280,00;12;WAR;54,3;20,2;20;21;2023;1;1;0;2,7;2;https://www.cian.ru/sale/flat/288566013/
20 072 275,00;7;SAR;38,5;37,5;12;15;2022;2;1;0;2,7;1;https://www.cian.ru/sale/flat/299533279/
20 087 358,00;10;WAR;47,83;33,7;20;29;2023;1;1;0;3,3;2;https://www.cian.ru/sale/flat/297986195/
20 115 950,00;12;WAR;54,5;20,2;15;21;2023;1;1;0;2,7;2;https://www.cian.ru/sale/flat/274414262/
20 128 403,00;24;SAR;40,9;12,8;10;16;2023;1;1;0;3,15;1;https://www.cian.ru/sale/flat/293736482/
20 150 000,00;17;NAR;74,6;37,5;7;12;2024;0;1;0;3;2;https://www.cian.ru/sale/flat/300110568/
20 154 060,00;12;WAR;49,8;35,6;20;21;2020;4;1;1;3,3;2;https://www.cian.ru/sale/flat/291690425/
20 182 750,00;9;NEAR;58,5;37,5;3;27;2022;2;1;0;3;2;https://www.cian.ru/sale/flat/294033761/
20 196 286,00;8;NEAR;58,4;37,5;2;22;2021;3;1;0;2,72;2;https://www.cian.ru/sale/flat/294768587/
20 200 000,00;6;NWAR;72,7;50,7;4;5;1959;65;0;0;3,1;3;https://www.cian.ru/sale/flat/296830257/
20 200 000,00;5;NWAR;38;14;11;23;2019;5;0;0;3,3;1;https://www.cian.ru/sale/flat/297298638/
20 257 800,00;9;NEAR;51,2;37,5;11;27;2022;2;1;0;3;1;https://www.cian.ru/sale/flat/296010064/
20 299 959,00;5;NEAR;67,4;37,5;2;33;2023;1;1;0;2,63;2;https://www.cian.ru/sale/flat/299449844/
20 300 000,00;20;SAR;64,7;49,7;14;16;2019;5;0;0;2,5;3;https://www.cian.ru/sale/flat/298879818/
20 300 000,00;12;NAR;45;28;7;14;1971;53;0;0;2,64;2;https://www.cian.ru/sale/flat/300813808/
20 300 000,00;10;SAR;74,6;58,4;4;9;1965;59;0;0;2,64;4;https://www.cian.ru/sale/flat/292374663/
20 300 000,00;9;SAR;69,4;37,5;17;23;2007;17;0;0;3;1;https://www.cian.ru/sale/flat/300814010/
20 300 000,00;8;SEAR;60,1;37,5;8;20;2019;5;0;0;2,9;2;https://www.cian.ru/sale/flat/298820904/
20 300 000,00;6;NWAR;90,5;61,7;1;16;2019;5;0;0;2,8;4;https://www.cian.ru/sale/flat/298485891/
20 300 000,00;5;EAR;71,1;49,4;9;16;1968;56;0;0;2,64;4;https://www.cian.ru/sale/flat/297074040/
20 301 398,00;27;SAR;71,6;29,1;2;33;2023;1;1;0;2,62;2;https://www.cian.ru/sale/flat/300725137/
20 303 991,00;22;SAR;74,7;34,6;26;33;2023;1;1;0;2,62;3;https://www.cian.ru/sale/flat/300725246/
20 349 681,00;4;NWAR;43,98;14,7;49;52;2024;0;1;0;2,85;1;https://www.cian.ru/sale/flat/294936933/
20 398 240,00;4;EAR;55,43;27,2;19;29;2023;1;1;0;3;2;https://www.cian.ru/sale/flat/300687592/
20 400 000,00;10;CAR;53,6;30,5;7;12;2001;23;0;0;2,75;2;https://www.cian.ru/sale/flat/298598845/
20 400 000,00;9;NAR;77;45,1;5;12;2001;23;0;0;2,75;3;https://www.cian.ru/sale/flat/298575010/
20 421 075,00;5;SWAR;41;37,5;12;25;2024;0;1;0;3,17;1;https://www.cian.ru/sale/flat/294550004/
20 450 000,00;13;SAR;43,09;37,5;3;20;2024;0;1;0;3,9;1;https://www.cian.ru/sale/flat/298680296/
20 450 000,00;5;EAR;76,1;55,1;4;14;2003;21;0;0;2,7;2;https://www.cian.ru/sale/flat/299034172/
20 463 155,00;8;NAR;39,7;25,6;16;35;2023;1;1;0;3,1;2;https://www.cian.ru/sale/flat/298335378/
20 490 000,00;13;WAR;59;37,5;11;17;1988;36;0;0;2,8;2;https://www.cian.ru/sale/flat/299121498/
20 490 000,00;9;SEAR;64;43;9;12;1980;44;0;0;2,6;3;https://www.cian.ru/sale/flat/299875840/
20 493 503,00;5;WAR;75,7;37,5;10;25;2021;3;1;0;2,63;3;https://www.cian.ru/sale/flat/300605475/
20 499 990,00;20;SAR;40;11,1;13;48;2023;1;0;0;3;1;https://www.cian.ru/sale/flat/300422203/
20 500 000,00;20;NEAR;57,7;37,5;2;22;2021;3;0;0;2,7;2;https://www.cian.ru/sale/flat/300569317/
20 500 000,00;19;SEAR;43,7;14,2;5;14;2023;1;1;0;3;1;https://www.cian.ru/sale/flat/297514531/
20 500 000,00;19;NAR;59,6;37,5;4;17;2011;13;0;0;2,74;2;https://www.cian.ru/sale/flat/300791931/
20 500 000,00;16;WAR;41,2;16,2;10;17;2019;5;0;0;3;2;https://www.cian.ru/sale/flat/299166849/
20 500 000,00;15;SWAR;87;37,5;22;23;2019;5;0;0;3;4;https://www.cian.ru/sale/flat/299404883/
20 500 000,00;13;SAR;47;13;7;20;2024;0;1;0;3,9;2;https://www.cian.ru/sale/flat/299287253/
20 500 000,00;10;NAR;55;40;6;12;1979;45;0;0;3;2;https://www.cian.ru/sale/flat/300497889/
20 500 000,00;8;WAR;46,3;37,5;22;31;2022;2;0;0;3;2;https://www.cian.ru/sale/flat/300662643/
20 500 000,00;8;WAR;67;53;5;9;1967;57;0;0;2,5;4;https://www.cian.ru/sale/flat/300889157/
20 500 000,00;6;WAR;68,5;37,5;18;24;2018;6;0;0;2,65;2;https://www.cian.ru/sale/flat/298502665/
20 500 000,00;5;NEAR;61,6;35;2;22;2020;4;0;0;2,8;3;https://www.cian.ru/sale/flat/300720765/
20 500 000,00;5;SAR;109,88;37,5;11;20;2023;1;0;0;3;4;https://www.cian.ru/sale/flat/295436992/
20 500 000,00;4;NAR;61;24,2;11;17;2022;2;1;0;3;2;https://www.cian.ru/sale/flat/259968915/
20 500 000,00;3;SWAR;54,5;32,6;5;8;2019;5;0;0;3;2;https://www.cian.ru/sale/flat/298487950/
20 500 000,00;3;SAR;70,4;37,5;6;16;1970;54;0;0;2,64;4;https://www.cian.ru/sale/flat/274704893/
20 500 000,00;3;EAR;78,4;42,1;4;6;1955;69;0;0;3;2;https://www.cian.ru/sale/flat/299432509/
20 500 000,00;1;SWAR;57,8;33,2;3;25;2012;12;0;0;2,78;2;https://www.cian.ru/sale/flat/300622649/
20 535 330,00;4;WAR;62,2;35,2;23;29;2022;2;1;1;3;2;https://www.cian.ru/sale/flat/290856466/
20 560 106,00;7;WAR;41;13,5;21;21;2023;1;1;0;3,87;1;https://www.cian.ru/sale/flat/279591937/
20 588 673,00;16;NWAR;61,7;37,5;2;24;2024;0;1;0;3;2;https://www.cian.ru/sale/flat/300361489/
20 600 000,00;13;EAR;85,4;55,8;1;5;1955;69;0;0;3;4;https://www.cian.ru/sale/flat/298220641/
20 605 421,00;24;WAR;44,2;12;4;9;2023;1;1;0;2,74;1;https://www.cian.ru/sale/flat/287417996/
20 606 706,00;17;SEAR;58,2;21,8;2;29;2024;0;1;0;2,87;2;https://www.cian.ru/sale/flat/300575195/
20 607 312,00;30;WAR;51,3;20,7;25;33;2023;1;1;0;2,62;2;https://www.cian.ru/sale/flat/300679483/
20 674 751,00;19;NEAR;62,9;37,5;25;33;2023;1;1;0;2,63;2;https://www.cian.ru/sale/flat/300439850/
20 682 606,00;11;NWAR;68,3;37,5;1;24;2022;2;1;0;3;2;https://www.cian.ru/sale/flat/300361491/
20 700 000,00;19;SAR;34,5;13;3;8;2022;2;0;0;3,15;1;https://www.cian.ru/sale/flat/299002987/
20 700 000,00;17;NWAR;43;22;18;22;2022;2;0;1;3;1;https://www.cian.ru/sale/flat/297952059/
20 700 000,00;16;WAR;62,2;32,6;19;25;2018;6;0;0;2,8;2;https://www.cian.ru/sale/flat/299270701/
20 700 000,00;10;SEAR;48;18;13;23;2018;6;0;0;3;2;https://www.cian.ru/sale/flat/299093186/
20 700 000,00;10;SEAR;68;37,5;5;14;1998;26;0;0;3;2;https://www.cian.ru/sale/flat/288702404/
20 708 100,00;20;NEAR;63;37,5;3;22;2021;3;1;0;2,79;2;https://www.cian.ru/sale/flat/295442241/
20 727 000,00;27;NEAR;47;24,4;20;22;2023;1;1;0;2,83;1;https://www.cian.ru/sale/flat/300918225/
20 750 050,00;4;WAR;61,3;38,8;19;29;2022;2;1;1;3;2;https://www.cian.ru/sale/flat/286250526/
20 750 600,00;8;NEAR;59,8;37,5;6;22;2021;3;1;0;2,72;2;https://www.cian.ru/sale/flat/299527046/
20 754 949,00;25;WAR;50,8;22,5;2;33;2023;1;1;0;2,62;2;https://www.cian.ru/sale/flat/300679635/
20 764 307,00;7;SAR;49;37,5;10;15;2022;2;1;0;2,7;1;https://www.cian.ru/sale/flat/300289638/
20 790 000,00;19;NWAR;60,2;46,4;6;12;1976;48;0;0;3;3;https://www.cian.ru/sale/flat/300235601/
20 800 000,00;12;NEAR;77,5;54,7;1;8;1960;64;0;0;3;4;https://www.cian.ru/sale/flat/300376768/
20 800 000,00;10;SWAR;82;37,5;8;9;1997;27;0;0;2,64;3;https://www.cian.ru/sale/flat/300527453/
20 800 000,00;9;NEAR;95,9;58,8;8;22;1984;40;0;0;2,64;4;https://www.cian.ru/sale/flat/296572798/
20 800 000,00;9;SWAR;100,7;60;14;22;1990;34;0;0;2,64;4;https://www.cian.ru/sale/flat/290609710/
20 849 617,00;5;SEAR;58,4;37,5;2;33;2023;1;1;0;2,72;2;https://www.cian.ru/sale/flat/300439849/
20 875 420,00;27;NEAR;48,2;24,5;11;22;2023;1;1;0;2,83;1;https://www.cian.ru/sale/flat/300918081/
20 878 638,00;15;NAR;45,7;37,5;21;36;2023;1;1;0;2,95;1;https://www.cian.ru/sale/flat/296215620/
20 880 000,00;6;CAR;45;32;6;8;1963;61;0;0;2,9;2;https://www.cian.ru/sale/flat/297532830/
20 899 000,00;6;NAR;58;47,2;32;33;2024;0;0;0;2,8;2;https://www.cian.ru/sale/flat/300522255/
20 900 000,00;18;SAR;39,2;37,5;2;29;2022;2;0;0;3,5;1;https://www.cian.ru/sale/flat/284708774/
20 900 000,00;10;NAR;46,1;37,5;18;22;2022;2;0;1;2,8;2;https://www.cian.ru/sale/flat/300104948/
20 900 000,00;9;NAR;56,3;43,6;6;9;1970;54;0;0;2,5;3;https://www.cian.ru/sale/flat/297719132/
20 900 000,00;7;SEAR;84,5;62,5;2;5;2019;5;0;0;3;4;https://www.cian.ru/sale/flat/289290608/
20 900 000,00;4;NEAR;67;44,8;2;7;1962;62;0;0;2,8;3;https://www.cian.ru/sale/flat/300288822/
20 900 000,00;4;SEAR;92;37,5;5;14;1997;27;0;0;2,7;4;https://www.cian.ru/sale/flat/300047621/
20 900 000,00;3;WAR;44;24;2;8;2020;4;0;0;3;2;https://www.cian.ru/sale/flat/300539822/
20 934 650,00;9;NEAR;52,9;37,5;26;27;2022;2;1;0;3;1;https://www.cian.ru/sale/flat/298655772/
20 970 000,00;8;WAR;48,4;37,5;18;31;2019;5;0;0;3;2;https://www.cian.ru/sale/flat/298378802/
20 971 595,00;6;SAR;39,4;15,4;10;15;2023;1;1;0;3,15;1;https://www.cian.ru/sale/flat/293204200/
20 990 000,00;9;NEAR;69,3;48,6;6;8;1956;68;0;0;3;3;https://www.cian.ru/sale/flat/297490071/
20 990 000,00;8;CAR;38;18;4;7;1932;92;0;0;3;1;https://www.cian.ru/sale/flat/300745064/
20 998 400,00;16;NWAR;38,6;14,3;9;23;2023;1;1;0;3,15;1;https://www.cian.ru/sale/flat/296524869/
20 999 000,00;9;SWAR;64;37,5;3;5;1954;70;0;0;3,5;2;https://www.cian.ru/sale/flat/296368550/
20 999 999,00;8;WAR;40;20;10;43;2022;2;0;0;3,1;2;https://www.cian.ru/sale/flat/298161192/
20 999 999,00;5;NWAR;41,5;15,8;25;30;2023;1;1;0;3;1;https://www.cian.ru/sale/flat/297766871/
21 000 000,00;18;SAR;59,5;37,5;6;9;2024;0;1;0;3;3;https://www.cian.ru/sale/flat/300821729/
21 000 000,00;17;NWAR;38,3;37,5;2;28;2021;3;0;0;3;1;https://www.cian.ru/sale/flat/297312651/
21 000 000,00;17;SEAR;54;30;21;30;2024;0;1;0;3;2;https://www.cian.ru/sale/flat/300528637/
21 000 000,00;16;NEAR;60,2;37,5;14;58;2014;10;0;0;3,1;2;https://www.cian.ru/sale/flat/300199357/
21 000 000,00;16;EAR;71,2;40,3;3;25;2021;3;1;0;3;3;https://www.cian.ru/sale/flat/292125908/
21 000 000,00;15;EAR;80;37,5;5;5;1958;66;0;0;3;4;https://www.cian.ru/sale/flat/281861374/
21 000 000,00;15;SAR;80,5;38,6;2;22;2002;22;0;0;3;3;https://www.cian.ru/sale/flat/300466496/
21 000 000,00;13;SAR;60,9;37,5;1;5;1910;114;0;0;3;2;https://www.cian.ru/sale/flat/299715030/
21 000 000,00;13;CAR;85;60;4;5;1931;93;0;0;3;4;https://www.cian.ru/sale/flat/300424910/
21 000 000,00;12;NEAR;78;52;8;8;1960;64;0;0;3;4;https://www.cian.ru/sale/flat/293636204/
21 000 000,00;11;SAR;74,6;58,4;3;9;1965;59;0;0;2,64;4;https://www.cian.ru/sale/flat/298351444/
21 000 000,00;11;SEAR;92;62,7;1;14;1995;29;0;0;2,6;4;https://www.cian.ru/sale/flat/299229385/
21 000 000,00;10;SWAR;74;52;2;5;1960;64;0;0;2,7;3;https://www.cian.ru/sale/flat/300201630/
21 000 000,00;9;NWAR;34;15;6;36;2023;1;0;0;3,05;1;https://www.cian.ru/sale/flat/298526069/
21 000 000,00;9;NWAR;43;24;18;22;2022;2;0;1;3;1;https://www.cian.ru/sale/flat/297558153/
21 000 000,00;9;SAR;43;30;4;8;1962;62;0;0;2,64;2;https://www.cian.ru/sale/flat/299963406/
21 000 000,00;9;SAR;51,6;11,2;13;28;2024;0;1;0;3;2;https://www.cian.ru/sale/flat/298566212/
21 000 000,00;9;NEAR;55;29;19;20;2019;5;1;0;3;2;https://www.cian.ru/sale/flat/297093635/
21 000 000,00;9;SEAR;73;44,1;3;14;1995;29;0;0;2,64;3;https://www.cian.ru/sale/flat/299762885/
21 000 000,00;8;NWAR;34,7;17,1;3;33;2023;1;1;0;3,1;1;https://www.cian.ru/sale/flat/295049686/
21 000 000,00;8;CAR;35;20;4;7;1932;92;0;0;3,15;1;https://www.cian.ru/sale/flat/297548827/
21 000 000,00;8;NEAR;66,5;45;4;9;1967;57;0;0;2,64;3;https://www.cian.ru/sale/flat/298845375/
21 000 000,00;8;EAR;79,9;52;4;5;1956;68;0;0;3;3;https://www.cian.ru/sale/flat/298614396/
21 000 000,00;7;SEAR;53;31;18;24;2022;2;0;0;2,8;2;https://www.cian.ru/sale/flat/298660598/
21 000 000,00;6;NEAR;103;64,6;22;22;2007;17;0;0;2,64;4;https://www.cian.ru/sale/flat/300364707/
21 000 000,00;5;NWAR;37,2;15,7;32;43;2023;1;1;0;3;1;https://www.cian.ru/sale/flat/296136248/
21 000 000,00;5;NWAR;41;37,5;10;43;2023;1;0;0;3,1;1;https://www.cian.ru/sale/flat/300144570/
21 000 000,00;5;WAR;41;20;3;28;2022;2;0;0;3,12;1;https://www.cian.ru/sale/flat/299210533/
21 000 000,00;5;SAR;58,2;37,5;2;3;2022;2;0;1;3;2;https://www.cian.ru/sale/flat/299978092/
21 000 000,00;4;WAR;45;25;18;28;2021;3;0;0;3;1;https://www.cian.ru/sale/flat/300134952/
21 000 000,00;4;NWAR;55,7;20;2;19;2019;5;0;0;3;1;https://www.cian.ru/sale/flat/300728418/
21 000 000,00;2;NEAR;73;51;3;12;2019;5;0;0;3;4;https://www.cian.ru/sale/flat/299653201/
21 052 800,00;4;CAR;33,2;8,8;2;9;1961;63;0;1;2,6;1;https://www.cian.ru/sale/flat/300957271/
21 071 107,00;8;NEAR;58,3;37,5;12;22;2021;3;1;0;2,72;1;https://www.cian.ru/sale/flat/299527048/
21 084 012,00;16;NWAR;37,6;14,7;18;23;2023;1;1;0;3,15;1;https://www.cian.ru/sale/flat/297642475/
21 091 978,00;20;NEAR;64,2;37,5;2;22;2021;3;1;0;2,79;2;https://www.cian.ru/sale/flat/294768594/
21 100 000,00;7;SWAR;93,7;63,5;4;12;2001;23;0;0;3;4;https://www.cian.ru/sale/flat/299028359/
21 100 000,00;5;NWAR;37;15;6;29;2019;5;0;0;3;1;https://www.cian.ru/sale/flat/300281966/
21 190 000,00;6;CAR;34,1;17,4;2;9;1965;59;0;0;2,6;1;https://www.cian.ru/sale/flat/297062106/
21 200 000,00;10;SAR;89;37,5;20;25;1986;38;0;0;2,64;4;https://www.cian.ru/sale/flat/296571004/
21 200 000,00;5;SAR;91,4;56,2;2;18;2022;2;0;0;2,9;4;https://www.cian.ru/sale/flat/300597145/
21 225 600,00;14;WAR;53,6;26,3;21;21;2023;1;1;0;2,62;2;https://www.cian.ru/sale/flat/270797354/
21 230 289,00;5;WAR;59,3;29,3;23;23;2023;1;1;0;2,73;2;https://www.cian.ru/sale/flat/298525427/
21 250 000,00;4;WAR;44,3;25,5;21;28;2021;3;0;0;3;1;https://www.cian.ru/sale/flat/299981252/
21 278 106,00;2;EAR;53,84;35,1;3;20;2024;0;1;0;3;2;https://www.cian.ru/sale/flat/300122389/
21 286 000,00;5;WAR;70,6;37,7;9;25;2017;7;0;0;2,9;2;https://www.cian.ru/sale/flat/295931215/
21 286 313,00;12;WAR;49,8;37,5;10;21;2020;4;1;1;3,3;2;https://www.cian.ru/sale/flat/292571125/
21 300 000,00;16;NAR;80,1;52;2;5;1956;68;0;0;3,2;3;https://www.cian.ru/sale/flat/300342202/
21 300 000,00;14;SAR;42;25;2;7;2022;2;0;0;3,4;1;https://www.cian.ru/sale/flat/279019946/
21 300 000,00;7;NAR;53,5;21,3;20;33;2019;5;0;0;3;2;https://www.cian.ru/sale/flat/298223339/
21 300 000,00;5;NWAR;37,9;14;11;43;2023;1;0;0;3;1;https://www.cian.ru/sale/flat/300300191/
21 300 000,00;5;NWAR;38,7;15,2;5;43;2023;1;1;0;3;1;https://www.cian.ru/sale/flat/296439998/
21 319 625,00;2;NWAR;59,58;32,4;4;11;2012;12;0;1;3;2;https://www.cian.ru/sale/flat/296477468/
21 322 910,00;16;NAR;83,8;46,3;14;14;2023;1;1;0;2,84;3;https://www.cian.ru/sale/flat/297033466/
21 349 732,00;16;NAR;109,8;70;8;15;2023;1;1;0;2,84;4;https://www.cian.ru/sale/flat/297033138/
21 350 000,00;6;SAR;91,4;70;2;18;2023;1;0;0;3;4;https://www.cian.ru/sale/flat/300547342/
21 350 000,00;4;SAR;94;52,3;5;11;2020;4;0;0;2,8;3;https://www.cian.ru/sale/flat/295360323/
21 386 800,00;12;NEAR;42,1;31,6;6;37;2024;0;1;0;3;1;https://www.cian.ru/sale/flat/298603491/
21 399 999,00;13;SEAR;71,3;40;20;26;2023;1;0;0;2,8;3;https://www.cian.ru/sale/flat/300502613/
21 400 000,00;12;NAR;83;56;12;14;2019;5;0;0;3;3;https://www.cian.ru/sale/flat/299339387/
21 400 000,00;12;NAR;83;56;12;14;2004;20;0;0;2,8;3;https://www.cian.ru/sale/flat/300881872/
21 400 000,00;9;EAR;85,7;53;2;12;1985;39;0;0;2,64;4;https://www.cian.ru/sale/flat/294902568/
21 400 000,00;5;NEAR;80,5;56,8;2;12;1980;44;0;0;2,5;4;https://www.cian.ru/sale/flat/295388595/
21 422 419,00;10;WAR;79,3;37,5;2;25;2021;3;1;0;2,63;3;https://www.cian.ru/sale/flat/300889107/
21 438 610,00;27;SAR;56,7;17;2;33;2023;1;1;0;2,68;1;https://www.cian.ru/sale/flat/300915387/
21 500 000,00;18;NWAR;55,8;25;11;17;2000;24;0;0;3,1;1;https://www.cian.ru/sale/flat/294716072/
21 500 000,00;14;SEAR;68,7;26,3;10;16;2001;23;0;0;3;2;https://www.cian.ru/sale/flat/300597303/
21 500 000,00;14;NAR;100;73;1;5;1956;68;0;0;3;4;https://www.cian.ru/sale/flat/297960664/
21 500 000,00;13;WAR;73,1;37,5;16;17;1986;38;0;0;2,64;3;https://www.cian.ru/sale/flat/300068921/
21 500 000,00;12;CAR;45,5;37,5;5;8;1959;65;0;0;3;2;https://www.cian.ru/sale/flat/298707597/
21 500 000,00;12;NAR;75,7;51,8;1;14;2019;5;0;0;3;4;https://www.cian.ru/sale/flat/300331487/
21 500 000,00;11;SEAR;94,2;69;2;5;2019;5;0;0;2,8;4;https://www.cian.ru/sale/flat/300870085/
21 500 000,00;10;NAR;31,2;37,5;10;25;2020;4;0;1;3;1;https://www.cian.ru/sale/flat/299019109/
21 500 000,00;10;SEAR;78,7;37,5;7;7;1959;65;0;0;3;2;https://www.cian.ru/sale/flat/299617369/
21 500 000,00;10;EAR;94,2;64,3;10;12;2004;20;0;0;2,64;4;https://www.cian.ru/sale/flat/293392921/
21 500 000,00;9;SAR;46;20;8;22;2023;1;1;0;3;1;https://www.cian.ru/sale/flat/300706259/
21 500 000,00;9;SEAR;94,3;64,3;1;7;1997;27;0;0;2,7;4;https://www.cian.ru/sale/flat/299253442/
21 500 000,00;8;NWAR;75,5;46;3;22;2006;18;0;0;2,64;3;https://www.cian.ru/sale/flat/296559364/
21 500 000,00;7;SWAR;45,6;15,7;30;34;2024;0;0;0;3,26;1;https://www.cian.ru/sale/flat/299668666/
21 500 000,00;5;CAR;36;19;6;14;1972;52;0;0;2,7;1;https://www.cian.ru/sale/flat/298275621/
21 500 000,00;5;CAR;40;19;6;14;1972;52;0;0;2,7;1;https://www.cian.ru/sale/flat/293420284/
21 500 000,00;5;CAR;40;20;6;14;1972;52;0;0;2,7;1;https://www.cian.ru/sale/flat/300019395/
21 500 000,00;5;CAR;40;25;6;14;1972;52;0;0;3;1;https://www.cian.ru/sale/flat/300572581/
21 500 000,00;5;SEAR;41;37,5;13;23;2021;3;0;0;2,8;1;https://www.cian.ru/sale/flat/299382827/
21 500 000,00;5;NWAR;46,3;37,5;22;25;2023;1;0;0;3;2;https://www.cian.ru/sale/flat/298324396/
21 500 000,00;5;SWAR;76,2;56,4;1;14;1994;30;0;0;2,6;4;https://www.cian.ru/sale/flat/299853880/
21 500 000,00;5;SAR;101,2;64,7;10;18;2021;3;0;0;2,8;4;https://www.cian.ru/sale/flat/299296399/
21 500 000,00;4;NAR;77,8;51,2;6;7;1958;66;0;0;3;3;https://www.cian.ru/sale/flat/297470489/
21 500 000,00;2;NEAR;39,7;18;14;16;2018;6;0;0;3;1;https://www.cian.ru/sale/flat/299924739/
21 530 000,00;4;SAR;37,7;13,1;16;43;2024;0;1;0;2,98;1;https://www.cian.ru/sale/flat/298169252/
21 557 020,00;27;SAR;35,5;12,2;15;15;2023;1;1;0;3,15;1;https://www.cian.ru/sale/flat/293204303/
21 561 195,00;22;SAR;75;33,7;17;23;2023;1;1;0;2,62;3;https://www.cian.ru/sale/flat/300725322/
21 565 260,00;20;NEAR;65,4;37,5;8;22;2021;3;1;0;2,79;2;https://www.cian.ru/sale/flat/295442247/
21 565 260,00;6;NEAR;65,4;29,6;8;23;2021;3;0;0;2,8;2;https://www.cian.ru/sale/flat/300723349/
21 600 000,00;7;NAR;52;35;26;32;2023;1;0;0;3;2;https://www.cian.ru/sale/flat/297477069/
21 600 630,00;9;WAR;50,3;22,1;33;33;2023;1;1;0;2,62;2;https://www.cian.ru/sale/flat/300679347/
21 625 600,00;12;NEAR;43,6;32,7;2;37;2024;0;1;0;3;1;https://www.cian.ru/sale/flat/298603471/
21 650 000,00;2;SWAR;100;37,5;10;22;1996;28;0;0;2,5;4;https://www.cian.ru/sale/flat/298220790/
21 660 000,00;13;CAR;38;23;2;10;2019;5;0;0;2,6;2;https://www.cian.ru/sale/flat/292808866/
21 679 509,00;20;NEAR;59,1;37,5;5;22;2021;3;1;0;2,65;2;https://www.cian.ru/sale/flat/298401391/
21 682 800,00;10;WAR;76;37,5;10;25;2021;3;1;0;2,63;3;https://www.cian.ru/sale/flat/299449821/
21 700 000,00;15;SWAR;86,8;42;16;23;2023;1;1;0;3;3;https://www.cian.ru/sale/flat/300249188/
21 700 000,00;13;SWAR;74,5;52,8;1;4;1961;63;0;0;3,2;3;https://www.cian.ru/sale/flat/300796185/
21 700 000,00;1;NEAR;44,8;16,5;6;23;2020;4;0;0;3;1;https://www.cian.ru/sale/flat/298519482/
21 743 843,00;17;SEAR;52,4;37,5;10;29;2024;0;1;0;2,87;2;https://www.cian.ru/sale/flat/300575218/
21 800 000,00;15;CAR;96,9;64,9;1;4;1917;107;0;0;4;2;https://www.cian.ru/sale/flat/295320468/
21 800 000,00;8;WAR;36,3;19;25;26;2019;5;0;0;3;1;https://www.cian.ru/sale/flat/297951795/
21 800 000,00;7;CAR;61,6;42,7;1;4;1929;95;0;0;2,8;4;https://www.cian.ru/sale/flat/300403416/
21 800 000,00;5;NAR;58,4;37,5;2;23;2022;2;0;0;3,1;2;https://www.cian.ru/sale/flat/298943436/
21 800 000,00;5;WAR;63;37,5;6;24;2017;7;0;0;2,9;1;https://www.cian.ru/sale/flat/297150066/
21 800 000,00;4;SEAR;62,4;37,5;17;19;2021;3;1;0;2,64;2;https://www.cian.ru/sale/flat/300752359/
21 809 958,00;30;WAR;52,6;20,8;11;34;2023;1;1;0;2,62;2;https://www.cian.ru/sale/flat/300679303/
21 835 201,00;27;SAR;74,9;33,6;3;23;2023;1;1;0;2,62;3;https://www.cian.ru/sale/flat/300763058/
21 871 263,00;4;NWAR;39,73;11,7;39;52;2024;0;1;0;2,85;1;https://www.cian.ru/sale/flat/299067043/
21 875 716,00;10;SEAR;72,1;37,5;29;33;2023;1;1;0;2,72;2;https://www.cian.ru/sale/flat/300362067/
21 890 000,00;4;EAR;55,91;40,6;24;29;2023;1;1;0;3;2;https://www.cian.ru/sale/flat/300523054/
21 900 000,00;24;EAR;78,2;60,8;1;9;2019;5;0;0;2,6;4;https://www.cian.ru/sale/flat/298780572/
21 900 000,00;20;NWAR;67,2;37,5;1;5;2019;5;0;0;3;2;https://www.cian.ru/sale/flat/298554181/
21 900 000,00;17;NWAR;55,4;37,5;19;21;2023;1;0;0;3,1;2;https://www.cian.ru/sale/flat/298623531/
21 900 000,00;16;WAR;70;35;2;21;2016;8;0;1;3;2;https://www.cian.ru/sale/flat/298945993/
21 900 000,00;15;SEAR;50;20;24;30;2024;0;0;0;3;1;https://www.cian.ru/sale/flat/300155347/
21 900 000,00;14;SAR;52,7;13,9;2;5;2023;1;0;0;3,1;2;https://www.cian.ru/sale/flat/299779162/
21 900 000,00;11;NEAR;60,6;37,7;14;17;2015;9;0;0;2,7;2;https://www.cian.ru/sale/flat/300292905/
21 900 000,00;11;SWAR;73,7;45,8;1;16;1968;56;0;0;2,6;3;https://www.cian.ru/sale/flat/299211098/
21 900 000,00;10;NAR;39;23;17;17;2022;2;0;0;3;2;https://www.cian.ru/sale/flat/299652366/
21 900 000,00;7;NWAR;71,3;45,5;6;7;1998;26;0;0;3;3;https://www.cian.ru/sale/flat/297537428/
21 900 000,00;5;NAR;46,5;37,5;11;24;2019;5;0;0;3;2;https://www.cian.ru/sale/flat/272186797/
21 900 000,00;5;NAR;54,7;37,5;4;8;1958;66;0;0;3,2;2;https://www.cian.ru/sale/flat/300503865/
21 900 000,00;3;NWAR;41,4;17;7;22;2020;4;0;0;3,1;1;https://www.cian.ru/sale/flat/300685195/
21 910 757,00;8;NAR;44,2;28,5;16;35;2023;1;1;0;3,1;2;https://www.cian.ru/sale/flat/298334747/
21 930 000,00;12;EAR;73,1;41,2;8;25;2024;0;1;0;3;3;https://www.cian.ru/sale/flat/300829188/
21 931 606,00;10;WAR;51,95;38,9;17;30;2023;1;1;0;3,3;2;https://www.cian.ru/sale/flat/297984331/
21 950 000,00;19;SWAR;61,7;38,9;3;9;1958;66;0;0;3;2;https://www.cian.ru/sale/flat/293428779/
21 950 000,00;11;SEAR;85,3;56,4;4;12;1987;37;0;0;2,7;4;https://www.cian.ru/sale/flat/294904766/
21 950 000,00;10;NWAR;37;37,5;34;62;2022;2;0;0;3,1;1;https://www.cian.ru/sale/flat/300132043/
21 950 000,00;8;EAR;97,4;72,5;5;5;2019;5;0;0;3;4;https://www.cian.ru/sale/flat/284683762/
21 950 000,00;7;WAR;43;25;14;38;2021;3;0;0;3;1;https://www.cian.ru/sale/flat/299224095/
21 950 000,00;7;SWAR;47,5;14,8;4;34;2023;1;0;0;3,2;2;https://www.cian.ru/sale/flat/299187970/
21 960 000,00;12;WAR;72;45,2;7;21;2020;4;1;1;3,3;3;https://www.cian.ru/sale/flat/291690077/
21 968 491,00;24;SAR;41,8;13,7;7;16;2023;1;1;0;3,15;1;https://www.cian.ru/sale/flat/293736475/
21 990 000,00;10;WAR;40,7;16,6;3;11;2019;5;0;0;3;1;https://www.cian.ru/sale/flat/299883785/
21 990 000,00;10;NAR;66,7;34,4;18;32;2023;1;1;0;2,7;2;https://www.cian.ru/sale/flat/298338222/
21 999 000,00;8;SAR;55,4;30,4;6;15;2017;7;0;1;3;3;https://www.cian.ru/sale/flat/300440420/
21 999 000,00;4;CAR;41,5;12;2;8;2009;15;0;0;3;1;https://www.cian.ru/sale/flat/291907720/
22 000 000,00;18;SWAR;45,7;15,5;21;56;2023;1;1;0;3;2;https://www.cian.ru/sale/flat/295267133/
22 000 000,00;17;NWAR;38,3;37,5;24;28;2021;3;0;0;3;1;https://www.cian.ru/sale/flat/296403474/
22 000 000,00;17;NAR;43;12;5;27;2022;2;0;0;2,9;1;https://www.cian.ru/sale/flat/300472192/
22 000 000,00;17;NAR;43;12;5;27;2022;2;0;0;4,5;2;https://www.cian.ru/sale/flat/300569348/
22 000 000,00;15;WAR;36;20;18;29;2020;4;0;0;3;1;https://www.cian.ru/sale/flat/295715281/
22 000 000,00;15;NAR;80;55;1;8;1954;70;0;0;3;4;https://www.cian.ru/sale/flat/300096097/
22 000 000,00;15;NEAR;87,6;52,3;10;12;1986;38;0;0;2,6;4;https://www.cian.ru/sale/flat/300472679/
22 000 000,00;13;NEAR;70,2;44,6;2;14;1970;54;0;0;2,7;3;https://www.cian.ru/sale/flat/297304228/
22 000 000,00;12;CAR;44,7;37,5;8;11;2024;0;1;0;3;1;https://www.cian.ru/sale/flat/300288765/
22 000 000,00;11;WAR;100,8;64,2;19;22;1992;32;0;0;2,65;4;https://www.cian.ru/sale/flat/298806005/
22 000 000,00;10;NAR;46;37,5;20;22;2019;5;0;1;2,7;2;https://www.cian.ru/sale/flat/298802622/
22 000 000,00;10;NWAR;102;62;1;9;2019;5;0;0;3;4;https://www.cian.ru/sale/flat/299130037/
22 000 000,00;9;NAR;46;37,5;5;29;2022;2;0;0;3;2;https://www.cian.ru/sale/flat/299248131/
22 000 000,00;7;EAR;52,2;37,5;10;23;2022;2;0;0;3;2;https://www.cian.ru/sale/flat/298804856/
22 000 000,00;7;SEAR;83,8;61,4;2;6;1929;95;0;0;3;4;https://www.cian.ru/sale/flat/300200225/
22 000 000,00;5;CAR;40;37,5;1;9;1966;58;0;0;3;2;https://www.cian.ru/sale/flat/299790819/
22 000 000,00;5;WAR;41;20;6;15;2022;2;0;0;3,2;1;https://www.cian.ru/sale/flat/294495712/
22 000 000,00;5;NWAR;72;40;1;4;1957;67;0;0;2,65;4;https://www.cian.ru/sale/flat/297902949/
22 000 000,00;5;SEAR;93;37,5;2;7;1996;28;0;0;2,7;4;https://www.cian.ru/sale/flat/299575961/
22 000 000,00;4;SAR;50;37,5;4;19;2020;4;0;0;3;1;https://www.cian.ru/sale/flat/300738237/
22 000 000,00;4;NEAR;59,3;37,5;6;10;1959;65;0;0;3,2;2;https://www.cian.ru/sale/flat/300875952/
22 000 000,00;4;EAR;63,8;32,4;6;30;2021;3;0;0;2,8;3;https://www.cian.ru/sale/flat/299297482/
22 000 000,00;4;NEAR;75;45;7;17;1986;38;0;0;3;3;https://www.cian.ru/sale/flat/300572817/
22 000 000,00;4;SAR;80;35;8;33;2023;1;1;0;3;4;https://www.cian.ru/sale/flat/295862283/
22 040 000,00;3;NWAR;48,9;37,5;2;23;2024;0;1;0;3,1;1;https://www.cian.ru/sale/flat/298217137/
22 100 000,00;6;NWAR;53;25;2;8;2019;5;0;1;3;2;https://www.cian.ru/sale/flat/298794336/
22 100 000,00;5;NWAR;38,1;14,1;20;25;2023;1;1;0;3;1;https://www.cian.ru/sale/flat/296440312/
22 100 000,00;5;NWAR;45,2;37,5;8;24;2023;1;0;0;3;2;https://www.cian.ru/sale/flat/300834184/
22 106 448,00;24;WAR;48,2;13,4;1;9;2023;1;1;0;4,11;1;https://www.cian.ru/sale/flat/279900937/
22 109 864,00;25;SAR;44,3;16,8;13;14;2023;1;1;0;3,15;1;https://www.cian.ru/sale/flat/293204253/
22 113 000,00;9;NEAR;58,2;37,5;3;27;2022;2;1;0;3;1;https://www.cian.ru/sale/flat/294033768/
22 123 140,00;5;WAR;75,3;37,5;9;25;2021;3;1;0;2,63;3;https://www.cian.ru/sale/flat/299449784/
22 140 000,00;14;NWAR;43,5;37,5;5;44;2024;0;1;0;2,64;1;https://www.cian.ru/sale/flat/299943793/
22 142 467,00;20;NEAR;60,2;37,5;7;22;2021;3;1;0;2,65;2;https://www.cian.ru/sale/flat/298401392/
22 158 500,00;16;NWAR;45,5;37,5;4;6;2023;1;1;1;3,24;1;https://www.cian.ru/sale/flat/299370733/
22 200 000,00;12;NAR;86;60;14;17;2002;22;0;0;2,64;4;https://www.cian.ru/sale/flat/288573453/
22 200 000,00;5;SAR;114;81,6;15;17;2019;5;0;0;3;4;https://www.cian.ru/sale/flat/291871848/
22 224 665,00;30;WAR;52,9;20,9;21;33;2023;1;1;0;2,62;2;https://www.cian.ru/sale/flat/300679426/
22 233 103,00;29;WAR;61,2;21,2;7;33;2023;1;1;0;2,62;2;https://www.cian.ru/sale/flat/300679410/
22 236 690,00;7;WAR;52,5;24,4;9;21;2023;1;1;0;2,74;2;https://www.cian.ru/sale/flat/276331298/
22 262 535,00;4;SEAR;65,7;46,9;2;30;2019;5;0;0;3;3;https://www.cian.ru/sale/flat/298620957/
22 290 000,00;15;NWAR;54,4;37,5;11;21;2023;1;0;0;3,1;2;https://www.cian.ru/sale/flat/297720778/
22 300 000,00;15;CAR;79,8;48,5;1;4;1917;107;0;0;4;4;https://www.cian.ru/sale/flat/287406394/
22 300 000,00;8;SEAR;57;37,5;2;9;1966;58;0;0;2,5;3;https://www.cian.ru/sale/flat/300458230/
22 300 000,00;5;NEAR;88;47,5;21;21;2021;3;1;1;3;3;https://www.cian.ru/sale/flat/290587665/
22 300 000,00;2;NAR;78;40;37;40;2010;14;0;0;3;2;https://www.cian.ru/sale/flat/295903328/
22 301 836,00;10;WAR;77,8;37,5;25;25;2022;2;1;0;2,7;3;https://www.cian.ru/sale/flat/300614603/
22 350 000,00;9;SWAR;46,8;37,5;28;34;2023;1;0;0;3;1;https://www.cian.ru/sale/flat/300190758/
22 368 254,00;19;SAR;46;27;3;12;2024;0;1;0;2,97;1;https://www.cian.ru/sale/flat/288141380/
22 370 745,00;5;WAR;79,1;37,5;11;25;2021;3;1;0;2,63;3;https://www.cian.ru/sale/flat/300605463/
22 399 990,00;4;WAR;40,3;14,9;15;28;2022;2;0;0;3,12;1;https://www.cian.ru/sale/flat/289439918/
22 400 000,00;17;NWAR;64,3;41,1;6;8;1960;64;0;0;2,8;2;https://www.cian.ru/sale/flat/299482281/
22 400 000,00;12;NEAR;41,1;10;6;30;2024;0;1;0;3,25;1;https://www.cian.ru/sale/flat/293816918/
22 400 000,00;6;SEAR;99,1;64,3;21;22;1998;26;0;0;2,7;4;https://www.cian.ru/sale/flat/295854710/
22 400 000,00;6;SEAR;100,1;61,8;21;22;1997;27;0;0;2,66;4;https://www.cian.ru/sale/flat/292772683/
22 400 000,00;5;NWAR;43,5;17,2;19;43;2023;1;1;0;3;1;https://www.cian.ru/sale/flat/296098591/
22 450 000,00;13;SAR;75;48;7;17;2019;5;0;0;3;3;https://www.cian.ru/sale/flat/300820910/
22 463 285,00;4;SAR;42,4;37,5;4;6;2023;1;1;0;3,15;1;https://www.cian.ru/sale/flat/300800423/
22 464 187,00;10;SEAR;74,4;33,7;32;33;2023;1;1;0;2,67;3;https://www.cian.ru/sale/flat/297433562/
22 465 177,00;10;SEAR;74,5;33,7;21;33;2023;1;1;0;2,67;3;https://www.cian.ru/sale/flat/295119105/
22 499 067,00;9;WAR;65,26;35,7;4;30;2023;1;1;0;3,3;3;https://www.cian.ru/sale/flat/297984252/
22 500 000,00;24;WAR;41,14;12,6;4;7;2024;0;1;0;3;1;https://www.cian.ru/sale/flat/299605383/
22 500 000,00;19;SEAR;50,6;17,6;2;22;2023;1;1;0;3;1;https://www.cian.ru/sale/flat/300159318/
22 500 000,00;19;SAR;61;39;9;10;2024;0;1;0;3;3;https://www.cian.ru/sale/flat/298167191/
22 500 000,00;18;EAR;58;29,3;2;12;2012;12;0;0;2,9;2;https://www.cian.ru/sale/flat/299526673/
22 500 000,00;17;SAR;66;43;6;7;2024;0;1;0;3;3;https://www.cian.ru/sale/flat/299916641/
22 500 000,00;15;NWAR;45,1;15,2;2;13;2023;1;1;0;3;1;https://www.cian.ru/sale/flat/298139761/
22 500 000,00;15;WAR;55;27,8;14;22;2008;16;0;0;2,64;2;https://www.cian.ru/sale/flat/300531670/
22 500 000,00;15;NWAR;107;37,5;1;14;1998;26;0;0;2,64;4;https://www.cian.ru/sale/flat/295633880/
22 500 000,00;13;SEAR;98,5;74,8;4;5;1958;66;0;0;3;4;https://www.cian.ru/sale/flat/297376640/
22 500 000,00;12;SWAR;104;63;8;9;1997;27;0;0;2,7;4;https://www.cian.ru/sale/flat/299204668/
22 500 000,00;11;SAR;36,1;37,5;8;10;2021;3;0;1;3;1;https://www.cian.ru/sale/flat/299463560/
22 500 000,00;11;SEAR;70;33,9;13;17;2009;15;0;0;2,64;2;https://www.cian.ru/sale/flat/300438771/
22 500 000,00;10;SEAR;108,2;73,7;3;7;2019;5;0;0;3;4;https://www.cian.ru/sale/flat/253869063/
22 500 000,00;9;NWAR;76,7;43,7;10;22;2019;5;0;0;2,5;3;https://www.cian.ru/sale/flat/299253715/
22 500 000,00;8;NAR;60;32;10;17;2015;9;0;0;2,74;2;https://www.cian.ru/sale/flat/297684810/
22 500 000,00;8;SEAR;64,1;37,5;6;25;2018;6;0;0;3;2;https://www.cian.ru/sale/flat/300826022/
22 500 000,00;7;WAR;38;37,5;18;35;2021;3;0;0;3;1;https://www.cian.ru/sale/flat/299184972/
22 500 000,00;7;NEAR;45,15;37,5;4;19;2020;4;0;1;3,25;2;https://www.cian.ru/sale/flat/299944236/
22 500 000,00;6;EAR;70,2;49;16;16;1968;56;0;0;2,64;4;https://www.cian.ru/sale/flat/299243105/
22 500 000,00;6;SAR;83,6;44,7;23;25;2019;5;0;0;3;3;https://www.cian.ru/sale/flat/299595703/
22 500 000,00;6;EAR;83,6;53,8;3;12;1986;38;0;0;2,65;4;https://www.cian.ru/sale/flat/300126325/
22 500 000,00;5;SAR;95;57,8;11;20;2023;1;0;0;3;4;https://www.cian.ru/sale/flat/300791418/
22 500 000,00;4;CAR;50;26,6;3;8;1941;83;0;0;3,5;2;https://www.cian.ru/sale/flat/298617996/
22 500 000,00;4;NAR;53;37,5;22;24;2021;3;0;0;2,78;2;https://www.cian.ru/sale/flat/300316259/
22 500 000,00;3;NAR;44;32;11;20;2022;2;0;0;3;1;https://www.cian.ru/sale/flat/300140948/
22 500 000,00;3;EAR;71,1;49,2;4;16;1967;57;0;0;2,64;4;https://www.cian.ru/sale/flat/289864992/
22 500 000,00;3;NWAR;84;54;2;14;1990;34;0;0;2,6;4;https://www.cian.ru/sale/flat/299604208/
22 500 000,00;2;SAR;38;20;17;24;2019;5;0;1;2,7;2;https://www.cian.ru/sale/flat/300344494/
22 553 000,00;9;NEAR;62,1;37,5;7;27;2022;2;1;0;3;2;https://www.cian.ru/sale/flat/294033901/
22 567 636,00;7;WAR;52,1;24,4;13;21;2023;1;1;0;2,74;2;https://www.cian.ru/sale/flat/285060532/
22 617 059,00;17;SEAR;52,6;24,2;27;29;2024;0;1;0;2,87;2;https://www.cian.ru/sale/flat/300575236/
22 634 700,00;9;NEAR;60,3;37,5;16;27;2022;2;1;0;3;2;https://www.cian.ru/sale/flat/294033466/
22 652 545,00;2;EAR;56,5;35,6;1;20;2024;0;1;0;3;2;https://www.cian.ru/sale/flat/297151029/
22 689 200,00;12;NEAR;43,3;32,5;11;37;2024;0;1;0;3;1;https://www.cian.ru/sale/flat/298603598/
22 700 000,00;12;NAR;59,4;37,5;3;7;1952;72;0;0;3;2;https://www.cian.ru/sale/flat/300024861/
22 700 000,00;10;WAR;48,7;15,3;2;8;2019;5;0;0;3;1;https://www.cian.ru/sale/flat/295466321/
22 700 000,00;10;NAR;77,2;55,1;1;6;2019;5;0;0;2,8;4;https://www.cian.ru/sale/flat/299295719/
22 700 000,00;6;SAR;63,4;35,3;5;9;1958;66;0;0;3,15;2;https://www.cian.ru/sale/flat/287930198/
22 700 000,00;3;SWAR;99;63,9;5;22;2019;5;0;0;3;4;https://www.cian.ru/sale/flat/297544719/
22 700 000,00;2;SWAR;99,5;67,2;11;22;1996;28;0;0;3;4;https://www.cian.ru/sale/flat/297648133/
22 761 335,00;26;NWAR;43,07;13,8;24;25;2024;0;1;0;3,02;1;https://www.cian.ru/sale/flat/299055563/
22 790 000,00;14;WAR;40;28;18;27;2022;2;0;0;3;2;https://www.cian.ru/sale/flat/297554191/
22 800 000,00;11;NWAR;48,4;15,8;5;21;2024;0;0;0;3,1;1;https://www.cian.ru/sale/flat/299499349/
22 800 000,00;11;EAR;60,16;37,5;6;20;2024;0;1;0;3;2;https://www.cian.ru/sale/flat/287925540/
22 800 000,00;8;NEAR;91;62,1;2;14;2004;20;0;0;3;4;https://www.cian.ru/sale/flat/276376366/
22 887 920,00;17;NWAR;34,1;15,2;11;43;2023;1;1;0;3,15;1;https://www.cian.ru/sale/flat/296524855/
22 900 000,00;14;WAR;75;46;14;16;1980;44;0;0;2,64;3;https://www.cian.ru/sale/flat/300273691/
22 900 000,00;12;WAR;75;46;14;16;1980;44;0;0;2,64;3;https://www.cian.ru/sale/flat/300348767/
22 900 000,00;12;WAR;75;37,5;14;16;1960;64;0;0;3;3;https://www.cian.ru/sale/flat/300209511/
22 900 000,00;11;SWAR;60;32;3;17;2020;4;0;0;2,8;2;https://www.cian.ru/sale/flat/299853622/
22 900 000,00;10;NWAR;49;27;8;9;2015;9;0;1;3;2;https://www.cian.ru/sale/flat/298734242/
22 900 000,00;8;NEAR;88,7;67;1;7;1958;66;0;0;3;4;https://www.cian.ru/sale/flat/300223125/
22 900 000,00;7;NAR;40;11;6;9;2019;5;0;1;3,1;2;https://www.cian.ru/sale/flat/291584973/
22 900 000,00;6;NAR;84,1;53,5;2;14;1997;27;0;0;2,65;4;https://www.cian.ru/sale/flat/300560728/
22 900 000,00;6;SWAR;116,6;71,6;2;14;2019;5;0;0;3;4;https://www.cian.ru/sale/flat/297590641/
22 900 000,00;5;NWAR;46,2;24,9;18;24;2023;1;0;0;3;2;https://www.cian.ru/sale/flat/292945698/
22 950 000,00;14;SAR;75,8;47;5;20;2009;15;0;0;2,78;3;https://www.cian.ru/sale/flat/299842929/
22 950 000,00;14;SEAR;98,4;62,6;2;22;1995;29;0;0;2,64;4;https://www.cian.ru/sale/flat/292322069/
22 960 000,00;12;NWAR;32,8;37,5;15;36;2018;6;0;1;3;1;https://www.cian.ru/sale/flat/296082953/
22 968 534,00;24;WAR;59,2;27,5;18;21;2023;1;1;0;2,74;2;https://www.cian.ru/sale/flat/296139344/
22 990 000,00;15;NWAR;47,2;37,5;9;13;2023;1;1;0;3;1;https://www.cian.ru/sale/flat/299412868/
22 990 000,00;8;CAR;68,5;38,8;4;6;1914;110;0;0;3,2;3;https://www.cian.ru/sale/flat/299495945/
22 990 000,00;5;EAR;61;47;3;29;2019;5;0;0;3;2;https://www.cian.ru/sale/flat/300393332/
22 995 000,00;9;NEAR;52;37,5;25;27;2022;2;1;0;3;1;https://www.cian.ru/sale/flat/294554047/
22 999 999,00;6;WAR;91;62;4;17;1997;27;0;0;2,64;4;https://www.cian.ru/sale/flat/300807750/
23 000 000,00;17;SWAR;100;66,4;3;9;2019;5;0;0;3;4;https://www.cian.ru/sale/flat/299563876/
23 000 000,00;15;NWAR;43,5;13,4;9;46;2022;2;0;0;3,2;1;https://www.cian.ru/sale/flat/299198123/
23 000 000,00;14;WAR;61,2;37,5;3;21;2016;8;0;1;3;2;https://www.cian.ru/sale/flat/300162555/
23 000 000,00;12;WAR;56,8;37,5;12;22;2007;17;0;0;2,64;2;https://www.cian.ru/sale/flat/300698129/
23 000 000,00;12;SAR;100,7;29;2;23;2005;19;0;0;3;4;https://www.cian.ru/sale/flat/299249485/
23 000 000,00;12;SEAR;116;61;12;16;2019;5;0;0;2,8;4;https://www.cian.ru/sale/flat/290412928/
23 000 000,00;11;SWAR;60,7;33,7;9;17;1999;25;0;0;2,64;2;https://www.cian.ru/sale/flat/300298593/
23 000 000,00;10;WAR;30;37,5;3;52;2020;4;0;0;3;1;https://www.cian.ru/sale/flat/296959546/
23 000 000,00;10;SAR;33;17,5;4;5;1934;90;0;0;2,8;1;https://www.cian.ru/sale/flat/300608412/
23 000 000,00;10;SEAR;92,9;64,3;6;9;2019;5;0;0;3;4;https://www.cian.ru/sale/flat/294375510/
23 000 000,00;7;CAR;39,5;37,5;2;4;1917;107;0;0;3,3;2;https://www.cian.ru/sale/flat/300263028/
23 000 000,00;7;SWAR;95,5;61,6;5;12;2002;22;0;0;2,65;4;https://www.cian.ru/sale/flat/300949731/
23 000 000,00;6;NEAR;50;37,5;6;22;2020;4;0;0;3;1;https://www.cian.ru/sale/flat/288174193/
23 000 000,00;6;NAR;84;56,2;2;14;1997;27;0;0;2,64;4;https://www.cian.ru/sale/flat/299587002/
23 000 000,00;5;WAR;61,9;37,5;2;24;2004;20;0;0;2,78;2;https://www.cian.ru/sale/flat/298732812/
23 000 000,00;5;SEAR;99;69,8;3;5;1959;65;0;0;3;4;https://www.cian.ru/sale/flat/300667955/
23 000 000,00;4;WAR;37,4;37,5;9;31;2022;2;0;0;3,1;1;https://www.cian.ru/sale/flat/299202447/
23 000 000,00;4;SEAR;86;60;13;17;2002;22;0;0;2,7;4;https://www.cian.ru/sale/flat/300478020/
23 000 000,00;3;NWAR;44,6;20,2;2;9;2023;1;1;0;3;1;https://www.cian.ru/sale/flat/299402407/
23 003 481,00;7;WAR;53,8;24,4;5;21;2023;1;1;0;2,74;2;https://www.cian.ru/sale/flat/296577508/
23 006 706,00;25;SAR;42,4;16,3;13;14;2023;1;1;0;3,15;1;https://www.cian.ru/sale/flat/293204255/
23 100 000,00;6;WAR;59,7;43,6;7;9;1970;54;0;0;2,64;3;https://www.cian.ru/sale/flat/300431029/
23 117 099,00;10;WAR;58,98;33,5;29;30;2023;1;1;0;3,3;2;https://www.cian.ru/sale/flat/298589271/
23 140 963,00;4;EAR;60,37;37,9;6;29;2023;1;1;0;3;3;https://www.cian.ru/sale/flat/299292596/
23 150 000,00;12;WAR;62;30;9;12;2021;3;0;0;2,8;2;https://www.cian.ru/sale/flat/300092745/
23 200 000,00;12;SWAR;68,7;45,5;5;10;1960;64;0;0;3;3;https://www.cian.ru/sale/flat/299721644/
23 200 000,00;10;NWAR;45,9;12,9;12;41;2024;0;1;0;3;2;https://www.cian.ru/sale/flat/297369080/
23 229 662,00;2;EAR;55,21;38,3;10;20;2024;0;1;0;3;2;https://www.cian.ru/sale/flat/297151021/
23 232 000,00;16;NWAR;44;23,8;3;6;2023;1;1;1;3,24;2;https://www.cian.ru/sale/flat/299370748/
23 234 767,00;19;SEAR;57,1;24,3;29;30;2024;0;1;0;2,87;2;https://www.cian.ru/sale/flat/300575590/
23 250 000,00;18;WAR;56,7;28,7;30;30;2019;5;0;0;3,3;2;https://www.cian.ru/sale/flat/299963315/
23 250 000,00;8;WAR;54;29;10;18;2007;17;0;0;3;2;https://www.cian.ru/sale/flat/299141032/
23 270 466,00;10;WAR;56,04;37,2;23;29;2023;1;1;0;3,3;2;https://www.cian.ru/sale/flat/297984100/
23 289 218,00;12;NWAR;40,9;37,5;3;32;2023;1;1;0;3;2;https://www.cian.ru/sale/flat/300425223/
23 298 643,00;5;WAR;42,52;37,5;2;57;2024;0;1;0;2,9;1;https://www.cian.ru/sale/flat/282209329/
23 300 000,00;17;NWAR;55,25;26,4;2;5;2023;1;0;1;4;2;https://www.cian.ru/sale/flat/296563284/
23 300 000,00;14;WAR;90;62;13;19;2013;11;0;0;2,8;4;https://www.cian.ru/sale/flat/298955932/
23 300 000,00;11;SEAR;56,1;37,5;8;27;2023;1;0;0;3;2;https://www.cian.ru/sale/flat/286258865/
23 300 000,00;7;WAR;69,8;37,5;6;25;2006;18;0;0;2,7;2;https://www.cian.ru/sale/flat/300034883/
23 300 000,00;7;NAR;90,9;62;2;14;2008;16;0;0;2,64;4;https://www.cian.ru/sale/flat/297770178/
23 300 000,00;6;WAR;40,3;37,5;11;15;2019;5;0;0;3;1;https://www.cian.ru/sale/flat/300698958/
23 300 000,00;6;NEAR;90;57;1;12;2019;5;0;0;2,64;4;https://www.cian.ru/sale/flat/300888910/
23 352 671,00;10;WAR;82,6;37,5;15;25;2021;3;1;0;2,63;3;https://www.cian.ru/sale/flat/300605450/
23 389 904,00;5;NEAR;90,9;37,5;1;33;2023;1;1;0;2,63;3;https://www.cian.ru/sale/flat/299449846/
23 394 666,00;6;SAR;43;29,5;11;15;2023;1;1;0;3,15;1;https://www.cian.ru/sale/flat/293204223/
23 400 000,00;17;SAR;66,02;37,5;3;7;2024;0;1;0;3;2;https://www.cian.ru/sale/flat/300304732/
23 400 000,00;16;CAR;42;37,5;5;14;1973;51;0;0;2,64;1;https://www.cian.ru/sale/flat/300695623/
23 423 120,00;27;NEAR;60,4;15,6;6;22;2023;1;1;0;2,83;1;https://www.cian.ru/sale/flat/300918186/
23 435 000,00;13;SEAR;54,5;38;2;10;2017;7;0;1;3,2;3;https://www.cian.ru/sale/flat/299941813/
23 465 759,00;6;WAR;83;37,5;15;25;2021;3;1;0;2,63;3;https://www.cian.ru/sale/flat/300889117/
23 475 144,00;2;EAR;61,6;37,5;3;20;2024;0;1;0;3;2;https://www.cian.ru/sale/flat/300122384/
23 480 000,00;13;NEAR;61,8;46,8;2;4;2019;5;0;1;3;3;https://www.cian.ru/sale/flat/300865007/
23 481 000,00;9;NEAR;59,2;37,5;11;27;2022;2;1;0;3;1;https://www.cian.ru/sale/flat/296010071/
23 490 000,00;18;SWAR;69;46,1;7;8;1958;66;0;0;3,1;2;https://www.cian.ru/sale/flat/295719676/
23 499 000,00;14;WAR;50;37,5;4;28;2019;5;0;1;3;2;https://www.cian.ru/sale/flat/291890575/
23 500 000,00;24;NAR;65,6;27,8;15;33;2023;1;0;0;3;2;https://www.cian.ru/sale/flat/300392188/
23 500 000,00;18;SAR;40;14;38;40;2023;1;0;0;3,15;1;https://www.cian.ru/sale/flat/300027182/
23 500 000,00;17;SEAR;50,5;25,1;3;3;2023;1;1;0;5,05;2;https://www.cian.ru/sale/flat/295408788/
23 500 000,00;17;NEAR;95,5;62,8;12;18;1996;28;0;0;3;4;https://www.cian.ru/sale/flat/295978938/
23 500 000,00;17;EAR;98;65;4;12;2004;20;0;0;3;4;https://www.cian.ru/sale/flat/300817644/
23 500 000,00;16;NEAR;60;37;4;12;2022;2;0;0;2,7;3;https://www.cian.ru/sale/flat/297804958/
23 500 000,00;15;NAR;107,2;79,9;11;12;1980;44;0;0;2,5;4;https://www.cian.ru/sale/flat/297201767/
23 500 000,00;14;NWAR;43,1;18,8;22;41;2019;5;0;0;3;2;https://www.cian.ru/sale/flat/300663253/
23 500 000,00;12;SWAR;86;55;19;24;2005;19;0;0;2,78;3;https://www.cian.ru/sale/flat/295212920/
23 500 000,00;11;NEAR;42,2;10,7;9;38;2024;0;1;0;2,8;1;https://www.cian.ru/sale/flat/300184749/
23 500 000,00;9;EAR;85;37,5;3;5;2019;5;0;0;3;4;https://www.cian.ru/sale/flat/300294427/
23 500 000,00;8;SWAR;90;60;1;5;1958;66;0;0;3;4;https://www.cian.ru/sale/flat/300521297/
23 500 000,00;7;CAR;41;20;8;17;2016;8;0;0;2,8;1;https://www.cian.ru/sale/flat/300738679/
23 500 000,00;7;NWAR;44,4;15,2;9;13;2023;1;1;0;3;1;https://www.cian.ru/sale/flat/297622443/
23 500 000,00;5;NWAR;46,6;17,4;32;43;2023;1;1;0;3;1;https://www.cian.ru/sale/flat/298474842/
23 500 000,00;5;NWAR;52,3;29,4;13;25;2023;1;1;0;3;2;https://www.cian.ru/sale/flat/298473301/
23 500 000,00;4;CAR;70,8;24,7;9;19;2018;6;0;1;3;2;https://www.cian.ru/sale/flat/296600526/
23 500 000,00;3;SWAR;91;62;3;14;2002;22;0;0;2,64;4;https://www.cian.ru/sale/flat/299495787/
23 550 000,00;9;NWAR;52;35;6;52;2022;2;0;0;3,1;2;https://www.cian.ru/sale/flat/300688271/
23 551 761,00;7;SAR;62,1;37,5;11;15;2022;2;1;0;2,7;2;https://www.cian.ru/sale/flat/300289651/
23 586 571,00;25;SAR;37,4;12;16;16;2023;1;1;0;3,15;1;https://www.cian.ru/sale/flat/293203986/
23 647 219,00;5;NEAR;91,9;37,5;2;33;2023;1;1;0;2,63;3;https://www.cian.ru/sale/flat/300673589/
23 650 000,00;11;NWAR;46,7;18;31;36;2020;4;0;0;3;1;https://www.cian.ru/sale/flat/298593226/
23 650 000,00;10;NAR;77,2;55,1;1;6;1950;74;0;0;2,8;4;https://www.cian.ru/sale/flat/299852972/
23 654 000,00;9;NEAR;62,7;37,5;13;27;2022;2;1;0;3;2;https://www.cian.ru/sale/flat/294033465/
23 688 668,00;17;SEAR;60,5;23,9;5;30;2024;0;1;0;2,87;2;https://www.cian.ru/sale/flat/300575251/
23 700 000,00;12;NEAR;55,5;25,9;3;48;2024;0;1;0;3;2;https://www.cian.ru/sale/flat/289296396/
23 700 000,00;12;SAR;88,7;61;6;6;1940;84;0;0;3;4;https://www.cian.ru/sale/flat/277714089/
23 700 000,00;12;SWAR;100;65;8;22;2007;17;0;0;3;4;https://www.cian.ru/sale/flat/299486317/
23 700 000,00;11;NAR;43;25;3;41;2021;3;0;0;3;2;https://www.cian.ru/sale/flat/297874677/
23 700 000,00;9;EAR;72,74;32,8;25;33;2023;1;1;0;3;3;https://www.cian.ru/sale/flat/299383269/
23 700 000,00;4;NWAR;40,9;37,5;12;48;2023;1;0;0;3;1;https://www.cian.ru/sale/flat/300948524/
23 700 000,00;4;NWAR;43;37,5;21;49;2023;1;0;0;3,1;1;https://www.cian.ru/sale/flat/300553598/
23 700 000,00;4;CAR;60,5;37,5;6;10;1966;58;0;0;2,7;3;https://www.cian.ru/sale/flat/292752282/
23 700 476,00;24;WAR;60,4;27,5;5;21;2023;1;1;0;2,74;2;https://www.cian.ru/sale/flat/294232255/
23 711 231,00;20;WAR;86;37,5;9;25;2022;2;1;0;2,7;3;https://www.cian.ru/sale/flat/300614604/
23 748 680,00;4;SEAR;67,2;50;2;30;2019;5;0;0;3;3;https://www.cian.ru/sale/flat/299771851/
23 771 000,00;9;NEAR;68,9;37,5;4;27;2022;2;1;0;3;2;https://www.cian.ru/sale/flat/294033454/
23 790 000,00;7;WAR;65,7;44;8;12;1973;51;0;0;3;3;https://www.cian.ru/sale/flat/299492949/
23 800 000,00;20;SAR;65,3;32,1;9;24;2023;1;0;1;3;3;https://www.cian.ru/sale/flat/300659450/
23 800 000,00;10;NAR;50;35;4;5;1952;72;0;0;2,95;2;https://www.cian.ru/sale/flat/299297359/
23 800 000,00;8;WAR;73;37,5;5;17;1985;39;0;0;2,65;3;https://www.cian.ru/sale/flat/300401631/
23 800 000,00;5;NWAR;46;37,5;4;25;2019;5;0;1;3;1;https://www.cian.ru/sale/flat/296844261/
23 835 564,00;8;SWAR;47,4;37,5;20;25;2024;0;1;0;3,17;1;https://www.cian.ru/sale/flat/294650710/
23 899 990,00;8;NWAR;75;37,5;9;16;1981;43;0;0;2,64;3;https://www.cian.ru/sale/flat/300681396/
23 900 000,00;12;SEAR;85,1;57,3;1;17;2019;5;0;0;3;3;https://www.cian.ru/sale/flat/296187258/
23 900 000,00;11;NEAR;65;40;4;38;2015;9;0;0;3;2;https://www.cian.ru/sale/flat/293704749/
23 900 000,00;10;NAR;46,8;37,5;6;15;2019;5;0;1;3;2;https://www.cian.ru/sale/flat/292809109/
23 900 000,00;8;WAR;46;20;31;39;2022;2;0;0;3,1;1;https://www.cian.ru/sale/flat/298481387/
23 900 000,00;7;NWAR;54,6;37,5;12;47;2023;1;0;0;3,1;2;https://www.cian.ru/sale/flat/299784765/
23 900 000,00;6;NAR;72;37,5;12;26;2019;5;0;1;2,64;3;https://www.cian.ru/sale/flat/300567872/
23 900 000,00;5;SAR;80;37,5;3;24;2001;23;0;0;2,8;2;https://www.cian.ru/sale/flat/298090813/
23 900 000,00;5;SAR;82;69,1;2;5;1930;94;0;1;3,1;4;https://www.cian.ru/sale/flat/292666436/
23 900 000,00;5;SWAR;94,7;62,7;3;4;1999;25;0;0;2,64;4;https://www.cian.ru/sale/flat/292658999/
23 900 000,00;4;NWAR;42,6;37,5;3;49;2023;1;0;0;3,1;2;https://www.cian.ru/sale/flat/297256144/
23 900 000,00;4;NAR;47;37,5;10;15;2016;8;0;1;3;2;https://www.cian.ru/sale/flat/300029184/
23 900 000,00;4;NWAR;54;12;16;30;2015;9;0;0;3;2;https://www.cian.ru/sale/flat/297814123/
23 900 000,00;4;NEAR;78,6;37,5;1;15;1969;55;0;0;3;4;https://www.cian.ru/sale/flat/299698361/
23 913 372,00;7;WAR;60,7;26,7;9;21;2023;1;1;0;2,74;2;https://www.cian.ru/sale/flat/297464706/
23 925 840,00;14;WAR;76,1;34,8;22;33;2023;1;1;0;2,7;3;https://www.cian.ru/sale/flat/289214386/
23 980 000,00;10;NWAR;43;16;13;26;2022;2;0;0;3;2;https://www.cian.ru/sale/flat/300305357/
23 981 169,00;9;WAR;40,5;16,5;6;15;2022;2;1;0;3,12;1;https://www.cian.ru/sale/flat/298334392/
23 990 000,00;15;NWAR;48,1;25,3;5;30;2023;1;1;0;3;2;https://www.cian.ru/sale/flat/292944249/
23 990 000,00;10;SEAR;100;63,7;18;22;1997;27;0;0;2,8;4;https://www.cian.ru/sale/flat/296942983/
23 997 000,00;5;SWAR;58;37,5;7;8;1956;68;0;0;3;2;https://www.cian.ru/sale/flat/298905490/
24 000 000,00;19;SEAR;104,9;63,6;2;23;2019;5;0;0;3;4;https://www.cian.ru/sale/flat/297319991/
24 000 000,00;17;NAR;44;11,8;9;27;2022;2;0;0;3;1;https://www.cian.ru/sale/flat/300463313/
24 000 000,00;17;WAR;45;37,5;7;30;2019;5;0;0;3;2;https://www.cian.ru/sale/flat/295331237/
24 000 000,00;15;SWAR;91;57;17;25;1988;36;0;0;3;4;https://www.cian.ru/sale/flat/255981916/
24 000 000,00;12;NEAR;69;40;12;47;2018;6;0;1;3;3;https://www.cian.ru/sale/flat/296479803/
24 000 000,00;11;SAR;78,6;37,5;6;9;1959;65;0;0;2,75;4;https://www.cian.ru/sale/flat/300894688/
24 000 000,00;9;CAR;51;32;6;6;2019;5;0;0;3;2;https://www.cian.ru/sale/flat/294650908/
24 000 000,00;9;NEAR;101,2;69,2;1;12;1975;49;0;0;3;4;https://www.cian.ru/sale/flat/297355119/
24 000 000,00;8;SEAR;64;34,2;15;29;2023;1;0;0;2,8;2;https://www.cian.ru/sale/flat/300813354/
24 000 000,00;7;SAR;96;73,1;1;5;1957;67;0;0;3;4;https://www.cian.ru/sale/flat/288928749/
24 000 000,00;4;EAR;63,7;42,8;17;29;2023;1;1;0;3;3;https://www.cian.ru/sale/flat/296523403/
24 000 000,00;3;NEAR;42;20;50;55;2024;0;1;0;3;1;https://www.cian.ru/sale/flat/292941944/
24 000 000,00;3;NAR;50,5;25,5;4;5;1930;94;0;0;3,52;2;https://www.cian.ru/sale/flat/299842687/
24 018 796,00;9;WAR;40,3;14,9;9;15;2022;2;1;0;3,12;2;https://www.cian.ru/sale/flat/298334379/
24 092 278,00;6;SAR;45,2;28,9;11;15;2023;1;1;0;3,15;1;https://www.cian.ru/sale/flat/293204179/
24 133 872,00;24;WAR;62;24,3;2;21;2023;1;1;0;2,74;2;https://www.cian.ru/sale/flat/297464716/
24 161 658,00;4;SAR;53,66;31,4;25;27;2023;1;1;0;2,87;2;https://www.cian.ru/sale/flat/292741936/
24 192 312,00;27;SAR;84,5;40,4;33;33;2023;1;1;0;2,62;3;https://www.cian.ru/sale/flat/300725129/
24 192 680,00;17;NWAR;34,9;15,7;26;43;2023;1;1;0;3,15;1;https://www.cian.ru/sale/flat/296524857/
24 198 300,00;12;NEAR;50,1;37,6;6;37;2024;0;1;0;3;1;https://www.cian.ru/sale/flat/298603495/
24 200 000,00;9;NWAR;42;20;9;48;2019;5;0;0;3;1;https://www.cian.ru/sale/flat/297511312/
24 276 515,00;7;SAR;61,3;37,5;13;15;2022;2;1;0;2,7;2;https://www.cian.ru/sale/flat/300289672/
24 293 000,00;6;NEAR;142,9;90;8;8;2019;5;0;1;3;4;https://www.cian.ru/sale/flat/299548876/
24 300 000,00;18;WAR;47,8;36,8;5;41;2024;0;1;0;4,2;2;https://www.cian.ru/sale/flat/289060145/
24 300 000,00;17;NAR;56;28,5;3;27;2022;2;0;0;3;2;https://www.cian.ru/sale/flat/300770612/
24 300 000,00;14;WAR;56,7;37,5;8;28;2019;5;0;1;3;2;https://www.cian.ru/sale/flat/297903443/
24 300 000,00;13;NEAR;62;47;2;4;2019;5;0;1;3;3;https://www.cian.ru/sale/flat/296403266/
24 300 000,00;4;NEAR;90;57;1;12;2019;5;0;0;3;4;https://www.cian.ru/sale/flat/298197083/
24 300 000,00;3;NEAR;83,2;56,5;2;14;1988;36;0;0;2,64;4;https://www.cian.ru/sale/flat/299252485/
24 300 000,00;2;NEAR;85,3;61;5;14;1992;32;0;0;2,64;4;https://www.cian.ru/sale/flat/300833632/
24 310 000,00;9;CAR;37,4;37,5;4;4;2024;0;1;1;3;1;https://www.cian.ru/sale/flat/300978998/
24 348 516,00;8;SWAR;48,8;37,5;19;25;2024;0;1;0;3,17;1;https://www.cian.ru/sale/flat/294650700/
24 400 000,00;14;NEAR;85,7;55,5;8;13;1988;36;0;0;2,6;4;https://www.cian.ru/sale/flat/300664536/
24 400 000,00;5;NWAR;34,1;15,2;15;29;2023;1;1;0;3;1;https://www.cian.ru/sale/flat/292879600/
24 419 140,00;26;NWAR;59,6;23,2;21;25;2024;0;1;0;3,02;1;https://www.cian.ru/sale/flat/290853365/
24 427 658,00;6;SAR;47,9;32,4;11;15;2023;1;1;0;3,15;1;https://www.cian.ru/sale/flat/293204219/
24 450 000,00;12;NWAR;47,5;37,5;14;23;2019;5;0;1;3;2;https://www.cian.ru/sale/flat/299300790/
24 450 000,00;9;NAR;65;34;2;9;1953;71;0;0;2,5;2;https://www.cian.ru/sale/flat/300682308/
24 492 960,00;11;SWAR;46,6;37,5;30;34;2023;1;1;0;3;2;https://www.cian.ru/sale/flat/300761742/
24 499 999,00;20;NWAR;48,3;25,3;17;30;2023;1;1;0;3;2;https://www.cian.ru/sale/flat/297766869/
24 500 000,00;19;WAR;68,9;37,5;28;30;2019;5;0;0;3;2;https://www.cian.ru/sale/flat/297942360/
24 500 000,00;18;EAR;80;55;19;24;2021;3;0;0;2,9;3;https://www.cian.ru/sale/flat/300909618/
24 500 000,00;17;NWAR;49;25,7;12;29;2023;1;1;0;3;2;https://www.cian.ru/sale/flat/293665844/
24 500 000,00;16;WAR;81,6;52,3;10;17;2000;24;0;0;2,75;3;https://www.cian.ru/sale/flat/299879025/
24 500 000,00;14;SAR;66;37,5;4;15;2022;2;0;0;3,1;2;https://www.cian.ru/sale/flat/299110408/
24 500 000,00;12;EAR;60;40;5;20;2024;0;0;0;3;2;https://www.cian.ru/sale/flat/298341798/
24 500 000,00;10;NWAR;45,3;37,5;12;26;2019;5;0;0;3;2;https://www.cian.ru/sale/flat/300154609/
24 500 000,00;9;SEAR;77,2;38;15;26;2023;1;1;0;3;3;https://www.cian.ru/sale/flat/294966947/
24 500 000,00;8;NAR;58,2;37,5;2;8;1953;71;0;0;3;2;https://www.cian.ru/sale/flat/299421104/
24 500 000,00;8;WAR;64,6;23,3;10;24;2024;0;1;0;3;3;https://www.cian.ru/sale/flat/300741807/
24 500 000,00;8;CAR;65;47;4;4;1926;98;0;0;3,1;3;https://www.cian.ru/sale/flat/298943876/
24 500 000,00;7;NEAR;78,8;33,5;4;32;2024;0;0;0;2,75;3;https://www.cian.ru/sale/flat/299740434/
24 500 000,00;7;SWAR;84;56;2;14;1999;25;0;0;2,64;4;https://www.cian.ru/sale/flat/275763531/
24 500 000,00;7;NEAR;85,6;51,6;7;22;2021;3;1;0;3;3;https://www.cian.ru/sale/flat/300285754/
24 500 000,00;6;WAR;36;37,5;15;20;2021;3;0;0;3;1;https://www.cian.ru/sale/flat/299810301/
24 500 000,00;5;NAR;39,9;37,5;15;24;2022;2;0;0;3,1;1;https://www.cian.ru/sale/flat/297841625/
24 500 000,00;5;NWAR;42,4;15,8;40;43;2023;1;1;0;3;1;https://www.cian.ru/sale/flat/296400647/
24 500 000,00;3;NEAR;98,1;65,1;5;22;1997;27;0;0;2,64;4;https://www.cian.ru/sale/flat/300845717/
24 520 188,00;9;WAR;66;20,7;7;21;2023;1;1;0;2,74;2;https://www.cian.ru/sale/flat/297464730/
24 520 932,00;24;WAR;63,7;25,8;3;21;2023;1;1;0;2,74;2;https://www.cian.ru/sale/flat/284074576/
24 600 000,00;7;CAR;44,3;37,5;6;9;1963;61;0;0;3;2;https://www.cian.ru/sale/flat/300620282/
24 600 000,00;4;SWAR;72,8;44,2;2;25;2012;12;0;0;2,7;3;https://www.cian.ru/sale/flat/300346570/
24 610 900,00;16;NWAR;52,7;37,5;3;6;2023;1;1;1;3,24;2;https://www.cian.ru/sale/flat/299370735/
24 613 169,00;5;WAR;42,23;37,5;6;57;2024;0;1;0;2,9;1;https://www.cian.ru/sale/flat/272591258/
24 674 179,00;4;CAR;36,8;21,9;12;22;2022;2;1;0;3,25;2;https://www.cian.ru/sale/flat/298576230/
24 700 000,00;11;EAR;95,7;63,9;4;17;2003;21;0;0;2,65;4;https://www.cian.ru/sale/flat/298986140/
24 700 000,00;10;NWAR;73,2;33,7;18;22;2022;2;0;0;3,1;2;https://www.cian.ru/sale/flat/292772892/
24 700 000,00;9;NEAR;94,7;54,5;6;24;1988;36;0;0;2,7;4;https://www.cian.ru/sale/flat/298903130/
24 700 000,00;6;CAR;58,8;37,5;1;6;1928;96;0;1;3;2;https://www.cian.ru/sale/flat/300590984/
24 700 000,00;5;NWAR;40,6;26,5;6;29;2023;1;0;0;3;1;https://www.cian.ru/sale/flat/296064946/
24 700 000,00;5;NAR;100;71,4;4;5;1957;67;0;0;3;4;https://www.cian.ru/sale/flat/298024340/
24 700 000,00;3;WAR;71;35,3;5;16;2015;9;0;1;3;2;https://www.cian.ru/sale/flat/297469165/
24 710 400,00;29;EAR;78;32;29;33;2023;1;1;0;2,6;3;https://www.cian.ru/sale/flat/293402779/
24 719 029,00;15;NEAR;64;34;6;17;2021;3;0;0;2,8;2;https://www.cian.ru/sale/flat/299671114/
24 719 029,00;8;NEAR;64;37,5;7;22;2021;3;1;0;2,72;2;https://www.cian.ru/sale/flat/299527047/
24 765 188,00;9;WAR;58;21,9;5;9;2023;1;1;0;2,74;2;https://www.cian.ru/sale/flat/288241596/
24 773 733,00;30;WAR;72,6;36,1;26;33;2024;0;1;0;2,62;3;https://www.cian.ru/sale/flat/300679223/
24 800 000,00;16;WAR;68,4;37,5;6;25;2015;9;0;1;3;2;https://www.cian.ru/sale/flat/299125015/
24 800 000,00;16;WAR;70;30;6;21;2016;8;0;1;3;2;https://www.cian.ru/sale/flat/297901346/
24 800 000,00;10;NAR;63,2;35,3;8;16;1973;51;0;0;2,8;2;https://www.cian.ru/sale/flat/300218637/
24 800 000,00;6;CAR;56,1;37,5;7;8;1959;65;0;0;2,8;2;https://www.cian.ru/sale/flat/299368217/
24 800 000,00;5;NWAR;58;37,5;7;25;2022;2;0;1;3;2;https://www.cian.ru/sale/flat/300664612/
24 886 560,00;17;NWAR;37,3;15,8;41;43;2023;1;1;0;3,15;1;https://www.cian.ru/sale/flat/292613394/
24 900 000,00;19;SAR;69;35;5;24;2019;5;0;1;3;3;https://www.cian.ru/sale/flat/299294154/
24 900 000,00;17;NAR;55;27;17;29;2022;2;0;0;3,1;2;https://www.cian.ru/sale/flat/300116445/
24 900 000,00;15;SAR;55;30;5;24;2024;0;0;1;3;2;https://www.cian.ru/sale/flat/300614009/
24 900 000,00;14;NEAR;69;47;4;16;2018;6;0;0;3;3;https://www.cian.ru/sale/flat/297493495/
24 900 000,00;13;CAR;40,1;25,1;2;3;2019;5;0;1;4,7;2;https://www.cian.ru/sale/flat/299507088/
24 900 000,00;13;EAR;93;62;1;12;2004;20;0;0;2,64;4;https://www.cian.ru/sale/flat/293819925/
24 900 000,00;12;NEAR;53,3;37,5;19;48;2017;7;0;0;3;2;https://www.cian.ru/sale/flat/297733145/
24 900 000,00;12;CAR;59,9;37,5;3;19;2019;5;0;1;3,3;3;https://www.cian.ru/sale/flat/300733793/
24 900 000,00;10;NWAR;43,5;15;2;13;2023;1;1;0;3;1;https://www.cian.ru/sale/flat/298007869/
24 900 000,00;10;NWAR;73,2;33,7;20;22;2022;2;0;0;3,1;2;https://www.cian.ru/sale/flat/292730319/
24 900 000,00;9;NWAR;49,7;37,5;8;42;2018;6;0;1;3,2;2;https://www.cian.ru/sale/flat/298836589/
24 900 000,00;9;SAR;72,4;44,8;5;17;1996;28;0;0;2,64;3;https://www.cian.ru/sale/flat/299897129/
24 900 000,00;1;NAR;64;35;24;37;2010;14;0;0;3;2;https://www.cian.ru/sale/flat/300058666/
24 950 000,00;8;CAR;39,8;12;7;11;2022;2;0;1;3;1;https://www.cian.ru/sale/flat/299110205/
24 960 000,00;9;NAR;90;65,5;6;8;1956;68;0;0;3,2;4;https://www.cian.ru/sale/flat/297067770/
24 990 000,00;9;WAR;37,3;20;2;13;2019;5;0;0;3;1;https://www.cian.ru/sale/flat/299466433/
24 990 000,00;7;SEAR;64,5;32,2;5;17;2019;5;0;0;3;2;https://www.cian.ru/sale/flat/300791839/
24 990 000,00;6;EAR;60;37,5;5;9;2021;3;0;0;3;2;https://www.cian.ru/sale/flat/297941141/
24 999 000,00;19;WAR;70;37,5;21;31;2023;1;0;0;3;3;https://www.cian.ru/sale/flat/296641605/
24 999 000,00;5;WAR;44;23;8;14;2019;5;0;0;3;2;https://www.cian.ru/sale/flat/296263461/
25 000 000,00;20;SWAR;48,2;37,5;41;51;2010;14;0;0;3;1;https://www.cian.ru/sale/flat/300953502/
25 000 000,00;18;SEAR;64,2;37,5;5;10;2021;3;0;0;2,8;2;https://www.cian.ru/sale/flat/298968849/
25 000 000,00;18;EAR;80;55;19;24;2019;5;0;0;3;3;https://www.cian.ru/sale/flat/298871161/
25 000 000,00;15;SAR;51,5;37,5;7;26;2024;0;1;0;2,87;2;https://www.cian.ru/sale/flat/298277252/
25 000 000,00;14;SEAR;42;17,7;3;15;2018;6;0;0;2,8;1;https://www.cian.ru/sale/flat/300436978/
25 000 000,00;14;SEAR;42;17,7;3;17;2018;6;0;0;3;1;https://www.cian.ru/sale/flat/300573137/
25 000 000,00;14;SWAR;71,9;44;5;13;2023;1;1;0;3;3;https://www.cian.ru/sale/flat/300328456/
25 000 000,00;12;NWAR;80;40,5;23;24;2012;12;0;0;3;2;https://www.cian.ru/sale/flat/298758094/
25 000 000,00;11;CAR;31,2;37,5;5;9;1965;59;0;0;2,5;1;https://www.cian.ru/sale/flat/300245372/
25 000 000,00;10;NEAR;43;15;6;11;2022;2;0;0;3;1;https://www.cian.ru/sale/flat/297788340/
25 000 000,00;10;NWAR;45,3;37,5;12;26;2022;2;0;0;3;2;https://www.cian.ru/sale/flat/300479650/
25 000 000,00;10;NAR;46;22;11;22;2023;1;0;1;2,8;2;https://www.cian.ru/sale/flat/300158363/
25 000 000,00;9;NWAR;42,2;16;5;48;2022;2;0;0;2,9;1;https://www.cian.ru/sale/flat/296323378/
25 000 000,00;9;NAR;46,7;37,5;2;29;2022;2;0;0;2,9;2;https://www.cian.ru/sale/flat/297990129/
25 000 000,00;8;CAR;40;37,5;6;12;1965;59;0;0;2,95;2;https://www.cian.ru/sale/flat/299520473/
25 000 000,00;7;CAR;40,1;37,5;6;9;2019;5;0;0;2,6;2;https://www.cian.ru/sale/flat/300866936/
25 000 000,00;7;SAR;80;50;4;5;1957;67;0;0;3;3;https://www.cian.ru/sale/flat/298657571/
25 000 000,00;6;NEAR;72;45;7;8;1955;69;0;0;3;3;https://www.cian.ru/sale/flat/299252539/
25 000 000,00;5;NWAR;50;25;7;25;2019;5;0;1;3,2;1;https://www.cian.ru/sale/flat/300670946/
25 000 000,00;5;SEAR;72;47;23;25;2020;4;0;0;2,8;4;https://www.cian.ru/sale/flat/299964741/
25 000 000,00;4;NWAR;43,2;20;4;20;2019;5;0;0;3;1;https://www.cian.ru/sale/flat/285973385/
25 000 000,00;4;WAR;57,2;37,5;23;30;2022;2;1;0;3;2;https://www.cian.ru/sale/flat/296451009/
25 000 000,00;4;NEAR;88;37,5;17;25;2020;4;0;1;2,85;4;https://www.cian.ru/sale/flat/300616140/
25 059 645,00;5;WAR;39,3;37,5;7;57;2024;0;1;0;2,9;1;https://www.cian.ru/sale/flat/299901666/
25 066 035,00;9;NEAR;74,2;37,5;16;27;2022;2;1;0;3;2;https://www.cian.ru/sale/flat/294033539/
25 099 552,00;27;SAR;40,1;14,4;15;15;2023;1;1;0;3,15;1;https://www.cian.ru/sale/flat/293204363/
25 178 208,00;6;SAR;44;24,2;15;15;2023;1;1;0;3,15;2;https://www.cian.ru/sale/flat/293204091/
25 180 000,00;6;EAR;125,9;37,5;3;5;1958;66;0;1;3,1;4;https://www.cian.ru/sale/flat/293073291/
25 190 000,00;16;EAR;92,7;58,7;17;17;2019;5;0;0;3;4;https://www.cian.ru/sale/flat/294470974/
25 200 000,00;17;WAR;49;25;20;23;2019;5;0;0;3;1;https://www.cian.ru/sale/flat/297827625/
25 200 000,00;16;EAR;94,5;58,8;15;17;2019;5;0;0;2,8;4;https://www.cian.ru/sale/flat/298222997/
25 201 418,00;22;SAR;40,3;15,2;21;21;2023;1;1;0;3;1;https://www.cian.ru/sale/flat/291543574/
25 265 285,00;9;WAR;56,99;35,5;29;29;2023;1;1;0;3,3;2;https://www.cian.ru/sale/flat/297986147/
25 293 037,00;2;EAR;65,57;37,5;3;20;2024;0;1;0;3;2;https://www.cian.ru/sale/flat/297151038/
25 300 000,00;17;NEAR;104;64,2;9;22;2006;18;0;0;2,64;4;https://www.cian.ru/sale/flat/297943051/
25 300 000,00;13;NAR;78,1;48;8;25;1989;35;0;0;2,7;4;https://www.cian.ru/sale/flat/301054255/
25 308 900,00;16;NWAR;54,9;37,5;2;6;2023;1;1;1;3,24;1;https://www.cian.ru/sale/flat/299370775/
25 313 093,00;8;NAR;57,5;35,3;12;35;2023;1;1;0;3,1;3;https://www.cian.ru/sale/flat/298334724/
25 333 027,00;10;WAR;92,3;37,5;9;25;2021;3;1;0;2,63;4;https://www.cian.ru/sale/flat/299449818/
25 338 760,00;4;CAR;46,2;16,4;10;10;2024;0;1;1;3;1;https://www.cian.ru/sale/flat/296548872/
25 368 000,00;9;NWAR;56;37,5;40;47;2023;1;1;0;3,05;2;https://www.cian.ru/sale/flat/296745634/
25 375 391,00;10;WAR;92,1;37,5;6;25;2021;3;1;0;2,63;3;https://www.cian.ru/sale/flat/300889113/
25 380 160,00;21;SWAR;41,6;37,5;23;42;2023;1;1;0;3;2;https://www.cian.ru/sale/flat/300712642/
25 392 000,00;11;NWAR;48;16,6;4;21;2023;1;1;0;3,1;1;https://www.cian.ru/sale/flat/300312697/
25 400 000,00;19;NEAR;87,6;53,7;1;11;1978;46;0;0;2,65;3;https://www.cian.ru/sale/flat/298879854/
25 400 000,00;6;SAR;92,2;66;4;10;2019;5;0;0;3;4;https://www.cian.ru/sale/flat/289102343/
25 401 000,00;9;NEAR;60,3;37,5;26;27;2022;2;1;0;3;1;https://www.cian.ru/sale/flat/294554061/
25 440 000,00;17;NWAR;42,4;37,5;43;43;2023;1;1;0;3;1;https://www.cian.ru/sale/flat/293124821/
25 482 420,00;10;SEAR;79,3;43,9;27;33;2023;1;1;0;2,67;3;https://www.cian.ru/sale/flat/289402671/
25 482 646,00;24;WAR;67;26,9;8;21;2023;1;1;0;2,74;2;https://www.cian.ru/sale/flat/286829755/
25 490 000,00;12;NEAR;89,3;50;17;25;2024;0;1;0;2,66;3;https://www.cian.ru/sale/flat/298576678/
25 500 000,00;22;NAR;98;69;1;5;1956;68;0;0;3,1;4;https://www.cian.ru/sale/flat/299269383/
25 500 000,00;17;SAR;63,39;38,6;4;16;2024;0;1;0;2,5;2;https://www.cian.ru/sale/flat/298568717/
25 500 000,00;15;SEAR;100;62;3;23;2019;5;0;0;3;4;https://www.cian.ru/sale/flat/297130208/
25 500 000,00;14;NWAR;51,1;37,5;36;41;2024;0;1;0;3;2;https://www.cian.ru/sale/flat/297149385/
25 500 000,00;13;NAR;61;42;4;5;1958;66;0;0;3,1;3;https://www.cian.ru/sale/flat/300092552/
25 500 000,00;13;SEAR;104,8;65,9;6;12;1976;48;0;0;2,7;4;https://www.cian.ru/sale/flat/300589923/
25 500 000,00;9;WAR;44,1;37,5;1;14;2019;5;0;0;3;1;https://www.cian.ru/sale/flat/300647525/
25 500 000,00;9;NAR;61,3;42,8;2;7;1936;88;0;0;3,1;3;https://www.cian.ru/sale/flat/300790349/
25 500 000,00;7;NAR;42;26;8;9;1962;62;0;0;3;2;https://www.cian.ru/sale/flat/300719607/
25 500 000,00;7;WAR;60;35;20;37;2021;3;0;0;3,1;2;https://www.cian.ru/sale/flat/300742288/
25 500 000,00;6;EAR;97;67;7;10;1938;86;0;0;3,2;4;https://www.cian.ru/sale/flat/298988029/
25 500 000,00;5;NWAR;56;29,6;2;23;2023;1;0;0;3;2;https://www.cian.ru/sale/flat/299141046/
25 500 000,00;4;NWAR;67,8;37,5;7;49;2019;5;0;0;3;2;https://www.cian.ru/sale/flat/294999843/
25 500 000,00;3;WAR;72,3;51,5;4;5;1961;63;0;0;2,65;3;https://www.cian.ru/sale/flat/300427615/
25 512 000,00;10;NEAR;42,7;31,7;3;35;2022;2;0;0;3;2;https://www.cian.ru/sale/flat/299962045/
25 543 874,00;6;SWAR;47,6;37,5;11;12;2024;0;1;0;3,17;2;https://www.cian.ru/sale/flat/294550031/
25 554 480,00;10;SEAR;79,5;43,9;29;33;2023;1;1;0;2,67;3;https://www.cian.ru/sale/flat/289402667/
25 583 515,00;4;WAR;87,8;55,1;6;15;2022;2;1;1;3;3;https://www.cian.ru/sale/flat/286250524/
25 590 000,00;6;WAR;65;31;2;17;2001;23;0;0;3,1;2;https://www.cian.ru/sale/flat/299370205/
25 602 975,00;9;NEAR;72;37,5;17;27;2022;2;1;0;3;2;https://www.cian.ru/sale/flat/294033541/
25 616 800,00;5;SWAR;41;37,5;22;42;2024;0;1;0;3;2;https://www.cian.ru/sale/flat/300672629/
25 631 045,00;6;NAR;52,5;37,5;3;33;2024;0;1;1;2,7;2;https://www.cian.ru/sale/flat/297684098/
25 635 150,00;9;NEAR;74,9;37,5;21;27;2022;2;1;0;3;2;https://www.cian.ru/sale/flat/296010083/
25 645 000,00;5;WAR;45;24;4;14;2019;5;0;0;3;2;https://www.cian.ru/sale/flat/300192341/
25 655 724,00;27;SAR;74,4;46,3;2;33;2023;1;1;0;2,68;3;https://www.cian.ru/sale/flat/300915390/
25 679 385,00;10;WAR;90,4;37,5;25;25;2022;2;1;0;2,7;3;https://www.cian.ru/sale/flat/300614602/
25 690 000,00;5;WAR;44,4;13,8;4;14;2019;5;0;0;3;1;https://www.cian.ru/sale/flat/295274044/
25 700 000,00;18;WAR;46;15;11;26;2021;3;0;0;3,1;1;https://www.cian.ru/sale/flat/299796767/
25 700 000,00;5;SEAR;56;33;14;19;2012;12;0;0;3,1;2;https://www.cian.ru/sale/flat/300119880/
25 705 695,00;2;EAR;67,71;37,7;3;20;2024;0;1;0;3;3;https://www.cian.ru/sale/flat/295461268/
25 750 000,00;18;SAR;86,6;55,1;32;33;2023;1;0;0;3;4;https://www.cian.ru/sale/flat/297946515/
25 778 469,00;9;EAR;52,9;37,5;3;16;2021;3;0;0;3;2;https://www.cian.ru/sale/flat/296189151/
25 790 000,00;7;WAR;64,5;24,8;33;41;2022;2;0;0;3,1;2;https://www.cian.ru/sale/flat/297325651/
25 800 000,00;12;NAR;39;37,5;6;22;2019;5;0;1;3;1;https://www.cian.ru/sale/flat/300563521/
25 800 000,00;11;EAR;75,2;44;37;39;2020;4;0;0;2,8;3;https://www.cian.ru/sale/flat/299248003/
25 800 000,00;10;SEAR;94;51;2;23;2014;10;0;0;2,8;4;https://www.cian.ru/sale/flat/297368633/
25 800 000,00;7;EAR;105;76,6;4;8;2019;5;0;0;3;4;https://www.cian.ru/sale/flat/300747040/
25 800 000,00;5;NWAR;49,3;37,5;5;43;2023;1;0;0;3,1;2;https://www.cian.ru/sale/flat/296325203/
25 846 250,00;11;EAR;77,5;32,9;29;33;2024;0;1;0;2,6;3;https://www.cian.ru/sale/flat/270786655/
25 850 000,00;8;SEAR;79;56;4;12;2020;4;0;0;3;4;https://www.cian.ru/sale/flat/300571384/
25 856 000,00;20;NEAR;80,8;37,5;10;22;2021;3;1;0;2,79;3;https://www.cian.ru/sale/flat/296754087/
25 868 927,00;5;WAR;92;37,5;6;25;2021;3;1;0;2,63;3;https://www.cian.ru/sale/flat/300605470/
25 900 000,00;20;NWAR;62;37,5;7;20;2023;1;0;0;2,8;3;https://www.cian.ru/sale/flat/299945226/
25 900 000,00;12;CAR;75;46,3;15;16;1976;48;0;0;2,7;3;https://www.cian.ru/sale/flat/300331875/
25 900 000,00;11;SWAR;57;37,5;8;8;1958;66;0;0;2,8;2;https://www.cian.ru/sale/flat/299117204/
25 900 000,00;8;SEAR;80;40;4;12;2019;5;0;0;2,85;4;https://www.cian.ru/sale/flat/297453781/
25 900 000,00;7;SEAR;93,3;56;1;7;1958;66;0;0;3,07;3;https://www.cian.ru/sale/flat/300019723/
25 900 000,00;4;SAR;47,2;37,5;12;43;2024;0;1;0;3;2;https://www.cian.ru/sale/flat/298057811/
25 900 000,00;4;NWAR;55;30;4;22;2021;3;0;0;3;2;https://www.cian.ru/sale/flat/298802938/
25 902 163,00;5;WAR;47,07;37,5;13;57;2024;0;1;0;2,9;1;https://www.cian.ru/sale/flat/283864415/
25 910 000,00;10;NEAR;42,7;37,5;9;11;2022;2;0;0;3;2;https://www.cian.ru/sale/flat/298839555/
25 950 000,00;13;EAR;103,4;65,8;4;5;2019;5;0;0;3,1;4;https://www.cian.ru/sale/flat/288648912/
25 983 419,00;4;SAR;62,97;30,2;27;27;2023;1;1;0;2,87;2;https://www.cian.ru/sale/flat/284858665/
25 990 000,00;12;NEAR;62;36;15;20;2021;3;0;1;3,15;2;https://www.cian.ru/sale/flat/300269883/
25 990 000,00;5;SEAR;99,2;37,5;18;21;1996;28;0;0;2,64;4;https://www.cian.ru/sale/flat/298526532/
26 000 000,00;20;SAR;40;25,5;14;46;2023;1;0;0;3;2;https://www.cian.ru/sale/flat/300575899/
26 000 000,00;19;SAR;40;15,2;13;29;2023;1;0;0;3;1;https://www.cian.ru/sale/flat/300678338/
26 000 000,00;18;SWAR;75;55;1;14;2019;5;0;0;3;4;https://www.cian.ru/sale/flat/300879980/
26 000 000,00;17;SAR;61;26,6;18;24;2022;2;0;1;2,87;3;https://www.cian.ru/sale/flat/300368995/
26 000 000,00;16;NWAR;80;37,5;5;12;1979;45;0;0;2,5;4;https://www.cian.ru/sale/flat/299131007/
26 000 000,00;16;NAR;104;65;14;18;2004;20;0;0;2,74;4;https://www.cian.ru/sale/flat/300499070/
26 000 000,00;15;NAR;91,1;62;1;17;2000;24;0;0;2,6;4;https://www.cian.ru/sale/flat/299784538/
26 000 000,00;11;NEAR;45;34;13;17;2020;4;0;1;3,1;2;https://www.cian.ru/sale/flat/300858461/
26 000 000,00;11;SAR;73;37,5;13;15;2022;2;0;0;3,1;2;https://www.cian.ru/sale/flat/295409684/
26 000 000,00;11;SWAR;92;70;18;19;2016;8;0;0;2,7;4;https://www.cian.ru/sale/flat/293357587/
26 000 000,00;11;SWAR;100,1;58,3;4;4;1994;30;0;0;2,85;4;https://www.cian.ru/sale/flat/299267453/
26 000 000,00;10;NEAR;96,9;69,8;1;5;1956;68;0;0;3,1;4;https://www.cian.ru/sale/flat/301036479/
26 000 000,00;10;NWAR;110,1;66,4;10;10;1999;25;0;0;2,7;4;https://www.cian.ru/sale/flat/297548061/
26 000 000,00;8;CAR;81,6;52;4;17;2004;20;0;0;2,7;3;https://www.cian.ru/sale/flat/298681167/
26 000 000,00;8;NWAR;100;71,4;1;5;2019;5;0;0;3;4;https://www.cian.ru/sale/flat/299293443/
26 000 000,00;8;SEAR;103,6;66,8;4;8;1958;66;0;0;3;4;https://www.cian.ru/sale/flat/283685882/
26 000 000,00;7;SEAR;100,2;67,5;5;7;1956;68;0;0;4;4;https://www.cian.ru/sale/flat/299759148/
26 000 000,00;6;SAR;90;37,5;5;5;1930;94;0;0;3;4;https://www.cian.ru/sale/flat/300779635/
26 000 000,00;5;WAR;45;30;4;14;2024;0;0;0;3,2;1;https://www.cian.ru/sale/flat/299579932/
26 000 000,00;5;CAR;48;37,5;8;12;2018;6;0;1;3;2;https://www.cian.ru/sale/flat/297244904/
26 000 000,00;5;SAR;100;69,4;18;22;2019;5;0;0;3;4;https://www.cian.ru/sale/flat/299163343/
26 000 000,00;5;SAR;101;85,4;18;22;2019;5;0;0;3;4;https://www.cian.ru/sale/flat/300476638/
26 000 000,00;4;CAR;48,8;37,5;8;12;2019;5;0;1;3;1;https://www.cian.ru/sale/flat/300318674/
26 000 000,00;3;NAR;51;26;18;32;2010;14;0;0;3;1;https://www.cian.ru/sale/flat/300069031/
26 000 000,00;3;CAR;64,4;37,5;8;8;1908;116;0;0;3,1;2;https://www.cian.ru/sale/flat/298874180/
26 000 000,00;3;SWAR;90;57;12;16;2001;23;0;0;2,75;4;https://www.cian.ru/sale/flat/296615476/
26 000 000,00;3;NEAR;90,7;56,5;5;14;1988;36;0;0;3;4;https://www.cian.ru/sale/flat/300839627/
26 020 054,00;22;SAR;45,33;23,2;8;29;2023;1;1;0;3;2;https://www.cian.ru/sale/flat/296831921/
26 051 947,00;9;WAR;59,9;23,6;32;33;2023;1;1;0;2,62;2;https://www.cian.ru/sale/flat/300679341/
26 100 000,00;10;SEAR;64;24,6;20;22;2023;1;1;0;3;2;https://www.cian.ru/sale/flat/279714404/
26 146 930,00;2;EAR;70,46;46;2;20;2024;0;1;0;3;3;https://www.cian.ru/sale/flat/299141828/
26 161 776,00;4;CAR;48;17,2;10;10;2024;0;1;1;3;1;https://www.cian.ru/sale/flat/296548867/
26 178 239,00;10;WAR;74,08;52,6;22;29;2023;1;1;0;3,3;3;https://www.cian.ru/sale/flat/297984103/
26 200 000,00;1;NAR;58;25,5;31;59;2021;3;0;0;2,9;2;https://www.cian.ru/sale/flat/295134014/
26 205 026,00;4;WAR;62,7;25,5;5;12;2022;2;1;1;3;2;https://www.cian.ru/sale/flat/298780527/
26 240 000,00;15;NWAR;46,4;37,5;2;10;2023;1;1;0;3;1;https://www.cian.ru/sale/flat/300299480/
26 242 560,00;2;EAR;65,28;37,5;5;20;2024;0;1;0;3;2;https://www.cian.ru/sale/flat/299859641/
26 270 000,00;27;WAR;44,6;13,8;8;14;2023;1;1;0;3;1;https://www.cian.ru/sale/flat/299262122/
26 300 000,00;12;WAR;70;31,6;17;33;2024;0;0;0;3;2;https://www.cian.ru/sale/flat/297095339/
26 301 212,00;5;WAR;47,72;37,5;7;57;2024;0;1;0;2,9;1;https://www.cian.ru/sale/flat/290790429/
26 323 740,00;14;WAR;81,7;33,8;26;33;2023;1;1;0;2,7;3;https://www.cian.ru/sale/flat/281170272/
26 357 000,00;9;NEAR;65,4;37,5;27;27;2022;2;1;0;3;2;https://www.cian.ru/sale/flat/294554070/
26 379 046,00;15;SAR;58,3;37,5;10;24;2023;1;1;0;3,15;1;https://www.cian.ru/sale/flat/300761652/
26 391 850,00;30;WAR;73,4;37,5;33;34;2023;1;1;0;2,62;3;https://www.cian.ru/sale/flat/300679320/
26 400 000,00;11;NEAR;100;64,7;11;18;1995;29;0;0;2,64;4;https://www.cian.ru/sale/flat/291134322/
26 400 000,00;8;WAR;50;15;11;20;2019;5;0;0;2,85;2;https://www.cian.ru/sale/flat/286012661/
26 400 000,00;5;NWAR;55,7;28,4;10;30;2023;1;1;0;3;2;https://www.cian.ru/sale/flat/296062774/
26 400 000,00;2;CAR;39,4;37,5;20;46;2024;0;1;1;2,64;1;https://www.cian.ru/sale/flat/300222041/
26 428 000,00;9;NEAR;76,6;37,5;2;27;2022;2;1;0;3;2;https://www.cian.ru/sale/flat/294033495/
26 442 849,00;9;WAR;45,6;20,1;3;15;2022;2;1;0;3,12;1;https://www.cian.ru/sale/flat/298334390/
26 480 000,00;11;SAR;71,1;37,5;4;15;2019;5;0;0;3,1;2;https://www.cian.ru/sale/flat/299068746/
26 500 000,00;20;SWAR;42;37,5;12;42;2023;1;0;0;2,8;2;https://www.cian.ru/sale/flat/300822078/
26 500 000,00;19;SEAR;82,4;52;13;16;2023;1;0;0;2,7;3;https://www.cian.ru/sale/flat/299918587/
26 500 000,00;12;NWAR;42,7;37,5;11;21;2018;6;0;0;3;2;https://www.cian.ru/sale/flat/293044967/
26 500 000,00;12;SAR;59,1;37,5;5;6;1934;90;0;0;2,8;2;https://www.cian.ru/sale/flat/293741013/
26 500 000,00;12;SWAR;72,3;45,4;8;9;2008;16;0;0;2,64;3;https://www.cian.ru/sale/flat/300773101/
26 500 000,00;10;WAR;74;37,5;4;17;1985;39;0;0;3;3;https://www.cian.ru/sale/flat/300792268/
26 500 000,00;9;CAR;50;33;7;15;2019;5;0;1;3,05;2;https://www.cian.ru/sale/flat/299284690/
26 500 000,00;9;NEAR;100,4;64,6;11;18;2019;5;0;0;3;4;https://www.cian.ru/sale/flat/285076882/
26 500 000,00;8;CAR;54;31;6;9;2006;18;0;0;2,7;2;https://www.cian.ru/sale/flat/300598940/
26 500 000,00;8;NEAR;82,1;50;2;16;1978;46;0;0;2,64;4;https://www.cian.ru/sale/flat/300608049/
26 500 000,00;7;SWAR;82,7;48;19;24;2019;5;0;0;3;4;https://www.cian.ru/sale/flat/300194634/
26 500 000,00;7;SWAR;82,7;53,6;19;24;2011;13;0;0;2,8;4;https://www.cian.ru/sale/flat/300426266/
26 500 000,00;7;SWAR;82,7;54;19;24;2011;13;0;0;2,9;4;https://www.cian.ru/sale/flat/300939763/
26 500 000,00;6;CAR;65;25,8;2;12;1975;49;0;0;2,75;2;https://www.cian.ru/sale/flat/279246223/
26 500 000,00;6;WAR;81;53;28;32;2022;2;0;0;2,62;4;https://www.cian.ru/sale/flat/298754663/
26 500 000,00;4;WAR;45,67;37,5;3;5;1962;62;0;0;2,8;2;https://www.cian.ru/sale/flat/298503716/
26 500 000,00;3;SEAR;110,3;69,1;8;17;1999;25;0;0;2,64;4;https://www.cian.ru/sale/flat/299052899/
26 500 000,00;2;NEAR;70;36,6;2;16;2021;3;0;0;2,8;2;https://www.cian.ru/sale/flat/299478156/
26 501 689,00;24;WAR;65,1;43,2;1;21;2023;1;1;0;4,11;2;https://www.cian.ru/sale/flat/295487321/
26 550 000,00;14;NWAR;35,4;37,5;9;29;2021;3;0;1;3,2;1;https://www.cian.ru/sale/flat/300644939/
26 551 533,00;20;NEAR;76;37,5;10;22;2021;3;1;0;2,79;3;https://www.cian.ru/sale/flat/295442234/
26 558 675,00;10;SWAR;104,5;44,2;6;14;2023;1;1;1;2,8;3;https://www.cian.ru/sale/flat/300624481/
26 566 750,00;12;WAR;89,3;38;2;21;2023;1;1;0;2,7;3;https://www.cian.ru/sale/flat/276703807/
26 590 000,00;19;SAR;78;53,3;2;7;1980;44;0;0;2,7;4;https://www.cian.ru/sale/flat/298811813/
26 600 000,00;11;EAR;70,26;37,5;6;20;2024;0;1;0;3;2;https://www.cian.ru/sale/flat/287925648/
26 640 000,00;11;NAR;95,6;64,4;4;5;2019;5;0;0;3,1;4;https://www.cian.ru/sale/flat/300265228/
26 649 000,00;9;NWAR;56,7;37,5;47;47;2023;1;1;0;3,05;2;https://www.cian.ru/sale/flat/296745635/
26 650 000,00;19;NWAR;49,4;37,5;3;29;2023;1;1;0;3;2;https://www.cian.ru/sale/flat/289557564/
26 690 000,00;8;SAR;71,3;37,5;3;11;2024;0;1;0;3;2;https://www.cian.ru/sale/flat/300575713/
26 700 000,00;16;NWAR;50,3;15,2;11;20;2015;9;0;0;2,7;2;https://www.cian.ru/sale/flat/300506281/
26 700 000,00;13;NAR;103,3;64,1;20;22;2019;5;0;0;3;4;https://www.cian.ru/sale/flat/300622410/
26 700 000,00;8;WAR;50,4;16,3;3;28;2022;2;0;0;3,12;2;https://www.cian.ru/sale/flat/299580417/
26 700 000,00;8;NAR;51,5;37,5;8;12;2019;5;0;1;3,2;2;https://www.cian.ru/sale/flat/300860541/
26 700 000,00;5;CAR;55,6;37,5;2;6;2019;5;0;0;3;2;https://www.cian.ru/sale/flat/300551119/
26 700 000,00;4;CAR;74;52,5;4;5;1959;65;0;0;3,2;4;https://www.cian.ru/sale/flat/300254550/
26 723 894,00;9;WAR;69,6;37,5;7;21;2023;1;1;0;2,74;2;https://www.cian.ru/sale/flat/292213557/
26 750 000,00;12;NWAR;98,2;70,7;2;22;1999;25;0;0;2,66;4;https://www.cian.ru/sale/flat/296856201/
26 750 000,00;7;WAR;72;41;3;43;2022;2;0;0;3,1;3;https://www.cian.ru/sale/flat/294615649/
26 760 111,00;4;NWAR;64,08;33,1;47;52;2024;0;1;0;2,85;2;https://www.cian.ru/sale/flat/285042238/
26 777 340,00;19;SEAR;78,4;37,5;20;30;2024;0;1;0;2,87;3;https://www.cian.ru/sale/flat/300575558/
26 790 000,00;15;NEAR;82,3;64,7;5;20;2017;7;0;0;2,7;3;https://www.cian.ru/sale/flat/299454124/
26 800 000,00;13;WAR;101;65;3;25;2019;5;0;0;3;4;https://www.cian.ru/sale/flat/296444221/
26 800 000,00;11;SAR;52;37,5;12;12;2022;2;0;0;4,5;2;https://www.cian.ru/sale/flat/300596715/
26 800 000,00;9;SAR;60,59;43,4;37;40;2019;5;0;0;3;3;https://www.cian.ru/sale/flat/299166294/
26 800 000,00;5;NWAR;66,3;37,5;6;25;2023;1;0;0;3,1;3;https://www.cian.ru/sale/flat/300738314/
26 864 572,00;4;NWAR;64,52;33,1;45;52;2024;0;1;0;2,85;2;https://www.cian.ru/sale/flat/287511278/
26 900 000,00;16;WAR;70;37,5;3;21;2015;9;0;1;2,85;2;https://www.cian.ru/sale/flat/297704867/
26 900 000,00;14;SEAR;95,5;62;2;17;2005;19;0;0;2,64;4;https://www.cian.ru/sale/flat/300337493/
26 900 000,00;9;WAR;50,1;37,5;15;20;2022;2;0;0;3;2;https://www.cian.ru/sale/flat/300191477/
26 900 000,00;9;WAR;91,1;62,1;5;17;2019;5;0;0;3;4;https://www.cian.ru/sale/flat/287415733/
26 900 000,00;1;SWAR;55;35;20;22;2012;12;0;0;3,4;1;https://www.cian.ru/sale/flat/296147935/
26 978 000,00;12;NEAR;57,4;43,1;11;37;2024;0;1;0;3;2;https://www.cian.ru/sale/flat/298603590/
26 990 000,00;15;NAR;120;70;2;13;2019;5;0;0;3;4;https://www.cian.ru/sale/flat/295412313/
26 990 000,00;5;SEAR;64;28;16;21;2023;1;1;0;3;2;https://www.cian.ru/sale/flat/298113963/
26 990 000,00;4;WAR;70,5;47;3;8;1960;64;0;0;2,7;3;https://www.cian.ru/sale/flat/299573059/
26 993 838,00;9;WAR;45,8;20,1;4;15;2022;2;1;0;3,12;2;https://www.cian.ru/sale/flat/298334391/
26 995 095,00;25;SAR;41,38;17,2;3;9;2023;1;1;0;3;1;https://www.cian.ru/sale/flat/291543569/
26 999 000,00;6;NWAR;57;30;15;16;2022;2;0;0;3;2;https://www.cian.ru/sale/flat/300693850/
27 000 000,00;20;NAR;91;62,1;1;15;2000;24;0;0;2,6;4;https://www.cian.ru/sale/flat/297958646/
27 000 000,00;15;SWAR;50;35;5;14;2019;5;0;1;3;2;https://www.cian.ru/sale/flat/300421968/
27 000 000,00;15;EAR;85,4;55,8;1;5;1955;69;0;0;3;4;https://www.cian.ru/sale/flat/301076479/
27 000 000,00;15;SEAR;105;37,5;2;23;2005;19;0;0;2,64;4;https://www.cian.ru/sale/flat/300700624/
27 000 000,00;13;NAR;78;56;5;17;2005;19;0;0;3;4;https://www.cian.ru/sale/flat/300134635/
27 000 000,00;12;NWAR;54;37,5;21;24;2012;12;0;0;3,1;2;https://www.cian.ru/sale/flat/300142098/
27 000 000,00;12;EAR;100;70;8;9;1956;68;0;0;3,2;4;https://www.cian.ru/sale/flat/297744152/
27 000 000,00;10;NWAR;63,5;37,5;5;19;2023;1;0;0;2,9;3;https://www.cian.ru/sale/flat/300575961/
27 000 000,00;10;NEAR;78;45;2;35;2022;2;0;0;3,1;3;https://www.cian.ru/sale/flat/298346378/
27 000 000,00;10;EAR;95;37,5;9;10;2004;20;0;0;2,64;4;https://www.cian.ru/sale/flat/298170350/
27 000 000,00;10;WAR;100,4;65;11;22;2019;5;0;0;3;4;https://www.cian.ru/sale/flat/274529546/
27 000 000,00;9;NWAR;41,5;37,5;17;33;2023;1;1;0;2,9;1;https://www.cian.ru/sale/flat/299943782/
27 000 000,00;9;NWAR;65,4;46;22;32;2024;0;1;0;3;3;https://www.cian.ru/sale/flat/300348115/
27 000 000,00;9;SWAR;78,3;53,5;3;8;2019;5;0;0;3;3;https://www.cian.ru/sale/flat/300548530/
27 000 000,00;9;NWAR;129;37,5;6;23;2005;19;0;0;3;4;https://www.cian.ru/sale/flat/289905417/
27 000 000,00;8;SEAR;58;28;26;26;2023;1;1;0;3;2;https://www.cian.ru/sale/flat/298461651/
27 000 000,00;7;NAR;109,5;76,3;6;8;1956;68;0;0;3;4;https://www.cian.ru/sale/flat/296014019/
27 000 000,00;6;CAR;36,2;22;8;17;1968;56;0;0;2;1;https://www.cian.ru/sale/flat/300812067/
27 000 000,00;6;SAR;73;52;15;16;1982;42;0;0;2,64;3;https://www.cian.ru/sale/flat/299354605/
27 000 000,00;5;NWAR;49;30;9;30;2019;5;0;0;3,2;2;https://www.cian.ru/sale/flat/300354396/
27 000 000,00;5;NWAR;49,5;26,8;5;25;2023;1;1;0;3;2;https://www.cian.ru/sale/flat/295279670/
27 000 000,00;5;NWAR;49,8;30,5;9;30;2023;1;0;0;3,2;2;https://www.cian.ru/sale/flat/297951633/
27 000 000,00;5;NWAR;49,8;30,5;9;30;2019;5;0;0;3;2;https://www.cian.ru/sale/flat/300843513/
27 000 000,00;5;NWAR;53,9;37,5;23;23;2023;1;1;0;3,23;2;https://www.cian.ru/sale/flat/298988781/
27 000 000,00;5;NWAR;56,7;32,7;7;43;2023;1;1;0;3;2;https://www.cian.ru/sale/flat/297879015/
27 000 000,00;5;EAR;110;70,6;2;5;1953;71;0;0;3,2;4;https://www.cian.ru/sale/flat/299145889/
27 000 000,00;4;NWAR;76,1;40,6;7;47;2019;5;0;0;3;3;https://www.cian.ru/sale/flat/296751936/
27 000 000,00;4;NAR;96,8;68,8;2;5;1956;68;0;0;3,2;4;https://www.cian.ru/sale/flat/300472649/
27 000 000,00;4;WAR;126;69;12;17;2003;21;0;0;2,7;4;https://www.cian.ru/sale/flat/295811839/
27 000 000,00;2;NWAR;75;51,6;2;12;2019;5;0;0;3;4;https://www.cian.ru/sale/flat/294782798/
27 000 000,00;1;SWAR;100;59,4;1;17;2003;21;0;0;2,64;4;https://www.cian.ru/sale/flat/300968852/
27 004 194,00;30;WAR;76,5;34,5;30;34;2023;1;1;0;2,62;3;https://www.cian.ru/sale/flat/300679291/
27 050 593,00;24;SAR;42,14;17,2;10;29;2023;1;1;0;3;1;https://www.cian.ru/sale/flat/296831918/
27 080 000,00;4;NAR;99,6;71,2;3;5;1957;67;0;0;3,05;4;https://www.cian.ru/sale/flat/296566874/
27 082 583,00;2;EAR;83,34;62,2;1;20;2024;0;1;0;3;3;https://www.cian.ru/sale/flat/297151027/
27 200 000,00;15;NWAR;80,2;52,6;2;12;2019;5;0;0;2,64;4;https://www.cian.ru/sale/flat/300574438/
27 200 000,00;13;NEAR;101,8;63,6;21;22;2019;5;0;0;3;4;https://www.cian.ru/sale/flat/299740534/
27 261 998,00;5;WAR;49,27;37,5;11;57;2024;0;1;0;2,9;1;https://www.cian.ru/sale/flat/299901667/
27 281 980,00;5;WAR;92,2;37,5;9;25;2021;3;1;0;2,63;4;https://www.cian.ru/sale/flat/299449788/
27 300 000,00;8;NEAR;90;58;6;25;1968;56;0;0;2,8;4;https://www.cian.ru/sale/flat/297945043/
27 332 367,00;7;SAR;46,1;12,4;17;22;2023;1;1;0;3,15;1;https://www.cian.ru/sale/flat/293204368/
27 344 041,00;26;SAR;69,6;37,5;9;13;2024;0;1;0;2,97;2;https://www.cian.ru/sale/flat/297055267/
27 345 000,00;14;SEAR;63;30;8;30;2019;5;0;0;2,8;2;https://www.cian.ru/sale/flat/299459113/
27 361 800,00;12;NWAR;48,6;17,2;14;21;2023;1;1;0;3,1;1;https://www.cian.ru/sale/flat/299168040/
27 379 000,00;8;WAR;47,2;12;2;31;2023;1;0;0;3;1;https://www.cian.ru/sale/flat/299207021/
27 400 000,00;14;SWAR;100;57,3;17;25;1990;34;0;0;2,7;4;https://www.cian.ru/sale/flat/298494048/
27 400 000,00;4;NEAR;83,3;50;1;4;2015;9;0;0;3,3;3;https://www.cian.ru/sale/flat/284287955/
27 400 000,00;3;CAR;90;53;3;6;1938;86;0;0;3,2;3;https://www.cian.ru/sale/flat/300185601/
27 447 668,00;5;SAR;65,55;34,4;26;26;2023;1;1;0;2,87;2;https://www.cian.ru/sale/flat/290283240/
27 450 000,00;7;CAR;54,8;35,7;2;8;2019;5;0;0;3,2;2;https://www.cian.ru/sale/flat/285582701/
27 499 900,00;20;SAR;57,7;23,2;8;46;2023;1;0;0;3;2;https://www.cian.ru/sale/flat/300662395/
27 500 000,00;19;NEAR;66;30,9;7;35;2023;1;0;0;3,1;2;https://www.cian.ru/sale/flat/300590078/
27 500 000,00;18;WAR;48,9;15,8;4;36;2024;0;1;0;3,2;1;https://www.cian.ru/sale/flat/300607842/
27 500 000,00;17;NAR;72;40;3;27;2019;5;0;0;3;2;https://www.cian.ru/sale/flat/293847148/
27 500 000,00;15;CAR;45;20;8;9;2014;10;0;1;3;1;https://www.cian.ru/sale/flat/294833419/
27 500 000,00;13;SAR;63;24;2;20;2024;0;1;0;3,9;2;https://www.cian.ru/sale/flat/299605376/
27 500 000,00;13;SAR;89,3;37,5;2;16;1983;41;0;0;3;4;https://www.cian.ru/sale/flat/280196078/
27 500 000,00;12;NAR;67,3;48;1;5;1958;66;0;0;3;4;https://www.cian.ru/sale/flat/300431242/
27 500 000,00;11;NEAR;85,4;48;31;32;2023;1;1;0;3;3;https://www.cian.ru/sale/flat/297677038/
27 500 000,00;11;NAR;90;70;6;7;1929;95;0;0;3;4;https://www.cian.ru/sale/flat/300603788/
27 500 000,00;9;WAR;50;25;12;21;2019;5;0;0;3;1;https://www.cian.ru/sale/flat/293328305/
27 500 000,00;7;WAR;72;36;7;25;2019;5;0;0;2,9;2;https://www.cian.ru/sale/flat/299068349/
27 500 000,00;6;WAR;81;53;28;32;2022;2;0;0;2,62;4;https://www.cian.ru/sale/flat/299303288/
27 500 000,00;5;NWAR;64;27,1;17;44;2023;1;1;0;3;2;https://www.cian.ru/sale/flat/299303429/
27 500 000,00;5;WAR;74,4;37,5;1;8;2019;5;0;0;3;3;https://www.cian.ru/sale/flat/285287486/
27 599 663,00;2;SWAR;61,9;37,5;7;25;2024;0;1;0;3,65;2;https://www.cian.ru/sale/flat/294886677/
27 623 332,00;7;NAR;66,1;40,9;2;8;2023;1;1;0;3,25;3;https://www.cian.ru/sale/flat/298334663/
27 660 000,00;28;WAR;44,6;13,8;13;14;2023;1;1;0;3;1;https://www.cian.ru/sale/flat/296277976/
27 663 447,00;5;NWAR;66,97;37,5;39;52;2024;0;1;0;2,85;2;https://www.cian.ru/sale/flat/294936820/
27 670 000,00;5;NWAR;48,3;25,3;17;30;2024;0;1;0;3,2;2;https://www.cian.ru/sale/flat/299150234/
27 697 945,00;2;EAR;67,44;37,7;6;20;2024;0;1;0;3;3;https://www.cian.ru/sale/flat/299141840/
27 700 000,00;7;CAR;48,1;37,5;10;10;2019;5;0;0;3;2;https://www.cian.ru/sale/flat/300440370/
27 738 753,00;30;WAR;73,5;37,3;23;33;2023;1;1;0;2,62;3;https://www.cian.ru/sale/flat/300679491/
27 780 000,00;5;WAR;68,8;48,6;4;5;1929;95;0;0;3;4;https://www.cian.ru/sale/flat/281954502/
27 800 000,00;18;WAR;46,9;37,5;32;41;2024;0;1;0;3,25;2;https://www.cian.ru/sale/flat/298664674/
27 800 000,00;18;SEAR;106,5;65,6;9;23;2007;17;0;0;2,64;4;https://www.cian.ru/sale/flat/299152916/
27 813 044,00;4;NWAR;62,09;29,6;51;52;2024;0;1;0;2,85;2;https://www.cian.ru/sale/flat/285042234/
27 883 620,00;4;CAR;51,7;22,1;6;10;2024;0;1;1;3;1;https://www.cian.ru/sale/flat/295316322/
27 900 000,00;17;SWAR;93;63;3;8;2019;5;0;0;3;3;https://www.cian.ru/sale/flat/299032781/
27 900 000,00;8;SWAR;91,3;60;6;14;1991;33;0;0;2,65;4;https://www.cian.ru/sale/flat/292746615/
27 900 000,00;7;NEAR;120;85;23;24;1994;30;0;0;2,8;4;https://www.cian.ru/sale/flat/300610236/
27 900 000,00;3;SAR;100,6;58;22;22;1985;39;0;0;2,64;4;https://www.cian.ru/sale/flat/300949113/
27 931 636,00;3;NWAR;49,3;19,7;4;19;2011;13;0;0;3;2;https://www.cian.ru/sale/flat/296473523/
27 940 000,00;27;WAR;44;14,2;12;14;2023;1;1;0;3;1;https://www.cian.ru/sale/flat/299262118/
27 950 000,00;7;NAR;82;65;4;6;2019;5;0;0;3;4;https://www.cian.ru/sale/flat/300860178/
27 962 000,00;4;WAR;90,2;49,9;5;12;2022;2;1;1;3;3;https://www.cian.ru/sale/flat/295043457/
27 970 000,00;18;WAR;54,6;37,5;15;41;2024;0;0;0;3,3;2;https://www.cian.ru/sale/flat/300016363/
27 984 400,00;5;SWAR;43;37,5;35;42;2024;0;1;0;3;2;https://www.cian.ru/sale/flat/300672653/
27 990 000,00;12;NWAR;58;37,5;7;21;2019;5;0;1;3;2;https://www.cian.ru/sale/flat/300457892/
27 990 000,00;10;NAR;82,2;41,1;31;32;2023;1;1;0;2,75;3;https://www.cian.ru/sale/flat/294513406/
27 990 000,00;5;WAR;61,6;37,5;22;42;2021;3;0;0;3;2;https://www.cian.ru/sale/flat/295316100/
27 999 000,00;7;NAR;43;37,5;5;6;2019;5;0;1;3;1;https://www.cian.ru/sale/flat/293718260/
27 999 999,00;14;SEAR;86;37,5;3;8;2019;5;0;0;2,8;4;https://www.cian.ru/sale/flat/291552965/
27 999 999,00;9;CAR;73,4;57,7;5;5;1932;92;0;0;3;4;https://www.cian.ru/sale/flat/299291660/
28 000 000,00;19;SEAR;72,3;38,7;9;20;2023;1;1;0;3,1;2;https://www.cian.ru/sale/flat/295408791/
28 000 000,00;18;WAR;50;30;15;20;2024;0;1;0;3,2;1;https://www.cian.ru/sale/flat/296522785/
28 000 000,00;18;NWAR;65,7;28,5;18;41;2021;3;1;0;3;1;https://www.cian.ru/sale/flat/296739976/
28 000 000,00;18;NAR;77;49,4;7;21;2019;5;0;1;3;3;https://www.cian.ru/sale/flat/293036101/
28 000 000,00;16;SAR;55,8;37,5;2;21;2024;0;1;0;2,87;2;https://www.cian.ru/sale/flat/299659728/
28 000 000,00;15;WAR;61,2;37,5;10;16;2018;6;0;1;3;3;https://www.cian.ru/sale/flat/298334197/
28 000 000,00;15;NWAR;65;32;3;13;2023;1;1;0;3;2;https://www.cian.ru/sale/flat/298696548/
28 000 000,00;15;NEAR;91;64;4;14;2006;18;0;0;2,65;4;https://www.cian.ru/sale/flat/300522057/
28 000 000,00;13;SWAR;81;46,6;6;14;2008;16;0;0;2,75;3;https://www.cian.ru/sale/flat/299325164/
28 000 000,00;11;NWAR;60,1;37,5;2;17;2014;10;0;0;3;2;https://www.cian.ru/sale/flat/299942097/
28 000 000,00;11;CAR;80,9;56,4;8;8;1957;67;0;0;3,2;4;https://www.cian.ru/sale/flat/297372127/
28 000 000,00;10;NAR;61,4;37,5;6;24;2007;17;0;0;3,1;2;https://www.cian.ru/sale/flat/297839099/
28 000 000,00;10;WAR;68,8;37,5;32;33;2023;1;0;0;2,7;2;https://www.cian.ru/sale/flat/299027332/
28 000 000,00;9;CAR;52,5;31,2;10;12;2019;5;0;0;3;2;https://www.cian.ru/sale/flat/300477880/
28 000 000,00;9;SAR;77;43,5;15;24;2022;2;0;0;2,7;3;https://www.cian.ru/sale/flat/300196050/
28 000 000,00;9;NEAR;77;46;12;14;2010;14;0;0;2,65;3;https://www.cian.ru/sale/flat/299672279/
28 000 000,00;8;CAR;45;35;6;12;1970;54;0;0;2,5;2;https://www.cian.ru/sale/flat/300300975/
28 000 000,00;7;CAR;45;15;6;10;2019;5;0;0;3;2;https://www.cian.ru/sale/flat/296904237/
28 000 000,00;7;NWAR;76;46;3;16;1981;43;0;0;2,64;3;https://www.cian.ru/sale/flat/300651657/
28 000 000,00;6;WAR;60;30;9;10;2019;5;0;0;2,65;3;https://www.cian.ru/sale/flat/300364688/
28 000 000,00;6;WAR;85,5;60,7;11;32;2022;2;0;0;2,62;4;https://www.cian.ru/sale/flat/299255382/
28 000 000,00;5;NWAR;60,9;37,5;10;43;2023;1;0;0;3;2;https://www.cian.ru/sale/flat/298003416/
28 000 000,00;5;WAR;68,8;48,9;4;5;1929;95;0;0;3;4;https://www.cian.ru/sale/flat/274996970/
28 000 000,00;5;NAR;96,7;67,1;3;5;2019;5;0;0;3;4;https://www.cian.ru/sale/flat/300012231/
28 000 000,00;5;SEAR;100;63,6;3;17;2003;21;0;0;2,65;4;https://www.cian.ru/sale/flat/300616387/
28 000 000,00;3;WAR;50;30;16;23;2019;5;0;0;3;1;https://www.cian.ru/sale/flat/299141019/
28 000 000,00;3;NEAR;98,5;59;13;22;1997;27;0;0;2,64;4;https://www.cian.ru/sale/flat/298049834/
28 070 000,00;5;NWAR;64;28;13;29;2023;1;0;0;3;3;https://www.cian.ru/sale/flat/300834187/
28 100 000,00;8;SEAR;60,6;27,7;8;24;2019;5;1;0;3;2;https://www.cian.ru/sale/flat/295669650/
28 141 244,00;10;WAR;68,27;42,9;25;30;2023;1;1;0;3,3;3;https://www.cian.ru/sale/flat/297984309/
28 162 946,00;17;NAR;52,6;36,2;22;27;2022;2;0;0;3,1;2;https://www.cian.ru/sale/flat/296976502/
28 174 549,00;24;WAR;75,3;43,8;18;21;2023;1;1;0;2,74;2;https://www.cian.ru/sale/flat/292337487/
28 198 410,00;26;NWAR;71,8;31,2;3;25;2024;0;1;0;3,02;2;https://www.cian.ru/sale/flat/298401426/
28 200 000,00;17;WAR;108;65,1;5;17;2019;5;0;0;3;4;https://www.cian.ru/sale/flat/294765524/
28 200 000,00;15;EAR;99,4;37,5;15;21;2022;2;0;1;3;3;https://www.cian.ru/sale/flat/300817839/
28 250 000,00;4;WAR;63,9;38,8;20;28;2021;3;0;0;3;2;https://www.cian.ru/sale/flat/299941236/
28 266 000,00;18;WAR;47;37,5;27;41;2024;0;1;0;3,25;2;https://www.cian.ru/sale/flat/300867229/
28 300 000,00;15;WAR;60;37,5;22;29;2022;2;0;0;3;3;https://www.cian.ru/sale/flat/297380955/
28 300 000,00;14;SAR;55;28;5;14;2022;2;0;0;3,1;2;https://www.cian.ru/sale/flat/300545062/
28 300 000,00;11;NAR;80;54;3;5;1957;67;0;0;3,2;4;https://www.cian.ru/sale/flat/296950596/
28 300 000,00;11;SEAR;86;37,5;2;9;2018;6;0;0;3;4;https://www.cian.ru/sale/flat/300586877/
28 300 000,00;9;SWAR;92,7;64;2;17;2001;23;0;0;2,64;4;https://www.cian.ru/sale/flat/298283879/
28 302 558,00;5;NWAR;58,39;37,5;52;52;2024;0;1;0;2,85;2;https://www.cian.ru/sale/flat/285041610/
28 335 216,00;17;NAR;53,5;36,2;23;27;2022;2;0;0;3;2;https://www.cian.ru/sale/flat/294739592/
28 335 216,00;13;NAR;53,5;36,2;23;27;2022;2;1;0;3;2;https://www.cian.ru/sale/flat/271319286/
28 341 300,00;12;NWAR;50,7;18,2;11;21;2023;1;1;0;3,1;1;https://www.cian.ru/sale/flat/299168036/
28 375 022,00;5;SAR;69,7;37,5;2;24;2023;1;1;0;3,15;2;https://www.cian.ru/sale/flat/300783117/
28 400 000,00;19;SEAR;105,7;64,4;14;23;2008;16;0;0;3;4;https://www.cian.ru/sale/flat/298170409/
28 436 974,00;17;NWAR;60;29,5;16;16;2024;0;1;0;3,02;2;https://www.cian.ru/sale/flat/292809866/
28 498 400,00;25;WAR;72,7;34,7;32;33;2023;1;1;0;2,62;3;https://www.cian.ru/sale/flat/300679627/
28 500 000,00;18;NWAR;50,5;37,5;18;22;2023;1;0;0;3;1;https://www.cian.ru/sale/flat/300914382/
28 500 000,00;16;SWAR;95;60;14;22;1994;30;0;0;2,64;4;https://www.cian.ru/sale/flat/300458797/
28 500 000,00;14;NEAR;78,2;54,5;2;16;2023;1;0;0;2,65;3;https://www.cian.ru/sale/flat/298805434/
28 500 000,00;13;SWAR;122,7;42,1;7;8;2000;24;0;0;3;2;https://www.cian.ru/sale/flat/298375248/
28 500 000,00;12;NEAR;101,4;37,5;19;22;1995;29;0;0;2,64;4;https://www.cian.ru/sale/flat/299181770/
28 500 000,00;11;SEAR;69,8;29,3;13;22;2023;1;1;0;3;2;https://www.cian.ru/sale/flat/297146596/
28 500 000,00;6;SAR;98;64;3;22;1992;32;0;0;3;4;https://www.cian.ru/sale/flat/298329410/
28 500 000,00;6;SAR;98,7;63,4;3;22;1992;32;0;0;2,66;4;https://www.cian.ru/sale/flat/299479448/
28 500 000,00;5;NWAR;59,5;28,8;14;44;2023;1;1;0;3;2;https://www.cian.ru/sale/flat/295291741/
28 500 000,00;5;NAR;82,5;56;4;8;1959;65;0;0;2,8;4;https://www.cian.ru/sale/flat/296773542/
28 500 000,00;3;WAR;44;37,5;14;28;2020;4;0;0;3;2;https://www.cian.ru/sale/flat/300617338/
28 500 000,00;3;WAR;74;50,5;10;17;2019;5;0;0;3;3;https://www.cian.ru/sale/flat/300384258/
28 500 000,00;3;CAR;76,5;54,7;7;7;1929;95;0;0;3,3;4;https://www.cian.ru/sale/flat/300744172/
28 500 000,00;1;NAR;60,5;37,5;4;30;2021;3;0;0;3;2;https://www.cian.ru/sale/flat/300207271/
28 657 590,00;11;SWAR;59,1;31,4;27;34;2023;1;1;0;3;2;https://www.cian.ru/sale/flat/300673465/
28 676 315,00;17;SEAR;77,9;38,2;22;29;2024;0;1;0;2,87;3;https://www.cian.ru/sale/flat/300575207/
28 700 000,00;20;SWAR;63;30;20;42;2019;5;0;0;3;2;https://www.cian.ru/sale/flat/296594564/
28 700 000,00;9;EAR;60,3;37,5;2;16;2019;5;0;0;3,4;2;https://www.cian.ru/sale/flat/292881456/
28 700 000,00;8;SAR;55,3;37,5;3;16;2018;6;0;0;3;2;https://www.cian.ru/sale/flat/292520693/
28 700 000,00;1;NEAR;67;42,6;21;23;2020;4;0;0;3,1;3;https://www.cian.ru/sale/flat/300819799/
28 711 400,00;17;NWAR;44,5;16,8;39;43;2023;1;1;0;3,15;1;https://www.cian.ru/sale/flat/299742678/
28 750 000,00;11;SEAR;79;45,3;13;14;2012;12;0;0;3;3;https://www.cian.ru/sale/flat/299964126/
28 771 200,00;19;NWAR;86,4;37,5;3;4;2014;10;0;1;3;4;https://www.cian.ru/sale/flat/300094878/
28 773 800,00;16;NWAR;63,8;37,5;2;6;2023;1;1;1;3,24;2;https://www.cian.ru/sale/flat/299370739/
28 779 047,00;5;NWAR;83,45;40,1;13;52;2024;0;1;0;2,85;3;https://www.cian.ru/sale/flat/294936799/
28 800 000,00;20;SWAR;66;28;8;42;2019;5;0;0;3;2;https://www.cian.ru/sale/flat/300771933/
28 800 000,00;18;SAR;60;32;38;40;2023;1;0;0;3,2;2;https://www.cian.ru/sale/flat/299324414/
28 800 000,00;15;NWAR;64;38,2;17;44;2023;1;1;0;3;3;https://www.cian.ru/sale/flat/298824506/
28 800 000,00;11;SAR;70;49,2;3;20;2023;1;1;0;3;3;https://www.cian.ru/sale/flat/300133730/
28 800 000,00;5;NWAR;56,4;28,7;6;19;2022;2;0;0;3,1;2;https://www.cian.ru/sale/flat/280701152/
28 807 461,00;9;WAR;79,02;54,6;24;30;2023;1;1;0;3,3;3;https://www.cian.ru/sale/flat/297984160/
28 827 070,00;8;NAR;69,4;42,8;7;35;2023;1;1;0;3,1;3;https://www.cian.ru/sale/flat/298334722/
28 890 000,00;15;EAR;99,9;53,4;3;21;2019;5;0;1;3;3;https://www.cian.ru/sale/flat/297191675/
28 890 000,00;15;WAR;103;61;5;7;1950;74;0;0;3,2;4;https://www.cian.ru/sale/flat/300098664/
28 891 281,00;27;SAR;47,1;19,2;15;15;2023;1;1;0;3,15;1;https://www.cian.ru/sale/flat/293204364/
28 900 000,00;20;SAR;42,4;37,5;19;48;2023;1;0;0;3;2;https://www.cian.ru/sale/flat/300165837/
28 900 000,00;19;NWAR;92,6;47;2;17;2017;7;0;0;2,8;3;https://www.cian.ru/sale/flat/299030863/
28 900 000,00;12;SEAR;88;50,1;4;9;2019;5;0;0;2,8;3;https://www.cian.ru/sale/flat/298462132/
28 900 000,00;9;SAR;61;25;18;22;2023;1;1;0;3;2;https://www.cian.ru/sale/flat/300707095/
28 900 000,00;8;WAR;50;37,5;18;44;2022;2;0;0;3,1;2;https://www.cian.ru/sale/flat/299647198/
28 900 000,00;8;SAR;62,81;37,5;14;22;2023;1;1;0;3;2;https://www.cian.ru/sale/flat/299114283/
28 900 000,00;8;SAR;84,2;60,5;2;5;2019;5;0;0;3;4;https://www.cian.ru/sale/flat/297457040/
28 900 000,00;8;EAR;96;62;6;9;2023;1;0;0;2,8;4;https://www.cian.ru/sale/flat/297427817/
28 900 000,00;7;NAR;135,8;89;1;8;1941;83;0;0;3;4;https://www.cian.ru/sale/flat/289680630/
28 900 000,00;5;NWAR;65,6;37,5;12;36;2021;3;0;0;3,2;2;https://www.cian.ru/sale/flat/298752696/
28 900 000,00;2;WAR;71;37,5;13;29;2019;5;0;1;3;2;https://www.cian.ru/sale/flat/296471200/
28 965 519,00;5;SWAR;62,7;37,5;18;25;2024;0;1;0;3,17;3;https://www.cian.ru/sale/flat/296330609/
28 990 000,00;9;CAR;49,8;27,1;6;22;2024;0;0;0;3,25;2;https://www.cian.ru/sale/flat/297677928/
28 990 000,00;9;CAR;50;18;6;22;2021;3;0;0;4;1;https://www.cian.ru/sale/flat/286010224/
28 990 000,00;4;NWAR;55,1;37,5;17;47;2023;1;0;0;3,1;2;https://www.cian.ru/sale/flat/300556401/
28 999 000,00;5;CAR;43,4;37,5;5;7;1933;91;0;0;3,2;2;https://www.cian.ru/sale/flat/300542685/
29 000 000,00;20;NWAR;62;27;27;28;2019;5;0;0;3;2;https://www.cian.ru/sale/flat/298815515/
29 000 000,00;20;SAR;66,3;39,2;11;17;2019;5;0;0;2,8;2;https://www.cian.ru/sale/flat/299349779/
29 000 000,00;19;SAR;66,7;37,5;15;23;2024;0;0;0;3;3;https://www.cian.ru/sale/flat/300982113/
29 000 000,00;19;SAR;82;45;11;25;2023;1;1;0;3;3;https://www.cian.ru/sale/flat/298248906/
29 000 000,00;18;SAR;59,96;44,8;37;40;2023;1;1;0;3,15;2;https://www.cian.ru/sale/flat/299411849/
29 000 000,00;16;SEAR;70,6;37,5;10;12;2020;4;0;0;2,8;2;https://www.cian.ru/sale/flat/300711703/
29 000 000,00;14;WAR;60;30;13;21;2016;8;0;1;3;2;https://www.cian.ru/sale/flat/298067858/
29 000 000,00;14;NWAR;62,7;37,5;2;24;2021;3;0;1;3,2;3;https://www.cian.ru/sale/flat/300251626/
29 000 000,00;14;NWAR;62,7;37,5;2;34;2019;5;0;1;3;2;https://www.cian.ru/sale/flat/300527651/
29 000 000,00;14;SWAR;99,5;63,2;2;22;2012;12;0;0;2,78;4;https://www.cian.ru/sale/flat/298623372/
29 000 000,00;13;NAR;40,1;37,5;2;40;2021;3;0;0;3;1;https://www.cian.ru/sale/flat/299005437/
29 000 000,00;13;CAR;51,8;33,8;2;14;2019;5;0;0;3;2;https://www.cian.ru/sale/flat/291596233/
29 000 000,00;13;NWAR;68;37;3;15;2024;0;0;0;3,02;3;https://www.cian.ru/sale/flat/300290083/
29 000 000,00;13;SEAR;75;37,5;21;27;2017;7;1;0;3;3;https://www.cian.ru/sale/flat/298664553/
29 000 000,00;13;NEAR;78,8;46;16;22;2010;14;0;0;2,7;3;https://www.cian.ru/sale/flat/300731032/
29 000 000,00;12;NEAR;63;35;31;47;2017;7;0;0;3;2;https://www.cian.ru/sale/flat/294868860/
29 000 000,00;11;SEAR;73,2;37,5;11;20;2023;1;1;0;3;2;https://www.cian.ru/sale/flat/286679691/
29 000 000,00;11;SEAR;73,2;41,3;11;20;2023;1;1;0;3;3;https://www.cian.ru/sale/flat/286679694/
29 000 000,00;11;SWAR;129,1;68;4;4;1994;30;0;0;2,85;4;https://www.cian.ru/sale/flat/297875151/
29 000 000,00;10;SEAR;73,2;41,3;11;20;2023;1;0;0;3;3;https://www.cian.ru/sale/flat/300301424/
29 000 000,00;10;SWAR;91;44;33;33;2019;5;0;0;2,7;4;https://www.cian.ru/sale/flat/290216223/
29 000 000,00;9;NAR;48,7;37,5;12;15;2019;5;0;1;3;2;https://www.cian.ru/sale/flat/298457044/
29 000 000,00;7;SWAR;60,5;37,5;7;34;2023;1;1;0;3;2;https://www.cian.ru/sale/flat/296529745/
29 000 000,00;7;NEAR;75;47;5;14;2010;14;0;0;2,7;3;https://www.cian.ru/sale/flat/300821065/
29 000 000,00;6;NAR;81,1;57,8;2;9;1924;100;0;0;3,2;4;https://www.cian.ru/sale/flat/296313187/
29 000 000,00;5;SAR;65,5;37,5;12;27;2019;5;0;0;3;2;https://www.cian.ru/sale/flat/296476464/
29 000 000,00;5;SAR;100;69,4;3;5;1958;66;0;0;3;4;https://www.cian.ru/sale/flat/294451935/
29 000 000,00;4;NAR;45;16;7;28;2023;1;1;0;3;1;https://www.cian.ru/sale/flat/294589627/
29 000 000,00;4;NEAR;87,7;51,6;3;17;2012;12;0;0;2,85;4;https://www.cian.ru/sale/flat/299113541/
29 000 000,00;4;SAR;92,4;53;6;16;2003;21;0;0;2,64;4;https://www.cian.ru/sale/flat/300094065/
29 000 000,00;3;SWAR;100,9;65,4;17;22;1987;37;0;0;2,7;4;https://www.cian.ru/sale/flat/300469341/
29 013 160,00;20;SWAR;46,6;37,5;37;42;2023;1;1;0;3;2;https://www.cian.ru/sale/flat/300712651/
29 060 395,00;4;CAR;42,5;37,5;19;22;2022;2;1;0;3,25;2;https://www.cian.ru/sale/flat/298576274/
29 078 320,00;5;SWAR;63,2;37,5;22;34;2023;1;1;0;3;2;https://www.cian.ru/sale/flat/300783447/
29 092 985,00;9;WAR;81,2;38,3;3;21;2023;1;1;0;2,74;3;https://www.cian.ru/sale/flat/279592143/
29 142 119,00;5;NWAR;66,4;25,8;2;20;2023;1;1;0;2,85;2;https://www.cian.ru/sale/flat/287511286/
29 143 191,00;9;WAR;73,7;30,5;8;9;2023;1;1;0;2,74;2;https://www.cian.ru/sale/flat/289800706/
29 178 803,00;6;SWAR;51,9;37,5;9;12;2024;0;1;0;3,17;2;https://www.cian.ru/sale/flat/300451840/
29 197 000,00;13;SEAR;67,9;45;6;10;2017;7;0;1;3,2;3;https://www.cian.ru/sale/flat/300810553/
29 200 000,00;14;NWAR;65,3;28,6;36;41;2018;6;1;0;3,2;2;https://www.cian.ru/sale/flat/300702766/
29 200 000,00;12;NWAR;65,5;37,5;32;41;2019;5;0;0;3,2;2;https://www.cian.ru/sale/flat/296284624/
29 200 000,00;7;WAR;72,2;37,5;25;25;2023;1;0;0;3;2;https://www.cian.ru/sale/flat/300109520/
29 201 900,00;19;SEAR;63,5;29,7;12;22;2023;1;1;0;3;2;https://www.cian.ru/sale/flat/300165804/
29 208 651,00;5;NWAR;82,48;40,7;28;52;2024;0;1;0;2,85;3;https://www.cian.ru/sale/flat/294936824/
29 229 156,00;30;WAR;76,3;34,5;26;33;2023;1;1;0;2,62;3;https://www.cian.ru/sale/flat/300679432/
29 232 000,00;17;NWAR;69,6;37,5;4;5;2023;1;1;1;3;3;https://www.cian.ru/sale/flat/300956043/
29 239 804,00;7;SAR;44,6;16,4;18;22;2023;1;1;0;3,15;1;https://www.cian.ru/sale/flat/293204369/
29 270 700,00;5;SWAR;66,6;37,5;31;34;2023;1;1;0;3;2;https://www.cian.ru/sale/flat/300761715/
29 293 000,00;9;NEAR;78,1;37,5;9;27;2022;2;1;0;3;2;https://www.cian.ru/sale/flat/294033524/
29 300 000,00;14;NWAR;65,3;37,5;23;44;2024;0;1;0;2,64;3;https://www.cian.ru/sale/flat/298664484/
29 300 000,00;12;NWAR;52;20;5;19;2018;6;0;0;3;2;https://www.cian.ru/sale/flat/298519060/
29 300 000,00;12;NAR;111,2;79,8;16;19;2014;10;0;0;2,75;4;https://www.cian.ru/sale/flat/298835941/
29 300 000,00;9;NWAR;65,3;37,5;23;41;2024;0;0;0;3,2;2;https://www.cian.ru/sale/flat/299936962/
29 300 000,00;7;SEAR;116;37,5;2;8;1940;84;0;0;3,2;4;https://www.cian.ru/sale/flat/297396489/
29 300 000,00;5;CAR;44,4;37,5;2;7;2017;7;0;1;3,2;2;https://www.cian.ru/sale/flat/296191963/
29 319 176,00;4;CAR;53;17,2;5;10;2024;0;1;1;3;1;https://www.cian.ru/sale/flat/300483995/
29 350 000,00;8;NWAR;79,73;37,5;3;8;2024;0;1;0;3;2;https://www.cian.ru/sale/flat/300651675/
29 354 320,00;11;EAR;84,4;42,3;14;33;2023;1;1;0;2,6;3;https://www.cian.ru/sale/flat/293849324/
29 359 584,00;9;NWAR;64,8;15,2;42;47;2023;1;1;0;3,05;2;https://www.cian.ru/sale/flat/296745601/
29 400 000,00;6;CAR;65,7;37,4;2;5;1939;85;0;0;2,7;3;https://www.cian.ru/sale/flat/299771692/
29 412 746,00;4;SAR;67,14;30,2;27;27;2023;1;1;0;2,87;2;https://www.cian.ru/sale/flat/292741946/
29 438 644,00;22;SAR;47,76;24,9;21;21;2023;1;1;0;3;2;https://www.cian.ru/sale/flat/291942937/
29 440 000,00;2;NAR;47;28;3;8;2023;1;0;1;3,2;2;https://www.cian.ru/sale/flat/300662420/
29 440 000,00;2;NAR;48,6;37,5;3;8;2023;1;0;1;3,2;2;https://www.cian.ru/sale/flat/300661812/
29 450 000,00;2;NAR;47;37,5;2;8;2023;1;0;1;3;1;https://www.cian.ru/sale/flat/296779707/
29 476 161,00;10;WAR;44,7;15,7;24;28;2022;2;1;0;3,12;2;https://www.cian.ru/sale/flat/298334053/
29 481 400,00;5;SWAR;59,8;37,5;32;34;2023;1;1;0;3;2;https://www.cian.ru/sale/flat/300800763/
29 499 000,00;9;WAR;54,9;38,9;18;24;2021;3;0;0;2,95;2;https://www.cian.ru/sale/flat/300734084/
29 500 000,00;18;NAR;52;35;11;15;2019;5;0;1;3,2;2;https://www.cian.ru/sale/flat/297535832/
29 500 000,00;18;SAR;63;30;14;22;2019;5;0;0;3;2;https://www.cian.ru/sale/flat/298157721/
29 500 000,00;17;SEAR;82;50;28;30;2023;1;0;0;2,85;4;https://www.cian.ru/sale/flat/299020514/
29 500 000,00;14;WAR;86;56;12;14;2018;6;0;0;2,7;3;https://www.cian.ru/sale/flat/295108765/
29 500 000,00;13;NAR;83,6;65,3;2;5;1935;89;0;0;3;4;https://www.cian.ru/sale/flat/299480630/
29 500 000,00;11;NEAR;62;39;7;21;2020;4;0;0;3;2;https://www.cian.ru/sale/flat/281250233/
29 500 000,00;10;SWAR;75;43,3;2;20;2023;1;0;0;3;3;https://www.cian.ru/sale/flat/300818798/
29 500 000,00;5;NWAR;61;37;14;43;2023;1;0;0;3,1;2;https://www.cian.ru/sale/flat/300143091/
29 500 000,00;4;SAR;116;74;11;11;2016;8;0;0;2,7;4;https://www.cian.ru/sale/flat/295765722/
29 500 000,00;3;SWAR;75;46;15;17;2003;21;0;0;2,7;3;https://www.cian.ru/sale/flat/290431403/
29 500 415,00;5;SAR;67,61;43,5;25;27;2023;1;1;0;2,87;3;https://www.cian.ru/sale/flat/284858639/
29 504 877,00;6;NAR;86,1;37,5;3;33;2024;0;1;1;2,7;4;https://www.cian.ru/sale/flat/297322993/
29 504 877,00;6;NAR;86,1;49,5;3;12;2019;5;0;0;3;4;https://www.cian.ru/sale/flat/298617209/
29 504 877,00;6;NAR;86,1;49,5;2;12;2019;5;0;0;3;4;https://www.cian.ru/sale/flat/300755851/
29 519 672,00;19;SAR;60,9;37,5;5;10;2024;0;1;0;2,97;2;https://www.cian.ru/sale/flat/297791449/
29 533 860,00;11;EAR;84,6;42,4;19;33;2023;1;1;0;2,6;3;https://www.cian.ru/sale/flat/277929670/
29 576 436,00;6;SWAR;60,6;37,5;2;12;2024;0;1;0;3,17;2;https://www.cian.ru/sale/flat/294550028/
29 600 000,00;15;NWAR;65,1;41,1;23;41;2024;0;1;0;3,2;2;https://www.cian.ru/sale/flat/298883973/
29 603 232,00;9;NWAR;64,8;16,2;45;47;2023;1;1;0;3,05;2;https://www.cian.ru/sale/flat/296745609/
29 612 067,00;24;SAR;53,9;24,2;11;16;2023;1;1;0;3,15;2;https://www.cian.ru/sale/flat/293204034/
29 638 482,00;9;NWAR;68,1;37,5;23;47;2023;1;1;0;3,05;2;https://www.cian.ru/sale/flat/296745563/
29 663 214,00;4;NWAR;60,62;28,7;46;52;2024;0;1;0;2,85;2;https://www.cian.ru/sale/flat/299067050/
29 700 000,00;5;CAR;50;33,3;11;13;2022;2;1;1;3,4;2;https://www.cian.ru/sale/flat/286886774/
29 705 530,00;25;SAR;64,4;32,9;6;16;2022;2;1;0;3,15;2;https://www.cian.ru/sale/flat/293203840/
29 709 300,00;16;NWAR;59,3;37,5;3;6;2023;1;1;1;3,24;2;https://www.cian.ru/sale/flat/299370743/
29 734 040,00;10;NAR;119,7;37,5;8;10;2024;0;1;1;3,1;4;https://www.cian.ru/sale/flat/300282121/
29 759 589,00;25;SAR;64,2;32,9;7;16;2022;2;1;0;3,15;2;https://www.cian.ru/sale/flat/293203842/
29 760 000,00;20;NWAR;49;37,5;26;29;2023;1;1;0;3;2;https://www.cian.ru/sale/flat/289479415/
29 765 148,00;7;WAR;68,1;21,7;4;9;2023;1;1;0;2,74;2;https://www.cian.ru/sale/flat/290077041/
29 790 000,00;10;SWAR;172;93;9;9;2000;24;0;0;2,75;4;https://www.cian.ru/sale/flat/300968559/
29 800 000,00;15;NEAR;74,3;44,8;11;17;1993;31;0;0;3;3;https://www.cian.ru/sale/flat/299542967/
29 800 000,00;6;CAR;73,1;37,5;4;18;2017;7;0;1;3;3;https://www.cian.ru/sale/flat/298459097/
29 831 481,00;11;NEAR;58,9;37,5;21;22;2024;0;1;0;3;2;https://www.cian.ru/sale/flat/296222973/
29 862 660,00;19;SEAR;67,1;30,3;21;22;2023;1;1;0;3;2;https://www.cian.ru/sale/flat/300165801/
29 890 000,00;14;CAR;45;15;26;35;2023;1;0;0;3;1;https://www.cian.ru/sale/flat/297168961/
29 890 248,00;6;SWAR;62,6;37,5;2;12;2024;0;1;0;3,17;2;https://www.cian.ru/sale/flat/294550025/
29 900 000,00;22;WAR;60,1;37,5;8;30;2019;5;0;1;3;3;https://www.cian.ru/sale/flat/295331662/
29 900 000,00;19;SEAR;75,8;37,5;5;22;2023;1;1;0;3,2;2;https://www.cian.ru/sale/flat/299998412/
29 900 000,00;14;SWAR;37;37,5;17;19;2019;5;0;1;3,2;1;https://www.cian.ru/sale/flat/297951595/
29 900 000,00;13;NWAR;128;85;13;25;2019;5;0;0;3,1;4;https://www.cian.ru/sale/flat/286984938/
29 900 000,00;13;NWAR;136;82;13;23;2005;19;0;0;3;4;https://www.cian.ru/sale/flat/293633931/
29 900 000,00;12;SWAR;54;37,5;8;8;1958;66;0;0;3;2;https://www.cian.ru/sale/flat/299370562/
29 900 000,00;9;CAR;74,1;52,8;3;5;1959;65;0;0;2,75;4;https://www.cian.ru/sale/flat/300253513/
29 900 000,00;8;WAR;56;37,5;5;10;1941;83;0;0;3,2;2;https://www.cian.ru/sale/flat/299903271/
29 900 000,00;8;WAR;70;44;20;31;2021;3;0;0;3,1;3;https://www.cian.ru/sale/flat/281433717/
29 900 000,00;8;SWAR;96,2;62;1;17;1999;25;0;0;2,64;4;https://www.cian.ru/sale/flat/300147166/
29 900 000,00;7;WAR;90,1;65;9;9;2019;5;0;0;3;4;https://www.cian.ru/sale/flat/297470820/
29 900 000,00;6;SWAR;72,7;37,5;11;14;1996;28;0;0;3;2;https://www.cian.ru/sale/flat/298935091/
29 900 000,00;5;SWAR;97,3;67,2;14;16;1981;43;0;0;2,8;4;https://www.cian.ru/sale/flat/297793556/
29 900 000,00;4;WAR;63;37,5;11;24;2018;6;0;0;3;2;https://www.cian.ru/sale/flat/299300306/
29 900 000,00;3;SEAR;108,4;69,1;6;17;1999;25;0;0;2,7;4;https://www.cian.ru/sale/flat/300266413/
29 905 514,00;7;SAR;62;27,8;13;40;2023;1;1;0;3,15;2;https://www.cian.ru/sale/flat/293203927/
29 909 640,00;19;SEAR;66,8;30,3;20;22;2023;1;1;0;3;2;https://www.cian.ru/sale/flat/300165800/
29 917 125,00;8;SWAR;65,5;37,5;13;25;2024;0;1;0;3,17;2;https://www.cian.ru/sale/flat/294550051/
29 925 769,00;11;NWAR;64,7;30,1;3;20;2023;1;1;0;2,85;2;https://www.cian.ru/sale/flat/285041283/
29 928 000,00;19;NEAR;68,8;37,5;3;22;2023;1;1;0;3;2;https://www.cian.ru/sale/flat/299702680/
29 950 000,00;14;CAR;43;37,5;5;17;2023;1;0;0;3,1;2;https://www.cian.ru/sale/flat/299415534/
29 950 000,00;9;NAR;54;23,2;9;30;2020;4;0;0;2,8;2;https://www.cian.ru/sale/flat/298979328/
29 950 000,00;7;NAR;70;37,5;2;18;2018;6;0;1;3;3;https://www.cian.ru/sale/flat/282555064/
29 950 000,00;7;WAR;75;37,5;20;25;2017;7;0;0;2,9;2;https://www.cian.ru/sale/flat/299971362/
29 950 000,00;2;WAR;54,1;45,7;7;11;1959;65;0;0;2,87;2;https://www.cian.ru/sale/flat/294345287/
29 976 267,00;11;NEAR;58,9;37,5;22;22;2024;0;1;0;3;2;https://www.cian.ru/sale/flat/297261569/
29 990 000,00;20;SAR;59,4;24,1;23;28;2023;1;0;0;3;2;https://www.cian.ru/sale/flat/300464106/
29 990 000,00;19;NEAR;57;25;25;35;2019;5;0;0;3;3;https://www.cian.ru/sale/flat/300176435/
29 990 000,00;12;CAR;61,2;37,5;9;9;1970;54;0;0;3;3;https://www.cian.ru/sale/flat/297470764/
29 990 000,00;12;CAR;85,1;56,3;1;9;1991;33;0;0;3;4;https://www.cian.ru/sale/flat/299497692/
29 990 000,00;9;WAR;81;54,9;18;20;2019;5;0;0;3;4;https://www.cian.ru/sale/flat/298268379/
29 990 000,00;9;SEAR;101,6;66,5;9;22;2019;5;0;0;3;4;https://www.cian.ru/sale/flat/298522495/
29 990 000,00;9;NEAR;103,7;68,7;2;6;1938;86;0;0;3;4;https://www.cian.ru/sale/flat/297346246/
29 990 000,00;8;WAR;72;50;4;31;2021;3;0;0;3,1;3;https://www.cian.ru/sale/flat/298752474/
29 990 000,00;6;NAR;40,1;37,5;2;6;2016;8;0;1;3,3;2;https://www.cian.ru/sale/flat/295663037/
29 999 000,00;6;SAR;57,8;37,5;3;14;1945;79;0;0;3;2;https://www.cian.ru/sale/flat/300155324/
29 999 000,00;5;WAR;77,5;46,1;21;23;2020;4;0;0;3;3;https://www.cian.ru/sale/flat/299652106/
29 999 999,00;17;SAR;66,4;37,5;14;46;2023;1;0;0;3;2;https://www.cian.ru/sale/flat/290996141/
29 999 999,00;13;NEAR;95,5;50;4;4;2020;4;0;1;3;4;https://www.cian.ru/sale/flat/296340831/
30 000 000,00;27;WAR;51,1;14,7;9;13;2023;1;1;0;3,13;1;https://www.cian.ru/sale/flat/296278116/
30 000 000,00;20;SAR;54,9;37,5;2;24;2023;1;0;1;3;2;https://www.cian.ru/sale/flat/300321051/
30 000 000,00;19;SEAR;70,5;37,5;10;22;2023;1;1;0;3;3;https://www.cian.ru/sale/flat/297676437/
30 000 000,00;18;NWAR;50,8;17,2;7;13;2023;1;1;0;3;1;https://www.cian.ru/sale/flat/294620343/
30 000 000,00;18;WAR;61,1;37,5;7;29;2020;4;0;0;3;2;https://www.cian.ru/sale/flat/300587382/
30 000 000,00;18;WAR;66,9;29,9;5;14;2024;0;1;0;3;3;https://www.cian.ru/sale/flat/300611466/
30 000 000,00;16;WAR;68;37,5;12;21;2015;9;0;1;3;2;https://www.cian.ru/sale/flat/282810221/
30 000 000,00;12;SWAR;91,8;37,5;1;7;1958;66;0;0;3;4;https://www.cian.ru/sale/flat/297754597/
30 000 000,00;12;NWAR;100,3;62;15;18;2006;18;0;0;3;4;https://www.cian.ru/sale/flat/299690554/
30 000 000,00;12;EAR;108,8;64;5;17;2019;5;0;0;3;4;https://www.cian.ru/sale/flat/296403999/
30 000 000,00;11;SAR;100,4;45,4;9;10;2019;5;0;0;3;4;https://www.cian.ru/sale/flat/298020862/
30 000 000,00;10;SEAR;50;37,5;4;13;2019;5;0;0;3,1;2;https://www.cian.ru/sale/flat/300811659/
30 000 000,00;10;NAR;71,8;50;6;7;2019;5;0;0;3,2;4;https://www.cian.ru/sale/flat/295787633/
30 000 000,00;10;SAR;100,4;45,4;9;10;2019;5;0;0;3;3;https://www.cian.ru/sale/flat/298020860/
30 000 000,00;9;CAR;56,1;37,5;8;16;2015;9;0;0;2,8;2;https://www.cian.ru/sale/flat/299925097/
30 000 000,00;9;WAR;94,3;60;20;31;2023;1;0;0;3;4;https://www.cian.ru/sale/flat/298578355/
30 000 000,00;8;NAR;37,5;28,5;3;15;2020;4;0;1;3,1;1;https://www.cian.ru/sale/flat/300099173/
30 000 000,00;8;NAR;52;32;6;12;2019;5;0;1;3;2;https://www.cian.ru/sale/flat/296711017/
30 000 000,00;8;NAR;54;30;5;24;2019;5;0;0;3;2;https://www.cian.ru/sale/flat/297833437/
30 000 000,00;8;SEAR;79,7;42;6;11;2019;5;0;0;3;3;https://www.cian.ru/sale/flat/287296776/
30 000 000,00;8;SEAR;98,7;62,9;10;22;1988;36;0;0;2,8;4;https://www.cian.ru/sale/flat/296684639/
30 000 000,00;8;SEAR;99,3;66;5;5;1937;87;0;0;3,2;4;https://www.cian.ru/sale/flat/261266017/
30 000 000,00;7;CAR;50;35;9;9;1962;62;0;0;2,5;2;https://www.cian.ru/sale/flat/300558907/
30 000 000,00;6;SWAR;78;37,5;6;40;2012;12;0;0;3;2;https://www.cian.ru/sale/flat/281049996/
30 000 000,00;5;CAR;55,7;37,5;5;9;1966;58;0;0;2,7;2;https://www.cian.ru/sale/flat/300787917/
30 000 000,00;4;SWAR;74,5;54;4;5;1957;67;0;0;3;4;https://www.cian.ru/sale/flat/292142527/
30 000 000,00;4;SWAR;97,7;59,8;16;22;1987;37;0;0;2,7;4;https://www.cian.ru/sale/flat/297359816/
30 000 000,00;2;CAR;92;61;6;7;1940;84;0;0;3,3;4;https://www.cian.ru/sale/flat/296500661/
30 000 000,00;1;NAR;57;27;15;59;2021;3;0;0;2,9;2;https://www.cian.ru/sale/flat/299061868/
30 000 000,00;1;NAR;57;43,8;31;59;2021;3;0;0;2,8;2;https://www.cian.ru/sale/flat/300392335/
30 033 280,00;19;NEAR;66,8;37,5;14;22;2023;1;1;0;3;2;https://www.cian.ru/sale/flat/299702782/
30 040 000,00;9;WAR;44,3;13,8;9;14;2023;1;1;0;3;1;https://www.cian.ru/sale/flat/299262076/
30 048 408,00;2;SWAR;65,6;37,5;14;25;2024;0;1;0;3,65;2;https://www.cian.ru/sale/flat/298403133/
30 057 960,00;16;NWAR;46,3;37,5;21;24;2023;1;1;0;3,15;2;https://www.cian.ru/sale/flat/270815678/
30 064 650,00;13;SWAR;62,7;37,4;24;32;2021;3;1;0;3,1;2;https://www.cian.ru/sale/flat/264100619/
30 086 103,00;7;SAR;61,2;29,8;26;40;2023;1;1;0;3,15;2;https://www.cian.ru/sale/flat/293736434/
30 095 214,00;5;SWAR;67,3;37,5;19;25;2024;0;1;0;3,17;2;https://www.cian.ru/sale/flat/296330604/
30 100 000,00;8;NWAR;98,8;70;4;6;2019;5;0;0;2,8;4;https://www.cian.ru/sale/flat/293069600/
30 115 475,00;25;SAR;65,8;32,1;14;16;2022;2;1;0;3,15;2;https://www.cian.ru/sale/flat/293203827/
30 179 923,00;9;WAR;81,6;38,4;9;21;2023;1;1;0;2,74;3;https://www.cian.ru/sale/flat/279592142/
30 200 000,00;7;WAR;100;65;2;22;1984;40;0;0;2,64;4;https://www.cian.ru/sale/flat/300108387/
30 200 000,00;6;CAR;43,6;18,4;10;53;2023;1;0;0;3,05;1;https://www.cian.ru/sale/flat/300270365/
30 224 242,00;10;NAR;122,2;37,5;10;10;2024;0;1;1;3,1;4;https://www.cian.ru/sale/flat/300282124/
30 244 500,00;9;NWAR;71,5;37,5;40;47;2023;1;1;0;3,05;2;https://www.cian.ru/sale/flat/296745638/
30 250 000,00;16;SWAR;100,5;64,5;17;22;1982;42;0;0;2,64;4;https://www.cian.ru/sale/flat/298782318/
30 300 000,00;16;NWAR;67,8;37,5;29;43;2022;2;0;0;3,2;2;https://www.cian.ru/sale/flat/290883236/
30 300 000,00;10;NEAR;85;37,5;13;14;1972;52;0;0;2,7;3;https://www.cian.ru/sale/flat/294720722/
30 320 640,00;9;NWAR;72;43,7;41;47;2023;1;1;0;3,05;2;https://www.cian.ru/sale/flat/296745611/
30 324 294,00;17;NWAR;56,7;32,7;9;43;2023;1;1;0;3,15;2;https://www.cian.ru/sale/flat/292613306/
30 349 000,00;2;NAR;97,9;42,2;14;40;2010;14;0;0;3;2;https://www.cian.ru/sale/flat/294162444/
30 349 669,00;5;SAR;72,4;33,6;3;24;2023;1;1;0;3,15;2;https://www.cian.ru/sale/flat/300712697/
30 377 215,00;17;NWAR;61,3;37,8;16;43;2023;1;1;0;3,15;2;https://www.cian.ru/sale/flat/297642441/
30 410 378,00;7;SAR;61,3;29,8;31;40;2023;1;1;0;3,15;2;https://www.cian.ru/sale/flat/293203849/
30 433 508,00;4;SAR;72,6;37,5;3;24;2023;1;1;0;3,15;2;https://www.cian.ru/sale/flat/300761683/
30 439 054,00;7;WAR;69,3;21,7;9;9;2023;1;1;0;2,74;2;https://www.cian.ru/sale/flat/289800707/
30 440 000,00;1;WAR;71;32;4;25;2019;5;0;0;3,1;2;https://www.cian.ru/sale/flat/293912931/
30 450 000,00;7;WAR;100;64;2;22;1984;40;0;0;2,64;4;https://www.cian.ru/sale/flat/298786251/
30 454 394,00;25;SAR;53,3;28,4;16;16;2023;1;1;0;3,15;2;https://www.cian.ru/sale/flat/293203988/
30 490 000,00;16;NWAR;46;30;30;43;2023;1;0;0;3;2;https://www.cian.ru/sale/flat/300520402/
30 490 000,00;8;WAR;54,7;37,5;5;8;1958;66;0;0;3;2;https://www.cian.ru/sale/flat/296321957/
30 490 000,00;6;WAR;93,2;67;1;8;1957;67;0;0;3,2;4;https://www.cian.ru/sale/flat/294977748/
30 500 000,00;20;SAR;69,4;39;24;24;2023;1;0;1;4;3;https://www.cian.ru/sale/flat/300376052/
30 500 000,00;18;SAR;60;29;31;40;2023;1;0;0;3;3;https://www.cian.ru/sale/flat/293569046/
30 500 000,00;16;NWAR;46;37,5;30;46;2022;2;0;0;3,2;2;https://www.cian.ru/sale/flat/300575677/
30 500 000,00;14;NWAR;68,3;37,5;28;41;2024;0;1;0;3;2;https://www.cian.ru/sale/flat/300866779/
30 500 000,00;13;SWAR;48,8;24,9;9;26;2021;3;0;0;3;1;https://www.cian.ru/sale/flat/299934509/
30 500 000,00;8;NWAR;67;26,4;22;26;2023;1;0;0;3;2;https://www.cian.ru/sale/flat/300111482/
30 585 500,00;11;SWAR;67;37,5;32;34;2023;1;1;0;3;2;https://www.cian.ru/sale/flat/300713408/
30 590 812,00;27;SAR;87,7;42,6;2;33;2023;1;1;0;2,68;3;https://www.cian.ru/sale/flat/300915388/
30 600 000,00;17;WAR;71;48,6;4;25;2021;3;0;0;3,1;2;https://www.cian.ru/sale/flat/298749234/
30 600 000,00;9;NAR;56;16;16;24;2017;7;0;0;3,1;2;https://www.cian.ru/sale/flat/299435128/
30 600 000,00;8;NAR;42;37,5;16;21;2020;4;0;0;3,1;1;https://www.cian.ru/sale/flat/299727973/
30 600 000,00;3;NAR;42;18;16;21;2020;4;0;0;3,1;1;https://www.cian.ru/sale/flat/300900853/
30 620 400,00;4;WAR;94,8;60,5;11;29;2022;2;1;1;3;4;https://www.cian.ru/sale/flat/286713653/
30 637 927,00;9;WAR;77,5;50,9;24;30;2023;1;1;0;3,3;3;https://www.cian.ru/sale/flat/297984204/
30 679 670,00;22;SAR;46,64;17,2;19;21;2023;1;1;0;3;1;https://www.cian.ru/sale/flat/298332731/
30 690 920,00;19;SEAR;69,4;29,3;19;22;2023;1;1;0;3;2;https://www.cian.ru/sale/flat/300583049/
30 707 300,00;2;SWAR;65;37,5;2;25;2024;0;1;0;3,65;2;https://www.cian.ru/sale/flat/294550150/
30 750 000,00;9;WAR;44,5;13,8;10;14;2023;1;1;0;3;1;https://www.cian.ru/sale/flat/299262078/
30 756 000,00;9;NEAR;82;37,5;8;27;2022;2;1;0;3;2;https://www.cian.ru/sale/flat/294033540/
30 765 892,00;4;CAR;57,5;20,6;3;10;2024;0;1;1;3;1;https://www.cian.ru/sale/flat/295316296/
30 775 875,00;5;WAR;46,02;37,5;44;57;2024;0;1;0;2,9;1;https://www.cian.ru/sale/flat/297883607/
30 798 000,00;9;WAR;48;16;4;27;2022;2;0;0;3,1;2;https://www.cian.ru/sale/flat/298759023/
30 800 000,00;7;WAR;67;37,5;33;41;2021;3;0;0;3,1;2;https://www.cian.ru/sale/flat/293892011/
30 821 708,00;22;SAR;52,48;28,7;3;29;2023;1;1;0;3;2;https://www.cian.ru/sale/flat/290542272/
30 828 160,00;4;SWAR;85,4;37,5;18;24;2022;2;1;1;3;2;https://www.cian.ru/sale/flat/294637306/
30 865 030,00;19;NEAR;70,1;37,5;12;22;2023;1;1;0;3;2;https://www.cian.ru/sale/flat/299702693/
30 869 025,00;4;WAR;93,5;60,6;11;12;2022;2;1;1;3;4;https://www.cian.ru/sale/flat/289516350/
30 879 200,00;12;NEAR;63,8;47,9;11;37;2024;0;1;0;3;2;https://www.cian.ru/sale/flat/298603585/
30 900 000,00;25;WAR;47;24;4;26;2019;5;0;0;3,1;2;https://www.cian.ru/sale/flat/299951445/
30 900 000,00;20;NWAR;65;28;23;25;2022;2;0;0;3;3;https://www.cian.ru/sale/flat/299649081/
30 900 000,00;15;NAR;41,9;26,9;12;41;2019;5;0;0;3;1;https://www.cian.ru/sale/flat/297726343/
30 900 000,00;2;NEAR;63,3;37,5;7;15;2021;3;0;1;3;2;https://www.cian.ru/sale/flat/289970462/
30 917 340,00;2;NAR;67,6;34,6;10;21;2023;1;1;1;3,15;3;https://www.cian.ru/sale/flat/300229498/
30 978 000,00;14;WAR;79,3;48;26;27;2022;2;0;0;2,95;4;https://www.cian.ru/sale/flat/300507433/
30 979 903,00;5;CAR;69;35;10;14;1981;43;0;0;3;2;https://www.cian.ru/sale/flat/295069648/
30 990 000,00;10;SWAR;72;48;8;8;1960;64;0;0;3;3;https://www.cian.ru/sale/flat/300266387/
30 990 000,00;9;NWAR;116,7;54,9;5;7;2003;21;0;0;3,05;4;https://www.cian.ru/sale/flat/277909011/
30 990 000,00;1;WAR;82,5;56;15;39;2022;2;0;0;3,1;3;https://www.cian.ru/sale/flat/299857029/
30 997 904,00;4;SEAR;67,7;50,5;14;30;2019;5;0;0;3;3;https://www.cian.ru/sale/flat/300759046/
30 999 000,00;17;WAR;56,4;37,5;27;41;2024;0;1;0;3;2;https://www.cian.ru/sale/flat/300728987/
31 000 000,00;26;WAR;46,5;25,1;18;25;2019;5;0;0;3;2;https://www.cian.ru/sale/flat/299739632/
31 000 000,00;21;SAR;78,48;37,3;6;14;2024;0;1;0;3;2;https://www.cian.ru/sale/flat/296389966/
31 000 000,00;18;WAR;49,6;37,5;6;23;2020;4;0;0;3;2;https://www.cian.ru/sale/flat/300520944/
31 000 000,00;17;WAR;47;15;7;18;2022;2;0;0;3,1;1;https://www.cian.ru/sale/flat/297195040/
31 000 000,00;16;NWAR;67,1;37,5;11;43;2019;5;0;0;3;2;https://www.cian.ru/sale/flat/293909175/
31 000 000,00;15;NWAR;70,6;37,5;9;13;2023;1;1;0;3;2;https://www.cian.ru/sale/flat/297095390/
31 000 000,00;14;SAR;68;37,5;3;14;2018;6;0;0;3;3;https://www.cian.ru/sale/flat/295055352/
31 000 000,00;12;CAR;76,1;37,5;1;5;1958;66;0;0;3;4;https://www.cian.ru/sale/flat/296561070/
31 000 000,00;10;SWAR;43;37,5;3;22;2020;4;0;0;3;2;https://www.cian.ru/sale/flat/281277308/
31 000 000,00;10;WAR;58,5;29,1;4;25;2007;17;0;0;2,8;2;https://www.cian.ru/sale/flat/298572082/
31 000 000,00;9;NWAR;72;29;3;21;2023;1;1;0;3;2;https://www.cian.ru/sale/flat/300836686/
31 000 000,00;8;NWAR;58,3;37,5;4;12;2023;1;1;0;3;2;https://www.cian.ru/sale/flat/297999260/
31 000 000,00;8;WAR;82,5;50;15;37;2019;5;0;0;3;3;https://www.cian.ru/sale/flat/298483604/
31 000 000,00;7;WAR;46;26;14;24;2021;3;0;0;3,1;2;https://www.cian.ru/sale/flat/299655879/
31 000 000,00;7;SWAR;66,5;37,5;26;34;2023;1;0;0;3;2;https://www.cian.ru/sale/flat/298322864/
31 000 000,00;5;NAR;55,6;37,5;16;24;2017;7;0;0;3,1;2;https://www.cian.ru/sale/flat/300007514/
31 000 000,00;5;NWAR;59,4;35,7;14;43;2023;1;1;0;3;3;https://www.cian.ru/sale/flat/297765120/
31 000 000,00;3;CAR;71;52,2;1;4;2019;5;0;0;3;4;https://www.cian.ru/sale/flat/297980242/
31 043 096,00;4;SAR;59,1;37,5;5;6;2023;1;1;0;3,15;2;https://www.cian.ru/sale/flat/300800419/
31 044 068,00;7;SAR;60,3;29,3;30;40;2023;1;1;0;3,15;2;https://www.cian.ru/sale/flat/293203948/
31 073 840,00;19;SEAR;63,2;29,7;22;22;2023;1;1;0;3;2;https://www.cian.ru/sale/flat/300165805/
31 079 570,00;6;NAR;103,2;37,5;2;33;2024;0;1;1;2,7;3;https://www.cian.ru/sale/flat/298464071/
31 079 570,00;6;NAR;103,2;73;2;12;2019;5;0;0;3;3;https://www.cian.ru/sale/flat/298617205/
31 100 000,00;7;NEAR;74,3;43;10;17;2010;14;0;0;2,74;3;https://www.cian.ru/sale/flat/300348071/
31 116 980,00;19;SEAR;91,4;41,1;13;30;2024;0;1;0;2,87;3;https://www.cian.ru/sale/flat/300575553/
31 122 705,00;19;SAR;63,3;37,5;8;8;2024;0;1;0;2,97;2;https://www.cian.ru/sale/flat/298310713/
31 137 876,00;9;NWAR;69,3;37,5;34;47;2023;1;1;0;3,05;2;https://www.cian.ru/sale/flat/296745557/
31 171 960,00;19;SEAR;69,7;29,3;21;22;2023;1;1;0;3;2;https://www.cian.ru/sale/flat/300165822/
31 200 000,00;16;EAR;100;66;8;22;2006;18;0;0;2,7;4;https://www.cian.ru/sale/flat/300936817/
31 200 000,00;15;NWAR;97;63,5;3;5;2019;5;0;0;3;4;https://www.cian.ru/sale/flat/288176588/
31 200 000,00;8;WAR;82,5;50;15;31;2021;3;0;0;3,1;3;https://www.cian.ru/sale/flat/298067788/
31 200 000,00;2;NEAR;51,3;37,5;6;25;2021;3;1;1;3;2;https://www.cian.ru/sale/flat/291247009/
31 243 224,00;11;NWAR;73,8;35,6;18;19;2023;1;1;0;2,85;3;https://www.cian.ru/sale/flat/285041180/
31 267 474,00;5;WAR;58,48;37,5;2;57;2024;0;1;0;2,9;2;https://www.cian.ru/sale/flat/290790439/
31 296 766,00;4;SEAR;93,8;50,4;2;30;2019;5;0;0;3;4;https://www.cian.ru/sale/flat/286542382/
31 300 000,00;4;CAR;76,1;55,6;5;12;1965;59;0;0;2,64;4;https://www.cian.ru/sale/flat/300170073/
31 345 564,00;17;SEAR;90,6;44,4;12;30;2024;0;1;0;2,87;3;https://www.cian.ru/sale/flat/300575241/
31 350 680,00;19;SEAR;70,1;32,7;16;21;2023;1;1;0;3;2;https://www.cian.ru/sale/flat/300165810/
31 374 890,00;19;SEAR;70,9;32,7;14;21;2023;1;1;0;3;2;https://www.cian.ru/sale/flat/300165809/
31 400 000,00;7;WAR;71,3;37,5;29;38;2021;3;0;0;3;3;https://www.cian.ru/sale/flat/299415131/
31 400 000,00;6;SWAR;96;64;3;17;2002;22;0;0;2,64;4;https://www.cian.ru/sale/flat/300386614/
31 437 720,00;5;SWAR;62,6;37,5;32;34;2023;1;1;0;3;2;https://www.cian.ru/sale/flat/300673469/
31 448 757,00;5;WAR;56,77;37,5;35;57;2024;0;1;0;2,9;1;https://www.cian.ru/sale/flat/282209266/
31 470 250,00;24;WAR;87,5;43,2;5;21;2023;1;1;0;2,74;3;https://www.cian.ru/sale/flat/297097522/
31 500 000,00;17;NWAR;60,3;35,3;17;44;2023;1;1;0;3;2;https://www.cian.ru/sale/flat/295416267/
31 500 000,00;16;NAR;98,6;63,6;11;22;2007;17;0;0;2,8;3;https://www.cian.ru/sale/flat/293760884/
31 500 000,00;15;SAR;66,4;37,5;14;46;2023;1;0;0;3;2;https://www.cian.ru/sale/flat/296690119/
31 500 000,00;13;NAR;40,5;37,5;9;42;2022;2;0;0;3,1;1;https://www.cian.ru/sale/flat/300584442/
31 500 000,00;12;SEAR;70;37,5;2;27;2019;5;0;0;3,2;2;https://www.cian.ru/sale/flat/299577441/
31 500 000,00;11;NWAR;92,6;37,5;10;21;2020;4;0;0;3;3;https://www.cian.ru/sale/flat/297267996/
31 500 000,00;10;NAR;40;37,5;2;21;2020;4;0;0;3;1;https://www.cian.ru/sale/flat/273670298/
31 500 000,00;9;CAR;75;35;9;10;1933;91;0;0;3;2;https://www.cian.ru/sale/flat/300539774/
31 500 000,00;8;NAR;38,8;37,5;2;21;2020;4;0;0;3,1;2;https://www.cian.ru/sale/flat/300029504/
31 500 000,00;8;WAR;77,5;37,5;7;20;2020;4;0;0;3,1;2;https://www.cian.ru/sale/flat/297930843/
31 500 000,00;7;CAR;54;34;3;5;1926;98;0;0;3,2;2;https://www.cian.ru/sale/flat/299673217/
31 500 000,00;5;NWAR;77;57;36;36;2019;5;0;0;3;4;https://www.cian.ru/sale/flat/299028984/
31 500 000,00;4;SAR;63,1;37,5;7;42;2024;0;1;0;3;2;https://www.cian.ru/sale/flat/291004661/
31 500 000,00;4;SAR;63,1;37,5;8;42;2023;1;0;0;3;2;https://www.cian.ru/sale/flat/300422113/
31 500 000,00;4;WAR;68,8;52;12;12;2022;2;0;1;3,6;3;https://www.cian.ru/sale/flat/296898956/
31 500 000,00;4;SEAR;106,5;73;6;6;2019;5;0;0;3;4;https://www.cian.ru/sale/flat/300302895/
31 500 000,00;3;SWAR;96;45;16;16;2004;20;0;0;2,8;4;https://www.cian.ru/sale/flat/295855135/
31 500 000,00;2;NAR;47;19,9;2;17;2023;1;0;1;3,28;1;https://www.cian.ru/sale/flat/300577876/
31 500 000,00;1;NAR;47;37,5;2;8;2019;5;0;1;3,28;2;https://www.cian.ru/sale/flat/297734703/
31 513 160,00;5;SAR;76,67;52,6;24;26;2023;1;1;0;2,87;3;https://www.cian.ru/sale/flat/284858721/
31 520 784,00;10;NAR;74,1;37,5;33;43;2023;1;1;0;4,2;2;https://www.cian.ru/sale/flat/272090911/
31 535 521,00;4;NEAR;75,8;37,5;14;15;2021;3;1;1;3;2;https://www.cian.ru/sale/flat/292035501/
31 547 360,00;16;NWAR;52,3;29,4;14;24;2023;1;1;0;3,15;2;https://www.cian.ru/sale/flat/292613405/
31 560 000,00;10;WAR;99,2;71,2;2;5;1956;68;0;0;2,8;4;https://www.cian.ru/sale/flat/299671312/
31 560 000,00;4;WAR;93,4;60;3;29;2022;2;1;1;3;3;https://www.cian.ru/sale/flat/293723590/
31 596 373,00;10;NAR;74,1;37,5;35;43;2023;1;1;0;4,2;2;https://www.cian.ru/sale/flat/293391924/
31 600 000,00;7;CAR;70;37,5;8;9;2020;4;0;1;3,5;3;https://www.cian.ru/sale/flat/296712767/
31 633 073,00;24;SAR;64,2;32,4;11;16;2023;1;1;0;3,15;2;https://www.cian.ru/sale/flat/293204033/
31 640 000,00;4;NWAR;81,6;37,5;14;47;2021;3;0;0;3,1;3;https://www.cian.ru/sale/flat/295154475/
31 650 000,00;15;WAR;50,8;14,7;8;14;2023;1;1;0;3;1;https://www.cian.ru/sale/flat/296277718/
31 658 683,00;5;SAR;73,2;37,5;6;24;2023;1;1;0;3,15;2;https://www.cian.ru/sale/flat/300712731/
31 686 840,00;9;WAR;89,9;55,5;7;30;2023;1;1;0;3,3;3;https://www.cian.ru/sale/flat/299583573/
31 697 000,00;9;NEAR;87;37,5;23;27;2022;2;1;0;3;3;https://www.cian.ru/sale/flat/294033560/
31 700 000,00;13;CAR;69;37,5;24;44;2018;6;0;1;3;3;https://www.cian.ru/sale/flat/296139192/
31 700 000,00;12;CAR;69;37;24;44;2018;6;0;1;3;3;https://www.cian.ru/sale/flat/290778903/
31 701 104,00;8;SWAR;68,3;37,5;16;25;2024;0;1;0;3,17;2;https://www.cian.ru/sale/flat/298403126/
31 727 850,00;8;CAR;46,9;37,5;13;13;2013;11;1;1;3,15;1;https://www.cian.ru/sale/flat/297286562/
31 729 560,00;19;SEAR;69,7;29,3;22;22;2023;1;1;0;3;2;https://www.cian.ru/sale/flat/300165826/
31 735 858,00;19;SEAR;91,6;41,1;24;30;2024;0;1;0;2,87;3;https://www.cian.ru/sale/flat/300575562/
31 800 000,00;11;WAR;46;37,5;3;26;2021;3;0;0;3,1;2;https://www.cian.ru/sale/flat/282641368/
31 800 000,00;4;NWAR;56;37,5;25;47;2021;3;0;0;3,1;2;https://www.cian.ru/sale/flat/297561369/
31 845 511,00;19;SAR;69,2;37,5;2;12;2024;0;1;0;2,97;2;https://www.cian.ru/sale/flat/300228448/
31 850 000,00;15;WAR;58;36;7;25;2017;7;0;1;3;2;https://www.cian.ru/sale/flat/300840991/
31 866 943,00;4;SAR;63,86;40,5;26;26;2023;1;1;0;2,87;2;https://www.cian.ru/sale/flat/297878514/
31 895 498,00;4;NWAR;80,59;39,1;2;52;2024;0;1;0;2,85;3;https://www.cian.ru/sale/flat/299067053/
31 900 000,00;13;SAR;51,3;37,5;12;16;2023;1;0;0;3;2;https://www.cian.ru/sale/flat/300221231/
31 900 000,00;12;NEAR;63,1;37,5;2;22;2019;5;0;0;2,8;2;https://www.cian.ru/sale/flat/300061309/
31 900 000,00;11;WAR;54;30;5;10;1941;83;0;0;3,2;2;https://www.cian.ru/sale/flat/300635638/
31 900 000,00;10;SEAR;69;32;3;14;2023;1;1;0;3;2;https://www.cian.ru/sale/flat/300487108/
31 900 000,00;9;CAR;60;42,7;5;5;1926;98;0;0;3;3;https://www.cian.ru/sale/flat/298880124/
31 900 000,00;8;WAR;78,6;55,6;7;29;2022;2;0;0;3,15;3;https://www.cian.ru/sale/flat/300777586/
31 900 000,00;5;NWAR;56,2;28,9;12;29;2023;1;0;0;3;2;https://www.cian.ru/sale/flat/294247460/
31 900 000,00;2;WAR;52,3;37,5;5;9;1968;56;0;0;2,8;2;https://www.cian.ru/sale/flat/300338512/
31 920 000,00;5;WAR;133;80;14;24;2016;8;0;0;3;4;https://www.cian.ru/sale/flat/299990216/
31 935 265,00;5;WAR;57,97;37,5;2;57;2024;0;1;0;2,9;2;https://www.cian.ru/sale/flat/282209334/
31 945 412,00;15;SAR;73,6;37,5;4;24;2023;1;1;0;3,15;2;https://www.cian.ru/sale/flat/300761685/
31 956 600,00;5;SWAR;66,3;37,5;24;34;2023;1;1;0;3;2;https://www.cian.ru/sale/flat/300800773/
31 968 800,00;12;NEAR;71,2;53,4;3;37;2024;0;1;0;3;2;https://www.cian.ru/sale/flat/298781520/
31 990 000,00;17;SWAR;78;50;7;8;1958;66;0;0;2,8;3;https://www.cian.ru/sale/flat/299237500/
31 999 000,00;4;WAR;84;33;7;31;2022;2;0;0;3,1;2;https://www.cian.ru/sale/flat/298161869/
31 999 440,00;16;NWAR;52,7;29,8;15;24;2023;1;1;0;3,15;2;https://www.cian.ru/sale/flat/296517754/
31 999 999,00;8;NEAR;95,5;50;4;4;2020;4;0;1;3;4;https://www.cian.ru/sale/flat/295020073/
32 000 000,00;21;NEAR;91,5;51,6;3;17;2019;5;0;0;2,7;4;https://www.cian.ru/sale/flat/294175023/
32 000 000,00;19;SAR;44;17,5;9;9;2023;1;0;0;3,5;1;https://www.cian.ru/sale/flat/300477453/
32 000 000,00;15;SWAR;100;64;16;22;2019;5;0;0;3;4;https://www.cian.ru/sale/flat/300121501/
32 000 000,00;14;CAR;43,3;37,5;16;51;2019;5;0;0;3;2;https://www.cian.ru/sale/flat/299460337/
32 000 000,00;14;SAR;85;62,8;8;8;2022;2;0;0;3,7;3;https://www.cian.ru/sale/flat/300666401/
32 000 000,00;13;CAR;43,4;37,5;12;15;2023;1;0;0;3,1;2;https://www.cian.ru/sale/flat/299020420/
32 000 000,00;13;SWAR;108;72;2;10;1961;63;0;0;3;4;https://www.cian.ru/sale/flat/299087875/
32 000 000,00;12;WAR;95;55;8;16;1978;46;0;0;2,7;4;https://www.cian.ru/sale/flat/300158362/
32 000 000,00;12;SWAR;105,8;37,5;1;18;2005;19;0;0;3;3;https://www.cian.ru/sale/flat/295066559/
32 000 000,00;11;SWAR;111,9;75;14;17;1997;27;0;0;2,7;4;https://www.cian.ru/sale/flat/299207571/
32 000 000,00;9;WAR;48;30;3;9;2021;3;0;0;3;2;https://www.cian.ru/sale/flat/300453414/
32 000 000,00;8;NAR;87,6;61,8;5;5;1936;88;0;0;3,2;4;https://www.cian.ru/sale/flat/295936287/
32 000 000,00;7;CAR;68;46;9;9;1941;83;0;0;3;3;https://www.cian.ru/sale/flat/240713517/
32 000 000,00;7;CAR;70;37,5;9;9;1957;67;0;0;3;3;https://www.cian.ru/sale/flat/293186399/
32 000 000,00;6;CAR;41,1;37,5;8;11;2022;2;0;1;5,7;2;https://www.cian.ru/sale/flat/288694278/
32 000 000,00;6;CAR;81,6;57,2;1;5;2019;5;0;0;3;4;https://www.cian.ru/sale/flat/300912927/
32 000 000,00;6;WAR;109,1;60;5;22;2017;7;0;0;2,85;4;https://www.cian.ru/sale/flat/300219455/
32 000 000,00;6;NAR;111,8;37,5;2;6;1939;85;0;0;3,2;3;https://www.cian.ru/sale/flat/300646119/
32 000 000,00;5;WAR;45;20;19;23;2021;3;0;0;3,1;1;https://www.cian.ru/sale/flat/300931694/
32 000 000,00;5;CAR;50;33;1;13;2019;5;0;0;3;2;https://www.cian.ru/sale/flat/286767663/
32 000 000,00;5;WAR;53;30;18;22;2019;5;0;0;3,1;2;https://www.cian.ru/sale/flat/294770486/
32 000 000,00;5;NWAR;57,4;31,1;21;23;2023;1;0;0;3,2;2;https://www.cian.ru/sale/flat/291856643/
32 000 000,00;5;NWAR;64;38,2;18;43;2023;1;1;0;3;3;https://www.cian.ru/sale/flat/300873457/
32 000 000,00;5;NWAR;75,6;47,1;17;36;2021;3;0;0;3,08;3;https://www.cian.ru/sale/flat/297326583/
32 000 000,00;5;WAR;100;37,5;9;12;2017;7;0;0;3;4;https://www.cian.ru/sale/flat/252511852/
32 000 000,00;5;NEAR;100;65;12;22;1990;34;0;0;2,64;4;https://www.cian.ru/sale/flat/293965333/
32 000 000,00;4;WAR;72;36,3;3;28;2021;3;0;0;3;2;https://www.cian.ru/sale/flat/300676856/
32 000 000,00;2;SEAR;67;33,1;12;23;2021;3;0;0;3;2;https://www.cian.ru/sale/flat/300222335/
32 022 800,00;12;NEAR;71,8;53,9;2;37;2024;0;1;0;3;2;https://www.cian.ru/sale/flat/298603477/
32 075 050,00;5;WAR;56,77;37,5;33;57;2024;0;1;0;2,9;2;https://www.cian.ru/sale/flat/295072445/
32 107 152,00;5;CAR;71,4;48,2;11;13;2022;2;1;1;3,4;2;https://www.cian.ru/sale/flat/286886807/
32 139 585,00;10;WAR;93,49;61,2;12;29;2023;1;1;0;3,3;3;https://www.cian.ru/sale/flat/298365016/
32 160 000,00;13;NAR;107,2;66,1;2;22;2010;14;0;0;3,1;3;https://www.cian.ru/sale/flat/292936310/
32 200 000,00;19;WAR;79,7;45,9;17;54;2024;0;1;0;3,15;3;https://www.cian.ru/sale/flat/299559473/
32 200 000,00;5;NWAR;57;37;3;29;2019;5;0;0;3,2;2;https://www.cian.ru/sale/flat/300709110/
32 248 627,00;2;EAR;85,88;66;7;20;2024;0;1;0;3;3;https://www.cian.ru/sale/flat/297151003/
32 251 208,00;26;SAR;90,4;59;3;10;2024;0;1;0;2,97;3;https://www.cian.ru/sale/flat/297055270/
32 253 218,00;5;WAR;58,58;37,5;2;57;2024;0;1;0;2,9;2;https://www.cian.ru/sale/flat/282209330/
32 286 900,00;19;SEAR;70,2;32,7;19;21;2023;1;1;0;3;2;https://www.cian.ru/sale/flat/300165808/
32 293 859,00;4;CAR;55,8;20,8;9;10;2024;0;1;1;3;1;https://www.cian.ru/sale/flat/295316301/
32 300 000,00;5;CAR;101,4;70,7;5;9;1958;66;0;0;3;4;https://www.cian.ru/sale/flat/293117659/
32 300 000,00;4;SAR;80;54;4;8;1958;66;0;0;3;3;https://www.cian.ru/sale/flat/296395448/
32 352 998,00;5;NWAR;85,1;39,3;3;20;2023;1;1;0;2,85;3;https://www.cian.ru/sale/flat/291372583/
32 354 169,00;5;SWAR;70,3;37,5;22;25;2024;0;1;0;3,17;2;https://www.cian.ru/sale/flat/294550013/
32 357 376,00;25;SAR;62,6;35,3;3;16;2023;1;1;0;3,15;2;https://www.cian.ru/sale/flat/293203991/
32 392 797,00;2;SWAR;69,4;37,5;17;25;2024;0;1;0;3,65;2;https://www.cian.ru/sale/flat/296518951/
32 400 000,00;6;CAR;112;79,4;11;12;2019;5;0;0;2,6;4;https://www.cian.ru/sale/flat/300656284/
32 400 000,00;6;CAR;112;79,4;10;12;2019;5;0;0;2,6;4;https://www.cian.ru/sale/flat/300656306/
32 417 493,00;25;SAR;62,3;35,3;4;16;2023;1;1;0;3,15;2;https://www.cian.ru/sale/flat/293203993/
32 450 000,00;6;WAR;56,1;30,6;17;20;2021;3;0;0;3;2;https://www.cian.ru/sale/flat/299865767/
32 463 200,00;2;NAR;81,1;50,6;3;21;2023;1;1;1;3,15;3;https://www.cian.ru/sale/flat/298000766/
32 474 550,00;19;NEAR;74,5;37,5;19;22;2023;1;1;0;3;2;https://www.cian.ru/sale/flat/299702854/
32 490 000,00;7;CAR;57,4;37,1;6;8;1933;91;0;0;3;3;https://www.cian.ru/sale/flat/297066005/
32 500 000,00;18;WAR;51,1;37,5;14;26;2021;3;0;0;3;2;https://www.cian.ru/sale/flat/296828562/
32 500 000,00;15;NAR;87,9;37,5;2;34;2008;16;0;0;3;2;https://www.cian.ru/sale/flat/300643127/
32 500 000,00;13;SEAR;100;62,8;2;5;2019;5;0;0;3;4;https://www.cian.ru/sale/flat/300121495/
32 500 000,00;12;NAR;40,4;20;9;41;2019;5;0;0;3;1;https://www.cian.ru/sale/flat/294106758/
32 500 000,00;12;WAR;57;37,5;6;23;2009;15;0;0;3;2;https://www.cian.ru/sale/flat/297407466/
32 500 000,00;12;WAR;57;31;6;23;2009;15;0;0;2,8;2;https://www.cian.ru/sale/flat/299091687/
32 500 000,00;10;CAR;80;50;4;14;1984;40;0;0;2,64;3;https://www.cian.ru/sale/flat/289881261/
32 500 000,00;9;NWAR;52;37,5;30;58;2019;5;0;0;3;3;https://www.cian.ru/sale/flat/300643505/
32 500 000,00;6;CAR;63,2;35,9;3;5;1924;100;0;0;3;2;https://www.cian.ru/sale/flat/299987374/
32 500 000,00;6;CAR;79;37,5;3;4;1917;107;0;1;3,4;3;https://www.cian.ru/sale/flat/296768539/
32 500 000,00;2;NAR;50;37,5;13;16;2023;1;0;1;3;1;https://www.cian.ru/sale/flat/298220595/
32 500 000,00;1;NAR;90;65;2;15;2016;8;0;1;3;2;https://www.cian.ru/sale/flat/298943338/
32 563 200,00;19;NEAR;76,8;57,6;2;32;2023;1;1;0;3;2;https://www.cian.ru/sale/flat/298828200/
32 587 200,00;12;NEAR;74,4;55,8;4;37;2024;0;1;0;3;2;https://www.cian.ru/sale/flat/298828171/
32 610 600,00;8;CAR;48,6;37,5;12;13;2013;11;1;1;3,15;1;https://www.cian.ru/sale/flat/297286565/
32 661 696,00;4;SEAR;93,8;50,4;26;30;2019;5;0;0;3;4;https://www.cian.ru/sale/flat/298984716/
32 685 120,00;19;NEAR;77,6;37,5;7;22;2023;1;1;0;3;2;https://www.cian.ru/sale/flat/299702838/
32 692 246,00;4;CAR;60,6;19,8;10;10;2024;0;1;1;3;1;https://www.cian.ru/sale/flat/295316290/
32 699 793,00;4;SAR;73,87;50,5;24;26;2023;1;1;0;2,87;3;https://www.cian.ru/sale/flat/284858753/
32 701 895,00;6;WAR;63;30,1;12;28;2022;2;1;0;3,12;2;https://www.cian.ru/sale/flat/298334237/
32 715 700,00;4;WAR;95,8;60,5;19;29;2022;2;1;1;3;4;https://www.cian.ru/sale/flat/289516334/
32 747 909,00;5;WAR;61,15;37,5;6;57;2024;0;1;0;2,9;2;https://www.cian.ru/sale/flat/272591263/
32 749 223,00;9;WAR;93,64;69,7;22;30;2023;1;1;0;3,3;4;https://www.cian.ru/sale/flat/297984298/
32 755 835,00;4;CAR;56,6;19,7;9;10;2024;0;1;1;3;1;https://www.cian.ru/sale/flat/295316294/
32 786 819,00;5;WAR;59,86;37,5;25;57;2024;0;1;0;2,9;2;https://www.cian.ru/sale/flat/295099517/
32 800 000,00;14;SWAR;48,73;37,5;4;17;2024;0;1;0;3,05;2;https://www.cian.ru/sale/flat/298262006/
32 800 000,00;7;WAR;66;58;40;41;2023;1;0;0;3,1;3;https://www.cian.ru/sale/flat/300803592/
32 810 400,00;12;NEAR;75,6;56,7;2;37;2024;0;1;0;3;2;https://www.cian.ru/sale/flat/298828169/
32 890 000,00;8;WAR;86;52;20;31;2021;3;0;0;3,1;3;https://www.cian.ru/sale/flat/300208657/
32 890 000,00;8;WAR;86,1;52,2;20;35;2019;5;0;0;3;3;https://www.cian.ru/sale/flat/298661948/
32 895 000,00;19;NEAR;77,4;58,1;2;32;2023;1;1;0;3;3;https://www.cian.ru/sale/flat/298603929/
32 899 942,00;7;WAR;91,7;39,1;7;21;2023;1;1;0;2,74;3;https://www.cian.ru/sale/flat/300346087/
32 900 000,00;12;NWAR;85,5;72,5;10;37;2018;6;0;1;3,2;3;https://www.cian.ru/sale/flat/298170119/
32 900 000,00;12;SEAR;88,9;55,4;6;9;1962;62;0;0;3;3;https://www.cian.ru/sale/flat/300668328/
32 900 000,00;8;WAR;86,5;52,2;20;39;2022;2;0;0;3,1;3;https://www.cian.ru/sale/flat/300661643/
32 900 000,00;5;WAR;49,2;37,5;12;14;2023;1;0;0;3,2;2;https://www.cian.ru/sale/flat/300512089/
32 900 000,00;5;WAR;49,2;37,5;12;14;2019;5;0;0;3;2;https://www.cian.ru/sale/flat/299460217/
32 900 524,00;4;SAR;73,6;37,5;5;24;2023;1;1;0;3,15;2;https://www.cian.ru/sale/flat/300712729/
32 921 279,00;2;SWAR;64,3;37,5;25;25;2024;0;1;0;3,65;2;https://www.cian.ru/sale/flat/296747296/
32 929 000,00;12;NEAR;74,5;55,9;6;37;2024;0;1;0;3;2;https://www.cian.ru/sale/flat/298828174/
32 930 240,00;8;SWAR;69,9;37,5;18;25;2024;0;1;0;3,17;2;https://www.cian.ru/sale/flat/294650709/
32 950 000,00;9;EAR;102,3;70,8;5;23;2022;2;0;0;3;4;https://www.cian.ru/sale/flat/297827675/
32 964 420,00;19;NEAR;78,9;37,5;2;22;2023;1;1;0;3;2;https://www.cian.ru/sale/flat/299702726/
32 990 000,00;5;NWAR;65;39,4;40;44;2023;1;0;0;3,4;2;https://www.cian.ru/sale/flat/300192215/
32 993 222,00;15;SAR;73,7;37,5;7;24;2023;1;1;0;3,15;2;https://www.cian.ru/sale/flat/300761655/
32 995 000,00;13;CAR;100,7;73,4;2;5;2019;5;0;0;3;4;https://www.cian.ru/sale/flat/286386336/
32 995 000,00;6;WAR;71;42,7;24;62;2024;0;1;0;3,1;3;https://www.cian.ru/sale/flat/300867232/
33 000 000,00;19;WAR;94;57;30;30;2019;5;0;0;3;3;https://www.cian.ru/sale/flat/300855497/
33 000 000,00;18;SWAR;103;66;15;22;2005;19;0;0;2,64;4;https://www.cian.ru/sale/flat/295899413/
33 000 000,00;17;WAR;73,3;29,9;22;25;2021;3;0;0;3,1;2;https://www.cian.ru/sale/flat/299898801/
33 000 000,00;17;CAR;78;37,5;7;7;2021;3;0;1;3,5;2;https://www.cian.ru/sale/flat/300234401/
33 000 000,00;16;NWAR;56;37,5;10;25;2015;9;0;0;3,1;2;https://www.cian.ru/sale/flat/299138346/
33 000 000,00;16;NWAR;67,1;37,5;11;41;2019;5;0;0;3;2;https://www.cian.ru/sale/flat/300701528/
33 000 000,00;14;SAR;65;28,7;6;15;2023;1;0;0;3,4;2;https://www.cian.ru/sale/flat/299012452/
33 000 000,00;12;NWAR;73,7;37,5;13;23;2019;5;0;1;3;2;https://www.cian.ru/sale/flat/299302048/
33 000 000,00;11;CAR;57,4;37,5;5;15;2019;5;0;0;3;2;https://www.cian.ru/sale/flat/292945866/
33 000 000,00;11;SEAR;61,5;37,5;9;14;2023;1;1;0;3;2;https://www.cian.ru/sale/flat/298918046/
33 000 000,00;10;CAR;75,6;37,5;1;4;1900;124;0;0;3,2;2;https://www.cian.ru/sale/flat/300114983/
33 000 000,00;10;CAR;78,1;37,5;10;35;2023;1;0;0;3,1;2;https://www.cian.ru/sale/flat/297092086/
33 000 000,00;10;NAR;91,1;66,6;3;8;1955;69;0;0;3,2;4;https://www.cian.ru/sale/flat/299573780/
33 000 000,00;9;CAR;76;49,6;5;16;1975;49;0;0;2,7;4;https://www.cian.ru/sale/flat/297790207/
33 000 000,00;9;NAR;82;55;3;8;1937;87;0;0;3,2;4;https://www.cian.ru/sale/flat/294978286/
33 000 000,00;9;SAR;92,6;62;3;17;2005;19;0;0;2,64;4;https://www.cian.ru/sale/flat/300759807/
33 000 000,00;8;WAR;83,4;37,5;21;30;2019;5;0;0;3;2;https://www.cian.ru/sale/flat/299714730/
33 000 000,00;8;EAR;85,1;54;2;8;1959;65;0;0;2,8;4;https://www.cian.ru/sale/flat/296606587/
33 000 000,00;7;WAR;99;64,3;22;22;1991;33;0;0;2,7;4;https://www.cian.ru/sale/flat/300964967/
33 000 000,00;5;NWAR;72,2;37,5;4;44;2023;1;0;0;3;3;https://www.cian.ru/sale/flat/298921999/
33 000 000,00;5;NWAR;72,2;47,2;4;30;2019;5;0;0;3;3;https://www.cian.ru/sale/flat/300748700/
33 000 000,00;4;NAR;105,3;64,8;20;24;2019;5;0;0;3;4;https://www.cian.ru/sale/flat/295403279/
33 000 000,00;3;NWAR;100;64,3;20;22;1997;27;0;0;2,66;4;https://www.cian.ru/sale/flat/299101297/
33 000 000,00;3;NAR;105,3;65;20;22;2021;3;0;0;2,9;4;https://www.cian.ru/sale/flat/300744705/
33 000 000,00;1;WAR;90;60;9;18;2007;17;0;0;2,7;4;https://www.cian.ru/sale/flat/298993791/
33 058 064,00;19;SAR;57,1;37,5;6;6;2023;1;1;0;3,15;2;https://www.cian.ru/sale/flat/300761675/
33 072 000,00;17;NWAR;62,4;37,5;14;43;2023;1;1;0;3,15;2;https://www.cian.ru/sale/flat/295305506/
33 100 000,00;12;WAR;106,7;58;3;25;2008;16;0;0;3,05;4;https://www.cian.ru/sale/flat/298435133/
33 100 000,00;10;WAR;62,7;30,1;4;11;2019;5;0;0;3,1;2;https://www.cian.ru/sale/flat/300593020/
33 132 600,00;12;NEAR;69,9;52,4;11;37;2024;0;1;0;3;3;https://www.cian.ru/sale/flat/298603595/
33 140 040,00;5;SWAR;71,2;37,5;23;25;2024;0;1;0;3,17;2;https://www.cian.ru/sale/flat/294550017/
33 200 000,00;9;NWAR;52;37,5;28;58;2019;5;0;0;3;2;https://www.cian.ru/sale/flat/299151784/
33 250 000,00;6;WAR;62,9;32,9;10;28;2022;2;0;0;3,1;3;https://www.cian.ru/sale/flat/298614348/
33 250 000,00;6;WAR;63,3;33,2;15;28;2022;2;0;0;3,1;3;https://www.cian.ru/sale/flat/299363920/
33 269 000,00;9;NEAR;90,6;37,5;2;27;2022;2;1;0;3;3;https://www.cian.ru/sale/flat/294033706/
33 273 400,00;19;SEAR;71,8;37,5;11;21;2023;1;1;0;3;2;https://www.cian.ru/sale/flat/300165818/
33 281 500,00;19;SEAR;73;35,7;6;11;2023;1;1;0;3,1;2;https://www.cian.ru/sale/flat/289428339/
33 290 000,00;14;NEAR;129;100;2;4;2019;5;0;1;3;3;https://www.cian.ru/sale/flat/300115909/
33 290 901,00;7;SAR;64,5;31,4;12;40;2023;1;1;0;3,15;2;https://www.cian.ru/sale/flat/293203884/
33 299 000,00;4;WAR;112;74,2;3;8;1954;70;0;0;3;3;https://www.cian.ru/sale/flat/292548663/
33 300 000,00;16;SWAR;102;74;21;22;1982;42;0;0;2,64;4;https://www.cian.ru/sale/flat/298934924/
33 359 634,00;13;SWAR;78,1;37,5;28;32;2021;3;1;0;3,1;2;https://www.cian.ru/sale/flat/264100219/
33 376 136,00;7;SAR;72,5;37,5;19;24;2023;1;1;0;2,97;2;https://www.cian.ru/sale/flat/299606669/
33 380 220,00;8;NAR;86,8;57,2;7;35;2023;1;1;0;3,1;4;https://www.cian.ru/sale/flat/298334728/
33 404 761,00;5;NWAR;65,6;25,8;20;20;2023;1;1;0;2,85;2;https://www.cian.ru/sale/flat/285040949/
33 444 818,00;22;SAR;71,71;31,2;6;29;2023;1;1;0;3;2;https://www.cian.ru/sale/flat/296831923/
33 454 080,00;13;SWAR;88;50,6;1;32;2021;3;1;0;3,1;3;https://www.cian.ru/sale/flat/290914447/
33 469 130,00;7;SAR;64,4;31,4;16;40;2023;1;1;0;3,15;2;https://www.cian.ru/sale/flat/293203934/
33 499 000,00;14;NAR;63;31,8;9;26;2022;2;0;0;2,9;2;https://www.cian.ru/sale/flat/291207212/
33 500 000,00;20;SAR;64;37,5;18;48;2023;1;0;0;3,2;2;https://www.cian.ru/sale/flat/300289683/
33 500 000,00;17;NEAR;82,1;47;10;11;2018;6;0;0;2,9;3;https://www.cian.ru/sale/flat/300371959/
33 500 000,00;16;NWAR;57,6;17,2;9;44;2023;1;1;0;3;2;https://www.cian.ru/sale/flat/299643248/
33 500 000,00;13;NAR;63;29,7;2;12;2019;5;0;0;3;2;https://www.cian.ru/sale/flat/298833137/
33 500 000,00;13;WAR;70;42;12;22;2018;6;0;0;3;3;https://www.cian.ru/sale/flat/300329022/
33 500 000,00;10;SWAR;115,2;75;31;33;2019;5;0;0;2,7;4;https://www.cian.ru/sale/flat/300156635/
33 500 000,00;10;SWAR;115,2;37,5;31;33;2019;5;0;0;2,64;4;https://www.cian.ru/sale/flat/300708541/
33 500 000,00;6;WAR;73,5;37,5;11;42;2021;3;0;0;3,5;3;https://www.cian.ru/sale/flat/297087836/
33 500 000,00;5;WAR;44;22,2;10;14;2019;5;0;0;3;2;https://www.cian.ru/sale/flat/300509012/
33 500 000,00;5;WAR;60;37,5;7;8;1937;87;0;0;3,2;2;https://www.cian.ru/sale/flat/300542333/
33 500 000,00;5;NWAR;69,1;37,5;25;43;2023;1;0;0;3,1;3;https://www.cian.ru/sale/flat/300144557/
33 500 000,00;2;SWAR;75;50;9;17;2003;21;0;0;2,8;3;https://www.cian.ru/sale/flat/279440853/
33 500 000,00;1;NAR;67;45;5;58;2021;3;0;0;2,9;3;https://www.cian.ru/sale/flat/295005061/
33 527 660,00;19;SEAR;70,7;27,8;22;22;2023;1;1;0;3;2;https://www.cian.ru/sale/flat/300165820/
33 629 740,00;19;SEAR;75,1;31,6;22;22;2023;1;1;0;3;2;https://www.cian.ru/sale/flat/300165806/
33 644 405,00;4;CAR;45,8;22,7;15;22;2022;2;1;0;3,25;2;https://www.cian.ru/sale/flat/298576270/
33 657 084,00;2;EAR;83,98;41,8;16;20;2024;0;1;0;3;3;https://www.cian.ru/sale/flat/300122386/
33 700 000,00;6;NAR;103,2;73;7;12;2019;5;0;0;2,8;4;https://www.cian.ru/sale/flat/299696166/
33 748 162,00;9;WAR;79,9;38,4;21;21;2023;1;1;0;3,87;3;https://www.cian.ru/sale/flat/283829227/
33 786 748,00;7;SAR;72,2;37,5;23;24;2023;1;1;0;2,97;2;https://www.cian.ru/sale/flat/288141331/
33 800 000,00;16;EAR;90,8;45,7;2;30;2013;11;0;0;2,9;3;https://www.cian.ru/sale/flat/293313393/
33 800 000,00;10;SEAR;97,4;55,7;13;27;2023;1;0;0;3,1;4;https://www.cian.ru/sale/flat/299562271/
33 800 000,00;10;SEAR;97,4;41,5;13;27;2023;1;0;0;3,1;3;https://www.cian.ru/sale/flat/300435709/
33 800 000,00;5;NEAR;95,2;57,7;20;23;2008;16;0;0;2,95;3;https://www.cian.ru/sale/flat/299921587/
33 804 798,00;5;NWAR;70,58;29,7;43;52;2024;0;1;0;2,85;2;https://www.cian.ru/sale/flat/299067078/
33 847 838,00;22;SAR;68,8;37,5;26;26;2023;1;1;0;3;2;https://www.cian.ru/sale/flat/292741926/
33 854 660,00;16;NWAR;55,3;28,8;15;24;2023;1;1;0;3,15;2;https://www.cian.ru/sale/flat/289786070/
33 870 474,00;4;CAR;49,8;27,2;7;22;2022;2;1;0;3,25;2;https://www.cian.ru/sale/flat/298576259/
33 900 000,00;17;NWAR;58;37,5;3;23;2018;6;0;0;2,8;3;https://www.cian.ru/sale/flat/300342262/
33 900 000,00;12;NWAR;90;55;2;24;2012;12;0;0;3,1;3;https://www.cian.ru/sale/flat/298474271/
33 900 000,00;10;CAR;88,2;65,9;6;6;1933;91;0;0;3;4;https://www.cian.ru/sale/flat/300437445/
33 900 000,00;7;CAR;42;30;2;5;1935;89;0;0;2,8;2;https://www.cian.ru/sale/flat/300639293/
33 900 000,00;7;CAR;82,01;37,5;41;51;2024;0;1;0;3,1;2;https://www.cian.ru/sale/flat/299320399/
33 900 000,00;5;CAR;100;70;3;9;2019;5;0;0;3;4;https://www.cian.ru/sale/flat/299255100/
33 944 456,00;5;SAR;97,24;63,2;2;5;2023;1;1;0;2,87;4;https://www.cian.ru/sale/flat/295828406/
33 950 000,00;8;CAR;64;37;2;7;1949;75;0;0;3,2;2;https://www.cian.ru/sale/flat/291808973/
33 990 000,00;15;NWAR;120;71,6;11;14;1998;26;0;0;2,7;4;https://www.cian.ru/sale/flat/300153176/
33 996 062,00;9;WAR;101,97;77,1;17;30;2023;1;1;0;3,3;3;https://www.cian.ru/sale/flat/297984234/
33 999 000,00;7;WAR;100,6;64,9;21;22;1997;27;0;0;2,64;4;https://www.cian.ru/sale/flat/299668650/
34 000 000,00;26;WAR;51;26;12;25;2019;5;0;0;3;2;https://www.cian.ru/sale/flat/299954766/
34 000 000,00;20;SAR;66;37,5;8;48;2023;1;0;0;3;2;https://www.cian.ru/sale/flat/300290726/
34 000 000,00;19;NEAR;105,02;37,5;19;20;2024;0;1;1;2,87;3;https://www.cian.ru/sale/flat/299689002/
34 000 000,00;18;NWAR;65;32;5;13;2023;1;1;0;3;2;https://www.cian.ru/sale/flat/298696354/
34 000 000,00;15;WAR;66,5;37,5;2;22;2015;9;0;0;3;2;https://www.cian.ru/sale/flat/300350306/
34 000 000,00;14;CAR;100;66,5;28;36;2019;5;0;0;3,1;4;https://www.cian.ru/sale/flat/300658821/
34 000 000,00;13;SAR;90,5;37,5;6;8;1960;64;0;0;3;4;https://www.cian.ru/sale/flat/294421713/
34 000 000,00;12;EAR;107,3;60,1;18;29;2019;5;0;0;3;3;https://www.cian.ru/sale/flat/300103086/
34 000 000,00;11;NAR;77,5;37,3;8;19;2019;5;0;0;3,1;3;https://www.cian.ru/sale/flat/300247583/
34 000 000,00;11;NAR;95,8;60,8;6;7;2019;5;0;0;3;4;https://www.cian.ru/sale/flat/281289715/
34 000 000,00;9;WAR;103;37,5;2;27;2019;5;0;0;3,5;4;https://www.cian.ru/sale/flat/286233532/
34 000 000,00;8;NAR;69;30;10;35;2021;3;0;0;3;2;https://www.cian.ru/sale/flat/300783591/
34 000 000,00;8;SEAR;114;37,5;14;16;2023;1;1;1;3;4;https://www.cian.ru/sale/flat/296588298/
34 000 000,00;7;WAR;86,3;65,8;2;5;1928;96;0;0;3;4;https://www.cian.ru/sale/flat/300895732/
34 000 000,00;7;WAR;101,4;64,6;22;22;1997;27;0;0;2,64;4;https://www.cian.ru/sale/flat/300381555/
34 000 000,00;6;NAR;111,8;37,5;2;6;1939;85;0;0;3,2;4;https://www.cian.ru/sale/flat/299290458/
34 000 000,00;5;NWAR;69,5;30;14;25;2022;2;0;1;3;3;https://www.cian.ru/sale/flat/300750672/
34 000 000,00;5;NEAR;107,8;68,6;4;6;2020;4;0;0;2,8;4;https://www.cian.ru/sale/flat/297772107/
34 000 000,00;4;WAR;68;37,5;21;21;2023;1;1;0;3;2;https://www.cian.ru/sale/flat/300685589/
34 000 000,00;2;CAR;87;40;35;35;2019;5;0;0;3;2;https://www.cian.ru/sale/flat/293521736/
34 001 079,00;23;SAR;73,3;36,2;3;11;2024;0;1;0;3,1;2;https://www.cian.ru/sale/flat/299472253/
34 025 200,00;19;NEAR;70,3;52,7;10;32;2023;1;1;0;3;2;https://www.cian.ru/sale/flat/298828189/
34 029 996,00;19;SAR;67,3;37,5;4;6;2023;1;1;0;3,15;2;https://www.cian.ru/sale/flat/300761672/
34 030 297,00;6;NAR;99,4;67,2;3;12;2019;5;0;0;3;3;https://www.cian.ru/sale/flat/300755855/
34 061 400,00;10;WAR;74,67;50,8;28;30;2023;1;1;0;3,3;3;https://www.cian.ru/sale/flat/299583590/
34 068 000,00;12;NWAR;66,8;37,5;10;21;2023;1;1;0;3,1;2;https://www.cian.ru/sale/flat/299168071/
34 068 750,00;5;SWAR;62,5;37,5;5;42;2023;1;1;0;3;3;https://www.cian.ru/sale/flat/300800479/
34 073 243,00;20;SAR;66,03;28,3;8;46;2023;1;1;0;3;2;https://www.cian.ru/sale/flat/299093542/
34 085 000,00;14;SWAR;85;37,5;10;23;2022;2;1;0;3;2;https://www.cian.ru/sale/flat/283749013/
34 088 748,00;6;NAR;99,4;37,5;6;33;2024;0;1;1;2,7;3;https://www.cian.ru/sale/flat/291201836/
34 100 000,00;13;SWAR;84,4;54,4;9;16;1987;37;0;0;3;4;https://www.cian.ru/sale/flat/300331618/
34 100 453,00;20;SAR;66;29,9;8;46;2023;1;1;0;3;2;https://www.cian.ru/sale/flat/299093558/
34 102 720,00;17;NWAR;63,2;33,8;24;43;2023;1;1;0;3,15;2;https://www.cian.ru/sale/flat/293914112/
34 112 000,00;9;NWAR;83,2;37,5;36;47;2023;1;1;0;3,05;3;https://www.cian.ru/sale/flat/296745560/
34 200 000,00;8;NEAR;67,5;37,5;14;23;2020;4;0;0;2,8;2;https://www.cian.ru/sale/flat/300510683/
34 200 000,00;7;WAR;96;60;31;37;2021;3;0;0;3;4;https://www.cian.ru/sale/flat/277629088/
34 200 000,00;5;EAR;84,5;52;7;12;1978;46;0;0;2,7;3;https://www.cian.ru/sale/flat/299071763/
34 300 000,00;8;CAR;62,3;47,3;5;11;2022;2;0;1;3,2;3;https://www.cian.ru/sale/flat/300116271/
34 335 474,00;22;SAR;92,78;31,9;2;17;2023;1;1;0;3;2;https://www.cian.ru/sale/flat/294939321/
34 398 000,00;19;NEAR;75,6;56,7;11;32;2023;1;1;0;3;2;https://www.cian.ru/sale/flat/298828193/
34 400 000,00;10;SEAR;115,2;78;21;25;2023;1;0;0;2,8;4;https://www.cian.ru/sale/flat/301051968/
34 400 000,00;8;SEAR;109,6;56,6;15;32;2023;1;0;0;3;4;https://www.cian.ru/sale/flat/291280712/
34 420 000,00;14;WAR;79,3;37,5;26;27;2022;2;1;0;3;3;https://www.cian.ru/sale/flat/299256402/
34 430 052,00;5;SAR;88,63;49,7;4;27;2023;1;1;0;2,87;3;https://www.cian.ru/sale/flat/284858630/
34 434 514,00;19;SAR;68,1;37,5;4;6;2023;1;1;0;3,15;2;https://www.cian.ru/sale/flat/300672487/
34 450 000,00;18;EAR;83,8;37,5;19;19;2012;12;0;0;3,2;3;https://www.cian.ru/sale/flat/298418671/
34 499 000,00;5;CAR;101,4;70,7;5;12;1958;66;0;0;3,5;4;https://www.cian.ru/sale/flat/293149098/
34 499 999,00;5;CAR;82;65;3;5;1906;118;0;0;3,5;4;https://www.cian.ru/sale/flat/294695049/
34 500 000,00;16;NWAR;64,4;31,9;15;20;2024;0;1;0;3;2;https://www.cian.ru/sale/flat/295449152/
34 500 000,00;15;NAR;87;60;15;34;2019;5;0;0;3;3;https://www.cian.ru/sale/flat/297893636/
34 500 000,00;13;NAR;91,6;56,7;8;8;1940;84;0;0;3,2;4;https://www.cian.ru/sale/flat/295415977/
34 500 000,00;12;SAR;80,7;41;5;17;2023;1;1;0;3;3;https://www.cian.ru/sale/flat/290335517/
34 500 000,00;9;NWAR;143,5;37,5;8;15;2005;19;0;0;3,1;4;https://www.cian.ru/sale/flat/299187265/
34 500 000,00;8;NAR;51,3;37,5;6;12;2019;5;0;1;3,15;2;https://www.cian.ru/sale/flat/300423966/
34 500 000,00;7;WAR;57,5;37,5;13;20;2021;3;0;0;2,9;2;https://www.cian.ru/sale/flat/297957053/
34 500 000,00;6;WAR;57;30;6;8;2019;5;0;0;3;2;https://www.cian.ru/sale/flat/300661833/
34 500 000,00;5;SAR;109;55;18;24;2000;24;0;0;2,8;4;https://www.cian.ru/sale/flat/300478717/
34 500 000,00;4;SWAR;94;37,5;12;24;2019;5;0;1;2,72;3;https://www.cian.ru/sale/flat/296378038/
34 500 000,00;4;SAR;102;72,2;12;17;2013;11;0;0;3;4;https://www.cian.ru/sale/flat/299038281/
34 500 000,00;4;SAR;102;72,2;12;17;2013;11;0;0;3;4;https://www.cian.ru/sale/flat/300525047/
34 504 350,00;16;NWAR;55,5;37,5;18;24;2023;1;1;0;3,15;2;https://www.cian.ru/sale/flat/291506160/
34 510 079,00;6;WAR;63;31,3;11;28;2022;2;1;0;3,12;2;https://www.cian.ru/sale/flat/298334272/
34 511 400,00;12;NEAR;74,7;37,5;16;37;2024;0;1;0;3;2;https://www.cian.ru/sale/flat/298828156/
34 550 099,00;19;WAR;99,6;37,5;14;30;2023;1;1;0;3;3;https://www.cian.ru/sale/flat/292086495/
34 561 246,00;22;SAR;70,59;32,4;21;21;2023;1;1;0;3;2;https://www.cian.ru/sale/flat/289000790/
34 569 705,00;8;NWAR;88,7;46,1;2;19;2023;1;1;0;2,85;3;https://www.cian.ru/sale/flat/285041395/
34 585 280,00;6;NWAR;70,1;32,7;3;13;2023;1;1;0;3,1;2;https://www.cian.ru/sale/flat/296760316/
34 608 756,00;9;NAR;81,4;50,7;25;29;2022;2;1;0;3,4;3;https://www.cian.ru/sale/flat/297462084/
34 700 000,00;16;SAR;78,8;33,2;22;26;2024;0;1;0;3;3;https://www.cian.ru/sale/flat/298516007/
34 700 000,00;9;CAR;94,8;67,8;4;5;1959;65;0;0;3;4;https://www.cian.ru/sale/flat/300633273/
34 702 349,00;4;CAR;58,8;18,5;9;10;2024;0;1;1;3;1;https://www.cian.ru/sale/flat/299291726/
34 729 435,00;4;CAR;71,1;37,5;7;10;2024;0;1;1;3;2;https://www.cian.ru/sale/flat/300483970/
34 755 337,00;10;WAR;95,34;62;10;30;2023;1;1;0;3,3;4;https://www.cian.ru/sale/flat/297984334/
34 783 321,00;6;WAR;62,6;31,3;15;28;2022;2;1;0;3,12;3;https://www.cian.ru/sale/flat/298334283/
34 785 711,00;20;SAR;66,5;28,6;11;46;2023;1;1;0;3;2;https://www.cian.ru/sale/flat/299093537/
34 800 000,00;7;NAR;91;37,5;35;35;2019;5;0;0;3;4;https://www.cian.ru/sale/flat/300818719/
34 800 000,00;6;WAR;61;30;26;40;2021;3;0;0;3;2;https://www.cian.ru/sale/flat/297470012/
34 900 000,00;19;SEAR;65,7;37,5;4;22;2023;1;1;0;5,05;2;https://www.cian.ru/sale/flat/298189601/
34 900 000,00;16;SWAR;73,4;37,5;7;9;1959;65;0;0;3;3;https://www.cian.ru/sale/flat/300824489/
34 900 000,00;10;CAR;48;42;6;6;2008;16;0;1;3;2;https://www.cian.ru/sale/flat/284041011/
34 900 000,00;10;CAR;63,5;37,5;8;9;1963;61;0;0;2,85;2;https://www.cian.ru/sale/flat/300836718/
34 900 000,00;10;NAR;102;62;4;17;2002;22;0;0;3;4;https://www.cian.ru/sale/flat/300396455/
34 900 000,00;9;NEAR;90;37,5;2;6;2017;7;0;1;3;2;https://www.cian.ru/sale/flat/297952301/
34 900 000,00;3;CAR;56;37,5;5;6;1958;66;0;0;2,85;2;https://www.cian.ru/sale/flat/300542619/
34 937 106,00;25;SAR;71,19;34,4;4;9;2023;1;1;0;3;2;https://www.cian.ru/sale/flat/297102396/
34 980 000,00;14;WAR;100;37,5;6;9;1972;52;0;0;2,64;4;https://www.cian.ru/sale/flat/298127662/
34 990 000,00;17;CAR;74,5;37,5;7;7;1956;68;0;1;3,45;2;https://www.cian.ru/sale/flat/300331950/
34 990 000,00;13;CAR;43,3;37,5;16;53;2023;1;0;0;3;1;https://www.cian.ru/sale/flat/297089420/
34 990 000,00;12;NEAR;62;30;15;18;2021;3;0;1;3;3;https://www.cian.ru/sale/flat/298378867/
34 990 000,00;10;CAR;83,4;55,2;4;5;1820;204;0;0;3,5;3;https://www.cian.ru/sale/flat/300567591/
34 990 000,00;3;CAR;98,5;40,2;3;4;1907;117;0;0;3,4;3;https://www.cian.ru/sale/flat/300561784/
35 000 000,00;21;NWAR;100;60,3;4;18;2021;3;0;0;3;4;https://www.cian.ru/sale/flat/293692987/
35 000 000,00;19;SAR;84,5;45;4;11;2024;0;0;0;2,87;4;https://www.cian.ru/sale/flat/299147135/
35 000 000,00;18;SWAR;84,4;62,8;4;10;1957;67;0;0;3;4;https://www.cian.ru/sale/flat/300959671/
35 000 000,00;18;WAR;99,7;64,5;19;27;2023;1;0;0;3,1;4;https://www.cian.ru/sale/flat/291358506/
35 000 000,00;17;SWAR;60,3;36,4;4;8;1958;66;0;0;3;2;https://www.cian.ru/sale/flat/299233853/
35 000 000,00;17;CAR;71,7;44,7;19;21;2008;16;0;0;3,1;3;https://www.cian.ru/sale/flat/298012743/
35 000 000,00;15;WAR;45;37,5;5;14;2019;5;0;0;3,6;2;https://www.cian.ru/sale/flat/284806741/
35 000 000,00;15;CAR;69,7;37,5;11;15;2022;2;1;0;3;3;https://www.cian.ru/sale/flat/295660430/
35 000 000,00;15;NAR;115,2;63;12;22;2002;22;0;0;2,75;4;https://www.cian.ru/sale/flat/300522984/
35 000 000,00;14;SAR;66,8;28,6;5;7;2022;2;0;0;3;3;https://www.cian.ru/sale/flat/291358498/
35 000 000,00;14;WAR;101;65;4;22;2006;18;0;0;3;4;https://www.cian.ru/sale/flat/295734236/
35 000 000,00;12;NAR;67,6;26,2;12;27;2022;2;0;0;3;2;https://www.cian.ru/sale/flat/300074947/
35 000 000,00;12;CAR;95;65;3;15;2000;24;0;1;3;3;https://www.cian.ru/sale/flat/300871845/
35 000 000,00;12;SAR;128;70;10;25;2021;3;0;0;2,8;4;https://www.cian.ru/sale/flat/297156456/
35 000 000,00;11;CAR;50;30;10;14;1978;46;0;0;2,7;2;https://www.cian.ru/sale/flat/291451402/
35 000 000,00;11;WAR;81;59;1;15;1943;81;0;0;3,2;3;https://www.cian.ru/sale/flat/298264674/
35 000 000,00;11;SEAR;131;88,4;5;7;1937;87;0;0;3,2;4;https://www.cian.ru/sale/flat/300547322/
35 000 000,00;11;NAR;145;37,5;3;17;1998;26;0;0;3,1;4;https://www.cian.ru/sale/flat/297164603/
35 000 000,00;11;NAR;145;37,5;3;17;1998;26;0;0;3,1;4;https://www.cian.ru/sale/flat/297215015/
35 000 000,00;10;SWAR;77,9;43,2;14;14;2009;15;0;0;3;2;https://www.cian.ru/sale/flat/299205698/
35 000 000,00;10;NWAR;127;69,5;6;10;2004;20;0;0;3;4;https://www.cian.ru/sale/flat/299680815/
35 000 000,00;10;NAR;145;98;3;17;1998;26;0;0;3,1;4;https://www.cian.ru/sale/flat/297216793/
35 000 000,00;9;WAR;66;29;3;8;1946;78;0;0;3,2;2;https://www.cian.ru/sale/flat/300754226/
35 000 000,00;9;SAR;90;55;4;4;2019;5;0;1;6;4;https://www.cian.ru/sale/flat/284973700/
35 000 000,00;9;NAR;101;60;9;9;1968;56;0;0;2,64;4;https://www.cian.ru/sale/flat/300226639/
35 000 000,00;9;NWAR;115;84;3;14;2003;21;0;0;3;4;https://www.cian.ru/sale/flat/300502013/
35 000 000,00;8;NAR;65,1;37,5;19;20;2023;1;0;0;2,7;2;https://www.cian.ru/sale/flat/300607713/
35 000 000,00;7;SAR;52;37,5;2;2;2023;1;0;1;6,5;2;https://www.cian.ru/sale/flat/300425124/
35 000 000,00;6;CAR;52,8;37,5;4;9;1940;84;0;0;3,2;2;https://www.cian.ru/sale/flat/299153424/
35 000 000,00;6;CAR;70,8;37,5;2;14;1998;26;0;0;2,8;2;https://www.cian.ru/sale/flat/300553173/
35 000 000,00;6;SWAR;100;65;2;19;2013;11;0;0;2,78;4;https://www.cian.ru/sale/flat/296920103/
35 000 000,00;6;SWAR;100,1;63,8;21;25;1986;38;0;0;2,64;4;https://www.cian.ru/sale/flat/297540103/
35 000 000,00;5;WAR;66,3;44,8;2;14;2019;5;0;0;3;3;https://www.cian.ru/sale/flat/300509133/
35 000 000,00;5;WAR;72,5;29,6;18;25;2021;3;0;0;3,1;2;https://www.cian.ru/sale/flat/279618463/
35 000 000,00;4;WAR;89;65;29;29;2019;5;0;1;4;3;https://www.cian.ru/sale/flat/290871147/
35 000 000,00;1;NAR;99,2;58,4;13;18;2003;21;0;0;3,1;3;https://www.cian.ru/sale/flat/299448022/
35 026 650,00;19;NEAR;84,3;37,5;2;22;2023;1;1;0;3;2;https://www.cian.ru/sale/flat/299702862/
35 059 500,00;19;NEAR;79,5;59,6;2;32;2023;1;1;0;3;2;https://www.cian.ru/sale/flat/298828208/
35 100 000,00;12;SWAR;101,4;52,6;2;46;2024;0;1;0;3,15;3;https://www.cian.ru/sale/flat/300118783/
35 124 125,00;5;WAR;63,52;37,5;13;57;2024;0;1;0;2,9;2;https://www.cian.ru/sale/flat/283864418/
35 127 607,00;4;CAR;69,6;37,5;7;10;2024;0;1;1;3;2;https://www.cian.ru/sale/flat/300483969/
35 147 910,00;7;CAR;88,09;37,5;10;41;2024;0;0;0;3;4;https://www.cian.ru/sale/flat/297669809/
35 158 818,00;7;SAR;69,8;32,3;4;40;2023;1;1;0;3,15;2;https://www.cian.ru/sale/flat/293203914/
35 189 400,00;19;NEAR;78,9;59,2;3;32;2023;1;1;0;3;2;https://www.cian.ru/sale/flat/298828204/
35 191 800,00;16;NWAR;68,6;24,3;4;6;2023;1;1;1;3,24;2;https://www.cian.ru/sale/flat/299370767/
35 235 420,00;16;NWAR;59,1;31,3;7;24;2023;1;1;0;3,15;2;https://www.cian.ru/sale/flat/296524861/
35 273 186,00;4;SEAR;83;41,3;6;30;2019;5;0;0;3;4;https://www.cian.ru/sale/flat/298984715/
35 300 000,00;5;WAR;87,3;64,9;2;8;1937;87;0;0;3;4;https://www.cian.ru/sale/flat/299516756/
35 311 520,00;20;SWAR;66,4;28,1;14;42;2023;1;1;0;3;3;https://www.cian.ru/sale/flat/300761877/
35 320 672,00;6;WAR;62,6;30,1;20;28;2022;2;1;0;3,12;3;https://www.cian.ru/sale/flat/298334244/
35 355 960,00;10;WAR;62,2;29,1;5;28;2022;2;1;0;3,12;3;https://www.cian.ru/sale/flat/298334015/
35 359 547,00;10;WAR;61,4;29,1;11;28;2022;2;1;0;3,12;3;https://www.cian.ru/sale/flat/298334028/
35 378 435,00;6;NAR;103,2;73;4;12;2019;5;0;0;3;3;https://www.cian.ru/sale/flat/300755853/
35 399 500,00;9;NWAR;85,3;41,1;39;47;2023;1;1;0;3,05;3;https://www.cian.ru/sale/flat/296745590/
35 417 235,00;2;EAR;86,6;67,1;19;20;2024;0;1;0;3;3;https://www.cian.ru/sale/flat/300122381/
35 423 560,00;8;NAR;91,1;59,9;26;35;2023;1;1;0;3,1;4;https://www.cian.ru/sale/flat/298334760/
35 450 000,00;8;WAR;98;73;22;39;2019;5;0;0;3;4;https://www.cian.ru/sale/flat/300004178/
35 460 018,00;10;SWAR;152,2;71,4;2;2;2023;1;1;1;2,8;4;https://www.cian.ru/sale/flat/297413644/
35 467 058,00;17;NWAR;73,5;35,7;9;43;2023;1;1;0;3,15;2;https://www.cian.ru/sale/flat/295217122/
35 485 181,00;9;WAR;98,34;62,7;21;30;2023;1;1;0;3,3;4;https://www.cian.ru/sale/flat/297984163/
35 490 000,00;13;NAR;40,1;20;20;41;2019;5;0;0;3;1;https://www.cian.ru/sale/flat/300393598/
35 490 000,00;4;CAR;90;65;3;6;1927;97;0;0;3;3;https://www.cian.ru/sale/flat/300539725/
35 500 000,00;25;NWAR;66;37,5;22;24;2012;12;0;0;3;2;https://www.cian.ru/sale/flat/288162001/
35 500 000,00;20;SWAR;82;37,5;23;42;2019;5;0;0;3;4;https://www.cian.ru/sale/flat/299847616/
35 500 000,00;20;SWAR;86,7;37,5;23;42;2023;1;0;0;3,3;4;https://www.cian.ru/sale/flat/298784070/
35 500 000,00;15;SAR;88,1;37,5;2;14;2023;1;1;0;3;2;https://www.cian.ru/sale/flat/297131672/
35 500 000,00;10;NEAR;98;56;4;11;2022;2;0;0;3;3;https://www.cian.ru/sale/flat/298085132/
35 500 000,00;10;NEAR;98;56;4;11;2019;5;0;0;3;3;https://www.cian.ru/sale/flat/293837893/
35 500 000,00;10;NEAR;98;66;4;11;2019;5;0;0;3;4;https://www.cian.ru/sale/flat/293909122/
35 500 000,00;9;WAR;105;82;9;26;2019;5;0;0;3;4;https://www.cian.ru/sale/flat/295206138/
35 500 000,00;7;WAR;55;35;9;9;2006;18;0;0;3;2;https://www.cian.ru/sale/flat/299865063/
35 500 000,00;7;WAR;82;55,5;3;5;1957;67;0;0;3;3;https://www.cian.ru/sale/flat/292152839/
35 500 000,00;5;CAR;45,5;37,5;2;7;2019;5;0;1;3,4;2;https://www.cian.ru/sale/flat/282592114/
35 500 000,00;4;WAR;67;35;23;27;2008;16;0;0;3;2;https://www.cian.ru/sale/flat/294517249/
35 500 000,00;3;NWAR;65,7;37,5;4;21;2023;1;1;0;3;2;https://www.cian.ru/sale/flat/296272028/
35 503 300,00;10;SWAR;151,4;61,6;1;2;2023;1;1;1;2,8;4;https://www.cian.ru/sale/flat/297413652/
35 520 737,00;7;SAR;63,4;36,2;17;22;2023;1;1;0;3,15;2;https://www.cian.ru/sale/flat/293204415/
35 562 728,00;27;SAR;71,3;43,8;11;15;2023;1;1;0;3,15;2;https://www.cian.ru/sale/flat/298084416/
35 582 265,00;4;WAR;110,9;63,3;11;12;2022;2;1;1;3;4;https://www.cian.ru/sale/flat/286250298/
35 600 769,00;4;SEAR;83;41,3;9;30;2019;5;0;0;3;4;https://www.cian.ru/sale/flat/299773793/
35 625 000,00;11;NWAR;75;33;12;21;2023;1;1;0;3,1;2;https://www.cian.ru/sale/flat/299167971/
35 627 582,00;11;NWAR;91;39,6;2;20;2023;1;1;0;2,85;3;https://www.cian.ru/sale/flat/299067088/
35 650 000,00;7;NWAR;82,3;37,5;17;32;2015;9;0;0;3;4;https://www.cian.ru/sale/flat/294869822/
35 673 165,00;9;NEAR;129,3;37,5;8;27;2022;2;1;0;3;3;https://www.cian.ru/sale/flat/294033612/
35 693 772,00;5;NWAR;90,8;39,8;8;20;2023;1;1;0;2,85;3;https://www.cian.ru/sale/flat/295023246/
35 700 000,00;19;SAR;68;51;7;18;2019;5;0;1;3;3;https://www.cian.ru/sale/flat/296282404/
35 700 000,00;12;CAR;70,6;41,5;6;11;1955;69;0;0;3,2;3;https://www.cian.ru/sale/flat/300525625/
35 700 000,00;11;CAR;54,5;23;12;14;1975;49;0;0;3;1;https://www.cian.ru/sale/flat/300136415/
35 700 000,00;10;NEAR;69;47,4;8;27;2022;2;0;0;2,9;2;https://www.cian.ru/sale/flat/300429608/
35 711 586,00;25;SAR;64,5;36,3;11;14;2023;1;1;0;3,15;2;https://www.cian.ru/sale/flat/293204284/
35 744 481,00;7;NAR;80,3;53,4;6;8;2023;1;1;0;3,25;3;https://www.cian.ru/sale/flat/298334678/
35 800 000,00;6;CAR;111;79,5;6;12;1972;52;0;0;2,48;4;https://www.cian.ru/sale/flat/292003209/
35 800 000,00;5;WAR;79,5;38,8;3;20;2024;0;1;0;3;2;https://www.cian.ru/sale/flat/293099912/
35 800 250,00;19;SEAR;71,9;37,5;21;21;2023;1;1;0;3;2;https://www.cian.ru/sale/flat/300165821/
35 850 000,00;9;NAR;109,8;63,6;12;24;2005;19;0;0;2,9;3;https://www.cian.ru/sale/flat/299201357/
35 857 780,00;16;NWAR;57,4;31,1;20;24;2023;1;1;0;3,15;2;https://www.cian.ru/sale/flat/288376245/
35 863 000,00;9;NEAR;110,2;37,5;5;27;2022;2;1;0;3;3;https://www.cian.ru/sale/flat/294033884/
35 900 000,00;27;SAR;135;64;3;15;2012;12;0;0;2,7;4;https://www.cian.ru/sale/flat/299308468/
35 900 000,00;19;SEAR;75,4;37,5;21;22;2023;1;1;0;3,1;2;https://www.cian.ru/sale/flat/298189600/
35 900 000,00;11;WAR;46,2;37,5;9;15;2022;2;0;0;2,95;2;https://www.cian.ru/sale/flat/300660152/
35 900 000,00;10;WAR;100,4;73;12;24;2016;8;0;0;3;3;https://www.cian.ru/sale/flat/295220185/
35 900 000,00;8;WAR;64;38;20;31;2019;5;0;0;3;3;https://www.cian.ru/sale/flat/298985344/
35 907 200,00;19;NEAR;78,4;58,8;9;32;2023;1;1;0;3;2;https://www.cian.ru/sale/flat/298828231/
35 948 850,00;10;SWAR;153,3;55,8;1;2;2023;1;1;1;2,8;4;https://www.cian.ru/sale/flat/297413649/
35 955 570,00;19;NEAR;91,7;37,5;2;22;2023;1;1;0;3;2;https://www.cian.ru/sale/flat/299702708/
35 957 040,00;5;WAR;62,95;37,5;37;57;2024;0;1;0;2,9;2;https://www.cian.ru/sale/flat/295099522/
35 990 000,00;2;CAR;70;45;7;7;1917;107;0;0;3;2;https://www.cian.ru/sale/flat/298576741/
35 999 999,00;11;CAR;69,1;38,4;5;11;1961;63;0;0;3,1;2;https://www.cian.ru/sale/flat/299060776/
36 000 000,00;20;SWAR;86,7;37,5;23;42;2019;5;0;0;3;4;https://www.cian.ru/sale/flat/296687659/
36 000 000,00;17;WAR;100;37,5;10;15;1998;26;0;0;2,64;4;https://www.cian.ru/sale/flat/300833437/
36 000 000,00;14;EAR;85;50;2;12;1975;49;0;0;2,8;4;https://www.cian.ru/sale/flat/284492252/
36 000 000,00;9;CAR;53,6;31,6;7;8;2019;5;0;0;3,3;2;https://www.cian.ru/sale/flat/300421699/
36 000 000,00;9;EAR;104,5;72;7;23;2022;2;0;0;3;4;https://www.cian.ru/sale/flat/299681642/
36 000 000,00;7;WAR;62,5;37,5;30;37;2021;3;0;0;3;2;https://www.cian.ru/sale/flat/297912278/
36 000 000,00;7;WAR;62,5;37,5;30;35;2021;3;0;0;3;3;https://www.cian.ru/sale/flat/298296722/
36 000 000,00;7;CAR;90,4;62;2;10;1940;84;0;0;3,2;4;https://www.cian.ru/sale/flat/301080368/
36 000 000,00;6;CAR;105,2;70,1;4;6;1912;112;0;0;3,2;4;https://www.cian.ru/sale/flat/300556982/
36 000 000,00;5;WAR;69;30;3;14;2023;1;0;0;3,1;3;https://www.cian.ru/sale/flat/299050567/
36 000 000,00;5;NWAR;70,3;25,6;16;29;2023;1;1;0;3;2;https://www.cian.ru/sale/flat/300868161/
36 000 000,00;5;NAR;100;68;2;9;1924;100;0;0;3,2;4;https://www.cian.ru/sale/flat/289200563/
36 000 000,00;4;CAR;63;30;38;52;2019;5;0;0;3;2;https://www.cian.ru/sale/flat/300143306/
36 000 000,00;4;SAR;137,1;70;11;17;2006;18;0;0;2,8;4;https://www.cian.ru/sale/flat/299828417/
36 000 000,00;2;WAR;100,2;69,4;8;16;1999;25;0;0;3;4;https://www.cian.ru/sale/flat/299465716/
36 074 830,00;7;SAR;68,3;31,9;11;40;2023;1;1;0;3,15;2;https://www.cian.ru/sale/flat/293203923/
36 100 000,00;9;NAR;92,1;37,5;13;24;2021;3;0;0;3,1;4;https://www.cian.ru/sale/flat/297307400/
36 121 000,00;9;NWAR;88,1;37,5;39;47;2023;1;1;0;3,05;3;https://www.cian.ru/sale/flat/297864057/
36 130 440,00;16;NWAR;59,7;31,9;11;24;2023;1;1;0;3,15;2;https://www.cian.ru/sale/flat/289786100/
36 167 338,00;2;EAR;99,36;76,2;1;20;2024;0;1;0;3;4;https://www.cian.ru/sale/flat/297151034/
36 202 562,00;5;WAR;65,19;37,5;24;57;2024;0;1;0;2,9;2;https://www.cian.ru/sale/flat/283161400/
36 206 400,00;16;NWAR;79,4;27,5;3;6;2023;1;1;1;3,24;3;https://www.cian.ru/sale/flat/299370749/
36 318 342,00;5;WAR;61,6;37,5;12;57;2024;0;1;0;2,9;2;https://www.cian.ru/sale/flat/282209287/
36 334 000,00;11;NWAR;74;31,5;8;21;2023;1;1;0;3,1;2;https://www.cian.ru/sale/flat/299168022/
36 342 383,00;10;WAR;95,5;56,3;28;30;2023;1;1;0;3,3;3;https://www.cian.ru/sale/flat/297984338/
36 360 000,00;14;WAR;111,6;51;18;27;2022;2;0;0;2,95;4;https://www.cian.ru/sale/flat/300574549/
36 363 081,00;9;NEAR;132;37,5;2;27;2022;2;1;0;3;3;https://www.cian.ru/sale/flat/294033888/
36 390 000,00;8;WAR;66,4;30,6;2;8;2022;2;0;0;3,1;3;https://www.cian.ru/sale/flat/299166254/
36 413 082,00;6;SAR;59,9;37,5;6;6;2023;1;1;0;3,15;2;https://www.cian.ru/sale/flat/300712718/
36 490 000,00;10;CAR;88;61;5;6;2019;5;0;0;3;4;https://www.cian.ru/sale/flat/294301130/
36 490 000,00;9;NWAR;139,2;96;3;8;2002;22;0;0;2,85;4;https://www.cian.ru/sale/flat/299724448/
36 500 000,00;15;NAR;76;37,5;9;10;1957;67;0;0;3;3;https://www.cian.ru/sale/flat/299543745/
36 500 000,00;13;CAR;56,2;37,5;3;7;2018;6;0;1;3;2;https://www.cian.ru/sale/flat/300705208/
36 500 000,00;12;NEAR;138;100;47;59;2015;9;0;0;3,05;3;https://www.cian.ru/sale/flat/295722404/
36 500 000,00;9;NWAR;51,8;37,5;40;48;2022;2;0;0;2,9;2;https://www.cian.ru/sale/flat/294614240/
36 500 000,00;9;WAR;98;61,7;7;35;2023;1;0;0;3,15;4;https://www.cian.ru/sale/flat/295222347/
36 500 000,00;8;WAR;66;37,5;29;35;2021;3;0;0;3,1;2;https://www.cian.ru/sale/flat/298874919/
36 500 000,00;6;WAR;67;27,7;7;28;2022;2;0;0;3,12;2;https://www.cian.ru/sale/flat/297510568/
36 500 000,00;2;WAR;77,1;55;3;11;1959;65;0;0;3;4;https://www.cian.ru/sale/flat/300502994/
36 521 600,00;12;NEAR;80,8;60,6;4;37;2024;0;1;0;3;3;https://www.cian.ru/sale/flat/298603482/
36 565 705,00;13;NAR;73,3;44,8;6;27;2022;2;1;0;3;3;https://www.cian.ru/sale/flat/281670118/
36 600 000,00;5;SAR;96,37;63,2;3;5;2023;1;1;0;2,87;4;https://www.cian.ru/sale/flat/293289984/
36 660 947,00;23;SAR;73,5;36,2;5;11;2024;0;1;0;3,1;2;https://www.cian.ru/sale/flat/299226744/
36 700 000,00;5;WAR;53;34,3;20;22;2021;3;0;0;3;2;https://www.cian.ru/sale/flat/297078194/
36 740 000,00;27;WAR;68,8;24,6;8;14;2023;1;1;0;3;2;https://www.cian.ru/sale/flat/299262124/
36 790 000,00;9;SAR;100,4;69,7;4;8;1941;83;0;0;3,1;4;https://www.cian.ru/sale/flat/297494509/
36 800 000,00;9;NAR;108,9;78,8;3;6;1938;86;0;0;3,17;4;https://www.cian.ru/sale/flat/300890336/
36 800 000,00;8;CAR;57,4;37,5;9;11;2022;2;0;1;3,15;3;https://www.cian.ru/sale/flat/298324864/
36 800 000,00;8;NWAR;70;37;20;33;2023;1;0;0;2,95;2;https://www.cian.ru/sale/flat/298882407/
36 841 600,00;19;NEAR;92,8;37,5;4;22;2023;1;1;0;3;2;https://www.cian.ru/sale/flat/299702711/
36 885 600,00;19;NEAR;87,2;65,4;2;32;2023;1;1;0;3;3;https://www.cian.ru/sale/flat/298604114/
36 899 999,00;8;CAR;75;57;10;11;2019;5;0;1;3;4;https://www.cian.ru/sale/flat/300392005/
36 900 000,00;17;NAR;87,2;37,5;2;7;1952;72;0;0;3;3;https://www.cian.ru/sale/flat/300493250/
36 900 000,00;13;CAR;69,6;40;36;44;2018;6;0;1;3;3;https://www.cian.ru/sale/flat/300797525/
36 900 000,00;10;WAR;60,3;37,5;27;31;2007;17;0;0;3;2;https://www.cian.ru/sale/flat/300748311/
36 950 000,00;2;CAR;94,5;62,5;3;7;2019;5;0;0;3,2;4;https://www.cian.ru/sale/flat/295787645/
36 955 135,00;16;NWAR;66,7;43,5;12;23;2023;1;1;0;3,15;3;https://www.cian.ru/sale/flat/289786015/
36 988 700,00;5;WAR;70;50;3;14;2019;5;0;0;3;3;https://www.cian.ru/sale/flat/300396676/
36 990 000,00;12;CAR;96;62;3;17;2019;5;0;0;3;4;https://www.cian.ru/sale/flat/297753749/
37 000 000,00;18;WAR;58,6;42,5;38;41;2024;0;1;0;3,1;2;https://www.cian.ru/sale/flat/294256822/
37 000 000,00;18;WAR;74,3;47,8;15;20;2024;0;1;0;3,2;3;https://www.cian.ru/sale/flat/299464154/
37 000 000,00;17;SWAR;114,7;65;12;24;2003;21;0;0;3;3;https://www.cian.ru/sale/flat/300590290/
37 000 000,00;14;CAR;109,2;67;5;16;1999;25;0;0;2,74;4;https://www.cian.ru/sale/flat/299509263/
37 000 000,00;12;CAR;43,6;14;4;13;2019;5;0;0;3;1;https://www.cian.ru/sale/flat/296311040/
37 000 000,00;12;WAR;80;55;2;23;2019;5;0;0;3;3;https://www.cian.ru/sale/flat/300866682/
37 000 000,00;12;NWAR;115;68,5;1;19;2019;5;0;0;3,2;3;https://www.cian.ru/sale/flat/300415407/
37 000 000,00;12;NWAR;115;37,5;2;42;2018;6;0;0;3,2;4;https://www.cian.ru/sale/flat/301005976/
37 000 000,00;12;SWAR;122,4;37,5;1;18;2005;19;0;0;3;2;https://www.cian.ru/sale/flat/298795838/
37 000 000,00;10;SAR;63;41,9;12;20;2020;4;0;0;3,15;2;https://www.cian.ru/sale/flat/298792032/
37 000 000,00;10;SEAR;79;44;22;23;2018;6;0;0;3;3;https://www.cian.ru/sale/flat/300366951/
37 000 000,00;8;CAR;49;37,5;9;9;1964;60;0;0;2,7;2;https://www.cian.ru/sale/flat/296723055/
37 000 000,00;8;NAR;60;35;13;24;2020;4;0;0;3;2;https://www.cian.ru/sale/flat/300692511/
37 000 000,00;8;NWAR;68,2;37,5;25;33;2019;5;0;0;3;2;https://www.cian.ru/sale/flat/298615837/
37 000 000,00;7;WAR;78;50;26;37;2021;3;0;0;3,1;3;https://www.cian.ru/sale/flat/300966659/
37 000 000,00;7;EAR;79;33;4;11;2016;8;0;0;3;2;https://www.cian.ru/sale/flat/300484470/
37 000 000,00;7;NAR;83;45;9;11;2019;5;0;1;3;2;https://www.cian.ru/sale/flat/300742336/
37 000 000,00;7;NEAR;116,8;63,4;18;32;2023;1;0;0;3;4;https://www.cian.ru/sale/flat/300595851/
37 000 000,00;6;CAR;65;40;2;8;1931;93;0;0;3;2;https://www.cian.ru/sale/flat/300539730/
37 000 000,00;5;NAR;76,7;37,5;9;48;2019;5;0;1;3,1;2;https://www.cian.ru/sale/flat/300194456/
37 000 000,00;4;SWAR;122,4;37,5;1;18;2005;19;0;0;3;4;https://www.cian.ru/sale/flat/264085166/
37 000 000,00;4;NWAR;154;37,5;12;14;2005;19;0;0;3;4;https://www.cian.ru/sale/flat/294949577/
37 041 877,00;8;NAR;100,4;65,2;26;35;2023;1;1;0;3,1;4;https://www.cian.ru/sale/flat/298334764/
37 044 000,00;9;NEAR;91,9;37,5;21;27;2022;2;1;0;3;3;https://www.cian.ru/sale/flat/296010089/
37 047 354,00;4;SAR;74;37,5;4;6;2023;1;1;0;3,15;2;https://www.cian.ru/sale/flat/300800420/
37 061 335,00;7;NAR;107,4;75,3;2;8;2023;1;1;0;3,25;4;https://www.cian.ru/sale/flat/298334644/
37 080 000,00;12;NWAR;72;28,5;17;21;2023;1;1;0;3,1;2;https://www.cian.ru/sale/flat/299168058/
37 100 000,00;7;NAR;106,1;37,5;19;25;2018;6;0;0;2,8;4;https://www.cian.ru/sale/flat/300436862/
37 145 181,00;9;WAR;103,16;57,9;25;30;2023;1;1;0;3,3;3;https://www.cian.ru/sale/flat/297984171/
37 160 243,00;15;SAR;73,6;37,5;20;24;2023;1;1;0;3,15;2;https://www.cian.ru/sale/flat/300761665/
37 190 220,00;16;NWAR;60,6;32,4;16;24;2023;1;1;0;3,15;2;https://www.cian.ru/sale/flat/289497969/
37 235 850,00;13;SWAR;75,3;35,8;24;32;2021;3;1;0;3,1;2;https://www.cian.ru/sale/flat/295063263/
37 250 000,00;8;NAR;50;30;6;27;2018;6;0;0;3,2;2;https://www.cian.ru/sale/flat/299203624/
37 252 800,00;19;NEAR;93,6;37,5;5;22;2023;1;1;0;3;2;https://www.cian.ru/sale/flat/299702715/
37 305 032,00;4;CAR;71,1;37,5;8;10;2024;0;1;1;3;2;https://www.cian.ru/sale/flat/295316285/
37 320 000,00;16;NWAR;71;37,5;13;22;2019;5;0;0;3;3;https://www.cian.ru/sale/flat/300191522/
37 331 749,00;11;NWAR;109,7;59,6;2;20;2023;1;1;0;2,85;4;https://www.cian.ru/sale/flat/289732534/
37 336 181,00;5;SWAR;74,7;37,5;25;25;2024;0;1;0;3,17;3;https://www.cian.ru/sale/flat/296720216/
37 352 000,00;19;NEAR;81,2;60,9;11;32;2023;1;1;0;3;2;https://www.cian.ru/sale/flat/298828235/
37 355 500,00;19;NEAR;82,1;61,6;12;32;2023;1;1;0;3;3;https://www.cian.ru/sale/flat/298604030/
37 359 208,00;11;NWAR;108,6;59,6;6;20;2023;1;1;0;2,85;4;https://www.cian.ru/sale/flat/295023249/
37 389 096,00;22;SAR;66,86;35,5;19;21;2023;1;1;0;3;2;https://www.cian.ru/sale/flat/297102397/
37 403 070,00;23;SAR;82,9;45;7;16;2022;2;1;0;3,15;3;https://www.cian.ru/sale/flat/293203813/
37 450 000,00;5;CAR;78;40;10;12;2019;5;0;1;3,2;2;https://www.cian.ru/sale/flat/299640966/
37 453 000,00;9;NEAR;122,7;37,5;11;27;2022;2;1;0;3;3;https://www.cian.ru/sale/flat/296010091/
37 457 257,00;4;SEAR;83;41,3;13;30;2019;5;0;0;3;4;https://www.cian.ru/sale/flat/299771863/
37 500 000,00;15;WAR;45;37,5;11;14;2023;1;0;0;3;2;https://www.cian.ru/sale/flat/299847046/
37 500 000,00;14;NWAR;68;30;2;24;2022;2;0;0;3;2;https://www.cian.ru/sale/flat/292008027/
37 500 000,00;13;NEAR;66,4;37,5;37;47;2017;7;0;0;3;2;https://www.cian.ru/sale/flat/299232358/
37 500 000,00;13;NAR;84;44;14;26;2019;5;0;0;3;3;https://www.cian.ru/sale/flat/299384370/
37 500 000,00;12;SWAR;93,4;52,6;5;22;2008;16;0;0;3;2;https://www.cian.ru/sale/flat/300658528/
37 500 000,00;11;NWAR;59;28,3;14;24;2019;5;0;0;3,1;2;https://www.cian.ru/sale/flat/299717407/
37 500 000,00;8;EAR;80;32,8;11;13;2017;7;0;0;3;2;https://www.cian.ru/sale/flat/300019726/
37 500 000,00;7;CAR;115;80;6;8;1941;83;0;0;3;4;https://www.cian.ru/sale/flat/298822261/
37 500 000,00;5;NWAR;91;37,5;10;25;2023;1;0;0;3,1;3;https://www.cian.ru/sale/flat/299566213/
37 585 483,00;10;WAR;62,7;30,1;15;28;2022;2;1;0;3,4;2;https://www.cian.ru/sale/flat/298334112/
37 590 000,00;11;NWAR;71,6;37,5;12;21;2023;1;1;0;3,1;2;https://www.cian.ru/sale/flat/299167968/
37 620 000,00;16;NWAR;68,4;37,5;6;6;2023;1;1;1;3,24;2;https://www.cian.ru/sale/flat/299370723/
37 650 214,00;13;NWAR;79,36;36,8;14;15;2024;0;1;0;3,02;2;https://www.cian.ru/sale/flat/299960727/
37 656 492,00;25;SAR;75,4;33,3;3;11;2024;0;1;0;3,1;2;https://www.cian.ru/sale/flat/299226757/
37 666 040,00;16;NWAR;65,2;35,5;18;24;2023;1;1;0;3,15;2;https://www.cian.ru/sale/flat/289786106/
37 700 000,00;18;WAR;57,7;21,3;23;29;2020;4;0;0;3,2;2;https://www.cian.ru/sale/flat/300530825/
37 729 120,00;5;CAR;68;46,5;10;13;2022;2;1;1;3,4;3;https://www.cian.ru/sale/flat/286886778/
37 770 000,00;9;WAR;67,2;24,8;10;14;2023;1;1;0;3;2;https://www.cian.ru/sale/flat/299262051/
37 800 000,00;8;WAR;64;30;20;39;2022;2;0;0;3;2;https://www.cian.ru/sale/flat/300015723/
37 867 200,00;9;NWAR;117,6;37,5;4;48;2022;2;1;1;3,1;4;https://www.cian.ru/sale/flat/299805146/
37 900 000,00;15;NAR;97,4;64,4;7;34;2019;5;0;0;3;3;https://www.cian.ru/sale/flat/299250618/
37 900 000,00;14;WAR;114;76,4;12;24;2022;2;0;0;3,3;4;https://www.cian.ru/sale/flat/295927514/
37 900 000,00;13;WAR;76;37,5;12;51;2020;4;0;0;3;3;https://www.cian.ru/sale/flat/298534723/
37 900 000,00;9;CAR;42,9;25,2;2;4;1894;130;0;0;3;2;https://www.cian.ru/sale/flat/299932467/
37 900 000,00;5;NWAR;81;37,5;23;25;2023;1;0;0;3,1;3;https://www.cian.ru/sale/flat/297879693/
37 900 000,00;2;SEAR;85,1;49,7;7;23;2021;3;0;0;3;3;https://www.cian.ru/sale/flat/300225395/
37 902 598,00;5;NWAR;76,09;40,8;51;52;2024;0;1;0;2,85;3;https://www.cian.ru/sale/flat/299067084/
37 912 000,00;9;NEAR;124,7;37,5;3;27;2022;2;1;0;3;3;https://www.cian.ru/sale/flat/294033814/
37 948 000,00;11;NWAR;71,6;37,5;13;21;2023;1;1;0;3,1;2;https://www.cian.ru/sale/flat/299167972/
37 950 000,00;14;SAR;83;40;7;16;2023;1;1;0;3;3;https://www.cian.ru/sale/flat/300045805/
37 950 000,00;7;CAR;73,2;37,5;2;4;1898;126;0;0;3;4;https://www.cian.ru/sale/flat/300545043/
37 950 043,00;7;SAR;59,3;25,7;18;22;2023;1;1;0;3,15;2;https://www.cian.ru/sale/flat/293356259/
37 989 000,00;5;WAR;67,1;46;9;14;2019;5;0;0;3;3;https://www.cian.ru/sale/flat/300978032/
37 990 000,00;10;WAR;78;45;40;52;2020;4;0;0;3,1;3;https://www.cian.ru/sale/flat/298985935/
37 990 000,00;10;WAR;78;37,5;40;51;2020;4;0;0;3;3;https://www.cian.ru/sale/flat/300342112/
37 990 000,00;5;WAR;67;37,5;9;14;2019;5;0;0;3;3;https://www.cian.ru/sale/flat/300647527/
37 999 000,00;10;CAR;81;55;5;6;1939;85;0;0;3,1;3;https://www.cian.ru/sale/flat/296713094/
38 000 000,00;28;WAR;72;50;3;14;2023;1;0;0;3,2;3;https://www.cian.ru/sale/flat/294618539/
38 000 000,00;19;SAR;83;45;7;13;2021;3;0;0;3,1;3;https://www.cian.ru/sale/flat/291677170/
38 000 000,00;18;CAR;40;23;10;21;2019;5;0;0;3,2;1;https://www.cian.ru/sale/flat/299242742/
38 000 000,00;17;NAR;92;50;26;27;2022;2;0;0;4,5;4;https://www.cian.ru/sale/flat/299335099/
38 000 000,00;15;NAR;120;90;16;34;2019;5;0;0;3;4;https://www.cian.ru/sale/flat/298984673/
38 000 000,00;13;NAR;64;20;3;20;2020;4;0;0;3,1;2;https://www.cian.ru/sale/flat/292414471/
38 000 000,00;13;WAR;70;37,5;25;52;2020;4;0;0;3;3;https://www.cian.ru/sale/flat/298529940/
38 000 000,00;11;NWAR;82,5;49;36;53;2022;2;0;0;3,1;3;https://www.cian.ru/sale/flat/299557531/
38 000 000,00;11;SEAR;108;75;6;7;1937;87;0;0;3,3;4;https://www.cian.ru/sale/flat/300352085/
38 000 000,00;9;CAR;60;37,5;1;9;1969;55;0;0;2,75;2;https://www.cian.ru/sale/flat/300270099/
38 000 000,00;9;WAR;70;35;25;52;2020;4;0;0;3,1;2;https://www.cian.ru/sale/flat/297264053/
38 000 000,00;8;NAR;82;37,5;8;12;2019;5;0;1;3,2;3;https://www.cian.ru/sale/flat/300001026/
38 000 000,00;7;CAR;75;37,5;2;6;2012;12;0;1;2,9;2;https://www.cian.ru/sale/flat/297997064/
38 000 000,00;6;CAR;80;50;4;6;1907;117;0;0;3,5;3;https://www.cian.ru/sale/flat/300539721/
38 000 000,00;5;CAR;47;37,5;62;78;2019;5;0;1;3,2;1;https://www.cian.ru/sale/flat/300512672/
38 000 000,00;5;CAR;61,3;37,5;11;12;2019;5;0;1;3,4;1;https://www.cian.ru/sale/flat/292989536/
38 000 000,00;5;WAR;67;29,1;9;14;2023;1;0;0;3;3;https://www.cian.ru/sale/flat/297078401/
38 000 000,00;5;WAR;67;40;9;14;2021;3;0;0;3;2;https://www.cian.ru/sale/flat/295773203/
38 000 000,00;5;WAR;67;46;9;14;2019;5;0;0;3,45;3;https://www.cian.ru/sale/flat/300377324/
38 000 000,00;5;WAR;68,7;37,5;3;14;2019;5;0;0;3,3;2;https://www.cian.ru/sale/flat/299165562/
38 000 000,00;5;WAR;70,2;37,5;3;14;2021;3;0;0;3;2;https://www.cian.ru/sale/flat/284538862/
38 000 000,00;3;NAR;92;60;27;27;2019;5;0;0;3;3;https://www.cian.ru/sale/flat/299519498/
38 000 000,00;2;WAR;94,7;56,8;23;25;2017;7;0;0;2,55;3;https://www.cian.ru/sale/flat/300433218/
38 013 800,00;19;NEAR;81,4;61,1;18;32;2023;1;1;0;3;3;https://www.cian.ru/sale/flat/298604046/
38 042 644,00;13;NWAR;85,4;35,7;21;25;2022;2;1;0;3,02;2;https://www.cian.ru/sale/flat/290752573/
38 051 387,00;6;WAR;64,3;27,8;15;28;2022;2;1;0;3,12;3;https://www.cian.ru/sale/flat/298334277/
38 074 939,00;7;NAR;110,8;66,4;2;8;2023;1;1;0;3,25;4;https://www.cian.ru/sale/flat/298334668/
38 144 962,00;22;SAR;54,57;29,3;27;29;2023;1;1;0;3;2;https://www.cian.ru/sale/flat/292100453/
38 150 000,00;15;SAR;66,3;34,2;12;12;2023;1;1;0;3;2;https://www.cian.ru/sale/flat/284150755/
38 190 000,00;5;WAR;114;37,5;3;14;2023;1;1;0;3,1;4;https://www.cian.ru/sale/flat/283162218/
38 200 000,00;8;SWAR;75,4;40,5;4;24;2015;9;0;0;2,7;3;https://www.cian.ru/sale/flat/300122634/
38 220 240,00;16;NWAR;65,2;35,5;23;24;2023;1;1;0;3,15;2;https://www.cian.ru/sale/flat/288331709/
38 248 472,00;22;SAR;53,57;29,3;26;29;2023;1;1;0;3;2;https://www.cian.ru/sale/flat/284859215/
38 304 730,00;9;WAR;93,8;46;6;9;2023;1;1;0;2,74;3;https://www.cian.ru/sale/flat/288241593/
38 324 000,00;9;NWAR;87,1;37,5;47;47;2023;1;1;0;3,05;3;https://www.cian.ru/sale/flat/296745621/
38 335 900,00;12;NWAR;73,3;32,6;13;21;2023;1;1;0;3,1;2;https://www.cian.ru/sale/flat/299168060/
38 352 000,00;6;WAR;75,2;51,8;33;41;2021;3;1;0;3,5;2;https://www.cian.ru/sale/flat/294196808/
38 392 500,00;9;CAR;82,43;30,6;22;30;2019;5;1;0;3,1;2;https://www.cian.ru/sale/flat/293376102/
38 400 000,00;16;WAR;74,4;40;3;41;2024;0;1;0;3;3;https://www.cian.ru/sale/flat/300097422/
38 464 000,00;9;NEAR;115,4;37,5;16;27;2022;2;1;0;3;3;https://www.cian.ru/sale/flat/294035010/
38 465 513,00;13;NWAR;85,8;36,6;22;25;2022;2;1;0;3,02;2;https://www.cian.ru/sale/flat/290752583/
38 500 000,00;28;WAR;68,7;35,5;3;14;2019;5;0;0;3;2;https://www.cian.ru/sale/flat/300509121/
38 500 000,00;12;NWAR;78,2;23,4;29;33;2019;5;0;0;3,1;2;https://www.cian.ru/sale/flat/297744464/
38 500 000,00;12;SWAR;120,3;37,5;2;18;2005;19;0;0;3;2;https://www.cian.ru/sale/flat/270457452/
38 500 000,00;11;NEAR;75,5;33,5;8;19;2022;2;0;0;3,25;2;https://www.cian.ru/sale/flat/300561404/
38 500 000,00;9;WAR;68,7;35,5;3;14;2021;3;0;0;3;3;https://www.cian.ru/sale/flat/298946861/
38 526 976,00;4;SAR;93,6;49,8;2;19;2024;0;1;0;3;3;https://www.cian.ru/sale/flat/291650434/
38 593 441,00;10;NAR;86;37,5;43;43;2023;1;1;0;4,2;3;https://www.cian.ru/sale/flat/270240488/
38 610 969,00;22;SAR;53,57;29,3;28;29;2023;1;1;0;3;2;https://www.cian.ru/sale/flat/292100457/
38 665 705,00;12;NWAR;82,7;38,1;3;33;2023;1;1;0;2,9;4;https://www.cian.ru/sale/flat/296774483/
38 700 000,00;17;NAR;136;79,7;9;22;2002;22;0;0;3;3;https://www.cian.ru/sale/flat/292686416/
38 700 000,00;13;WAR;78;37,5;40;51;2020;4;0;0;3;3;https://www.cian.ru/sale/flat/298534726/
38 700 000,00;2;SAR;46;14,5;8;13;2019;5;0;0;3,15;1;https://www.cian.ru/sale/flat/299186158/
38 732 684,00;17;SEAR;99,3;54,4;19;30;2024;0;1;0;2,87;4;https://www.cian.ru/sale/flat/300575246/
38 800 000,00;6;WAR;97,6;68,2;30;56;2024;0;1;0;3,15;4;https://www.cian.ru/sale/flat/300437395/
38 801 000,00;9;NEAR;114,4;37,5;2;27;2022;2;1;0;3;3;https://www.cian.ru/sale/flat/294033576/
38 806 600,00;12;NWAR;74,2;33,1;9;21;2023;1;1;0;3,1;2;https://www.cian.ru/sale/flat/299168072/
38 810 000,00;27;WAR;66,9;24,8;9;14;2023;1;1;0;3;2;https://www.cian.ru/sale/flat/299262105/
38 894 000,00;5;WAR;68,9;35,5;7;14;2019;5;0;0;3;2;https://www.cian.ru/sale/flat/300509136/
38 900 000,00;19;SAR;72,49;37,5;13;29;2022;2;0;0;2,64;2;https://www.cian.ru/sale/flat/298734321/
38 900 000,00;14;NWAR;79;27,9;8;24;2019;5;0;0;3,2;3;https://www.cian.ru/sale/flat/296394216/
38 900 000,00;7;SAR;114;37,5;1;17;1999;25;0;0;3;4;https://www.cian.ru/sale/flat/296126529/
38 924 165,00;17;SEAR;99,5;54,4;21;30;2024;0;1;0;2,87;4;https://www.cian.ru/sale/flat/300575247/
38 950 000,00;12;NAR;65,1;37,5;16;27;2022;2;0;0;3,15;3;https://www.cian.ru/sale/flat/295612021/
38 951 100,00;13;SWAR;76,6;45,8;2;32;2021;3;1;0;3,1;2;https://www.cian.ru/sale/flat/264099911/
38 999 000,00;19;SAR;95;47;8;13;2021;3;0;0;3;4;https://www.cian.ru/sale/flat/294168433/
38 999 999,00;10;WAR;107;64;10;14;1976;48;0;0;3,3;4;https://www.cian.ru/sale/flat/296785000/
39 000 000,00;19;SAR;88,2;34,7;8;13;2022;2;0;0;3,3;3;https://www.cian.ru/sale/flat/294302005/
39 000 000,00;19;NAR;148;100;8;28;2017;7;0;1;3,1;3;https://www.cian.ru/sale/flat/297326360/
39 000 000,00;18;WAR;74;43;7;16;2019;5;0;0;3;2;https://www.cian.ru/sale/flat/290825191/
39 000 000,00;16;SAR;52;29;3;5;1956;68;0;0;3,1;2;https://www.cian.ru/sale/flat/297935793/
39 000 000,00;15;WAR;87,2;37,5;8;22;2005;19;0;0;3;2;https://www.cian.ru/sale/flat/293510493/
39 000 000,00;13;WAR;65;43;4;11;2019;5;0;0;3;2;https://www.cian.ru/sale/flat/300526496/
39 000 000,00;11;NWAR;84;37,5;11;38;2015;9;0;0;3,13;2;https://www.cian.ru/sale/flat/299461628/
39 000 000,00;9;NAR;74;52;2;15;2019;5;0;1;3;2;https://www.cian.ru/sale/flat/300539841/
39 000 000,00;5;WAR;68,4;37,5;12;14;2019;5;0;0;3;3;https://www.cian.ru/sale/flat/300831375/
39 000 000,00;1;NAR;74;52;2;15;2019;5;0;1;3;2;https://www.cian.ru/sale/flat/296485274/
39 007 217,00;22;SAR;66,86;35,5;21;21;2023;1;1;0;3;2;https://www.cian.ru/sale/flat/291543572/
39 134 583,00;16;NAR;74,7;43,1;16;26;2022;2;1;0;3;3;https://www.cian.ru/sale/flat/298148454/
39 220 000,00;27;WAR;68,8;29,8;9;13;2023;1;1;0;3,13;2;https://www.cian.ru/sale/flat/296278100/
39 223 840,00;19;SEAR;78,2;26,7;3;13;2023;1;1;0;3;3;https://www.cian.ru/sale/flat/300207697/
39 230 730,00;17;NWAR;66,6;40,4;38;43;2023;1;1;0;3,15;3;https://www.cian.ru/sale/flat/299021632/
39 299 000,00;6;CAR;87,2;65,6;4;6;1934;90;0;0;3;4;https://www.cian.ru/sale/flat/300054167/
39 300 000,00;11;NWAR;57,4;37,5;24;24;2019;5;0;0;3;2;https://www.cian.ru/sale/flat/299509241/
39 300 000,00;11;NWAR;58;29;24;24;2020;4;0;0;3;2;https://www.cian.ru/sale/flat/300862129/
39 303 176,00;4;CAR;81,4;37,7;7;10;2024;0;1;1;3;2;https://www.cian.ru/sale/flat/300483965/
39 350 000,00;15;WAR;112;74,7;25;29;2019;5;0;0;3;3;https://www.cian.ru/sale/flat/300919558/
39 400 000,00;3;CAR;39,4;37,5;49;66;2020;4;1;1;3,9;1;https://www.cian.ru/sale/flat/300449724/
39 414 200,00;4;EAR;101,9;37,5;1;29;2023;1;1;0;3;3;https://www.cian.ru/sale/flat/298378519/
39 428 650,00;22;SAR;68,44;32,5;20;21;2023;1;1;0;3;2;https://www.cian.ru/sale/flat/289909097/
39 461 999,00;4;WAR;110;52,6;19;29;2021;3;0;0;3,3;3;https://www.cian.ru/sale/flat/300209992/
39 492 363,00;7;NAR;119,8;76,9;2;8;2023;1;1;0;3,25;4;https://www.cian.ru/sale/flat/298334654/
39 500 000,00;18;WAR;60,9;37,5;17;28;2019;5;0;1;3,3;2;https://www.cian.ru/sale/flat/295656889/
39 500 000,00;18;SAR;65,6;37,5;14;40;2023;1;0;0;3,1;2;https://www.cian.ru/sale/flat/300780912/
39 500 000,00;15;WAR;85;54;2;21;2015;9;0;0;3;3;https://www.cian.ru/sale/flat/300726658/
39 500 000,00;14;SAR;70,8;47;2;6;2021;3;0;0;3,3;3;https://www.cian.ru/sale/flat/298748592/
39 500 000,00;13;WAR;119;37,5;12;24;2009;15;0;0;3;4;https://www.cian.ru/sale/flat/292883762/
39 500 000,00;11;SEAR;79;37,5;3;29;2022;2;0;0;3;3;https://www.cian.ru/sale/flat/299619257/
39 500 000,00;10;WAR;121;71,1;2;14;2006;18;0;0;2,64;4;https://www.cian.ru/sale/flat/298449196/
39 500 000,00;9;CAR;55,7;37,5;22;22;2019;5;0;0;3,45;2;https://www.cian.ru/sale/flat/293069620/
39 500 000,00;7;CAR;83,9;37,5;20;53;2019;5;0;0;3;3;https://www.cian.ru/sale/flat/293186412/
39 500 000,00;6;WAR;103;60;15;17;2001;23;0;0;3,2;3;https://www.cian.ru/sale/flat/299143204/
39 500 000,00;5;NAR;87,6;50,6;2;24;2019;5;0;0;2,8;3;https://www.cian.ru/sale/flat/300927460/
39 500 000,00;2;SWAR;100,2;62,1;22;22;2003;21;0;0;2,7;4;https://www.cian.ru/sale/flat/299132048/
39 509 400,00;16;NWAR;81,8;27,5;4;6;2023;1;1;1;3,24;3;https://www.cian.ru/sale/flat/299370759/
39 580 323,00;6;WAR;73,5;37,5;9;28;2022;2;1;0;3,12;2;https://www.cian.ru/sale/flat/298334214/
39 584 600,00;4;EAR;105,25;37,5;1;29;2023;1;1;0;3;4;https://www.cian.ru/sale/flat/298378515/
39 597 215,00;22;SAR;86,02;38,8;13;14;2023;1;1;0;3;2;https://www.cian.ru/sale/flat/291897545/
39 640 000,00;28;WAR;67,3;24,8;13;14;2021;3;1;0;3;2;https://www.cian.ru/sale/flat/296277988/
39 655 200,00;19;NEAR;80,6;60,5;27;32;2023;1;1;0;3;2;https://www.cian.ru/sale/flat/298828249/
39 859 000,00;28;WAR;68,9;35,5;7;12;2019;5;0;0;3;2;https://www.cian.ru/sale/flat/295131192/
39 862 929,00;4;SEAR;93,8;50,4;7;30;2019;5;0;0;3;4;https://www.cian.ru/sale/flat/299773789/
39 872 400,00;16;NWAR;89,4;37,5;3;6;2023;1;1;1;3,24;3;https://www.cian.ru/sale/flat/299370738/
39 890 881,00;10;WAR;110,34;66,6;21;29;2023;1;1;0;3,3;3;https://www.cian.ru/sale/flat/297984090/
39 900 000,00;18;WAR;78,18;28;23;41;2023;1;0;0;3,25;3;https://www.cian.ru/sale/flat/300051782/
39 900 000,00;13;NWAR;63,5;37,5;13;36;2019;5;0;0;3;2;https://www.cian.ru/sale/flat/299528147/
39 900 000,00;11;NWAR;87;50;9;36;2019;5;0;0;3;3;https://www.cian.ru/sale/flat/300276907/
39 900 000,00;10;WAR;84;37,5;5;28;2022;2;0;0;3,12;2;https://www.cian.ru/sale/flat/299465756/
39 900 000,00;9;WAR;77;32;47;52;2019;5;0;0;3;2;https://www.cian.ru/sale/flat/289119692/
39 900 000,00;5;CAR;95;37,5;5;7;2019;5;0;0;3;3;https://www.cian.ru/sale/flat/299710715/
39 900 000,00;5;NEAR;105;80;22;22;1989;35;0;0;2,64;4;https://www.cian.ru/sale/flat/298249754/
39 900 000,00;4;EAR;96,4;57,4;12;20;2017;7;0;0;3;3;https://www.cian.ru/sale/flat/299296109/
39 949 508,00;23;SWAR;165,6;62,9;21;21;2023;1;1;0;2,99;4;https://www.cian.ru/sale/flat/296862789/
39 980 000,00;28;WAR;70,6;48,9;8;14;2019;5;0;0;3;2;https://www.cian.ru/sale/flat/299879107/
39 988 700,00;5;WAR;68;41;1;14;2019;5;0;0;3;3;https://www.cian.ru/sale/flat/300771490/
39 990 000,00;11;SWAR;80;53;7;8;1956;68;0;0;3;3;https://www.cian.ru/sale/flat/300539856/
39 990 000,00;10;NWAR;96,5;59,9;27;55;2022;2;0;0;3;4;https://www.cian.ru/sale/flat/299289763/
39 990 000,00;8;CAR;66,5;37,5;2;7;2019;5;0;0;3;2;https://www.cian.ru/sale/flat/300653804/
39 999 999,00;27;WAR;68,7;37,5;6;13;2019;5;0;0;3;3;https://www.cian.ru/sale/flat/300509005/
40 000 000,00;18;WAR;77;34,5;10;25;2019;5;0;0;3;3;https://www.cian.ru/sale/flat/300640749/
40 000 000,00;17;NEAR;128;89;8;59;2015;9;0;0;3,05;3;https://www.cian.ru/sale/flat/300653895/
40 000 000,00;16;NWAR;80;37,5;4;6;2023;1;1;1;3,24;3;https://www.cian.ru/sale/flat/299370773/
40 000 000,00;15;WAR;75;35;7;22;2019;5;0;0;3;2;https://www.cian.ru/sale/flat/287929947/
40 000 000,00;15;WAR;86,1;58,6;8;21;2015;9;0;0;3;3;https://www.cian.ru/sale/flat/297256737/
40 000 000,00;15;SWAR;106;37,5;5;15;2019;5;0;0;2,8;3;https://www.cian.ru/sale/flat/293186402/
40 000 000,00;12;CAR;44,5;37,5;4;17;2023;1;0;0;3,8;2;https://www.cian.ru/sale/flat/295800676/
40 000 000,00;12;WAR;69;36;7;14;2022;2;0;0;3,13;2;https://www.cian.ru/sale/flat/298973366/
40 000 000,00;12;NWAR;69,5;37,5;30;37;2018;6;0;1;3,2;2;https://www.cian.ru/sale/flat/289779246/
40 000 000,00;11;NEAR;109;37,5;11;38;2015;9;0;0;3;3;https://www.cian.ru/sale/flat/297834603/
40 000 000,00;9;SWAR;120;37,5;7;23;2017;7;0;0;2,8;4;https://www.cian.ru/sale/flat/298049866/
40 000 000,00;7;CAR;89,3;53;21;32;2019;5;0;0;3;3;https://www.cian.ru/sale/flat/292665474/
40 000 000,00;5;CAR;55,7;37,5;8;9;1954;70;0;0;3;2;https://www.cian.ru/sale/flat/300652339/
40 000 000,00;5;CAR;55,7;37,5;8;9;1954;70;0;0;2,95;2;https://www.cian.ru/sale/flat/300818414/
40 000 000,00;5;CAR;55,7;37,5;8;9;1954;70;0;0;3,2;2;https://www.cian.ru/sale/flat/300884456/
40 000 000,00;5;NWAR;67,8;31,8;3;13;2023;1;1;0;3;3;https://www.cian.ru/sale/flat/294555391/
40 000 000,00;5;WAR;69;35,5;7;14;2022;2;0;0;3;2;https://www.cian.ru/sale/flat/300071776/
40 000 000,00;5;WAR;69;35,6;7;14;2021;3;0;0;3;2;https://www.cian.ru/sale/flat/291104201/
40 000 000,00;4;SWAR;77;49,8;4;9;1956;68;0;0;3;3;https://www.cian.ru/sale/flat/300821462/
40 000 000,00;3;WAR;91,7;37,5;23;28;2020;4;0;0;3;3;https://www.cian.ru/sale/flat/300681399/
40 029 615,00;11;NWAR;108,3;59,6;20;20;2023;1;1;0;2,85;4;https://www.cian.ru/sale/flat/291372559/
40 063 560,00;8;NAR;113,1;71,6;26;35;2023;1;1;0;3,1;4;https://www.cian.ru/sale/flat/298334701/
40 080 000,00;9;NEAR;119,1;37,5;20;27;2022;2;1;0;3;3;https://www.cian.ru/sale/flat/298655839/
40 081 000,00;10;NEAR;74,5;55,9;12;34;2022;2;1;0;3,05;3;https://www.cian.ru/sale/flat/298604118/
40 096 000,00;9;NEAR;110,6;37,5;21;27;2022;2;1;0;3;3;https://www.cian.ru/sale/flat/294034014/
40 110 707,00;25;SAR;70,28;35,3;16;16;2023;1;1;0;3;2;https://www.cian.ru/sale/flat/294939307/
40 200 000,00;12;NWAR;92,4;45;11;33;2024;0;0;0;3;4;https://www.cian.ru/sale/flat/300150104/
40 259 120,00;25;SEAR;84,8;25,3;9;26;2023;1;1;0;3,1;3;https://www.cian.ru/sale/flat/298028375/
40 280 000,00;5;NWAR;76;37,5;3;15;2023;1;0;0;3;3;https://www.cian.ru/sale/flat/299561961/
40 329 450,00;4;WAR;123,9;72,8;23;29;2022;2;1;1;3;4;https://www.cian.ru/sale/flat/289516347/
40 331 596,00;27;SAR;71,2;43,8;15;15;2023;1;1;0;3,15;2;https://www.cian.ru/sale/flat/298084417/
40 338 000,00;6;WAR;97,2;40,5;2;41;2021;3;1;0;3,5;3;https://www.cian.ru/sale/flat/287405283/
40 420 000,00;28;WAR;69,2;26,3;13;14;2021;3;1;0;3;2;https://www.cian.ru/sale/flat/296277987/
40 424 357,00;5;WAR;79,23;37,5;2;57;2024;0;1;0;2,9;3;https://www.cian.ru/sale/flat/290790426/
40 480 000,00;9;CAR;50,6;35;3;4;2024;0;1;1;3;3;https://www.cian.ru/sale/flat/300979493/
40 500 000,00;8;CAR;82,2;40;13;33;2023;1;1;0;2,9;4;https://www.cian.ru/sale/flat/298324727/
40 548 707,00;15;SWAR;160,5;40,5;21;21;2023;1;1;0;2,99;4;https://www.cian.ru/sale/flat/296862790/
40 584 440,00;25;SAR;86,1;48,8;5;16;2023;1;1;0;3,15;3;https://www.cian.ru/sale/flat/293204006/
40 600 000,00;14;WAR;87;55;6;9;2022;2;0;0;3,1;4;https://www.cian.ru/sale/flat/298527240/
40 600 000,00;8;CAR;68;40;10;11;2019;5;0;0;5,15;2;https://www.cian.ru/sale/flat/299967437/
40 600 000,00;4;WAR;64;41;12;31;2021;3;0;0;2,8;3;https://www.cian.ru/sale/flat/300103623/
40 601 100,00;12;NEAR;96,9;72,7;8;37;2024;0;1;0;3;3;https://www.cian.ru/sale/flat/298603539/
40 670 000,00;10;SWAR;116,2;70,8;12;14;2023;1;1;1;2,8;2;https://www.cian.ru/sale/flat/297680757/
40 750 000,00;5;WAR;88,3;62,3;6;27;2022;2;0;0;3;4;https://www.cian.ru/sale/flat/291026042/
40 799 069,00;25;SAR;84,51;37,6;8;12;2023;1;1;0;3;2;https://www.cian.ru/sale/flat/285359326/
40 800 000,00;22;SAR;99;50,5;9;12;2022;2;0;0;3;3;https://www.cian.ru/sale/flat/295678960/
40 811 432,00;4;CAR;83;47,3;10;10;2024;0;1;1;3;2;https://www.cian.ru/sale/flat/296548834/
40 813 500,00;19;NEAR;89,7;67,3;11;32;2023;1;1;0;3;3;https://www.cian.ru/sale/flat/298603970/
40 850 000,00;11;NWAR;98,4;54;10;21;2024;0;0;0;3,1;3;https://www.cian.ru/sale/flat/299502656/
40 877 000,00;5;CAR;77,3;37,5;8;12;2018;6;0;1;3;3;https://www.cian.ru/sale/flat/297176349/
40 900 000,00;6;CAR;41;37,5;3;5;2021;3;0;1;3,4;2;https://www.cian.ru/sale/flat/292133929/
40 900 000,00;6;WAR;84;59;8;18;2021;3;0;0;3,1;3;https://www.cian.ru/sale/flat/299294217/
40 900 000,00;5;NWAR;81;48,5;23;25;2023;1;1;0;3;3;https://www.cian.ru/sale/flat/293779965/
40 900 000,00;5;WAR;119,8;60,5;14;32;2024;0;1;0;3;3;https://www.cian.ru/sale/flat/287440558/
40 900 000,00;4;NAR;65,9;43,8;4;10;2022;2;0;1;3,3;2;https://www.cian.ru/sale/flat/299694108/
40 903 500,00;12;NEAR;100,5;75,4;4;37;2024;0;1;0;3;3;https://www.cian.ru/sale/flat/298603484/
40 938 547,00;4;SWAR;159,7;37,5;23;23;2023;1;1;0;2,99;4;https://www.cian.ru/sale/flat/297569209/
40 950 000,00;12;CAR;73,4;37,5;9;11;1954;70;0;0;3,2;2;https://www.cian.ru/sale/flat/295999831/
40 971 691,00;6;WAR;90,1;50,4;2;28;2022;2;1;0;3,12;3;https://www.cian.ru/sale/flat/298334316/
40 999 999,00;9;NAR;102,9;37,5;19;25;2019;5;0;0;3;2;https://www.cian.ru/sale/flat/299143787/
41 000 000,00;25;WAR;101;49;11;28;2019;5;0;0;3;3;https://www.cian.ru/sale/flat/298483713/
41 000 000,00;19;WAR;90;37,5;10;31;2023;1;0;0;3;3;https://www.cian.ru/sale/flat/299108008/
41 000 000,00;18;NWAR;82,3;37,5;19;30;2023;1;1;0;3;3;https://www.cian.ru/sale/flat/295009593/
41 000 000,00;18;NWAR;150;80;1;17;2000;24;0;0;3,1;4;https://www.cian.ru/sale/flat/294737347/
41 000 000,00;14;SWAR;118,5;70;15;18;1987;37;0;0;2,66;4;https://www.cian.ru/sale/flat/300397367/
41 000 000,00;12;NAR;64;37,5;5;6;2015;9;0;1;3,4;2;https://www.cian.ru/sale/flat/300868989/
41 000 000,00;12;WAR;84,5;44,6;48;52;2021;3;0;0;3,1;3;https://www.cian.ru/sale/flat/294618564/
41 000 000,00;9;CAR;93;45;6;7;2019;5;0;1;4,8;3;https://www.cian.ru/sale/flat/296302630/
41 000 000,00;7;WAR;68,4;47,5;2;16;2006;18;0;0;3;2;https://www.cian.ru/sale/flat/300810444/
41 000 000,00;7;WAR;74,7;37,5;10;26;2021;3;0;0;3,2;3;https://www.cian.ru/sale/flat/295852514/
41 000 000,00;7;NAR;75,7;40;7;17;2018;6;0;1;2,95;3;https://www.cian.ru/sale/flat/300822553/
41 000 000,00;5;CAR;94,3;57;4;4;1874;150;0;0;3;4;https://www.cian.ru/sale/flat/300612898/
41 000 000,00;3;CAR;62;37,5;22;78;2020;4;0;1;3,9;2;https://www.cian.ru/sale/flat/298073324/
41 007 509,00;9;WAR;79;36,3;3;15;2022;2;1;0;3,12;3;https://www.cian.ru/sale/flat/298334356/
41 120 100,00;13;SWAR;85,4;55,9;32;32;2021;3;1;0;3,1;3;https://www.cian.ru/sale/flat/284846985/
41 186 555,00;17;SAR;81,37;40,6;13;18;2023;1;1;0;3,02;3;https://www.cian.ru/sale/flat/299093535/
41 194 092,00;4;SAR;97,1;61,4;3;19;2024;0;1;0;3;4;https://www.cian.ru/sale/flat/269373168/
41 200 980,00;21;SWAR;83,1;37,5;24;42;2023;1;1;0;3;4;https://www.cian.ru/sale/flat/300800474/
41 215 500,00;18;SWAR;64,5;37,5;32;32;2021;3;1;0;3,1;2;https://www.cian.ru/sale/flat/296009966/
41 215 500,00;13;SWAR;64,5;37,5;23;32;2021;3;1;0;3,1;2;https://www.cian.ru/sale/flat/264100710/
41 240 000,00;9;WAR;68,5;24,6;9;14;2023;1;1;0;3;2;https://www.cian.ru/sale/flat/299262053/
41 280 000,00;28;WAR;67;24,8;13;14;2023;1;1;0;3;2;https://www.cian.ru/sale/flat/296277962/
41 305 307,00;4;CAR;86,5;50,8;3;10;2024;0;1;1;3;2;https://www.cian.ru/sale/flat/295316278/
41 320 668,00;25;SAR;73,2;46,2;11;14;2023;1;1;0;3,15;2;https://www.cian.ru/sale/flat/293204283/
41 481 601,00;10;WAR;76,4;32,8;15;28;2022;2;1;0;3,4;3;https://www.cian.ru/sale/flat/298334172/
41 499 000,00;4;SWAR;124,4;66,6;18;22;2004;20;0;0;2,8;4;https://www.cian.ru/sale/flat/299687502/
41 500 000,00;16;NWAR;64,2;37,5;9;41;2019;5;0;0;3;2;https://www.cian.ru/sale/flat/299509244/
41 500 000,00;15;SAR;86;48;10;11;2019;5;0;0;3;3;https://www.cian.ru/sale/flat/295731821/
41 500 000,00;14;CAR;68;30,7;4;6;2023;1;0;0;3,1;2;https://www.cian.ru/sale/flat/298723575/
41 500 000,00;14;CAR;70,3;37,5;12;27;2023;1;0;0;3;2;https://www.cian.ru/sale/flat/299429352/
41 500 000,00;14;SAR;93;50;13;15;2022;2;0;0;3;3;https://www.cian.ru/sale/flat/295184215/
41 500 000,00;10;NWAR;83;48,7;41;53;2022;2;0;0;3,1;3;https://www.cian.ru/sale/flat/297047647/
41 500 000,00;7;EAR;78;37,5;9;13;2016;8;0;0;3;3;https://www.cian.ru/sale/flat/299342352/
41 500 000,00;6;CAR;55;37,5;4;22;2019;5;0;0;3,1;2;https://www.cian.ru/sale/flat/299250573/
41 500 000,00;5;NWAR;67,2;27,2;10;13;2023;1;1;0;3,25;3;https://www.cian.ru/sale/flat/295873965/
41 500 000,00;5;NWAR;77,5;30;15;36;2021;3;0;0;2,95;3;https://www.cian.ru/sale/flat/300613814/
41 553 600,00;10;NEAR;78,7;59;12;34;2022;2;1;0;3,05;3;https://www.cian.ru/sale/flat/298604126/
41 600 000,00;17;CAR;104,3;78;9;17;2000;24;0;0;2,6;4;https://www.cian.ru/sale/flat/299098431/
41 606 500,00;6;NAR;96,2;37,5;14;25;2022;2;1;0;2,85;3;https://www.cian.ru/sale/flat/300755280/
41 670 000,00;6;CAR;46;37,5;3;5;2019;5;0;1;3;1;https://www.cian.ru/sale/flat/290522992/
41 670 000,00;6;CAR;46,3;32;3;5;2019;5;0;1;3,1;1;https://www.cian.ru/sale/flat/287688964/
41 741 000,00;10;NEAR;67;50,3;3;34;2022;2;1;0;3;2;https://www.cian.ru/sale/flat/300648031/
41 750 000,00;8;WAR;75,9;37,5;10;36;2022;2;0;0;3,1;2;https://www.cian.ru/sale/flat/300111253/
41 785 200,00;5;SWAR;87,6;37,5;24;42;2023;1;1;0;3;4;https://www.cian.ru/sale/flat/301046659/
41 847 000,00;16;NWAR;87;39;6;6;2023;1;1;1;3,24;3;https://www.cian.ru/sale/flat/299370769/
41 856 080,00;5;WAR;114,8;37,5;13;14;2023;1;1;0;3,1;4;https://www.cian.ru/sale/flat/290241485/
41 900 000,00;8;WAR;71;32;9;39;2021;3;0;0;3,1;2;https://www.cian.ru/sale/flat/300858774/
41 900 000,00;6;CAR;85;37,5;16;16;1973;51;0;0;2,8;3;https://www.cian.ru/sale/flat/298977068/
41 900 000,00;5;WAR;70;56;11;14;2019;5;0;0;3;3;https://www.cian.ru/sale/flat/298504143/
41 990 000,00;12;NAR;56,9;37,5;39;41;2021;3;0;0;3,1;2;https://www.cian.ru/sale/flat/300618922/
41 990 000,00;7;SEAR;115,6;37,5;4;30;2012;12;0;0;3;3;https://www.cian.ru/sale/flat/294966171/
41 990 000,00;5;SAR;61,7;37,5;1;2;2022;2;0;1;3,3;3;https://www.cian.ru/sale/flat/295670405/
42 000 000,00;15;NWAR;88;37,5;11;46;2021;3;0;1;3;3;https://www.cian.ru/sale/flat/298261357/
42 000 000,00;14;NWAR;87;50;23;41;2023;1;0;0;3;3;https://www.cian.ru/sale/flat/300063062/
42 000 000,00;12;CAR;88,4;37,5;3;19;2018;6;0;1;3;3;https://www.cian.ru/sale/flat/295729701/
42 000 000,00;12;NAR;118,3;82,1;12;16;2004;20;0;0;2,8;4;https://www.cian.ru/sale/flat/300596531/
42 000 000,00;11;NAR;82,6;37,5;2;7;2018;6;0;1;3;2;https://www.cian.ru/sale/flat/298256924/
42 000 000,00;11;CAR;88,4;37,5;3;19;2018;6;0;1;3;3;https://www.cian.ru/sale/flat/274529656/
42 000 000,00;10;NWAR;80;45;2;22;2019;5;0;0;2,8;2;https://www.cian.ru/sale/flat/294659263/
42 000 000,00;8;SWAR;107,8;68;31;34;2023;1;1;0;3;3;https://www.cian.ru/sale/flat/296485610/
42 000 000,00;8;NAR;113;71,6;35;35;2023;1;0;0;3,1;4;https://www.cian.ru/sale/flat/300181346/
42 000 000,00;5;NWAR;76,3;37,5;10;23;2019;5;0;0;3,2;2;https://www.cian.ru/sale/flat/300327999/
42 000 000,00;5;SAR;82,3;37,5;8;16;2018;6;0;1;3;3;https://www.cian.ru/sale/flat/295175915/
42 000 000,00;4;WAR;77;37,5;6;15;2019;5;0;0;3;3;https://www.cian.ru/sale/flat/300695923/
42 000 000,00;4;NEAR;105;70;22;22;1989;35;0;0;2,75;4;https://www.cian.ru/sale/flat/289198876/
42 000 000,00;4;WAR;113;37,5;4;41;2021;3;0;0;3,2;3;https://www.cian.ru/sale/flat/291789707/
42 000 000,00;3;CAR;62;37,5;16;78;2020;4;0;1;3,9;2;https://www.cian.ru/sale/flat/294452835/
42 000 000,00;3;CAR;80;37,5;15;85;2016;8;0;1;3;2;https://www.cian.ru/sale/flat/300599248/
42 000 000,00;1;CAR;73,4;58;5;5;1910;114;0;0;3;3;https://www.cian.ru/sale/flat/300539828/
42 013 200,00;16;NWAR;94,2;28,8;4;6;2023;1;1;1;3,24;3;https://www.cian.ru/sale/flat/299370766/
42 100 000,00;1;WAR;79,3;37,5;7;21;2014;10;0;0;3;2;https://www.cian.ru/sale/flat/300614137/
42 190 811,00;19;SAR;94,8;37,5;2;6;2023;1;1;0;3,15;3;https://www.cian.ru/sale/flat/300783103/
42 230 000,00;10;WAR;51,3;33,7;15;32;2024;0;1;1;3;2;https://www.cian.ru/sale/flat/299758707/
42 235 890,00;24;SAR;86;47;6;16;2023;1;1;0;3,15;3;https://www.cian.ru/sale/flat/293204030/
42 280 840,00;5;SWAR;88,9;37,5;27;34;2023;1;1;0;3;4;https://www.cian.ru/sale/flat/301068513/
42 301 000,00;9;NEAR;125,7;37,5;15;27;2022;2;1;0;3;3;https://www.cian.ru/sale/flat/298655856/
42 304 966,00;4;NEAR;77,7;37,5;15;15;2021;3;1;1;3;2;https://www.cian.ru/sale/flat/292035517/
42 351 088,00;10;WAR;116,11;69,3;30;30;2023;1;1;0;3,3;4;https://www.cian.ru/sale/flat/297984371/
42 353 550,00;4;WAR;123,3;72,9;21;29;2022;2;1;1;3;4;https://www.cian.ru/sale/flat/286250528/
42 355 106,00;4;CAR;81,4;37,7;9;10;2024;0;1;1;3;2;https://www.cian.ru/sale/flat/300483962/
42 388 700,00;5;WAR;72;50;10;14;2019;5;0;0;3;3;https://www.cian.ru/sale/flat/300388988/
42 399 562,00;25;SAR;83,7;37,2;12;12;2023;1;1;0;3;2;https://www.cian.ru/sale/flat/291543571/
42 477 783,00;23;SAR;98,8;47,6;2;11;2024;0;1;0;3,1;3;https://www.cian.ru/sale/flat/300577186/
42 495 024,00;27;SAR;88;53;3;15;2023;1;1;0;3,15;2;https://www.cian.ru/sale/flat/293204334/
42 495 337,00;10;WAR;116,64;70,2;24;29;2023;1;1;0;3,3;3;https://www.cian.ru/sale/flat/297986178/
42 500 000,00;28;WAR;77;26;9;14;2019;5;0;0;3;2;https://www.cian.ru/sale/flat/299059831/
42 500 000,00;13;CAR;62;25;33;44;2018;6;0;0;3;2;https://www.cian.ru/sale/flat/300776785/
42 500 000,00;8;SWAR;129;37,5;4;16;2001;23;0;0;2,75;4;https://www.cian.ru/sale/flat/295812492/
42 500 000,00;5;WAR;123;60;23;24;2017;7;0;0;2,8;3;https://www.cian.ru/sale/flat/300865008/
42 500 000,00;1;NAR;83,6;32,5;7;7;1953;71;0;0;3;2;https://www.cian.ru/sale/flat/300321398/
42 600 618,00;6;SAR;73,1;37,5;6;6;2023;1;1;0;3,15;2;https://www.cian.ru/sale/flat/300783106/
42 606 300,00;2;NAR;77,8;37,5;21;21;2023;1;1;1;3,15;2;https://www.cian.ru/sale/flat/298000720/
42 633 654,00;5;SWAR;81,2;37,5;24;25;2024;0;1;0;3,17;3;https://www.cian.ru/sale/flat/300451855/
42 665 922,00;27;SAR;82,7;37,5;5;15;2023;1;1;0;3,15;2;https://www.cian.ru/sale/flat/293356235/
42 690 247,00;4;NEAR;103,1;37,5;15;15;2021;3;1;1;3;3;https://www.cian.ru/sale/flat/292035505/
42 700 000,00;27;WAR;68,2;25,9;11;13;2023;1;1;0;3,13;2;https://www.cian.ru/sale/flat/296278092/
42 700 000,00;17;NAR;118;70;2;18;2019;5;0;0;3;4;https://www.cian.ru/sale/flat/299027780/
42 700 000,00;6;WAR;82,9;36,5;11;13;2022;2;0;0;3,1;3;https://www.cian.ru/sale/flat/295684586/
42 700 000,00;6;WAR;82,9;36,5;11;13;2022;2;0;0;3,1;2;https://www.cian.ru/sale/flat/300113796/
42 800 000,00;2;CAR;61;27;13;21;2024;0;0;1;3;3;https://www.cian.ru/sale/flat/299237057/
42 812 228,00;4;SAR;97,95;66,8;27;27;2023;1;1;0;2,87;3;https://www.cian.ru/sale/flat/292263385/
42 849 350,00;19;SEAR;68,5;31,1;14;14;2023;1;1;0;3;2;https://www.cian.ru/sale/flat/300165814/
42 855 959,00;5;SAR;99,55;68,4;27;27;2023;1;1;0;2,87;3;https://www.cian.ru/sale/flat/292741980/
42 900 000,00;19;WAR;70,5;29,2;4;25;2021;3;0;0;3;2;https://www.cian.ru/sale/flat/300422045/
42 965 711,00;6;WAR;81,7;36,6;5;28;2022;2;1;0;3,12;3;https://www.cian.ru/sale/flat/298334198/
43 000 000,00;26;WAR;77;46;13;26;2021;3;0;0;3,1;3;https://www.cian.ru/sale/flat/294216008/
43 000 000,00;14;WAR;86,7;37,5;5;28;2019;5;0;1;3;2;https://www.cian.ru/sale/flat/297044865/
43 000 000,00;13;NAR;69;45;2;5;2019;5;0;0;3,1;2;https://www.cian.ru/sale/flat/300742961/
43 000 000,00;11;WAR;120,5;66,6;2;11;1998;26;0;0;3,1;3;https://www.cian.ru/sale/flat/297786925/
43 000 000,00;10;NWAR;97,9;58,9;41;53;2022;2;0;0;3,1;3;https://www.cian.ru/sale/flat/297047642/
43 000 000,00;10;WAR;136;108;6;6;2019;5;0;1;3;3;https://www.cian.ru/sale/flat/298882148/
43 000 000,00;9;WAR;98;37,5;6;25;2019;5;0;0;3,1;4;https://www.cian.ru/sale/flat/298970418/
43 000 000,00;9;WAR;98,6;50,7;6;8;2021;3;0;0;3,1;3;https://www.cian.ru/sale/flat/291960356/
43 000 000,00;8;WAR;97,2;37,5;14;25;2024;0;1;0;2,65;4;https://www.cian.ru/sale/flat/300754108/
43 000 000,00;7;WAR;76;37,5;13;26;2021;3;0;0;3,1;3;https://www.cian.ru/sale/flat/291456629/
43 000 000,00;5;WAR;109;65;30;39;2022;2;0;0;3,1;4;https://www.cian.ru/sale/flat/297859382/
43 000 000,00;3;CAR;61;37,5;4;10;2019;5;0;1;3,2;2;https://www.cian.ru/sale/flat/299504834/
43 000 000,00;2;NAR;68;40;4;14;2019;5;0;1;3;2;https://www.cian.ru/sale/flat/298881471/
43 028 880,00;2;NAR;81,6;51,4;20;21;2023;1;1;1;3,15;3;https://www.cian.ru/sale/flat/298000735/
43 065 000,00;16;NWAR;82,5;27,5;6;6;2023;1;1;1;3,24;3;https://www.cian.ru/sale/flat/299370762/
43 073 190,00;18;WAR;96,1;33,2;18;36;2024;0;1;0;3,2;3;https://www.cian.ru/sale/flat/299261498/
43 076 039,00;4;SAR;99,9;37,5;3;24;2023;1;1;0;3,15;3;https://www.cian.ru/sale/flat/300800428/
43 157 704,00;3;NEAR;109,7;82,3;37;58;2015;9;1;0;3;2;https://www.cian.ru/sale/flat/299129928/
43 161 758,00;9;WAR;87,9;51;3;15;2022;2;1;0;3,12;3;https://www.cian.ru/sale/flat/298334358/
43 199 570,00;16;NWAR;73,4;48;14;24;2023;1;1;0;3,15;3;https://www.cian.ru/sale/flat/293710891/
43 340 026,00;4;CAR;67,9;40,5;12;22;2022;2;1;0;3,25;3;https://www.cian.ru/sale/flat/298576264/
43 341 568,00;6;WAR;81,4;36,6;3;28;2022;2;1;0;3,12;3;https://www.cian.ru/sale/flat/298334195/
43 350 000,00;19;NAR;170;90;16;29;2019;5;0;1;3;4;https://www.cian.ru/sale/flat/293443964/
43 500 000,00;15;SAR;142,9;70,2;2;33;2011;13;0;0;2,8;4;https://www.cian.ru/sale/flat/295854360/
43 500 000,00;11;SWAR;66,7;37,5;6;18;2011;13;0;0;3;2;https://www.cian.ru/sale/flat/298381829/
43 500 000,00;9;CAR;57,2;37,5;4;12;1970;54;0;0;3;2;https://www.cian.ru/sale/flat/300542646/
43 500 000,00;2;CAR;110,4;37,5;2;7;1916;108;0;0;4;4;https://www.cian.ru/sale/flat/297301329/
43 524 000,00;6;CAR;80,6;37,5;4;4;1917;107;0;1;4;3;https://www.cian.ru/sale/flat/294599592/
43 600 000,00;5;CAR;90,3;37,5;3;3;1901;123;0;0;3,5;2;https://www.cian.ru/sale/flat/298324517/
43 600 000,00;1;WAR;80;58,3;12;25;2014;10;0;0;3;2;https://www.cian.ru/sale/flat/300346168/
43 608 000,00;19;NEAR;94,8;71,1;5;32;2023;1;1;0;3;3;https://www.cian.ru/sale/flat/298604111/
43 690 000,00;22;NAR;95;37,5;19;20;2022;2;0;0;3;3;https://www.cian.ru/sale/flat/298666298/
43 700 000,00;27;WAR;71,4;25,9;12;14;2023;1;1;0;3;2;https://www.cian.ru/sale/flat/299262101/
43 730 000,00;14;WAR;111,4;37,5;25;27;2022;2;1;0;3;3;https://www.cian.ru/sale/flat/299256400/
43 768 290,00;9;WAR;115,41;82;26;29;2023;1;1;0;3,3;4;https://www.cian.ru/sale/flat/297986145/
43 800 000,00;18;WAR;76;50;13;26;2019;5;0;0;3;3;https://www.cian.ru/sale/flat/297908676/
43 800 000,00;11;NAR;64;40;15;15;2019;5;0;0;3;2;https://www.cian.ru/sale/flat/299030814/
43 800 000,00;8;SAR;97,53;46;14;22;2023;1;1;0;3;3;https://www.cian.ru/sale/flat/299112394/
43 800 000,00;4;NWAR;82;37,5;23;49;2023;1;0;0;3;3;https://www.cian.ru/sale/flat/299433410/
43 847 699,00;6;CAR;78,23;56,8;13;14;2019;5;0;0;3;3;https://www.cian.ru/sale/flat/299773785/
43 900 000,00;11;NEAR;102,7;52,1;9;12;2022;2;1;0;3,25;3;https://www.cian.ru/sale/flat/300750641/
43 900 000,00;5;NEAR;86,6;43;4;14;2019;5;0;0;3;4;https://www.cian.ru/sale/flat/292405596/
43 900 000,00;5;WAR;106;37,5;31;39;2022;2;0;0;3,1;4;https://www.cian.ru/sale/flat/298534731/
43 900 653,00;6;SAR;75,3;53,2;15;15;2023;1;1;0;3,15;3;https://www.cian.ru/sale/flat/293204073/
43 906 720,00;10;NAR;104;37,5;33;43;2023;1;1;0;4,2;3;https://www.cian.ru/sale/flat/287735663/
43 950 000,00;21;SAR;95,4;53;28;46;2023;1;0;0;2,9;4;https://www.cian.ru/sale/flat/300662400/
43 950 000,00;20;SAR;95,3;53;28;46;2023;1;0;0;3;4;https://www.cian.ru/sale/flat/297366232/
44 000 000,00;28;WAR;70;37,5;2;14;2019;5;0;0;3,6;3;https://www.cian.ru/sale/flat/286552260/
44 000 000,00;16;WAR;70;31;13;21;2019;5;0;0;3;2;https://www.cian.ru/sale/flat/294965189/
44 000 000,00;16;WAR;140;98;12;22;2012;12;0;0;3;4;https://www.cian.ru/sale/flat/299847767/
44 000 000,00;15;WAR;87,5;37,5;15;22;2012;12;0;0;3;2;https://www.cian.ru/sale/flat/300842155/
44 000 000,00;13;NAR;59;15,5;12;12;2023;1;1;0;3;2;https://www.cian.ru/sale/flat/290431235/
44 000 000,00;12;SAR;94,2;37,5;2;41;2019;5;0;0;3;2;https://www.cian.ru/sale/flat/293675485/
44 000 000,00;11;CAR;53,6;37,5;28;29;2022;2;0;0;3;2;https://www.cian.ru/sale/flat/300660827/
44 000 000,00;11;CAR;66,7;37,5;12;23;2021;3;0;0;3,2;2;https://www.cian.ru/sale/flat/300337781/
44 000 000,00;10;CAR;80;53;4;5;1928;96;0;0;3;2;https://www.cian.ru/sale/flat/300539707/
44 000 000,00;10;SEAR;96,3;66,5;3;9;2019;5;0;0;3;4;https://www.cian.ru/sale/flat/299869126/
44 000 000,00;10;CAR;102,5;37,5;3;4;1930;94;0;0;3,4;4;https://www.cian.ru/sale/flat/298004713/
44 000 000,00;7;NAR;67;40;3;19;2019;5;0;0;3;3;https://www.cian.ru/sale/flat/299569505/
44 000 000,00;7;WAR;75;37,5;10;26;2021;3;0;0;3,2;3;https://www.cian.ru/sale/flat/292246278/
44 000 000,00;4;NWAR;82;37,5;29;49;2023;1;0;0;3;3;https://www.cian.ru/sale/flat/299226829/
44 000 000,00;2;NAR;92;60;41;59;2019;5;0;0;3;4;https://www.cian.ru/sale/flat/300664263/
44 040 000,00;9;WAR;68,8;24,6;13;14;2023;1;1;0;3;2;https://www.cian.ru/sale/flat/299262055/
44 072 325,00;25;SAR;69,1;25,6;9;16;2023;1;1;0;3,15;2;https://www.cian.ru/sale/flat/293203965/
44 096 000,00;19;NEAR;106;79,5;3;32;2023;1;1;0;3;3;https://www.cian.ru/sale/flat/298603960/
44 234 611,00;6;SAR;83,2;38,6;8;15;2023;1;1;0;3,15;3;https://www.cian.ru/sale/flat/293204083/
44 287 025,00;4;NEAR;111;37,5;11;15;2021;3;1;1;3;2;https://www.cian.ru/sale/flat/292035481/
44 300 000,00;27;WAR;108,6;65,1;25;28;2022;2;0;0;3;3;https://www.cian.ru/sale/flat/298378425/
44 300 000,00;18;WAR;75;50;10;26;2019;5;0;0;3;3;https://www.cian.ru/sale/flat/299655341/
44 424 100,00;10;WAR;87,4;32,9;12;28;2022;2;1;0;3,12;3;https://www.cian.ru/sale/flat/298334143/
44 444 000,00;17;NWAR;65,6;34,1;34;43;2023;1;1;0;3,15;2;https://www.cian.ru/sale/flat/295745235/
44 472 124,00;10;WAR;118,73;71,8;29;29;2023;1;1;0;3,3;3;https://www.cian.ru/sale/flat/297984122/
44 496 400,00;3;CAR;39,8;37,5;65;66;2020;4;1;1;3,9;1;https://www.cian.ru/sale/flat/300449719/
44 500 000,00;10;CAR;56,5;37,5;7;7;1900;124;0;1;3,7;3;https://www.cian.ru/sale/flat/300005747/
44 500 000,00;10;CAR;69;37,5;43;44;2018;6;0;0;3;2;https://www.cian.ru/sale/flat/267439381/
44 500 000,00;10;NWAR;106,8;66,3;11;53;2022;2;0;0;3;4;https://www.cian.ru/sale/flat/287728087/
44 500 000,00;7;SWAR;81;56;20;40;2012;12;0;0;3;3;https://www.cian.ru/sale/flat/299078813/
44 568 079,00;25;SAR;67,3;26,4;9;16;2023;1;1;0;3,15;2;https://www.cian.ru/sale/flat/293204012/
44 568 912,00;4;SAR;104,99;67,4;25;26;2023;1;1;0;2,87;3;https://www.cian.ru/sale/flat/284858743/
44 700 000,00;16;NWAR;61,2;37,5;35;37;2019;5;0;0;3,1;2;https://www.cian.ru/sale/flat/297210375/
44 700 000,00;12;NAR;81,9;41,5;6;12;2005;19;0;0;3;2;https://www.cian.ru/sale/flat/300705607/
44 702 800,00;11;NWAR;98,9;53,4;8;21;2023;1;1;0;3,1;3;https://www.cian.ru/sale/flat/299168023/
44 715 100,00;12;NEAR;90,7;68;3;37;2024;0;1;0;3;3;https://www.cian.ru/sale/flat/298603447/
44 796 518,00;10;NWAR;113;68,1;10;11;2022;2;1;0;3,02;4;https://www.cian.ru/sale/flat/290752384/
44 871 473,00;8;SWAR;71,4;37,5;22;25;2024;0;1;0;3,17;3;https://www.cian.ru/sale/flat/300451833/
44 900 000,00;18;EAR;134,7;77,8;1;6;1951;73;0;0;3,3;4;https://www.cian.ru/sale/flat/298451321/
44 900 000,00;11;NEAR;104;37,5;11;20;2022;2;0;0;3;3;https://www.cian.ru/sale/flat/300882669/
44 900 000,00;9;CAR;50;37,5;1;5;2020;4;0;1;3,4;2;https://www.cian.ru/sale/flat/296575726/
44 900 000,00;2;CAR;66,2;37,5;11;21;2023;1;1;1;3,15;3;https://www.cian.ru/sale/flat/298808405/
44 902 000,00;5;WAR;81;54;6;14;2019;5;0;0;3;3;https://www.cian.ru/sale/flat/298830282/
44 990 000,00;16;WAR;86,7;37,5;3;26;2000;24;0;0;3,1;2;https://www.cian.ru/sale/flat/300814017/
44 999 000,00;9;CAR;50;37,5;1;6;2020;4;1;1;3;2;https://www.cian.ru/sale/flat/299046325/
45 000 000,00;19;WAR;114;67,7;21;31;2023;1;0;0;3;4;https://www.cian.ru/sale/flat/300072056/
45 000 000,00;17;CAR;79;37,5;15;20;2019;5;0;0;3;3;https://www.cian.ru/sale/flat/293456282/
45 000 000,00;17;SEAR;95;37,5;7;22;2023;1;1;0;3;3;https://www.cian.ru/sale/flat/298915276/
45 000 000,00;17;SEAR;95;37,5;7;22;2019;5;0;0;3;3;https://www.cian.ru/sale/flat/298915380/
45 000 000,00;16;NWAR;100;75;1;19;2019;5;0;0;3;3;https://www.cian.ru/sale/flat/300346511/
45 000 000,00;15;NWAR;85,8;37,5;28;37;2019;5;0;1;3;3;https://www.cian.ru/sale/flat/289857578/
45 000 000,00;15;SEAR;111;64;12;28;2021;3;0;0;3,1;4;https://www.cian.ru/sale/flat/300068008/
45 000 000,00;15;WAR;155,4;110;3;22;2005;19;0;1;3,3;4;https://www.cian.ru/sale/flat/299738469/
45 000 000,00;13;CAR;45;37,5;3;7;2020;4;0;1;3;2;https://www.cian.ru/sale/flat/299914914/
45 000 000,00;13;CAR;62;25;33;44;2018;6;0;0;3;2;https://www.cian.ru/sale/flat/300020020/
45 000 000,00;12;CAR;107;37,5;5;22;2021;3;0;0;3;3;https://www.cian.ru/sale/flat/294311449/
45 000 000,00;12;NEAR;126;37,5;22;59;2015;9;0;0;3,05;4;https://www.cian.ru/sale/flat/292607901/
45 000 000,00;11;NWAR;71;36;8;36;2019;5;0;0;3;2;https://www.cian.ru/sale/flat/299414368/
45 000 000,00;10;NWAR;105,6;64;11;53;2022;2;0;0;3,1;4;https://www.cian.ru/sale/flat/287551063/
45 000 000,00;10;NWAR;108,2;37,5;11;58;2021;3;0;0;3;4;https://www.cian.ru/sale/flat/296325192/
45 000 000,00;9;CAR;50;37,5;1;6;2019;5;0;1;3,5;2;https://www.cian.ru/sale/flat/299369805/
45 000 000,00;9;WAR;101,1;47;6;27;2023;1;0;0;3,1;3;https://www.cian.ru/sale/flat/286172939/
45 000 000,00;8;NWAR;95,9;43;7;29;2008;16;0;0;3;3;https://www.cian.ru/sale/flat/289914568/
45 000 000,00;7;NAR;68,9;46;6;17;2019;5;0;1;3,1;3;https://www.cian.ru/sale/flat/300749281/
45 000 000,00;7;WAR;70,4;54;4;26;2021;3;1;0;3,3;3;https://www.cian.ru/sale/flat/290284647/
45 000 000,00;7;NAR;90,6;37,5;4;23;2007;17;0;0;3;2;https://www.cian.ru/sale/flat/294511036/
45 000 000,00;7;WAR;109,1;80;3;5;1936;88;0;0;3;4;https://www.cian.ru/sale/flat/300539752/
45 000 000,00;6;WAR;108;37,5;8;27;2022;2;0;0;6,36;4;https://www.cian.ru/sale/flat/295768868/
45 000 000,00;5;WAR;70;37,5;12;13;2019;5;0;0;3;2;https://www.cian.ru/sale/flat/299354171/
45 000 000,00;5;CAR;75;55;58;78;2020;4;0;1;3,9;2;https://www.cian.ru/sale/flat/299778855/
45 000 000,00;5;WAR;140;122;21;26;2000;24;0;0;3;4;https://www.cian.ru/sale/flat/288434405/
45 000 000,00;4;WAR;140;63;21;25;2000;24;0;0;3,2;4;https://www.cian.ru/sale/flat/299152549/
45 000 000,00;3;CAR;61;37,5;15;78;2020;4;0;1;3,9;2;https://www.cian.ru/sale/flat/298560309/
45 000 000,00;1;CAR;51;37,5;8;21;2016;8;0;1;3;2;https://www.cian.ru/sale/flat/298381402/
45 140 000,00;15;WAR;68,7;25,1;11;14;2023;1;1;0;3;2;https://www.cian.ru/sale/flat/296277589/
45 188 021,00;12;NWAR;83,6;38,1;16;33;2023;1;1;0;2,9;4;https://www.cian.ru/sale/flat/297460664/
45 190 740,00;5;SWAR;93,1;37,5;30;34;2023;1;1;0;3;4;https://www.cian.ru/sale/flat/300800772/
45 200 000,00;13;SAR;87;49;3;7;2023;1;0;0;3;3;https://www.cian.ru/sale/flat/297841539/
45 269 400,00;12;NEAR;108,3;81,2;13;37;2024;0;1;0;3;4;https://www.cian.ru/sale/flat/298603455/
45 278 000,00;5;WAR;72;41;2;14;2019;5;0;0;3;3;https://www.cian.ru/sale/flat/300192347/
45 335 090,00;8;NWAR;114,5;38,5;25;26;2024;0;1;0;3,02;2;https://www.cian.ru/sale/flat/290752475/
45 340 500,00;16;NWAR;90,5;37,5;3;6;2023;1;1;1;3,24;2;https://www.cian.ru/sale/flat/299370728/
45 357 109,00;4;NEAR;79,7;37,5;15;15;2021;3;1;1;3;2;https://www.cian.ru/sale/flat/292035528/
45 370 600,00;12;NEAR;90,2;67,7;8;37;2024;0;1;0;3;3;https://www.cian.ru/sale/flat/270707641/
45 384 090,00;24;SAR;97,7;37,3;19;28;2024;0;1;0;3;3;https://www.cian.ru/sale/flat/299226420/
45 412 576,00;24;SAR;95,4;50,8;23;28;2024;0;1;0;3,1;3;https://www.cian.ru/sale/flat/299226467/
45 500 000,00;9;WAR;70;37,5;20;24;2021;3;0;0;2,95;3;https://www.cian.ru/sale/flat/298223333/
45 500 000,00;4;CAR;71;46;3;6;1913;111;0;0;3;4;https://www.cian.ru/sale/flat/298637776/
45 800 000,00;15;WAR;78;37,5;36;52;2020;4;0;0;3;3;https://www.cian.ru/sale/flat/298534728/
45 800 000,00;10;WAR;78;32;36;53;2019;5;0;0;3;2;https://www.cian.ru/sale/flat/297716380/
45 800 000,00;7;NWAR;102,7;70;9;11;2012;12;0;0;3;4;https://www.cian.ru/sale/flat/300386394/
45 800 000,00;6;SAR;97,1;37,5;2;7;1940;84;0;0;3;3;https://www.cian.ru/sale/flat/298324265/
45 812 800,00;19;NEAR;109,6;82,2;4;32;2023;1;1;0;3;3;https://www.cian.ru/sale/flat/298604099/
45 823 834,00;10;WAR;134,39;73,5;29;29;2023;1;1;0;3,3;4;https://www.cian.ru/sale/flat/299583586/
45 830 000,00;15;WAR;68,7;25,1;12;14;2023;1;1;0;3;2;https://www.cian.ru/sale/flat/296277602/
45 849 000,00;19;NEAR;98,6;74;10;32;2023;1;1;0;3;3;https://www.cian.ru/sale/flat/298603990/
45 892 379,00;7;SAR;89,8;39,4;18;22;2023;1;1;0;3,15;3;https://www.cian.ru/sale/flat/293204381/
45 900 000,00;15;NAR;120;80;10;34;2019;5;0;0;3;3;https://www.cian.ru/sale/flat/292643004/
45 900 000,00;6;WAR;81,9;36,6;11;13;2022;2;0;0;3,12;3;https://www.cian.ru/sale/flat/295093034/
45 900 000,00;5;SWAR;132;85;5;14;1988;36;0;0;2,9;4;https://www.cian.ru/sale/flat/300734410/
45 900 000,00;2;CAR;65;42;4;8;1902;122;0;0;3;2;https://www.cian.ru/sale/flat/296565916/
45 966 010,00;9;WAR;129,76;82,6;29;30;2023;1;1;0;3,3;4;https://www.cian.ru/sale/flat/297984127/
45 976 295,00;4;SAR;95;66,4;4;19;2024;0;1;0;3;4;https://www.cian.ru/sale/flat/258098112/
45 983 645,00;17;NWAR;71,9;41,2;33;43;2023;1;1;0;3,15;3;https://www.cian.ru/sale/flat/294685038/
45 990 000,00;17;SWAR;86;46,3;8;15;1957;67;0;0;3;3;https://www.cian.ru/sale/flat/300074477/
46 000 000,00;15;WAR;46,4;37,5;8;11;2020;4;0;0;3,3;1;https://www.cian.ru/sale/flat/300549135/
46 000 000,00;12;SWAR;113,4;76;6;18;2005;19;0;0;3;3;https://www.cian.ru/sale/flat/269129840/
46 000 000,00;12;WAR;147;86;6;15;1994;30;0;0;3;4;https://www.cian.ru/sale/flat/296309335/
46 000 000,00;10;CAR;63;21;5;14;2013;11;0;0;3;1;https://www.cian.ru/sale/flat/266304398/
46 000 000,00;10;SAR;95,1;55,9;17;18;2007;17;0;0;2,75;3;https://www.cian.ru/sale/flat/300425115/
46 000 000,00;10;NWAR;108,5;64,3;41;53;2022;2;0;0;3,1;4;https://www.cian.ru/sale/flat/297047636/
46 000 000,00;10;NWAR;108,5;64,3;41;53;2022;2;0;0;3,1;3;https://www.cian.ru/sale/flat/299895032/
46 000 000,00;7;WAR;75;47;9;25;2019;5;0;0;3;3;https://www.cian.ru/sale/flat/295713890/
46 000 000,00;7;NEAR;103;52,1;8;19;2022;2;1;0;3;3;https://www.cian.ru/sale/flat/292607783/
46 100 000,00;15;NAR;140;37,5;16;30;2019;5;0;0;3;4;https://www.cian.ru/sale/flat/236086724/
46 100 000,00;13;CAR;61,5;36,5;2;8;2021;3;0;1;3;2;https://www.cian.ru/sale/flat/289806244/
46 117 927,00;10;WAR;122,71;80,4;26;29;2023;1;1;0;3,3;4;https://www.cian.ru/sale/flat/297986183/
46 125 000,00;17;NWAR;102,5;37,5;2;5;2023;1;1;1;3;3;https://www.cian.ru/sale/flat/300956037/
46 268 100,00;16;NWAR;90,9;37,5;3;6;2023;1;1;1;3,24;3;https://www.cian.ru/sale/flat/299370736/
46 270 858,00;19;SAR;94,3;37,5;4;6;2023;1;1;0;3,15;3;https://www.cian.ru/sale/flat/300800421/
46 280 000,00;8;WAR;75;26,6;10;14;2023;1;1;0;3;2;https://www.cian.ru/sale/flat/298893326/
46 304 360,00;6;WAR;93,2;43,6;2;28;2022;2;1;0;3,12;4;https://www.cian.ru/sale/flat/298334262/
46 426 500,00;4;WAR;162,9;55;10;15;2022;2;1;1;3;3;https://www.cian.ru/sale/flat/291982902/
46 440 000,00;14;NAR;86;47;3;27;2022;2;0;0;3;3;https://www.cian.ru/sale/flat/300509067/
46 490 000,00;13;NAR;75;41;4;41;2019;5;0;0;3;2;https://www.cian.ru/sale/flat/295896670/
46 500 000,00;15;CAR;86;65;4;11;1956;68;0;0;3;3;https://www.cian.ru/sale/flat/300539706/
46 500 000,00;13;NAR;74,7;37,5;4;37;2021;3;0;0;3;2;https://www.cian.ru/sale/flat/300670564/
46 500 000,00;11;NWAR;70;35;3;24;2019;5;0;0;3;2;https://www.cian.ru/sale/flat/300610100/
46 500 000,00;9;NWAR;96;37,5;2;46;2020;4;0;0;3,2;3;https://www.cian.ru/sale/flat/299011495/
46 500 000,00;9;CAR;121;62;2;13;1980;44;0;0;2,6;3;https://www.cian.ru/sale/flat/293938241/
46 500 000,00;8;SWAR;95,6;68,5;3;8;1954;70;0;0;3,1;4;https://www.cian.ru/sale/flat/291924489/
46 500 000,00;7;CAR;44,27;37,5;3;5;2021;3;0;1;3;2;https://www.cian.ru/sale/flat/289462347/
46 500 000,00;7;CAR;44,27;37,5;3;5;2019;5;0;1;3;2;https://www.cian.ru/sale/flat/297422422/
46 500 000,00;6;CAR;44;37,5;3;5;2021;3;0;1;3,4;2;https://www.cian.ru/sale/flat/294650795/
46 500 000,00;5;NWAR;142,6;70;18;25;2007;17;0;0;3;3;https://www.cian.ru/sale/flat/300872415/
46 510 000,00;9;CAR;111,95;47,1;4;35;2023;1;1;0;3,1;3;https://www.cian.ru/sale/flat/293376079/
46 545 000,00;19;NEAR;107;80,3;2;32;2023;1;1;0;3;3;https://www.cian.ru/sale/flat/270707517/
46 551 206,00;7;SAR;93,9;43,8;14;22;2023;1;1;0;3,15;3;https://www.cian.ru/sale/flat/293204378/
46 731 480,00;4;SAR;97,8;61,4;3;19;2024;0;1;0;3;4;https://www.cian.ru/sale/flat/258097986/
46 750 000,00;10;WAR;104;52;6;15;2023;1;0;0;3,1;3;https://www.cian.ru/sale/flat/299769502/
46 750 090,00;5;NWAR;110,9;51,9;20;20;2023;1;1;0;2,85;4;https://www.cian.ru/sale/flat/295023244/
46 855 074,00;18;SWAR;74,2;37,5;23;32;2021;3;1;0;3,1;2;https://www.cian.ru/sale/flat/296009970/
46 855 074,00;13;SWAR;74,2;35,1;23;32;2021;3;1;0;3,1;2;https://www.cian.ru/sale/flat/294207287/
46 860 800,00;19;NEAR;104,6;78,5;2;32;2023;1;1;0;3;3;https://www.cian.ru/sale/flat/275155902/
46 892 000,00;12;NEAR;128;37,5;49;59;2015;9;0;0;3,05;3;https://www.cian.ru/sale/flat/289413929/
46 897 080,00;24;SAR;95,4;50,8;25;28;2024;0;1;0;3,1;3;https://www.cian.ru/sale/flat/299226471/
46 898 000,00;5;WAR;73;44;11;14;2019;5;0;0;3;3;https://www.cian.ru/sale/flat/296263456/
46 899 000,00;5;WAR;72,9;37,5;11;12;2019;5;0;0;3;3;https://www.cian.ru/sale/flat/300650911/
46 899 000,00;5;WAR;73;51;3;12;2019;5;0;0;3;3;https://www.cian.ru/sale/flat/299059642/
46 900 000,00;7;NAR;77,9;45;14;28;2021;3;0;0;3,1;3;https://www.cian.ru/sale/flat/300792895/
46 900 000,00;5;WAR;72,9;37,5;11;14;2019;5;0;0;3,4;3;https://www.cian.ru/sale/flat/295336586/
46 912 824,00;8;SWAR;85,2;37,5;5;25;2024;0;1;0;3,17;3;https://www.cian.ru/sale/flat/294550053/
46 930 475,00;12;NWAR;66,98;33,2;13;32;2023;1;1;0;3;2;https://www.cian.ru/sale/flat/300011576/
46 939 600,00;12;NEAR;95,6;71,7;33;37;2024;0;1;0;3;3;https://www.cian.ru/sale/flat/272494182/
46 966 924,00;5;WAR;83,89;37,5;44;57;2024;0;1;0;2,9;2;https://www.cian.ru/sale/flat/290418618/
46 968 827,00;10;WAR;80,5;33,3;12;28;2022;2;1;0;3,12;3;https://www.cian.ru/sale/flat/298334147/
46 971 708,00;10;NWAR;99,9;60,5;26;26;2022;2;1;0;3,02;3;https://www.cian.ru/sale/flat/290753555/
46 990 000,00;13;WAR;100;62,5;5;11;2019;5;0;0;3;3;https://www.cian.ru/sale/flat/294206691/
46 990 000,00;5;CAR;85,87;37,5;36;51;2022;2;0;0;3,1;3;https://www.cian.ru/sale/flat/296462468/
47 000 000,00;18;NWAR;72,2;37,5;19;44;2023;1;1;0;3;3;https://www.cian.ru/sale/flat/298578210/
47 000 000,00;15;WAR;47;37,5;8;11;2020;4;0;0;3,3;2;https://www.cian.ru/sale/flat/300299710/
47 000 000,00;14;SAR;79,5;56,5;4;5;1957;67;0;0;2,8;3;https://www.cian.ru/sale/flat/298604697/
47 000 000,00;11;SWAR;95;47;11;24;2018;6;0;0;3,08;2;https://www.cian.ru/sale/flat/297552348/
47 000 000,00;11;SEAR;120;70;7;13;2019;5;0;0;3,2;4;https://www.cian.ru/sale/flat/296078113/
47 000 000,00;8;CAR;83,6;37,5;7;15;1997;27;0;0;2,75;3;https://www.cian.ru/sale/flat/299564852/
47 000 000,00;6;WAR;101,5;80;2;7;2006;18;0;0;3,1;3;https://www.cian.ru/sale/flat/300922355/
47 000 000,00;5;WAR;144;37,5;19;27;2004;20;0;0;3;4;https://www.cian.ru/sale/flat/300612059/
47 000 000,00;4;NEAR;128;37,5;14;58;2014;10;0;0;3;3;https://www.cian.ru/sale/flat/246930837/
47 000 000,00;2;EAR;115;64;10;10;2003;21;0;0;3,5;4;https://www.cian.ru/sale/flat/300138207/
47 021 400,00;19;NEAR;103,8;77,9;11;32;2023;1;1;0;3;3;https://www.cian.ru/sale/flat/270707497/
47 034 078,00;24;SAR;97,2;42,7;22;28;2024;0;1;0;3;3;https://www.cian.ru/sale/flat/299226413/
47 041 200,00;8;CAR;71,6;66,6;35;51;2023;1;1;0;3;2;https://www.cian.ru/sale/flat/300331468/
47 080 000,00;17;NWAR;85,6;37,5;5;5;2023;1;1;1;3;3;https://www.cian.ru/sale/flat/300956047/
47 200 000,00;14;WAR;95;50;8;16;2018;6;0;1;3;3;https://www.cian.ru/sale/flat/299859415/
47 253 007,00;24;SAR;96,5;40,4;26;28;2024;0;1;0;3,1;3;https://www.cian.ru/sale/flat/299226478/
47 337 000,00;10;NEAR;93;69,8;11;34;2022;2;1;0;3,1;3;https://www.cian.ru/sale/flat/298604128/
47 450 000,00;13;NAR;60;37,5;2;37;2021;3;0;0;3;2;https://www.cian.ru/sale/flat/299414804/
47 500 000,00;13;NWAR;103;60;9;36;2020;4;0;0;3,2;3;https://www.cian.ru/sale/flat/300952530/
47 500 000,00;9;CAR;70,8;35,2;3;5;2019;5;0;0;3;2;https://www.cian.ru/sale/flat/299948643/
47 500 000,00;6;CAR;52;29,7;2;6;1978;46;0;0;3;2;https://www.cian.ru/sale/flat/300731423/
47 500 000,00;6;SAR;127,2;87,9;2;16;2023;1;0;0;3;4;https://www.cian.ru/sale/flat/300295612/
47 500 000,00;5;WAR;75;41,6;4;14;2019;5;0;0;3,2;3;https://www.cian.ru/sale/flat/300422156/
47 550 000,00;8;WAR;75;26,6;13;14;2023;1;1;0;3;2;https://www.cian.ru/sale/flat/296277850/
47 660 280,00;5;SWAR;102,1;37,5;19;34;2023;1;1;0;3;4;https://www.cian.ru/sale/flat/301047102/
47 676 600,00;13;SWAR;121,5;52,3;3;32;2021;3;1;0;3,1;3;https://www.cian.ru/sale/flat/264100277/
47 692 700,00;5;SWAR;95,5;37,5;22;34;2023;1;1;0;3;3;https://www.cian.ru/sale/flat/300761729/
47 697 617,00;10;WAR;125,18;82,2;29;29;2023;1;1;0;3,3;4;https://www.cian.ru/sale/flat/297986192/
47 701 200,00;10;NEAR;93,9;70,4;11;34;2022;2;1;0;3,1;3;https://www.cian.ru/sale/flat/298604132/
47 708 400,00;10;NEAR;95,8;71,9;11;34;2022;2;1;0;3,1;3;https://www.cian.ru/sale/flat/298604122/
47 710 052,00;5;SAR;109,07;66,8;26;27;2023;1;1;0;2,87;3;https://www.cian.ru/sale/flat/292263382/
47 800 000,00;9;WAR;73;57;9;14;2019;5;0;0;3,4;3;https://www.cian.ru/sale/flat/294997017/
47 809 400,00;7;NWAR;91,6;49,2;2;15;2023;1;1;0;3,23;3;https://www.cian.ru/sale/flat/299578036/
47 884 780,00;24;SAR;94,2;45,4;16;16;2023;1;1;0;3,15;3;https://www.cian.ru/sale/flat/293204024/
47 925 000,00;13;SWAR;125;54,2;2;32;2021;3;1;0;3,1;3;https://www.cian.ru/sale/flat/290914438/
47 950 000,00;11;NEAR;108;37,5;13;20;2022;2;0;0;3;3;https://www.cian.ru/sale/flat/298515260/
47 999 990,00;4;WAR;76,4;37,5;27;34;2022;2;0;0;3,1;3;https://www.cian.ru/sale/flat/299173427/
48 000 000,00;18;WAR;80;42;19;28;2011;13;0;0;3;2;https://www.cian.ru/sale/flat/300305064/
48 000 000,00;17;WAR;64,4;19,3;10;34;2024;0;1;1;3;2;https://www.cian.ru/sale/flat/299405481/
48 000 000,00;17;WAR;64,4;41,7;10;34;2023;1;0;1;3,2;2;https://www.cian.ru/sale/flat/299341036/
48 000 000,00;16;NWAR;73,4;37,5;8;19;2019;5;0;0;3;2;https://www.cian.ru/sale/flat/300439382/
48 000 000,00;11;CAR;76;37,5;4;5;1926;98;0;0;3,2;4;https://www.cian.ru/sale/flat/299525140/
48 000 000,00;11;NWAR;82;37,5;7;38;2015;9;0;0;3,13;3;https://www.cian.ru/sale/flat/295969470/
48 000 000,00;10;NWAR;103,4;53,3;4;14;2023;1;1;0;3;4;https://www.cian.ru/sale/flat/295967581/
48 000 000,00;8;CAR;65;37,5;7;14;1939;85;0;0;3,2;2;https://www.cian.ru/sale/flat/294645886/
48 000 000,00;8;EAR;110;59,1;13;22;2019;5;0;0;3;3;https://www.cian.ru/sale/flat/299138596/
48 000 000,00;5;WAR;220;113;4;25;2000;24;0;0;3;4;https://www.cian.ru/sale/flat/299540611/
48 000 000,00;3;WAR;65;37,5;7;14;1955;69;0;0;3,2;2;https://www.cian.ru/sale/flat/298754084/
48 000 000,00;3;WAR;67;50;7;14;1955;69;0;0;3;2;https://www.cian.ru/sale/flat/300539733/
48 000 000,00;3;WAR;125;84;2;28;2021;3;0;0;3;4;https://www.cian.ru/sale/flat/298434619/
48 014 477,00;19;SAR;105;63;6;11;2024;0;1;0;2,97;3;https://www.cian.ru/sale/flat/288141395/
48 042 000,00;12;SWAR;141,3;82,8;29;31;2019;5;0;0;3,1;4;https://www.cian.ru/sale/flat/299093729/
48 060 207,00;5;SAR;110,5;37,5;3;24;2023;1;1;0;3,15;3;https://www.cian.ru/sale/flat/300783116/
48 066 147,00;7;SAR;86,5;39,2;19;22;2023;1;1;0;3,15;3;https://www.cian.ru/sale/flat/293204417/
48 168 000,00;19;NEAR;111,5;83,6;11;32;2023;1;1;0;3;3;https://www.cian.ru/sale/flat/275156027/
48 170 405,00;7;SAR;93,1;44,8;29;40;2023;1;1;0;3,15;3;https://www.cian.ru/sale/flat/293203870/
48 186 080,00;19;SEAR;90,4;33,2;12;13;2023;1;1;0;3;3;https://www.cian.ru/sale/flat/300127746/
48 217 808,00;6;SAR;86,1;47,5;15;15;2023;1;1;0;3,15;3;https://www.cian.ru/sale/flat/293204095/
48 223 003,00;10;WAR;103;53,9;2;28;2022;2;1;0;3,12;4;https://www.cian.ru/sale/flat/298334117/
48 374 600,00;9;CAR;99,78;29,8;36;51;2019;5;1;0;3,1;2;https://www.cian.ru/sale/flat/293376108/
48 424 200,00;8;SWAR;87;37,5;19;25;2024;0;1;0;3,17;3;https://www.cian.ru/sale/flat/296330621/
48 446 580,00;19;SEAR;84,6;42,4;13;14;2023;1;1;0;3;3;https://www.cian.ru/sale/flat/300165816/
48 500 000,00;17;CAR;90,8;54,1;13;23;2008;16;0;0;3,1;3;https://www.cian.ru/sale/flat/300818689/
48 500 000,00;6;CAR;53,5;37,5;51;78;2020;4;0;1;3,9;2;https://www.cian.ru/sale/flat/300606832/
48 500 000,00;5;CAR;81;49,4;1;5;1905;119;0;0;3,5;4;https://www.cian.ru/sale/flat/299118069/
48 500 000,00;5;NWAR;83,5;50;23;43;2023;1;0;0;3,1;3;https://www.cian.ru/sale/flat/300059837/
48 549 600,00;13;SWAR;122,6;36,2;5;32;2021;3;1;0;3,1;3;https://www.cian.ru/sale/flat/264100295/
48 553 400,00;19;NEAR;110,6;83;9;32;2023;1;1;0;3;3;https://www.cian.ru/sale/flat/275155915/
48 600 000,00;9;SAR;96,5;43;34;48;2023;1;0;0;3,3;3;https://www.cian.ru/sale/flat/290020370/
48 657 600,00;11;SWAR;98,1;37,5;24;34;2023;1;1;0;3;4;https://www.cian.ru/sale/flat/300800760/
48 680 580,00;5;SWAR;89,8;37,5;31;34;2023;1;1;0;3;3;https://www.cian.ru/sale/flat/300783442/
48 700 000,00;3;WAR;81,6;37,5;23;39;2022;2;0;0;3,1;3;https://www.cian.ru/sale/flat/300759720/
48 726 508,00;9;WAR;100,2;54,2;7;15;2022;2;1;0;3,12;4;https://www.cian.ru/sale/flat/298334395/
48 728 325,00;16;NWAR;91,5;53,6;15;23;2023;1;1;0;3,15;3;https://www.cian.ru/sale/flat/289786031/
48 740 000,00;8;WAR;77,6;37,5;13;14;2023;1;1;0;3;2;https://www.cian.ru/sale/flat/296277857/
48 759 256,00;6;WAR;83,8;34,1;25;28;2022;2;1;0;3,12;3;https://www.cian.ru/sale/flat/298334250/
48 800 000,00;13;NAR;72;42;16;40;2021;3;0;0;3,1;2;https://www.cian.ru/sale/flat/300445049/
48 800 000,00;6;CAR;118;40;7;14;2022;2;0;1;3,4;3;https://www.cian.ru/sale/flat/299795305/
48 800 000,00;1;NAR;67;47;8;15;2019;5;0;1;3;3;https://www.cian.ru/sale/flat/297129399/
48 918 870,00;27;NEAR;126,7;70,4;4;22;2023;1;1;0;2,83;4;https://www.cian.ru/sale/flat/300918253/
48 984 168,00;17;NWAR;76,6;42,6;2;43;2023;1;1;0;3,15;3;https://www.cian.ru/sale/flat/292613228/
48 986 250,00;18;WAR;87,5;25,3;36;36;2024;0;1;0;3,2;3;https://www.cian.ru/sale/flat/299121972/
49 000 000,00;19;WAR;123,3;37,5;11;24;2009;15;0;0;3;2;https://www.cian.ru/sale/flat/299061784/
49 000 000,00;18;WAR;102;37,5;16;22;2020;4;0;0;3;4;https://www.cian.ru/sale/flat/299654107/
49 000 000,00;15;NAR;150;80;3;32;2008;16;0;0;3,1;4;https://www.cian.ru/sale/flat/300371954/
49 000 000,00;12;SWAR;113,6;72,3;19;28;2009;15;0;0;3;3;https://www.cian.ru/sale/flat/299531732/
49 000 000,00;11;SWAR;91;64,1;4;8;1956;68;0;0;3;4;https://www.cian.ru/sale/flat/300342326/
49 000 000,00;8;WAR;77,4;27,4;12;14;2023;1;1;0;3;2;https://www.cian.ru/sale/flat/298893334/
49 000 000,00;8;EAR;129,11;72,7;2;22;2009;15;0;0;3;4;https://www.cian.ru/sale/flat/289686269/
49 000 000,00;6;CAR;80;49,2;5;5;1891;133;0;0;3;3;https://www.cian.ru/sale/flat/300539729/
49 000 000,00;6;WAR;96,9;37,5;8;8;1945;79;0;0;3,2;3;https://www.cian.ru/sale/flat/299374465/
49 000 000,00;2;CAR;52,7;37,5;5;8;2022;2;0;1;3;2;https://www.cian.ru/sale/flat/296060032/
49 064 750,00;8;SWAR;87,5;37,5;20;25;2024;0;1;0;3,17;3;https://www.cian.ru/sale/flat/300451831/
49 100 000,00;15;CAR;55,7;37,5;4;21;2017;7;0;0;3,2;2;https://www.cian.ru/sale/flat/298977332/
49 190 080,00;19;SEAR;85,6;29,2;13;13;2023;1;1;0;3;3;https://www.cian.ru/sale/flat/300127745/
49 222 656,00;27;SAR;106,6;74,9;5;15;2023;1;1;0;3,15;3;https://www.cian.ru/sale/flat/293637037/
49 263 500,00;8;WAR;75,79;37,5;6;11;2024;0;1;0;3;3;https://www.cian.ru/sale/flat/286545629/
49 490 000,00;6;WAR;106,9;51,6;6;13;2022;2;0;0;3,1;4;https://www.cian.ru/sale/flat/289558809/
49 500 000,00;18;WAR;103,1;37,5;12;28;2011;13;0;0;3;3;https://www.cian.ru/sale/flat/299059095/
49 500 000,00;14;NWAR;98,2;58,2;18;19;2019;5;0;0;3,2;3;https://www.cian.ru/sale/flat/296064943/
49 500 000,00;12;NWAR;86,5;64;21;36;2019;5;0;1;3;3;https://www.cian.ru/sale/flat/299611000/
49 500 000,00;5;CAR;87,1;37,5;2;4;1932;92;0;0;3;3;https://www.cian.ru/sale/flat/300016466/
49 500 000,00;3;NEAR;80;37,5;50;55;2024;0;1;0;3;3;https://www.cian.ru/sale/flat/292941932/
49 656 907,00;4;NEAR;123,4;37,5;11;15;2021;3;1;1;3;3;https://www.cian.ru/sale/flat/294702843/
49 700 000,00;13;SAR;130;80;28;33;2019;5;0;0;3;4;https://www.cian.ru/sale/flat/296564081/
49 760 000,00;27;WAR;91,8;40,9;7;14;2023;1;1;0;3;3;https://www.cian.ru/sale/flat/299262107/
49 798 312,00;2;SWAR;96,4;37,5;21;25;2024;0;1;0;3,65;3;https://www.cian.ru/sale/flat/296747293/
49 800 000,00;17;WAR;90;60;7;17;2021;3;0;0;3;4;https://www.cian.ru/sale/flat/299957020/
49 800 000,00;13;SWAR;123,9;79;16;32;2019;5;0;0;3,2;3;https://www.cian.ru/sale/flat/300466773/
49 800 000,00;2;NAR;67,8;36;10;16;2023;1;0;1;3,1;3;https://www.cian.ru/sale/flat/297999736/
49 812 523,00;6;WAR;107;54,8;5;28;2022;2;1;0;3,12;4;https://www.cian.ru/sale/flat/298334313/
49 856 500,00;9;CAR;113,69;53,9;8;14;2019;5;1;0;3,1;4;https://www.cian.ru/sale/flat/293376105/
49 875 587,00;12;CAR;65,2;38,6;5;9;2021;3;1;1;3,6;1;https://www.cian.ru/sale/flat/298329518/
49 881 989,00;4;CAR;83,9;53,3;3;22;2022;2;1;0;3,25;3;https://www.cian.ru/sale/flat/298576221/
49 900 000,00;17;NWAR;123;37,5;6;31;2019;5;0;0;3,1;4;https://www.cian.ru/sale/flat/291209565/
49 900 000,00;14;SAR;102,5;37,5;10;18;2019;5;0;0;3;4;https://www.cian.ru/sale/flat/298558458/
49 900 000,00;14;NAR;126;74;6;34;2019;5;0;0;3;4;https://www.cian.ru/sale/flat/292912365/
49 900 000,00;10;NWAR;82,3;37,5;20;57;2022;2;0;0;3,1;3;https://www.cian.ru/sale/flat/300776748/
49 900 000,00;8;NAR;65;37,5;8;24;2022;2;0;0;3,1;3;https://www.cian.ru/sale/flat/299169888/
49 900 000,00;8;NAR;65;30;8;24;2022;2;0;0;3;3;https://www.cian.ru/sale/flat/300214839/
49 900 000,00;8;NAR;65;37,5;8;21;2019;5;0;0;3;3;https://www.cian.ru/sale/flat/300509461/
49 900 000,00;7;SEAR;113;89;7;30;2012;12;0;0;3;4;https://www.cian.ru/sale/flat/298340818/
49 932 900,00;12;NWAR;98,1;56;18;21;2023;1;1;0;3,1;3;https://www.cian.ru/sale/flat/299168046/
49 950 000,00;5;WAR;236;37,5;2;26;2001;23;0;0;3;4;https://www.cian.ru/sale/flat/251638114/
49 950 000,00;5;WAR;236;37,5;2;25;2000;24;0;0;3;3;https://www.cian.ru/sale/flat/298804262/
49 990 000,00;3;CAR;55;30;6;6;2014;10;0;1;4;1;https://www.cian.ru/sale/flat/297235603/
50 000 000,00;20;SAR;97;37,5;34;46;2023;1;0;0;3;4;https://www.cian.ru/sale/flat/300989897/
50 000 000,00;20;SAR;110;43,6;37;46;2023;1;0;0;3,2;4;https://www.cian.ru/sale/flat/300368969/
50 000 000,00;13;WAR;98;68;7;41;2024;0;1;0;3;3;https://www.cian.ru/sale/flat/293779870/
50 000 000,00;12;NWAR;93;60;16;19;2018;6;0;0;3,1;4;https://www.cian.ru/sale/flat/298549610/
50 000 000,00;12;NAR;115;37,5;8;23;2008;16;0;0;3;3;https://www.cian.ru/sale/flat/296811013/
50 000 000,00;11;CAR;77;56;2;3;1895;129;0;0;3,8;2;https://www.cian.ru/sale/flat/300812063/
50 000 000,00;10;SWAR;162;87;6;15;1996;28;0;0;3;4;https://www.cian.ru/sale/flat/168785643/
50 000 000,00;9;WAR;86;37,5;15;23;2015;9;0;0;3;3;https://www.cian.ru/sale/flat/299328640/
50 000 000,00;9;WAR;112;72;9;22;2019;5;0;0;3;3;https://www.cian.ru/sale/flat/299024391/
50 000 000,00;8;WAR;109,2;62;32;39;2019;5;0;0;3,1;4;https://www.cian.ru/sale/flat/300664215/
50 000 000,00;5;WAR;70,2;37,5;10;14;2023;1;0;0;3,13;3;https://www.cian.ru/sale/flat/294265604/
50 000 000,00;5;NWAR;83,5;48,7;28;44;2023;1;0;0;3;3;https://www.cian.ru/sale/flat/298834128/
50 000 000,00;3;CAR;81;66;8;8;2019;5;0;0;3;3;https://www.cian.ru/sale/flat/300539749/
50 000 000,00;3;CAR;81;37,5;8;8;1910;114;0;0;3,4;3;https://www.cian.ru/sale/flat/300006012/
50 000 000,00;3;CAR;105;37,5;15;85;2016;8;0;1;3;2;https://www.cian.ru/sale/flat/300301168/
50 100 000,00;12;CAR;59,9;37,5;6;9;2021;3;1;1;3;1;https://www.cian.ru/sale/flat/291744422/
50 142 000,00;9;CAR;107,37;46,9;17;18;2023;1;1;0;3,1;3;https://www.cian.ru/sale/flat/293376073/
50 157 494,00;22;SAR;95,33;46,1;14;26;2023;1;1;0;3;3;https://www.cian.ru/sale/flat/288867475/
50 211 907,00;12;CAR;62,4;38,9;5;9;2021;3;1;1;3,6;1;https://www.cian.ru/sale/flat/298329516/
50 230 694,00;11;NEAR;106,1;37,5;22;22;2024;0;1;0;3;3;https://www.cian.ru/sale/flat/299765618/
50 240 000,00;27;WAR;91,5;46,1;6;13;2023;1;1;0;3,13;3;https://www.cian.ru/sale/flat/296278120/
50 266 949,00;11;NEAR;104,6;37,5;21;22;2024;0;1;0;3;3;https://www.cian.ru/sale/flat/300611005/
50 284 439,00;6;WAR;106,3;59,3;6;28;2022;2;1;0;3,12;4;https://www.cian.ru/sale/flat/298334233/
50 359 257,00;27;SAR;109,9;80;5;15;2023;1;1;0;3,15;3;https://www.cian.ru/sale/flat/293736507/
50 372 662,00;9;CAR;138,8;37,5;2;30;2020;4;1;0;3,2;4;https://www.cian.ru/sale/flat/300285570/
50 380 000,00;9;CAR;100;48,9;30;51;2023;1;1;0;3,1;4;https://www.cian.ru/sale/flat/293376098/
50 400 000,00;3;CAR;72;37,5;47;78;2019;5;0;1;3,9;2;https://www.cian.ru/sale/flat/296593210/
50 407 380,00;9;EAR;96,9;76,6;4;16;2021;3;0;0;3;4;https://www.cian.ru/sale/flat/296471511/
50 418 495,00;4;CAR;85,5;52,5;5;22;2022;2;1;0;3,25;3;https://www.cian.ru/sale/flat/298576223/
50 480 000,00;9;WAR;70,3;25,2;12;14;2023;1;1;0;3;2;https://www.cian.ru/sale/flat/299262044/
50 499 999,00;5;WAR;95,7;37,5;8;14;2019;5;0;0;3;4;https://www.cian.ru/sale/flat/300509153/
50 500 000,00;10;NWAR;96,5;58,8;26;58;2022;2;0;0;3;4;https://www.cian.ru/sale/flat/300568709/
50 600 000,00;10;WAR;103;37,5;3;25;2005;19;0;0;3;3;https://www.cian.ru/sale/flat/296703405/
50 784 952,00;22;SAR;82,27;32,1;15;16;2023;1;1;0;3;2;https://www.cian.ru/sale/flat/290542282/
50 806 724,00;14;CAR;49,2;30,5;2;9;2021;3;1;0;3,6;1;https://www.cian.ru/sale/flat/298329420/
50 820 000,00;28;WAR;72,9;27,9;12;13;2023;1;1;0;3,58;2;https://www.cian.ru/sale/flat/296277900/
50 864 200,00;9;CAR;113,89;59,3;12;35;2023;1;1;0;3,1;3;https://www.cian.ru/sale/flat/293376081/
50 894 634,00;6;CAR;60,4;37,5;2;7;1914;110;0;0;3;2;https://www.cian.ru/sale/flat/277370296/
50 900 000,00;10;NWAR;121;90;2;6;2019;5;0;0;3;3;https://www.cian.ru/sale/flat/296403911/
50 908 916,00;7;SAR;85,3;44,7;24;40;2023;1;1;0;3,15;3;https://www.cian.ru/sale/flat/293203944/
50 936 201,00;10;WAR;100,3;50,9;14;28;2022;2;1;0;3,12;4;https://www.cian.ru/sale/flat/298334109/
50 962 200,00;21;SWAR;94,2;37,5;28;42;2023;1;1;0;3;4;https://www.cian.ru/sale/flat/300800475/
51 000 000,00;28;WAR;91,5;37,5;10;14;2019;5;0;0;3;4;https://www.cian.ru/sale/flat/300509151/
51 000 000,00;17;WAR;51,3;37,5;11;34;2024;0;1;1;3;2;https://www.cian.ru/sale/flat/299744201/
51 000 000,00;17;NWAR;128;90;25;31;2019;5;0;0;3,1;3;https://www.cian.ru/sale/flat/299893202/
51 000 000,00;15;SAR;100;37,5;5;9;1940;84;0;0;3;3;https://www.cian.ru/sale/flat/300006000/
51 000 000,00;13;NAR;100,6;37,5;5;8;1940;84;0;0;3,2;4;https://www.cian.ru/sale/flat/299658488/
51 000 000,00;10;CAR;75,6;43,8;7;9;1946;78;0;0;3,2;3;https://www.cian.ru/sale/flat/297675648/
51 000 000,00;8;NAR;83;64;3;36;2021;3;0;0;3,2;3;https://www.cian.ru/sale/flat/295139426/
51 000 000,00;8;WAR;84,8;44;16;39;2022;2;0;0;3;3;https://www.cian.ru/sale/flat/300843917/
51 000 000,00;7;SAR;100,8;60;9;22;2023;1;1;0;3;4;https://www.cian.ru/sale/flat/291917483/
51 000 000,00;5;NAR;70;31;23;24;2023;1;0;0;3;3;https://www.cian.ru/sale/flat/300436382/
51 000 000,00;5;NAR;70,1;37,5;23;24;2023;1;0;0;3;2;https://www.cian.ru/sale/flat/300512095/
51 000 000,00;4;WAR;84,8;52;16;39;2022;2;0;0;2,9;4;https://www.cian.ru/sale/flat/299738263/
51 000 000,00;3;CAR;105,3;58,7;4;5;2019;5;0;0;3;2;https://www.cian.ru/sale/flat/298908021/
51 061 106,00;10;WAR;96,9;52,1;14;28;2022;2;1;0;3,12;4;https://www.cian.ru/sale/flat/298334037/
51 076 223,00;24;SAR;101,47;54,2;5;12;2023;1;1;0;3;3;https://www.cian.ru/sale/flat/299911117/
51 076 299,00;27;SAR;107,9;62,6;11;15;2023;1;1;0;3,15;3;https://www.cian.ru/sale/flat/300444159/
51 100 000,00;3;CAR;73;37,5;37;78;2019;5;0;1;3,9;2;https://www.cian.ru/sale/flat/296702605/
51 132 480,00;13;SWAR;108,7;55,4;27;32;2021;3;1;0;3,1;3;https://www.cian.ru/sale/flat/264144805/
51 140 277,00;7;SAR;85,2;44,7;28;40;2023;1;1;0;3,15;3;https://www.cian.ru/sale/flat/297678055/
51 142 400,00;7;NWAR;77,9;30,4;14;15;2023;1;1;0;3,23;2;https://www.cian.ru/sale/flat/295343738/
51 165 641,00;9;WAR;103,2;53,8;15;15;2022;2;1;0;3,4;4;https://www.cian.ru/sale/flat/298334403/
51 180 000,00;9;WAR;70,2;25,2;13;14;2023;1;1;0;3;2;https://www.cian.ru/sale/flat/299262043/
51 216 400,00;9;CAR;117,24;55,7;12;35;2023;1;1;0;3,1;4;https://www.cian.ru/sale/flat/293376084/
51 300 000,00;14;NWAR;124,4;77,6;5;7;2019;5;0;0;3;4;https://www.cian.ru/sale/flat/293739181/
51 420 600,00;13;SWAR;117,6;58,9;27;32;2021;3;1;0;3,1;3;https://www.cian.ru/sale/flat/264100213/
51 480 000,00;6;CAR;114,4;37,5;3;18;2017;7;0;1;3;3;https://www.cian.ru/sale/flat/297045342/
51 500 000,00;15;SAR;102,3;59;4;21;2023;1;0;0;3;4;https://www.cian.ru/sale/flat/295805048/
51 500 000,00;14;WAR;96;37,5;3;16;2018;6;0;1;3;3;https://www.cian.ru/sale/flat/300396734/
51 500 000,00;13;CAR;69,4;37,5;39;44;2018;6;0;1;3;2;https://www.cian.ru/sale/flat/300768152/
51 500 000,00;9;NAR;78;37,5;4;15;2018;6;0;1;3;2;https://www.cian.ru/sale/flat/293548696/
51 500 000,00;1;NAR;125;37,5;16;18;2002;22;0;0;3;3;https://www.cian.ru/sale/flat/297173722/
51 504 000,00;14;SWAR;139,2;37,5;19;23;2022;2;1;0;3;4;https://www.cian.ru/sale/flat/283750191/
51 584 345,00;6;WAR;105,9;58;7;28;2022;2;1;0;3,12;4;https://www.cian.ru/sale/flat/298334342/
51 624 000,00;11;NWAR;95,6;37,5;9;21;2022;2;1;1;3;3;https://www.cian.ru/sale/flat/299220701/
51 642 900,00;18;SWAR;83,7;37,5;25;32;2021;3;1;0;3,1;3;https://www.cian.ru/sale/flat/292522995/
51 734 400,00;17;NWAR;80;42,6;6;43;2023;1;1;0;3,15;3;https://www.cian.ru/sale/flat/292613234/
51 900 000,00;6;CAR;60,9;37,5;4;13;2019;5;0;1;3;1;https://www.cian.ru/sale/flat/291376553/
51 980 000,00;28;WAR;92;40,9;10;14;2023;1;1;0;3;3;https://www.cian.ru/sale/flat/296277975/
51 983 138,00;24;SAR;93,2;45,2;16;16;2023;1;1;0;3,15;3;https://www.cian.ru/sale/flat/293204020/
51 990 000,00;11;EAR;176;130;7;19;2003;21;0;0;2,7;4;https://www.cian.ru/sale/flat/290247663/
52 000 000,00;20;CAR;85;37,5;6;22;2004;20;0;0;3;2;https://www.cian.ru/sale/flat/294267190/
52 000 000,00;19;CAR;85;50;6;22;2019;5;0;0;3;2;https://www.cian.ru/sale/flat/293949943/
52 000 000,00;15;NAR;117;85;9;34;2019;5;0;0;3;4;https://www.cian.ru/sale/flat/300146140/
52 000 000,00;13;NAR;69,3;37,5;3;5;2021;3;0;0;3;2;https://www.cian.ru/sale/flat/300861926/
52 000 000,00;11;NAR;70,6;46;9;36;2021;3;0;0;3;3;https://www.cian.ru/sale/flat/300861931/
52 000 000,00;11;NEAR;103;52;3;20;2022;2;0;0;3;3;https://www.cian.ru/sale/flat/300571581/
52 000 000,00;9;CAR;50,75;37,5;3;21;2023;1;0;0;3;2;https://www.cian.ru/sale/flat/299812154/
52 000 000,00;9;CAR;50,8;15,3;3;21;2019;5;0;0;3;1;https://www.cian.ru/sale/flat/299054058/
52 000 000,00;9;CAR;51;37,5;3;21;2022;2;0;0;3;2;https://www.cian.ru/sale/flat/300822469/
52 000 000,00;9;CAR;51;37,5;3;21;2019;5;0;0;3;2;https://www.cian.ru/sale/flat/297459147/
52 000 000,00;9;CAR;51;37,5;3;20;2019;5;0;0;3,1;2;https://www.cian.ru/sale/flat/300661218/
52 000 000,00;9;CAR;101;73;3;9;1937;87;0;0;3;4;https://www.cian.ru/sale/flat/300539859/
52 000 000,00;9;WAR;139;93;3;22;2006;18;0;0;3,1;4;https://www.cian.ru/sale/flat/300991643/
52 000 000,00;8;CAR;41;27;12;21;2021;3;0;0;3,2;1;https://www.cian.ru/sale/flat/300369462/
52 000 000,00;8;CAR;100;60;5;10;1930;94;0;0;3,2;3;https://www.cian.ru/sale/flat/300852360/
52 000 000,00;8;WAR;105,6;58;12;28;2019;5;0;0;3;4;https://www.cian.ru/sale/flat/299601548/
52 000 000,00;7;CAR;51;37,5;3;21;2019;5;0;0;3;2;https://www.cian.ru/sale/flat/300650875/
52 000 000,00;7;CAR;53,35;37,5;4;21;2019;5;0;0;3;2;https://www.cian.ru/sale/flat/300571814/
52 000 000,00;5;CAR;60;47;45;78;2020;4;0;1;3,5;2;https://www.cian.ru/sale/flat/299990588/
52 000 000,00;5;CAR;62,5;37,5;3;10;2000;24;0;0;3;3;https://www.cian.ru/sale/flat/300727469/
52 000 000,00;5;WAR;69,23;37,5;3;13;2019;5;0;0;3;2;https://www.cian.ru/sale/flat/297131630/
52 000 000,00;5;NWAR;83,5;48,7;25;44;2019;5;0;0;3;3;https://www.cian.ru/sale/flat/298973379/
52 000 000,00;4;NEAR;160;90;3;4;2015;9;0;0;3,3;4;https://www.cian.ru/sale/flat/297135718/
52 000 000,00;3;CAR;106,9;37,5;9;85;2016;8;0;1;3;3;https://www.cian.ru/sale/flat/298475730/
52 000 000,00;2;SAR;92;54;9;12;2019;5;0;0;2,8;3;https://www.cian.ru/sale/flat/300464111/
52 025 537,00;6;WAR;96,8;47,3;17;28;2022;2;1;0;3,12;4;https://www.cian.ru/sale/flat/298334292/
52 040 000,00;27;WAR;92,1;30,3;11;13;2023;1;1;0;3,13;2;https://www.cian.ru/sale/flat/296278125/
52 147 800,00;5;WAR;89,91;37,5;22;57;2024;0;1;0;2,9;3;https://www.cian.ru/sale/flat/295072442/
52 251 760,00;7;NWAR;76,4;29,6;14;15;2023;1;1;0;3,23;2;https://www.cian.ru/sale/flat/299578034/
52 260 000,00;27;WAR;91,2;46,1;8;13;2023;1;1;0;3,13;3;https://www.cian.ru/sale/flat/296278119/
52 294 482,00;13;SWAR;127,8;75,3;2;32;2021;3;1;0;3,1;3;https://www.cian.ru/sale/flat/276222596/
52 308 436,00;19;SAR;98,7;37,5;4;6;2023;1;1;0;3,15;3;https://www.cian.ru/sale/flat/300761673/
52 500 000,00;17;WAR;64;32;15;32;2023;1;0;1;3;2;https://www.cian.ru/sale/flat/300555057/
52 598 808,00;5;SWAR;124,4;37,5;21;25;2024;0;1;0;3,17;4;https://www.cian.ru/sale/flat/294550010/
52 600 000,00;4;SAR;65,8;37,5;4;19;2018;6;0;0;3,1;2;https://www.cian.ru/sale/flat/295807939/
52 648 461,00;22;SAR;97,43;52,5;14;14;2023;1;1;0;3;3;https://www.cian.ru/sale/flat/284859237/
52 679 547,00;5;NWAR;111,6;51,9;11;20;2023;1;1;0;2,85;4;https://www.cian.ru/sale/flat/299067135/
52 708 069,00;25;SAR;101,8;60,8;3;16;2023;1;1;0;3,15;4;https://www.cian.ru/sale/flat/293204000/
52 800 000,00;11;CAR;143;37,5;11;30;2022;2;0;0;3;4;https://www.cian.ru/sale/flat/299673926/
52 900 000,00;14;NWAR;80;42;10;24;2019;5;0;0;3;3;https://www.cian.ru/sale/flat/294159233/
52 900 000,00;7;SWAR;121,9;37,5;33;34;2019;5;0;0;3,55;4;https://www.cian.ru/sale/flat/299382102/
52 971 000,00;5;WAR;100;37,5;2;14;2019;5;0;0;3;4;https://www.cian.ru/sale/flat/300509161/
52 990 000,00;13;NAR;83,67;65,4;5;12;2023;1;0;0;3;3;https://www.cian.ru/sale/flat/299606888/
52 990 000,00;13;NAR;85,7;39;5;12;2023;1;0;0;3,2;3;https://www.cian.ru/sale/flat/299603765/
53 000 000,00;27;WAR;92;30,3;12;13;2023;1;1;0;3,13;2;https://www.cian.ru/sale/flat/296278123/
53 000 000,00;20;SAR;87;40;6;18;2021;3;0;0;3;3;https://www.cian.ru/sale/flat/297079276/
53 000 000,00;19;EAR;92;68;5;19;2019;5;0;0;3;4;https://www.cian.ru/sale/flat/298562985/
53 000 000,00;13;NAR;94;70;14;20;2020;4;0;1;3,1;3;https://www.cian.ru/sale/flat/284613296/
53 000 000,00;13;NAR;94;60;14;20;2019;5;0;1;2,9;3;https://www.cian.ru/sale/flat/272037601/
53 000 000,00;11;WAR;68,4;25,1;9;13;2022;2;0;0;2,9;2;https://www.cian.ru/sale/flat/300503296/
53 000 000,00;11;NEAR;93,6;48;4;9;2019;5;0;0;3,25;3;https://www.cian.ru/sale/flat/299789718/
53 000 000,00;11;CAR;143,5;66,7;11;29;2023;1;0;0;3;3;https://www.cian.ru/sale/flat/291778194/
53 000 000,00;10;CAR;114;67;5;5;1917;107;0;0;3,2;4;https://www.cian.ru/sale/flat/295882572/
53 000 000,00;9;WAR;102,2;37,5;10;25;2019;5;0;0;3;4;https://www.cian.ru/sale/flat/294770491/
53 000 000,00;9;WAR;102,5;52,8;10;25;2021;3;0;0;3,1;4;https://www.cian.ru/sale/flat/291962765/
53 000 000,00;8;CAR;41;27;4;21;2019;5;0;0;3,2;2;https://www.cian.ru/sale/flat/293905913/
53 000 000,00;8;WAR;86,2;51,2;14;33;2022;2;0;0;3;3;https://www.cian.ru/sale/flat/300096069/
53 000 000,00;7;CAR;55,1;37,5;7;9;1964;60;0;0;2,7;2;https://www.cian.ru/sale/flat/295451385/
53 000 000,00;5;WAR;126,4;82;22;41;2021;3;0;0;3,1;4;https://www.cian.ru/sale/flat/300160923/
53 006 200,00;12;NEAR;107,3;80,5;34;37;2024;0;1;0;3;4;https://www.cian.ru/sale/flat/279448978/
53 119 241,00;4;SAR;93;37,5;6;6;2023;1;1;0;3,15;3;https://www.cian.ru/sale/flat/300783108/
53 300 000,00;12;SWAR;161,3;88;3;18;2005;19;0;0;3,1;3;https://www.cian.ru/sale/flat/300545035/
53 321 754,00;6;WAR;105,4;58;8;28;2022;2;1;0;3,12;4;https://www.cian.ru/sale/flat/298334349/
53 335 324,00;7;SAR;98;44,8;14;22;2023;1;1;0;3,15;3;https://www.cian.ru/sale/flat/293204412/
53 361 734,00;5;WAR;85,06;37,5;10;57;2024;0;1;0;2,9;3;https://www.cian.ru/sale/flat/282209319/
53 400 000,00;13;CAR;73,4;37,5;5;7;2020;4;0;1;3;3;https://www.cian.ru/sale/flat/292723695/
53 428 603,00;25;SAR;101,7;52,5;13;14;2023;1;1;0;3,15;3;https://www.cian.ru/sale/flat/293204247/
53 500 000,00;16;NWAR;104;76;11;43;2023;1;0;0;3,2;4;https://www.cian.ru/sale/flat/299612515/
53 500 000,00;9;WAR;104;37,5;27;50;2020;4;0;0;3;4;https://www.cian.ru/sale/flat/278682454/
53 500 000,00;6;CAR;62;43;10;79;2019;5;0;1;3;2;https://www.cian.ru/sale/flat/297875183/
53 500 000,00;6;WAR;124;68;22;22;2019;5;0;0;3;4;https://www.cian.ru/sale/flat/299644512/
53 500 000,00;4;NWAR;144,8;57,6;11;17;2011;13;0;0;2,9;4;https://www.cian.ru/sale/flat/300014509/
53 539 200,00;5;CAR;97,5;56,1;12;13;2022;2;1;1;3,4;3;https://www.cian.ru/sale/flat/286886795/
53 552 811,00;24;SAR;99,73;50,7;12;12;2023;1;1;0;3;3;https://www.cian.ru/sale/flat/288867477/
53 578 900,00;24;SAR;109,1;55,3;6;16;2023;1;1;0;3,15;4;https://www.cian.ru/sale/flat/294639078/
53 621 667,00;5;SWAR;125,4;37,5;22;25;2024;0;1;0;3,17;4;https://www.cian.ru/sale/flat/294550011/
53 639 200,00;9;CAR;117,64;61,4;22;35;2023;1;1;0;3,1;3;https://www.cian.ru/sale/flat/293376089/
53 643 330,00;27;SAR;113,1;61,5;12;15;2023;1;1;0;3,15;3;https://www.cian.ru/sale/flat/293204301/
53 671 000,00;12;NEAR;152,5;89;27;27;2022;2;0;0;3,1;4;https://www.cian.ru/sale/flat/294391961/
53 673 733,00;3;NWAR;109,22;37,5;5;16;2011;13;0;0;3;4;https://www.cian.ru/sale/flat/288597258/
53 677 375,00;5;WAR;92,15;37,5;29;57;2024;0;1;0;2,9;3;https://www.cian.ru/sale/flat/295045959/
53 777 997,00;4;CAR;84,1;53,3;11;22;2022;2;1;0;3,25;3;https://www.cian.ru/sale/flat/298576228/
53 809 097,00;23;SAR;79,1;36,1;7;11;2024;0;1;0;3,1;2;https://www.cian.ru/sale/flat/299226753/
53 892 000,00;10;WAR;124,75;87,9;24;24;2021;3;1;0;2,95;4;https://www.cian.ru/sale/flat/289309646/
53 900 000,00;8;NAR;74,5;30,3;13;24;2019;5;0;0;3;3;https://www.cian.ru/sale/flat/294166436/
53 950 000,00;8;WAR;72,6;37,5;9;13;2023;1;1;0;3;2;https://www.cian.ru/sale/flat/296278129/
53 999 000,00;10;CAR;113;76;5;6;1914;110;0;0;3,2;4;https://www.cian.ru/sale/flat/294305168/
53 999 000,00;10;CAR;113,5;78;5;6;1914;110;0;0;3,2;4;https://www.cian.ru/sale/flat/300054825/
53 999 000,00;10;CAR;113,6;76;5;6;1914;110;0;0;3;4;https://www.cian.ru/sale/flat/300539704/
54 000 000,00;18;WAR;97;70;12;41;2024;0;0;0;3;4;https://www.cian.ru/sale/flat/295715724/
54 000 000,00;13;EAR;122,7;72,5;5;15;1997;27;0;0;2,8;4;https://www.cian.ru/sale/flat/299143002/
54 000 000,00;11;CAR;50;32,5;5;6;1909;115;0;0;3,03;2;https://www.cian.ru/sale/flat/300112218/
54 000 000,00;9;CAR;54,2;37,5;12;26;2019;5;0;1;4;2;https://www.cian.ru/sale/flat/295468288/
54 000 000,00;9;NAR;83,5;37,5;4;12;2023;1;0;0;4,1;3;https://www.cian.ru/sale/flat/299521451/
54 000 000,00;9;SAR;100;37,5;17;17;2022;2;0;0;5,65;4;https://www.cian.ru/sale/flat/294661892/
54 000 000,00;9;WAR;140;85;7;21;2019;5;0;0;3;4;https://www.cian.ru/sale/flat/299051337/
54 000 000,00;8;CAR;41;27;6;21;2019;5;0;0;3,2;2;https://www.cian.ru/sale/flat/298842311/
54 000 000,00;7;CAR;54;30;4;21;2023;1;0;0;3,1;1;https://www.cian.ru/sale/flat/298922993/
54 000 000,00;4;NAR;75,3;37,5;13;16;2022;2;0;1;3,2;2;https://www.cian.ru/sale/flat/296351713/
54 000 000,00;3;CAR;91;37,5;21;85;2016;8;0;1;3;2;https://www.cian.ru/sale/flat/293372855/
54 023 883,00;12;NWAR;86,54;37,5;2;32;2023;1;1;0;4,3;4;https://www.cian.ru/sale/flat/300689261/
54 074 186,00;11;NEAR;103,2;37,5;11;19;2022;2;1;0;3,25;3;https://www.cian.ru/sale/flat/294160713/
54 100 000,00;11;NAR;108;37,5;7;24;2021;3;0;0;3,25;4;https://www.cian.ru/sale/flat/299517592/
54 122 479,00;5;WAR;102,15;37,5;44;57;2024;0;1;0;2,9;3;https://www.cian.ru/sale/flat/283864398/
54 204 855,00;6;WAR;106,8;51,6;10;28;2022;2;1;0;3,12;4;https://www.cian.ru/sale/flat/298334225/
54 250 000,00;6;CAR;85,4;35,4;13;14;2023;1;0;1;4,1;2;https://www.cian.ru/sale/flat/286431969/
54 407 937,00;24;SAR;127,99;59,2;1;12;2023;1;1;0;3;3;https://www.cian.ru/sale/flat/288391324/
54 500 000,00;12;SWAR;139,9;78,8;19;28;2009;15;0;0;3;4;https://www.cian.ru/sale/flat/299495105/
54 500 000,00;10;CAR;63;37,5;5;6;1911;113;0;0;3;3;https://www.cian.ru/sale/flat/300794598/
54 520 000,00;27;WAR;95,8;41,4;9;13;2023;1;1;0;3,13;3;https://www.cian.ru/sale/flat/296278072/
54 606 240,00;7;SAR;93,6;43,8;21;22;2023;1;1;0;3,15;3;https://www.cian.ru/sale/flat/293204383/
54 750 000,00;11;SAR;85;47;10;14;2018;6;0;0;3,2;4;https://www.cian.ru/sale/flat/298340542/
54 840 000,00;9;WAR;92;40,9;9;14;2023;1;1;0;3;3;https://www.cian.ru/sale/flat/299262070/
54 883 872,00;10;WAR;92,1;39,5;28;28;2022;2;1;0;3,4;4;https://www.cian.ru/sale/flat/298334082/
54 890 000,00;19;CAR;60;45;3;16;2019;5;0;0;3,25;3;https://www.cian.ru/sale/flat/298558213/
54 890 000,00;19;CAR;60;40;3;16;2019;5;0;0;3,25;2;https://www.cian.ru/sale/flat/298805764/
54 900 000,00;10;CAR;103,3;74,6;2;6;1911;113;0;0;3,3;4;https://www.cian.ru/sale/flat/299742141/
54 900 000,00;10;CAR;105;68,7;2;6;2019;5;0;0;3,3;4;https://www.cian.ru/sale/flat/294825433/
54 900 000,00;8;CAR;65;37,5;3;9;2019;5;0;0;3,8;2;https://www.cian.ru/sale/flat/296673873/
54 934 949,00;9;CAR;153,7;37,5;3;30;2020;4;1;0;3,2;4;https://www.cian.ru/sale/flat/300285573/
54 990 000,00;7;CAR;115,2;37,5;7;11;1991;33;0;0;3;3;https://www.cian.ru/sale/flat/300005990/
54 990 000,00;7;CAR;115,2;57,5;7;11;1991;33;0;0;3;3;https://www.cian.ru/sale/flat/300539731/
54 990 000,00;6;CAR;127,5;100;5;5;1902;122;0;0;3,2;4;https://www.cian.ru/sale/flat/300539713/
54 998 000,00;3;CAR;51,4;37,5;34;66;2020;4;1;1;3,9;1;https://www.cian.ru/sale/flat/298855594/
54 999 999,00;11;NAR;110;70;9;24;2021;3;0;0;3,2;4;https://www.cian.ru/sale/flat/298323140/
55 000 000,00;28;WAR;98;37,5;6;14;2019;5;0;0;3;4;https://www.cian.ru/sale/flat/300509019/
55 000 000,00;20;SAR;110;43,6;36;46;2023;1;0;0;3,2;4;https://www.cian.ru/sale/flat/300662405/
55 000 000,00;17;WAR;65;60;13;39;2019;5;0;1;3;3;https://www.cian.ru/sale/flat/300625212/
55 000 000,00;13;NAR;71;24;20;37;2021;3;0;0;3,1;3;https://www.cian.ru/sale/flat/300512818/
55 000 000,00;13;WAR;158,3;105,8;18;28;1999;25;0;0;3;3;https://www.cian.ru/sale/flat/299097872/
55 000 000,00;12;CAR;95;37,5;1;6;1957;67;0;0;2,7;4;https://www.cian.ru/sale/flat/300005949/
55 000 000,00;12;WAR;100;68;15;28;2020;4;0;0;3;3;https://www.cian.ru/sale/flat/299516283/
55 000 000,00;12;WAR;121;37,5;7;17;2023;1;1;0;2,8;4;https://www.cian.ru/sale/flat/298805457/
55 000 000,00;12;NWAR;129;37,5;37;40;2003;21;0;0;3;4;https://www.cian.ru/sale/flat/301065795/
55 000 000,00;12;WAR;176,5;132,6;12;15;2004;20;0;0;3;4;https://www.cian.ru/sale/flat/296310154/
55 000 000,00;11;CAR;74,4;50;5;12;1957;67;0;0;3;3;https://www.cian.ru/sale/flat/298976152/
55 000 000,00;11;NWAR;82;45;28;48;2016;8;0;0;3;2;https://www.cian.ru/sale/flat/298650795/
55 000 000,00;8;CAR;41;27;7;21;2019;5;0;0;3,2;2;https://www.cian.ru/sale/flat/298842309/
55 000 000,00;8;CAR;61,4;37,5;3;9;1913;111;0;0;3;2;https://www.cian.ru/sale/flat/297766719/
55 000 000,00;7;SWAR;114;69;4;22;2004;20;0;0;3;3;https://www.cian.ru/sale/flat/299316746/
55 000 000,00;6;WAR;100,2;37,5;10;15;2019;5;0;0;3;3;https://www.cian.ru/sale/flat/300876020/
55 000 000,00;6;WAR;100,2;37,5;9;15;2019;5;0;0;3;3;https://www.cian.ru/sale/flat/300876023/
55 000 000,00;6;SWAR;150;37,5;24;30;2011;13;0;0;3;3;https://www.cian.ru/sale/flat/300286298/
55 000 000,00;5;CAR;61;38;3;13;2019;5;0;1;3;2;https://www.cian.ru/sale/flat/293598385/
55 000 000,00;5;WAR;69;30;11;14;2021;3;0;0;3;2;https://www.cian.ru/sale/flat/298199191/
55 000 000,00;4;WAR;83;37,5;22;31;2022;2;0;0;3,1;3;https://www.cian.ru/sale/flat/296710178/
55 000 000,00;3;WAR;87;66,7;20;21;2014;10;0;0;3;2;https://www.cian.ru/sale/flat/299846528/
55 172 107,00;5;WAR;87,76;37,5;16;57;2024;0;1;0;2,9;3;https://www.cian.ru/sale/flat/282209293/
55 300 000,00;9;CAR;82,2;37,5;3;18;2006;18;0;0;3,1;2;https://www.cian.ru/sale/flat/294035690/
55 334 473,00;12;NAR;72,1;37,5;32;41;2023;1;1;0;3,1;2;https://www.cian.ru/sale/flat/297177676/
55 413 954,00;13;SWAR;127,9;75,2;4;32;2021;3;1;0;3,1;3;https://www.cian.ru/sale/flat/264099928/
55 420 000,00;28;WAR;91,6;38,8;13;14;2023;1;1;0;3;3;https://www.cian.ru/sale/flat/296277970/
55 485 000,00;19;NEAR;135;101,3;2;32;2023;1;1;0;3;3;https://www.cian.ru/sale/flat/275156015/
55 500 000,00;7;SEAR;140;85;19;30;2012;12;0;0;3;3;https://www.cian.ru/sale/flat/300490460/
55 501 000,00;9;NEAR;136,7;37,5;27;27;2022;2;1;0;3;4;https://www.cian.ru/sale/flat/294554130/
55 603 297,00;27;SAR;106,3;74,9;12;15;2023;1;1;0;3,15;3;https://www.cian.ru/sale/flat/293204330/
55 610 000,00;27;WAR;97,9;38,4;9;14;2023;1;1;0;3;3;https://www.cian.ru/sale/flat/299262102/
55 620 985,00;17;SAR;99,43;45,4;25;28;2023;1;1;0;3;4;https://www.cian.ru/sale/flat/299093565/
55 721 773,00;27;SAR;112,2;77;5;15;2023;1;1;0;3,15;3;https://www.cian.ru/sale/flat/293736511/
55 777 000,00;14;SWAR;134,7;37,5;17;23;2022;2;1;0;3;4;https://www.cian.ru/sale/flat/283750509/
55 801 770,00;10;WAR;100,5;54,3;11;28;2022;2;1;0;3,4;4;https://www.cian.ru/sale/flat/298334150/
55 802 800,00;9;CAR;117,64;61,4;32;35;2023;1;1;0;3,1;3;https://www.cian.ru/sale/flat/293376093/
55 900 000,00;10;CAR;71;37,5;7;7;1900;124;0;1;3,7;3;https://www.cian.ru/sale/flat/300005751/
55 902 000,00;9;NWAR;133,1;37,5;43;47;2023;1;1;0;3,05;4;https://www.cian.ru/sale/flat/296745632/
56 000 000,00;17;NAR;111;78;4;17;2016;8;0;0;3;3;https://www.cian.ru/sale/flat/300669448/
56 000 000,00;14;WAR;109;65;15;16;2018;6;0;1;3;4;https://www.cian.ru/sale/flat/299389195/
56 000 000,00;12;WAR;106,4;37,5;16;28;2022;2;0;0;3,12;4;https://www.cian.ru/sale/flat/289021840/
56 000 000,00;10;SWAR;94,3;60;5;23;2018;6;0;0;3,08;3;https://www.cian.ru/sale/flat/297774449/
56 000 000,00;10;SAR;99,8;69,4;7;8;2019;5;0;0;3;4;https://www.cian.ru/sale/flat/300539694/
56 000 000,00;6;CAR;125,7;100;5;5;1902;122;0;0;3,2;3;https://www.cian.ru/sale/flat/290383734/
56 000 000,00;5;WAR;95,7;37,5;6;14;2019;5;0;0;3;4;https://www.cian.ru/sale/flat/300509154/
56 000 000,00;5;WAR;98,07;39;12;14;2023;1;1;0;3,13;4;https://www.cian.ru/sale/flat/298568723/
56 000 000,00;3;CAR;86;66;27;85;2019;5;0;1;3;2;https://www.cian.ru/sale/flat/300862090/
56 000 000,00;2;CAR;72;37,5;54;95;2017;7;0;1;3;2;https://www.cian.ru/sale/flat/299326657/
56 000 000,00;2;CAR;105,9;37,5;7;10;1998;26;0;0;3,1;2;https://www.cian.ru/sale/flat/292930320/
56 026 000,00;11;NWAR;102,8;51,5;14;21;2023;1;1;0;3,1;3;https://www.cian.ru/sale/flat/299168026/
56 064 540,00;2;CAR;124;37,5;4;6;1926;98;0;0;3,2;4;https://www.cian.ru/sale/flat/292789448/
56 095 999,00;15;SWAR;180;37,5;6;10;1997;27;0;0;3;4;https://www.cian.ru/sale/flat/298865617/
56 175 200,00;12;NWAR;98,9;46,9;21;21;2023;1;1;0;3,1;3;https://www.cian.ru/sale/flat/300312693/
56 275 162,00;13;SWAR;128,9;74,5;5;32;2021;3;1;0;3,1;3;https://www.cian.ru/sale/flat/295358667/
56 455 320,00;4;EAR;114,5;37,5;2;3;1950;74;0;1;3,22;3;https://www.cian.ru/sale/flat/298748491/
56 500 000,00;15;NAR;116,4;77,9;5;14;2006;18;0;0;3;4;https://www.cian.ru/sale/flat/290195787/
56 500 000,00;14;SAR;108;67,8;4;14;2022;2;0;0;3,2;4;https://www.cian.ru/sale/flat/291358501/
56 572 045,00;17;SAR;100,24;45,9;28;28;2023;1;1;0;3;4;https://www.cian.ru/sale/flat/299093562/
56 649 789,00;10;NWAR;123,3;69,2;26;26;2022;2;1;0;3,02;4;https://www.cian.ru/sale/flat/297129051/
56 950 000,00;6;SAR;107;63,8;10;22;2008;16;0;0;2,85;4;https://www.cian.ru/sale/flat/300961655/
57 000 000,00;19;NWAR;99;37,5;2;19;2018;6;0;0;3,05;3;https://www.cian.ru/sale/flat/288895889/
57 000 000,00;11;NWAR;105;64;36;36;2019;5;0;0;3;4;https://www.cian.ru/sale/flat/300989808/
57 000 000,00;8;CAR;74,4;55;2;9;1965;59;0;0;3;3;https://www.cian.ru/sale/flat/300607754/
57 000 000,00;7;CAR;131,6;37,5;9;9;2019;5;0;1;3;2;https://www.cian.ru/sale/flat/292013288/
57 000 000,00;7;CAR;131,6;37,5;9;9;2019;5;0;1;3;2;https://www.cian.ru/sale/flat/293612862/
57 000 000,00;6;CAR;91,9;60,7;7;10;2019;5;0;0;3;3;https://www.cian.ru/sale/flat/299880315/
57 000 000,00;6;CAR;118,8;37,5;3;9;2012;12;0;1;3;2;https://www.cian.ru/sale/flat/286046754/
57 000 000,00;5;CAR;97;60;8;8;1989;35;0;0;2,8;4;https://www.cian.ru/sale/flat/299562910/
57 000 000,00;3;CAR;46,3;37,5;2;3;1917;107;0;1;3,2;2;https://www.cian.ru/sale/flat/297947020/
57 093 500,00;19;NEAR;128,3;96,2;12;32;2023;1;1;0;3;4;https://www.cian.ru/sale/flat/298604026/
57 165 000,00;17;NWAR;111;37,5;5;5;2023;1;1;1;3;3;https://www.cian.ru/sale/flat/300956045/
57 333 827,00;7;SAR;114,7;75,7;27;40;2023;1;1;0;3,15;4;https://www.cian.ru/sale/flat/293203905/
57 380 000,00;9;WAR;190,5;147;7;14;2013;11;0;0;3;4;https://www.cian.ru/sale/flat/263705047/
57 400 000,00;9;WAR;194,3;121;8;13;2013;11;0;0;3,3;4;https://www.cian.ru/sale/flat/297083103/
57 448 380,00;10;WAR;127,38;88,8;24;24;2021;3;1;0;2,95;4;https://www.cian.ru/sale/flat/290887878/
57 500 000,00;16;NWAR;119;37,5;11;16;2019;5;0;0;2,8;4;https://www.cian.ru/sale/flat/293144498/
57 500 000,00;15;NWAR;119;74;11;16;2018;6;0;0;2,9;4;https://www.cian.ru/sale/flat/288720122/
57 500 000,00;11;SAR;115;60,7;9;10;2022;2;0;0;3,1;4;https://www.cian.ru/sale/flat/299012448/
57 500 000,00;9;NWAR;114,1;53,7;45;58;2022;2;0;0;3,1;3;https://www.cian.ru/sale/flat/300571585/
57 500 000,00;9;WAR;122,1;82;20;24;2021;3;0;0;2,95;3;https://www.cian.ru/sale/flat/299944783/
57 500 000,00;3;CAR;86,6;37,5;9;9;1938;86;0;0;3;3;https://www.cian.ru/sale/flat/293806073/
57 558 600,00;10;WAR;129,2;87,1;24;24;2021;3;1;0;2,95;4;https://www.cian.ru/sale/flat/276788271/
57 568 448,00;27;SAR;112;77;13;15;2023;1;1;0;3,15;3;https://www.cian.ru/sale/flat/293204360/
57 572 282,00;24;SAR;114,09;60,5;8;12;2023;1;1;0;3;3;https://www.cian.ru/sale/flat/299911113/
57 600 000,00;9;WAR;68,4;25,9;14;14;2023;1;1;0;3;2;https://www.cian.ru/sale/flat/299262052/
57 630 000,00;27;WAR;69,6;37,5;14;14;2023;1;1;0;3;2;https://www.cian.ru/sale/flat/299262098/
57 900 000,00;17;SAR;85;37,5;46;46;2023;1;0;0;4,2;3;https://www.cian.ru/sale/flat/300095364/
57 900 000,00;14;NEAR;100;50;3;15;2019;5;0;0;3,1;3;https://www.cian.ru/sale/flat/299524863/
57 900 000,00;12;SWAR;96;37,5;4;23;2018;6;0;0;3,08;3;https://www.cian.ru/sale/flat/299335798/
57 950 000,00;15;WAR;89;63;12;26;2021;3;0;0;3,2;4;https://www.cian.ru/sale/flat/300813408/
57 980 208,00;5;SAR;126,11;81,7;26;26;2023;1;1;0;2,87;4;https://www.cian.ru/sale/flat/289090596/
57 990 000,00;10;CAR;73;40;8;16;2012;12;0;0;3;2;https://www.cian.ru/sale/flat/300393539/
58 000 000,00;16;NWAR;110,9;65,6;25;40;2020;4;0;0;3,2;4;https://www.cian.ru/sale/flat/300220278/
58 000 000,00;15;WAR;132,6;37,5;5;10;1997;27;0;0;3;4;https://www.cian.ru/sale/flat/298130815/
58 000 000,00;13;WAR;72;28;9;15;2019;5;0;0;3;1;https://www.cian.ru/sale/flat/300859548/
58 000 000,00;11;CAR;73;37,5;8;14;2013;11;0;0;3;2;https://www.cian.ru/sale/flat/290497931/
58 000 000,00;7;CAR;76;37,5;1;9;1985;39;0;0;3;2;https://www.cian.ru/sale/flat/292142942/
58 000 000,00;7;EAR;220,9;115,9;16;19;2019;5;0;0;3;4;https://www.cian.ru/sale/flat/295787399/
58 000 000,00;6;CAR;73;37,5;5;8;2019;5;0;0;3,4;2;https://www.cian.ru/sale/flat/300005835/
58 000 000,00;5;EAR;127;37,5;4;12;1978;46;0;0;3;4;https://www.cian.ru/sale/flat/299343512/
58 010 000,00;15;WAR;95,4;37,9;8;14;2023;1;1;0;3;3;https://www.cian.ru/sale/flat/296277504/
58 024 630,00;7;NWAR;91,3;49,2;14;15;2023;1;1;0;3,23;3;https://www.cian.ru/sale/flat/299578035/
58 048 837,00;12;CAR;127,45;37,5;10;23;2022;2;1;0;3,2;3;https://www.cian.ru/sale/flat/300285627/
58 055 217,00;25;SAR;102,35;51,8;2;9;2023;1;1;0;3;3;https://www.cian.ru/sale/flat/294939311/
58 200 000,00;4;NAR;85;40;13;17;2023;1;0;1;3;3;https://www.cian.ru/sale/flat/300930910/
58 232 083,00;27;SAR;113,5;61,5;8;15;2023;1;1;0;3,15;3;https://www.cian.ru/sale/flat/293736491/
58 273 567,00;11;NEAR;107,4;37,5;13;19;2022;2;1;0;3,25;3;https://www.cian.ru/sale/flat/294160692/
58 274 886,00;25;SAR;98,23;53,3;16;16;2023;1;1;0;3;3;https://www.cian.ru/sale/flat/295715179/
58 298 000,00;7;CAR;56,6;37,5;3;21;2019;5;0;0;3;2;https://www.cian.ru/sale/flat/297313098/
58 300 000,00;7;CAR;56,6;37,5;3;21;2023;1;0;0;3;2;https://www.cian.ru/sale/flat/300194618/
58 310 000,00;7;CAR;68,6;37,5;6;7;2019;5;0;0;3;2;https://www.cian.ru/sale/flat/294445366/
58 400 000,00;9;NAR;54,4;37,5;4;9;2019;5;0;0;3,2;2;https://www.cian.ru/sale/flat/300018901/
58 411 680,00;25;SEAR;123,9;35,8;14;26;2023;1;1;0;3,1;4;https://www.cian.ru/sale/flat/298028575/
58 497 000,00;11;NWAR;114,7;37,5;9;21;2022;2;1;1;3;4;https://www.cian.ru/sale/flat/299220699/
58 500 000,00;17;WAR;142,6;86;18;25;2021;3;0;0;3;4;https://www.cian.ru/sale/flat/300326991/
58 500 000,00;13;SWAR;87,2;37,5;13;18;2019;5;0;0;3,1;2;https://www.cian.ru/sale/flat/299342288/
58 500 000,00;13;NAR;91;62;16;37;2021;3;0;0;3;3;https://www.cian.ru/sale/flat/300588173/
58 600 000,00;7;CAR;56,58;37,5;3;21;2023;1;0;0;3;2;https://www.cian.ru/sale/flat/296838582/
58 630 000,00;27;WAR;95,8;38,9;12;13;2023;1;1;0;3,13;3;https://www.cian.ru/sale/flat/296278073/
58 700 000,00;11;NAR;123;91;20;36;2023;1;0;1;3;4;https://www.cian.ru/sale/flat/293449159/
58 800 000,00;20;SWAR;162;65;38;48;2019;5;0;0;3;3;https://www.cian.ru/sale/flat/298163639/
58 800 000,00;20;SWAR;162;37,5;38;51;2010;14;0;0;3;3;https://www.cian.ru/sale/flat/297707010/
58 800 000,00;9;WAR;96,1;37,5;8;14;2019;5;0;0;3;4;https://www.cian.ru/sale/flat/300509157/
58 900 000,00;8;CAR;100;70;3;6;1917;107;0;0;3,45;4;https://www.cian.ru/sale/flat/299882357/
59 000 000,00;12;WAR;76;37,5;15;51;2019;5;0;0;3;3;https://www.cian.ru/sale/flat/293515367/
59 000 000,00;12;SWAR;173;37,5;7;16;2001;23;0;0;3,14;4;https://www.cian.ru/sale/flat/297117691/
59 000 000,00;10;NWAR;107;37,5;30;53;2022;2;0;0;3;4;https://www.cian.ru/sale/flat/298457776/
59 000 000,00;10;SWAR;174;100;7;16;2001;23;0;0;3;4;https://www.cian.ru/sale/flat/273384095/
59 000 000,00;8;NAR;90,6;37,5;2;27;2018;6;0;0;3,2;2;https://www.cian.ru/sale/flat/293729302/
59 000 000,00;6;CAR;61;29;12;79;2019;5;0;1;3;2;https://www.cian.ru/sale/flat/298308357/
59 000 000,00;6;CAR;62;40;12;78;2020;4;0;1;3,9;2;https://www.cian.ru/sale/flat/300479741/
59 000 000,00;5;WAR;91,1;37,5;4;14;2019;5;0;0;3;4;https://www.cian.ru/sale/flat/300682749/
59 150 000,00;15;WAR;95,7;37,9;9;14;2023;1;1;0;3;3;https://www.cian.ru/sale/flat/296277540/
59 304 935,00;23;SAR;131,8;68,4;2;11;2024;0;1;0;3,1;4;https://www.cian.ru/sale/flat/299226754/
59 500 000,00;17;NAR;81,7;53,1;3;40;2019;5;0;0;3;2;https://www.cian.ru/sale/flat/298562397/
59 549 326,00;4;SAR;131,01;84;27;27;2023;1;1;0;2,87;4;https://www.cian.ru/sale/flat/289090590/
59 605 000,00;12;NEAR;91,7;68,8;35;37;2024;0;1;0;4,1;3;https://www.cian.ru/sale/flat/300463321/
59 680 000,00;8;WAR;96,1;56,6;9;14;2023;1;1;0;3;3;https://www.cian.ru/sale/flat/296277862/
59 880 000,00;11;NAR;122;90;22;36;2023;1;0;1;3;4;https://www.cian.ru/sale/flat/293449686/
59 900 000,00;13;WAR;145;37,5;4;32;2019;5;0;0;3;4;https://www.cian.ru/sale/flat/299646637/
59 900 000,00;12;WAR;145;100;4;32;2019;5;0;0;3;4;https://www.cian.ru/sale/flat/292319823/
59 900 000,00;11;SWAR;96,9;59;17;21;2019;5;0;0;3,1;3;https://www.cian.ru/sale/flat/293224687/
59 900 000,00;9;WAR;86;40;14;21;2019;5;0;0;2,8;2;https://www.cian.ru/sale/flat/299500448/
59 900 000,00;4;WAR;135,1;70,9;25;28;2021;3;0;0;3;4;https://www.cian.ru/sale/flat/299930308/
59 900 000,00;3;WAR;138,9;37,5;2;22;2006;18;0;0;3;4;https://www.cian.ru/sale/flat/298887700/
59 900 000,00;3;CAR;139,3;103,4;3;8;1915;109;0;0;3,6;4;https://www.cian.ru/sale/flat/300966491/
59 921 196,00;11;NEAR;107,6;37,5;15;19;2022;2;1;0;3,25;3;https://www.cian.ru/sale/flat/294160691/
59 990 000,00;12;NEAR;166;95;12;59;2015;9;0;0;3,05;3;https://www.cian.ru/sale/flat/296422373/
59 990 000,00;10;NWAR;108,6;37,5;38;58;2021;3;0;0;3;4;https://www.cian.ru/sale/flat/296325197/
59 990 000,00;10;NEAR;167;103,7;12;59;2015;9;0;0;3,05;3;https://www.cian.ru/sale/flat/295915324/
59 990 000,00;5;NWAR;110;49;27;29;2023;1;0;0;3;4;https://www.cian.ru/sale/flat/299730748/
60 000 000,00;16;NWAR;97;34;6;36;2018;6;0;0;3;3;https://www.cian.ru/sale/flat/300074475/
60 000 000,00;14;NWAR;137;37,5;40;41;2024;0;0;0;3,2;4;https://www.cian.ru/sale/flat/300524480/
60 000 000,00;9;CAR;49,3;36,3;2;11;2019;5;0;0;3;1;https://www.cian.ru/sale/flat/292945725/
60 000 000,00;9;CAR;64,5;36,4;4;21;2023;1;0;0;3,2;2;https://www.cian.ru/sale/flat/299519415/
60 000 000,00;9;CAR;101,7;37,5;4;6;1914;110;0;0;3,2;4;https://www.cian.ru/sale/flat/293990998/
60 000 000,00;9;NWAR;121,9;79;40;48;2021;3;0;0;3;4;https://www.cian.ru/sale/flat/300300021/
60 000 000,00;8;NWAR;98,3;62;5;23;2006;18;0;0;3,1;3;https://www.cian.ru/sale/flat/300191551/
60 000 000,00;8;NAR;128;37,5;22;23;2019;5;0;0;2,9;3;https://www.cian.ru/sale/flat/298211319/
60 000 000,00;8;NAR;128;99;22;23;2008;16;0;0;3;3;https://www.cian.ru/sale/flat/300590779/
60 000 000,00;7;NAR;100;37,5;12;18;2018;6;0;0;3,1;4;https://www.cian.ru/sale/flat/300818196/
60 000 000,00;6;CAR;60;37,5;12;13;2016;8;0;1;3;1;https://www.cian.ru/sale/flat/289242301/
60 000 000,00;6;CAR;78,2;37,5;69;78;2020;4;0;1;3,9;2;https://www.cian.ru/sale/flat/300754142/
60 000 000,00;5;CAR;60;37,5;12;13;2016;8;0;1;3;2;https://www.cian.ru/sale/flat/295436831/
60 000 000,00;5;WAR;113,5;60,5;21;25;2021;3;0;0;3,1;3;https://www.cian.ru/sale/flat/299244990/
60 000 000,00;5;CAR;131,2;92,6;6;8;1912;112;0;0;3;4;https://www.cian.ru/sale/flat/297549619/
60 000 000,00;5;WAR;200;123;9;21;2000;24;0;0;3;4;https://www.cian.ru/sale/flat/285823542/
60 000 000,00;3;NAR;120,8;37,5;9;16;2004;20;0;0;3,1;3;https://www.cian.ru/sale/flat/297948203/
60 500 000,00;17;SAR;115;75;4;16;2023;1;0;0;3;4;https://www.cian.ru/sale/flat/300685418/
60 500 000,00;9;NAR;125;37,5;15;25;2019;5;0;1;3;3;https://www.cian.ru/sale/flat/285995089/
60 500 000,00;4;CAR;92;19,8;24;85;2019;5;0;1;3;1;https://www.cian.ru/sale/flat/296576457/
60 617 646,00;23;SAR;129,7;68,7;3;11;2024;0;1;0;3,1;4;https://www.cian.ru/sale/flat/299319064/
60 709 446,00;9;WAR;110,6;67,8;9;15;2022;2;1;0;3,12;3;https://www.cian.ru/sale/flat/298334381/
61 000 000,00;16;NWAR;96;33;14;36;2018;6;0;0;3;3;https://www.cian.ru/sale/flat/298973372/
61 000 000,00;10;CAR;82;56;4;14;2013;11;0;0;3;2;https://www.cian.ru/sale/flat/294622192/
61 000 000,00;7;CAR;58,54;37,5;3;15;2019;5;0;0;3;2;https://www.cian.ru/sale/flat/300650872/
61 050 000,00;12;WAR;122,1;81,8;21;21;2020;4;1;1;3,3;3;https://www.cian.ru/sale/flat/271161278/
61 104 000,00;11;CAR;127,3;37,5;20;25;2021;3;0;0;3;4;https://www.cian.ru/sale/flat/289899682/
61 168 111,00;25;SAR;102,83;52;6;9;2023;1;1;0;3;3;https://www.cian.ru/sale/flat/299945328/
61 200 000,00;7;CAR;53,31;37,5;10;21;2019;5;0;0;3;2;https://www.cian.ru/sale/flat/300508737/
61 248 000,00;11;CAR;127,6;67;22;22;2022;2;0;0;3;3;https://www.cian.ru/sale/flat/295092045/
61 276 548,00;5;WAR;111,28;37,5;48;57;2024;0;1;0;2,9;3;https://www.cian.ru/sale/flat/283864447/
61 300 000,00;6;WAR;129,1;72,3;2;11;2022;2;0;0;3,1;4;https://www.cian.ru/sale/flat/291881729/
61 850 000,00;5;WAR;102;37,5;3;18;2021;3;0;0;3,1;4;https://www.cian.ru/sale/flat/295817937/
61 950 000,00;6;NAR;85,8;37,5;11;11;2019;5;0;0;3,2;4;https://www.cian.ru/sale/flat/300005882/
62 000 000,00;16;NWAR;84;63;12;19;2019;5;0;0;3;3;https://www.cian.ru/sale/flat/297119000/
62 000 000,00;16;SWAR;110;77;17;17;2019;5;0;0;3;3;https://www.cian.ru/sale/flat/300478268/
62 000 000,00;16;NAR;130;72;16;30;2019;5;0;0;3;3;https://www.cian.ru/sale/flat/293623280/
62 000 000,00;13;NWAR;117;37,5;9;24;2020;4;0;0;3,2;3;https://www.cian.ru/sale/flat/300283089/
62 000 000,00;13;EAR;117;56;14;20;1997;27;0;0;2,8;4;https://www.cian.ru/sale/flat/297851975/
62 000 000,00;10;NWAR;130;37,5;30;38;2000;24;0;0;3;3;https://www.cian.ru/sale/flat/295064729/
62 000 000,00;9;EAR;130;71;5;7;2001;23;0;0;3;3;https://www.cian.ru/sale/flat/300117215/
62 000 000,00;4;CAR;110;37,5;4;6;1912;112;0;0;3,5;4;https://www.cian.ru/sale/flat/297624203/
62 000 000,00;3;CAR;76,1;37,5;34;78;2020;4;0;0;3,9;2;https://www.cian.ru/sale/flat/294212104/
62 290 000,00;4;CAR;80,1;54,3;7;9;1940;84;0;0;3,1;3;https://www.cian.ru/sale/flat/298863230/
62 500 000,00;27;WAR;74,4;27,6;14;14;2023;1;1;0;3;2;https://www.cian.ru/sale/flat/299262084/
62 544 720,00;21;SWAR;123,9;37,5;39;42;2023;1;1;0;3;4;https://www.cian.ru/sale/flat/300800483/
62 560 000,00;9;WAR;97,9;38,4;11;14;2023;1;1;0;3;3;https://www.cian.ru/sale/flat/299262045/
62 580 000,00;10;NWAR;104,3;37,5;25;58;2022;2;0;0;3,1;3;https://www.cian.ru/sale/flat/300552585/
62 589 000,00;2;NAR;67,3;37,5;3;15;2023;1;1;1;3;2;https://www.cian.ru/sale/flat/300397913/
62 629 672,00;15;SAR;136,1;37,5;18;24;2023;1;1;0;3,15;4;https://www.cian.ru/sale/flat/300800410/
62 694 000,00;13;SWAR;116,1;50,7;32;32;2021;3;1;0;3,1;3;https://www.cian.ru/sale/flat/290914466/
62 749 314,00;22;SAR;106,82;53,8;8;29;2023;1;1;0;3;3;https://www.cian.ru/sale/flat/293801361/
62 890 000,00;8;WAR;104,5;64;3;15;2022;2;0;0;3,1;3;https://www.cian.ru/sale/flat/300576939/
62 990 000,00;2;CAR;53;38;3;8;2022;2;0;1;3;2;https://www.cian.ru/sale/flat/300645726/
63 000 000,00;21;WAR;112,5;49,9;15;18;2020;4;0;0;3;3;https://www.cian.ru/sale/flat/298273658/
63 000 000,00;13;NAR;116,4;43;17;20;2019;5;0;1;3,1;4;https://www.cian.ru/sale/flat/299651522/
63 000 000,00;10;CAR;73;38,8;4;16;2012;12;0;0;3;2;https://www.cian.ru/sale/flat/296382222/
63 000 000,00;10;WAR;107;37,5;12;52;2020;4;0;0;3;4;https://www.cian.ru/sale/flat/295361194/
63 000 000,00;8;CAR;168;118,9;4;5;1917;107;0;0;3,75;3;https://www.cian.ru/sale/flat/296644413/
63 000 000,00;7;CAR;53,31;37,5;10;21;2019;5;0;0;3;2;https://www.cian.ru/sale/flat/300650870/
63 000 000,00;6;CAR;83;49;35;78;2019;5;0;1;3;2;https://www.cian.ru/sale/flat/300577056/
63 000 000,00;6;WAR;115,3;59;6;23;2012;12;0;0;3;4;https://www.cian.ru/sale/flat/300793867/
63 000 000,00;5;NWAR;99,3;34,8;9;15;2023;1;1;0;3,25;4;https://www.cian.ru/sale/flat/295873970/
63 000 000,00;3;CAR;107;57;2;8;1906;118;0;0;3,2;4;https://www.cian.ru/sale/flat/300469640/
63 040 000,00;6;CAR;67;40;4;7;2017;7;0;1;2,9;2;https://www.cian.ru/sale/flat/300421853/
63 162 203,00;4;SAR;111,7;37,5;6;6;2023;1;1;0;3,15;4;https://www.cian.ru/sale/flat/300800418/
63 250 000,00;17;WAR;68,2;37,5;17;34;2024;0;0;1;3,1;2;https://www.cian.ru/sale/flat/300028754/
63 325 606,00;25;SAR;108,28;52,5;10;12;2023;1;1;0;3;3;https://www.cian.ru/sale/flat/291805479/
63 390 000,00;27;WAR;95,6;36,7;10;14;2023;1;1;0;3;3;https://www.cian.ru/sale/flat/300358979/
63 391 680,00;10;WAR;146,74;100,7;24;24;2021;3;1;0;2,95;4;https://www.cian.ru/sale/flat/289309643/
63 400 000,00;11;CAR;126,8;37,5;20;29;2021;3;0;0;3;3;https://www.cian.ru/sale/flat/288640297/
63 400 823,00;7;SAR;114,4;75,7;32;40;2023;1;1;0;3,15;4;https://www.cian.ru/sale/flat/293539858/
63 500 000,00;11;NEAR;118,5;70,1;18;19;2022;2;0;0;3,25;4;https://www.cian.ru/sale/flat/299157073/
63 500 000,00;5;CAR;75;37,5;5;8;2019;5;0;0;3,7;4;https://www.cian.ru/sale/flat/300299099/
63 500 000,00;5;NWAR;99,9;35,5;9;15;2023;1;1;0;3,25;3;https://www.cian.ru/sale/flat/295873966/
63 500 000,00;5;NWAR;116,2;60;28;29;2023;1;0;0;3,1;4;https://www.cian.ru/sale/flat/300059830/
63 551 039,00;12;NAR;82,1;37,5;32;41;2023;1;1;0;3,1;3;https://www.cian.ru/sale/flat/297177679/
63 600 000,00;5;WAR;95;60;13;14;2021;3;0;0;3,1;4;https://www.cian.ru/sale/flat/298357161/
63 620 156,00;12;CAR;140,45;37,5;18;23;2022;2;1;0;3,2;4;https://www.cian.ru/sale/flat/300285639/
63 650 000,00;5;WAR;95,3;52;13;14;2022;2;0;0;3,6;3;https://www.cian.ru/sale/flat/300329202/
63 650 000,00;5;WAR;95,3;60;13;14;2019;5;0;0;3;4;https://www.cian.ru/sale/flat/300930250/
63 790 000,00;8;WAR;96,2;42;13;14;2023;1;1;0;3;3;https://www.cian.ru/sale/flat/296277869/
63 800 000,00;11;CAR;127,6;37,5;22;29;2021;3;0;0;3;3;https://www.cian.ru/sale/flat/292721084/
63 800 000,00;7;CAR;91,8;57;2;8;1964;60;0;0;3;3;https://www.cian.ru/sale/flat/300812059/
63 800 000,00;7;CAR;92;37,5;2;8;1964;60;0;0;3;3;https://www.cian.ru/sale/flat/299023289/
63 990 000,00;15;WAR;122;76;15;22;2019;5;0;0;3,1;3;https://www.cian.ru/sale/flat/300563314/
64 000 000,00;4;WAR;125;37,5;25;28;2021;3;0;0;3;4;https://www.cian.ru/sale/flat/300745573/
64 000 000,00;3;CAR;92;37,5;41;78;2020;4;0;1;3,9;3;https://www.cian.ru/sale/flat/294368903/
64 061 073,00;20;SAR;114,43;48,5;34;46;2023;1;1;0;3;3;https://www.cian.ru/sale/flat/299093541/
64 108 534,00;9;CAR;69,8;37,5;4;8;1941;83;0;0;3,2;2;https://www.cian.ru/sale/flat/286620187/
64 200 000,00;5;CAR;60;20;11;13;2016;8;0;1;3;2;https://www.cian.ru/sale/flat/300422135/
64 400 000,00;2;CAR;92;37,5;21;78;2020;4;0;1;3;3;https://www.cian.ru/sale/flat/277524492/
64 404 508,00;8;SWAR;135,8;37,5;21;25;2024;0;1;0;3,17;4;https://www.cian.ru/sale/flat/300451832/
64 460 000,00;8;WAR;98,7;42,1;10;14;2023;1;1;0;3;3;https://www.cian.ru/sale/flat/296278232/
64 575 410,00;9;CAR;156,4;37,5;8;30;2020;4;1;0;3,2;4;https://www.cian.ru/sale/flat/300285584/
64 641 379,00;25;SAR;98,48;53,3;12;16;2023;1;1;0;3;3;https://www.cian.ru/sale/flat/296227934/
64 670 000,00;15;WAR;91,6;39,1;8;14;2023;1;1;0;3;3;https://www.cian.ru/sale/flat/296277803/
64 700 000,00;7;WAR;120;37,5;18;24;2003;21;0;0;3;4;https://www.cian.ru/sale/flat/300661681/
64 704 000,00;3;CAR;67,4;37,5;45;66;2020;4;1;1;3,9;2;https://www.cian.ru/sale/flat/300449722/
64 764 098,00;4;CAR;105,9;64,7;19;22;2022;2;1;0;3,25;4;https://www.cian.ru/sale/flat/298576251/
64 817 232,00;10;WAR;143,29;89,1;24;24;2021;3;1;0;2,95;4;https://www.cian.ru/sale/flat/289309640/
64 890 000,00;9;WAR;72,9;26,6;14;14;2023;1;1;0;3;2;https://www.cian.ru/sale/flat/299262035/
64 990 000,00;17;WAR;146,8;37,5;22;25;2022;2;0;0;3,1;4;https://www.cian.ru/sale/flat/299569914/
64 999 000,00;14;WAR;90;60;13;28;2019;5;0;0;3;3;https://www.cian.ru/sale/flat/295856465/
65 000 000,00;18;WAR;122;37,5;20;36;2024;0;1;0;3;4;https://www.cian.ru/sale/flat/300484947/
65 000 000,00;14;NWAR;127,3;80,8;13;13;2008;16;0;0;3,1;4;https://www.cian.ru/sale/flat/298341609/
65 000 000,00;12;WAR;163;37,5;22;23;1999;25;0;0;3;3;https://www.cian.ru/sale/flat/296833235/
65 000 000,00;11;CAR;151;70;18;29;2022;2;0;0;2,95;4;https://www.cian.ru/sale/flat/301045598/
65 000 000,00;10;CAR;49;37,5;3;6;2022;2;0;1;3;2;https://www.cian.ru/sale/flat/292267406/
65 000 000,00;10;CAR;75;40;7;13;2019;5;0;0;3,1;3;https://www.cian.ru/sale/flat/299025951/
65 000 000,00;10;CAR;105;37,5;6;8;2019;5;0;0;3,2;4;https://www.cian.ru/sale/flat/300073769/
65 000 000,00;10;WAR;118;81;9;29;2019;5;0;1;3;3;https://www.cian.ru/sale/flat/297626307/
65 000 000,00;9;WAR;140;110;5;8;1967;57;0;0;3;4;https://www.cian.ru/sale/flat/300539844/
65 000 000,00;7;NWAR;127,3;86;13;13;2013;11;0;0;3;4;https://www.cian.ru/sale/flat/298465471/
65 000 000,00;6;WAR;135;94;9;40;2012;12;0;0;3;4;https://www.cian.ru/sale/flat/281239665/
65 000 000,00;6;WAR;136;78;9;40;2007;17;0;0;3;4;https://www.cian.ru/sale/flat/274016706/
65 000 000,00;5;WAR;95;37,5;13;14;2021;3;0;0;3,1;4;https://www.cian.ru/sale/flat/298343428/
65 000 000,00;5;CAR;100;37,5;1;4;1917;107;0;0;3,5;4;https://www.cian.ru/sale/flat/299789215/
65 000 000,00;5;CAR;115;37,5;6;12;2018;6;0;1;3;4;https://www.cian.ru/sale/flat/300023599/
65 000 000,00;5;CAR;116;70;6;12;2019;5;0;1;3,2;3;https://www.cian.ru/sale/flat/298948266/
65 000 000,00;5;CAR;120;72;5;12;2000;24;0;0;3;4;https://www.cian.ru/sale/flat/300657224/
65 000 000,00;2;CAR;110;70;3;5;1899;125;0;0;3,5;4;https://www.cian.ru/sale/flat/295990566/
65 200 000,00;1;NAR;104;74;3;15;2019;5;0;1;3;3;https://www.cian.ru/sale/flat/296470579/
65 234 000,00;6;CAR;50,18;37,5;10;21;2023;1;1;0;3;2;https://www.cian.ru/sale/flat/298468511/
65 470 000,00;15;WAR;92,2;30,3;13;14;2023;1;1;0;3;2;https://www.cian.ru/sale/flat/296277489/
65 500 000,00;10;NWAR;108;37,5;16;57;2022;2;0;0;3,1;4;https://www.cian.ru/sale/flat/300759218/
65 500 000,00;7;CAR;117;37,5;5;9;2013;11;0;1;3;3;https://www.cian.ru/sale/flat/300749905/
65 500 000,00;6;WAR;105;70;14;23;2019;5;0;0;3,1;3;https://www.cian.ru/sale/flat/300199062/
65 500 000,00;1;CAR;72,9;37,5;79;95;2017;7;0;1;3,5;2;https://www.cian.ru/sale/flat/299746602/
65 781 840,00;17;NWAR;81,6;47,1;12;43;2023;1;1;0;3,15;3;https://www.cian.ru/sale/flat/292613350/
65 954 432,00;8;SWAR;137,6;37,5;22;25;2024;0;1;0;3,17;4;https://www.cian.ru/sale/flat/294842886/
65 966 145,00;25;SAR;114,98;62,1;7;16;2023;1;1;0;3;3;https://www.cian.ru/sale/flat/295715174/
66 000 000,00;17;WAR;64,9;16;11;34;2023;1;0;1;3;3;https://www.cian.ru/sale/flat/300394700/
66 000 000,00;10;NAR;110;70;4;57;2019;5;0;0;3;2;https://www.cian.ru/sale/flat/299914021/
66 000 000,00;10;NAR;110;37,5;4;57;2006;18;0;0;3,15;2;https://www.cian.ru/sale/flat/297845963/
66 000 000,00;8;CAR;103;37,5;13;13;2019;5;0;1;5,5;3;https://www.cian.ru/sale/flat/283279109/
66 000 000,00;6;CAR;71,8;37,5;30;75;2019;5;0;1;3;2;https://www.cian.ru/sale/flat/299639948/
66 000 000,00;5;WAR;161,6;37,5;5;25;2014;10;0;0;3;3;https://www.cian.ru/sale/flat/289978007/
66 040 000,00;8;WAR;98,7;42,1;13;14;2023;1;1;0;3;3;https://www.cian.ru/sale/flat/296277893/
66 442 792,00;24;SAR;118,45;60,1;7;12;2023;1;1;0;3;3;https://www.cian.ru/sale/flat/294939317/
66 500 000,00;18;WAR;98;58,9;18;25;2021;3;0;0;3;3;https://www.cian.ru/sale/flat/294361246/
66 500 000,00;14;SWAR;113,7;37,5;4;13;1960;64;0;0;3;4;https://www.cian.ru/sale/flat/300829275/
66 500 000,00;9;CAR;68;50;3;28;2022;2;0;0;3;3;https://www.cian.ru/sale/flat/299880493/
66 500 400,00;3;CAR;60,4;37,5;65;66;2020;4;1;1;3,9;2;https://www.cian.ru/sale/flat/298051609/
66 540 000,00;28;WAR;102,2;42,5;5;12;2021;3;1;0;3,58;3;https://www.cian.ru/sale/flat/296277982/
66 545 614,00;9;CAR;143,5;37,5;18;30;2020;4;1;0;3,2;4;https://www.cian.ru/sale/flat/300285594/
66 800 000,00;5;CAR;78;61;3;6;2021;3;0;1;3;3;https://www.cian.ru/sale/flat/292939347/
67 000 000,00;18;WAR;123;76,8;15;20;2024;0;1;0;3,2;4;https://www.cian.ru/sale/flat/300943913/
67 000 000,00;18;WAR;125;76,8;15;20;2024;0;1;0;3,2;4;https://www.cian.ru/sale/flat/296524128/
67 000 000,00;16;NWAR;105;37,5;27;46;2022;2;0;0;3,2;4;https://www.cian.ru/sale/flat/300251495/
67 000 000,00;13;WAR;180,1;160;28;30;1998;26;0;0;3,5;4;https://www.cian.ru/sale/flat/269500879/
67 000 000,00;12;WAR;200;37,5;28;30;1999;25;0;0;3;4;https://www.cian.ru/sale/flat/298684212/
67 000 000,00;5;WAR;110;60;15;25;2021;3;0;0;3;3;https://www.cian.ru/sale/flat/300864943/
67 000 000,00;4;WAR;128;72;5;22;2019;5;0;0;3,1;4;https://www.cian.ru/sale/flat/298116334/
67 000 990,00;17;NWAR;82,6;48,1;16;43;2023;1;1;0;3,15;3;https://www.cian.ru/sale/flat/292613266/
67 011 840,00;16;NWAR;110,8;74;19;23;2023;1;1;0;3,15;4;https://www.cian.ru/sale/flat/297642477/
67 149 075,00;13;SWAR;172,5;69,2;23;32;2021;3;1;0;3,1;3;https://www.cian.ru/sale/flat/264100194/
67 186 665,00;17;NWAR;81,9;45,9;12;43;2023;1;1;0;3,15;3;https://www.cian.ru/sale/flat/295828299/
67 200 000,00;3;CAR;96;37,5;16;78;2020;4;0;1;3,9;2;https://www.cian.ru/sale/flat/293129658/
67 200 000,00;2;CAR;96;37,5;28;78;2020;4;0;1;3;3;https://www.cian.ru/sale/flat/278675890/
67 200 000,00;2;CAR;96;37,5;25;78;2020;4;0;1;3;2;https://www.cian.ru/sale/flat/279687277/
67 490 000,00;7;CAR;124;70;5;6;1910;114;0;0;3,6;3;https://www.cian.ru/sale/flat/300005946/
67 490 000,00;1;CAR;88;55;2;5;1912;112;0;0;3;3;https://www.cian.ru/sale/flat/300539718/
67 499 000,00;1;CAR;88;48;2;5;1912;112;0;0;3,2;3;https://www.cian.ru/sale/flat/300427220/
67 500 000,00;12;NAR;75;40;37;41;2020;4;0;0;3;2;https://www.cian.ru/sale/flat/300393603/
67 500 000,00;12;SWAR;204,2;37,5;3;18;2005;19;0;0;3;4;https://www.cian.ru/sale/flat/300687422/
67 500 000,00;10;NWAR;106,1;18,3;49;58;2022;2;0;0;3;1;https://www.cian.ru/sale/flat/300752525/
67 500 000,00;9;SWAR;178;100;6;33;2004;20;0;0;3;4;https://www.cian.ru/sale/flat/295357955/
67 500 000,00;6;SAR;114,7;83;19;22;2008;16;0;0;3;3;https://www.cian.ru/sale/flat/299603108/
67 500 000,00;4;SWAR;113,4;37,5;14;18;2005;19;0;0;3;4;https://www.cian.ru/sale/flat/263171085/
67 500 000,00;1;CAR;88;37,5;2;5;2019;5;0;0;3,2;3;https://www.cian.ru/sale/flat/298956116/
67 500 000,00;1;CAR;88;48;2;5;1912;112;0;0;3;3;https://www.cian.ru/sale/flat/297681232/
67 593 955,00;10;WAR;148,07;105,1;24;24;2021;3;1;0;2,95;4;https://www.cian.ru/sale/flat/276788269/
67 675 000,00;6;CAR;66,2;51,2;5;7;2019;5;0;1;3;2;https://www.cian.ru/sale/flat/300702719/
67 800 000,00;18;NWAR;131,1;37,5;20;21;2023;1;1;0;3;4;https://www.cian.ru/sale/flat/297760200/
67 800 000,00;9;NEAR;130;88,4;3;14;2002;22;0;0;3;3;https://www.cian.ru/sale/flat/300836809/
67 810 000,00;9;NEAR;169,1;37,5;27;27;2022;2;1;0;3;4;https://www.cian.ru/sale/flat/294554136/
67 919 040,00;16;NWAR;100,8;57,8;23;24;2023;1;1;0;3,15;4;https://www.cian.ru/sale/flat/289786113/
67 980 000,00;10;NAR;115;37,5;5;57;2006;18;0;0;3,15;3;https://www.cian.ru/sale/flat/293977589/
67 980 000,00;10;NAR;115;60;3;57;2006;18;0;0;3,15;3;https://www.cian.ru/sale/flat/298116885/
67 982 727,00;13;SWAR;173,9;69,6;24;32;2021;3;1;0;3,1;3;https://www.cian.ru/sale/flat/264100201/
67 990 000,00;10;NAR;115;37,5;3;57;2006;18;0;0;3,15;3;https://www.cian.ru/sale/flat/295950251/
68 000 000,00;18;NWAR;110;58;8;18;2015;9;0;0;3,1;3;https://www.cian.ru/sale/flat/297992165/
68 000 000,00;16;CAR;65,1;48,1;4;20;2019;5;0;0;3;2;https://www.cian.ru/sale/flat/299722529/
68 000 000,00;15;WAR;140;37,5;14;22;2006;18;0;0;3,05;4;https://www.cian.ru/sale/flat/299722812/
68 000 000,00;12;NEAR;130;87,6;4;23;2010;14;0;0;3,3;4;https://www.cian.ru/sale/flat/298340306/
68 000 000,00;11;NWAR;175;37,5;14;38;2015;9;0;0;3,13;4;https://www.cian.ru/sale/flat/300563675/
68 000 000,00;10;NAR;112,8;60;3;57;2006;18;0;0;3;3;https://www.cian.ru/sale/flat/295072603/
68 000 000,00;7;NAR;122,3;37,5;6;6;2016;8;0;1;6;2;https://www.cian.ru/sale/flat/295277285/
68 000 000,00;6;CAR;64;40;4;5;2019;5;0;1;3;2;https://www.cian.ru/sale/flat/294624973/
68 000 000,00;6;CAR;64,1;37,5;4;5;2021;3;0;1;3,3;2;https://www.cian.ru/sale/flat/300299599/
68 000 000,00;4;WAR;59,2;20;6;12;2019;5;0;0;3;1;https://www.cian.ru/sale/flat/300702934/
68 000 000,00;4;CAR;92;82;31;85;2015;9;0;1;3,2;2;https://www.cian.ru/sale/flat/300820868/
68 000 000,00;4;CAR;107,6;37,5;50;75;2013;11;0;1;3;2;https://www.cian.ru/sale/flat/297675248/
68 000 000,00;2;CAR;97;37,5;61;65;2019;5;0;1;3;3;https://www.cian.ru/sale/flat/294615058/
68 070 000,00;4;WAR;60;45;6;12;2020;4;0;0;3,5;2;https://www.cian.ru/sale/flat/300421786/
68 080 000,00;4;WAR;59,2;37,5;6;12;2020;4;0;0;3,2;2;https://www.cian.ru/sale/flat/287686259/
68 144 365,00;12;CAR;68,7;32,4;3;17;2022;2;1;0;3,6;2;https://www.cian.ru/sale/flat/285243989/
68 265 288,00;13;SWAR;163,8;91,8;3;32;2021;3;1;0;3,1;4;https://www.cian.ru/sale/flat/264100269/
68 292 209,00;4;NEAR;128,8;37,5;15;15;2021;3;1;1;3;3;https://www.cian.ru/sale/flat/292035521/
68 334 564,00;13;SWAR;174,8;70;26;32;2021;3;1;0;3,1;3;https://www.cian.ru/sale/flat/264100210/
68 480 000,00;28;WAR;102,2;42,3;9;13;2023;1;1;0;3,58;3;https://www.cian.ru/sale/flat/296277916/
68 499 000,00;14;NAR;195;110;20;32;2008;16;0;0;3;4;https://www.cian.ru/sale/flat/300148052/
68 500 000,00;5;NWAR;102,2;39,6;10;21;2023;1;1;0;3,25;4;https://www.cian.ru/sale/flat/295873974/
68 650 000,00;12;WAR;137,3;84,5;21;21;2020;4;1;1;3,3;3;https://www.cian.ru/sale/flat/271161277/
68 900 000,00;17;WAR;111;70;4;20;2020;4;0;0;3;4;https://www.cian.ru/sale/flat/299792149/
68 992 830,00;5;CAR;191,7;83,3;7;13;2022;2;1;1;3,4;3;https://www.cian.ru/sale/flat/300487794/
69 000 000,00;17;NWAR;137;125;4;5;2023;1;1;1;3;4;https://www.cian.ru/sale/flat/298213933/
69 000 000,00;7;NAR;100;37,5;3;13;2019;5;0;0;3;4;https://www.cian.ru/sale/flat/300143589/
69 000 000,00;4;WAR;60;37,5;6;12;2020;4;0;0;3,2;2;https://www.cian.ru/sale/flat/287583404/
69 000 000,00;3;CAR;100,7;65,3;5;14;1972;52;0;0;2,7;4;https://www.cian.ru/sale/flat/294316840/
69 134 455,00;12;CAR;69,9;18,3;7;9;2021;3;1;1;3,6;2;https://www.cian.ru/sale/flat/298329474/
69 260 000,00;8;WAR;102,3;46;9;13;2023;1;1;0;3;3;https://www.cian.ru/sale/flat/296278142/
69 400 000,00;11;CAR;138,8;37,5;18;29;2021;3;0;0;3;3;https://www.cian.ru/sale/flat/292721087/
69 417 260,00;17;NWAR;83,6;47,2;16;43;2023;1;1;0;3,15;3;https://www.cian.ru/sale/flat/292613265/
69 900 000,00;6;CAR;74;29;3;6;1908;116;0;0;3;3;https://www.cian.ru/sale/flat/276058207/
69 900 000,00;6;NEAR;88;59;9;14;2021;3;0;0;3;4;https://www.cian.ru/sale/flat/300465241/
69 900 000,00;6;WAR;126,8;75,5;11;13;2022;2;0;0;3;4;https://www.cian.ru/sale/flat/300301413/
69 950 000,00;10;CAR;101,7;37,5;7;9;2019;5;0;0;3,2;3;https://www.cian.ru/sale/flat/285861700/
69 990 000,00;14;WAR;110;75;13;25;2017;7;0;0;3;4;https://www.cian.ru/sale/flat/295005676/
69 990 000,00;4;CAR;90,3;69;7;8;1929;95;0;0;4,2;3;https://www.cian.ru/sale/flat/296215205/
69 999 990,00;13;SWAR;162,3;90,8;4;32;2021;3;1;0;3,1;4;https://www.cian.ru/sale/flat/264100282/
70 000 000,00;19;NWAR;96,2;62;5;10;2023;1;1;0;3;3;https://www.cian.ru/sale/flat/299321811/
70 000 000,00;17;NWAR;107,8;37,5;3;3;2019;5;0;1;3,2;2;https://www.cian.ru/sale/flat/300120368/
70 000 000,00;17;NWAR;107,8;37,5;3;3;2017;7;0;1;3,2;2;https://www.cian.ru/sale/flat/300133660/
70 000 000,00;16;CAR;123;97;9;18;2019;5;0;0;3;3;https://www.cian.ru/sale/flat/299609442/
70 000 000,00;16;CAR;123,7;78;9;18;2009;15;0;0;3;3;https://www.cian.ru/sale/flat/300751207/
70 000 000,00;16;SWAR;143;75;20;21;2019;5;0;0;3;3;https://www.cian.ru/sale/flat/300289243/
70 000 000,00;12;NEAR;99,7;61,3;3;11;2019;5;0;0;3;4;https://www.cian.ru/sale/flat/296404224/
70 000 000,00;12;CAR;124;37,5;9;18;2008;16;0;0;3;3;https://www.cian.ru/sale/flat/298824528/
70 000 000,00;12;NWAR;127,2;80;31;35;2008;16;0;0;3,1;4;https://www.cian.ru/sale/flat/300441618/
70 000 000,00;11;WAR;104,7;77,6;8;15;1952;72;0;0;3,2;4;https://www.cian.ru/sale/flat/300341852/
70 000 000,00;10;NEAR;152,4;62,2;20;21;2021;3;0;0;3,5;4;https://www.cian.ru/sale/flat/299376345/
70 000 000,00;9;CAR;106,2;37,5;5;10;2019;5;0;0;3,15;2;https://www.cian.ru/sale/flat/295467334/
70 000 000,00;8;NAR;109;65;12;12;2019;5;0;1;3,2;3;https://www.cian.ru/sale/flat/300337230/
70 000 000,00;7;CAR;76,1;37,5;5;12;1972;52;0;0;3;2;https://www.cian.ru/sale/flat/297550308/
70 000 000,00;7;SAR;130;37,5;14;22;2002;22;0;0;3;4;https://www.cian.ru/sale/flat/300247942/
70 000 000,00;7;SWAR;135,4;37,5;23;31;2004;20;0;0;3;3;https://www.cian.ru/sale/flat/295203930/
70 000 000,00;6;WAR;101;37,5;2;19;2019;5;0;0;3;3;https://www.cian.ru/sale/flat/299776434/
70 000 000,00;6;NEAR;109,5;37,5;12;23;2019;5;0;0;3;4;https://www.cian.ru/sale/flat/299566803/
70 000 000,00;5;CAR;100;70;5;6;2000;24;0;0;3;2;https://www.cian.ru/sale/flat/300539848/
70 000 000,00;5;SAR;184,5;100;8;8;2016;8;0;1;5,5;4;https://www.cian.ru/sale/flat/295096926/
70 000 000,00;5;SAR;185;37,5;8;8;2016;8;0;1;3;4;https://www.cian.ru/sale/flat/276634299/
70 000 000,00;3;CAR;100;37,5;29;78;2020;4;0;1;3,9;3;https://www.cian.ru/sale/flat/293128332/
70 000 000,00;3;CAR;100;37,5;18;78;2020;4;0;1;3,9;3;https://www.cian.ru/sale/flat/293128761/
70 000 000,00;2;CAR;67;37,5;32;65;2019;5;0;1;3;2;https://www.cian.ru/sale/flat/299058486/
70 000 000,00;2;CAR;105;70;25;73;2019;5;0;1;3;2;https://www.cian.ru/sale/flat/294226335/
70 000 000,00;1;CAR;105;37,5;25;76;2009;15;0;1;3;2;https://www.cian.ru/sale/flat/297672423/
70 000 000,00;1;NAR;142,7;37,5;5;59;2021;3;0;0;2,8;4;https://www.cian.ru/sale/flat/296599966/
70 001 652,00;1;CAR;80,6;49,6;59;85;2015;9;1;1;3;2;https://www.cian.ru/sale/flat/288136857/
70 050 000,00;13;NAR;102,4;50,1;4;12;2023;1;1;0;3,02;3;https://www.cian.ru/sale/flat/299174089/
70 090 220,00;20;SAR;137,52;66,3;27;46;2023;1;1;0;3;4;https://www.cian.ru/sale/flat/299093555/
70 395 800,00;10;NEAR;134,6;101;33;34;2022;2;1;0;3;4;https://www.cian.ru/sale/flat/298604116/
70 555 650,00;6;CAR;78,1;37,5;5;6;2019;5;0;0;3;2;https://www.cian.ru/sale/flat/286514413/
70 569 150,00;4;CAR;78,1;50;5;6;1952;72;0;0;3,96;3;https://www.cian.ru/sale/flat/286620185/
70 569 150,00;4;CAR;78,1;37,5;5;6;1952;72;0;0;4;3;https://www.cian.ru/sale/flat/291597053/
70 740 000,00;12;WAR;87,5;31,9;3;12;2023;1;1;0;3,65;2;https://www.cian.ru/sale/flat/300311955/
70 800 000,00;5;WAR;59;37,5;6;8;2020;4;0;0;3;2;https://www.cian.ru/sale/flat/282550588/
70 985 200,00;11;NWAR;124,1;50,1;18;21;2023;1;1;0;3,1;4;https://www.cian.ru/sale/flat/299167970/
71 000 000,00;13;NAR;82;55;16;40;2019;5;0;0;3;2;https://www.cian.ru/sale/flat/300118798/
71 000 000,00;11;NWAR;150;83;22;32;2010;14;0;0;3;4;https://www.cian.ru/sale/flat/297999581/
71 000 000,00;5;NAR;95;61;20;21;2019;5;0;0;3;3;https://www.cian.ru/sale/flat/298851611/
71 500 000,00;26;WAR;128;75;5;23;2010;14;0;0;3,2;3;https://www.cian.ru/sale/flat/299327398/
71 500 000,00;5;NWAR;175;90;3;14;2006;18;0;0;3,1;4;https://www.cian.ru/sale/flat/297999583/
71 500 000,00;1;SAR;131,13;37,5;25;26;2023;1;0;0;2,87;4;https://www.cian.ru/sale/flat/295763906/
71 564 104,00;4;CAR;119,2;71,6;18;22;2022;2;1;0;3,25;4;https://www.cian.ru/sale/flat/300887715/
71 860 200,00;19;NEAR;156,9;117,7;10;32;2023;1;1;0;3;3;https://www.cian.ru/sale/flat/289911841/
71 950 000,00;10;WAR;124,8;37,5;11;11;2022;2;0;0;3,4;4;https://www.cian.ru/sale/flat/295774042/
71 990 000,00;3;CAR;150;100;3;6;1900;124;0;0;3;4;https://www.cian.ru/sale/flat/300539825/
72 000 000,00;18;SAR;129,1;37,5;38;40;2023;1;1;0;3;4;https://www.cian.ru/sale/flat/300209363/
72 000 000,00;14;NWAR;140;37,5;13;19;2019;5;0;0;3,2;4;https://www.cian.ru/sale/flat/295044624/
72 000 000,00;8;NAR;108,2;70;11;12;2019;5;0;1;3,2;3;https://www.cian.ru/sale/flat/300281368/
72 000 000,00;8;CAR;115,4;84,8;6;8;1959;65;0;0;3;4;https://www.cian.ru/sale/flat/299459960/
72 000 000,00;7;CAR;150,1;120;2;3;2007;17;0;0;3;3;https://www.cian.ru/sale/flat/300539737/
72 000 000,00;7;WAR;153,5;37,5;10;28;2019;5;0;0;3;4;https://www.cian.ru/sale/flat/290013051/
72 000 000,00;4;CAR;98;37,5;5;6;1910;114;0;0;3,2;4;https://www.cian.ru/sale/flat/297680385/
72 060 705,00;17;NWAR;86,7;53,1;39;43;2023;1;1;0;3,15;3;https://www.cian.ru/sale/flat/298987908/
72 090 000,00;28;WAR;102,1;42,3;12;13;2023;1;1;0;3,58;3;https://www.cian.ru/sale/flat/296277908/
72 129 200,00;17;NWAR;88;53,2;38;43;2023;1;1;0;3,15;3;https://www.cian.ru/sale/flat/292613324/
72 150 000,00;3;CAR;105;90;8;10;2019;5;0;1;4,35;3;https://www.cian.ru/sale/flat/300234174/
72 300 000,00;7;NWAR;94;59;13;22;2019;5;0;0;3;3;https://www.cian.ru/sale/flat/298565480/
72 490 000,00;6;CAR;151;110;6;13;2001;23;0;0;3,2;4;https://www.cian.ru/sale/flat/300005858/
72 500 000,00;16;WAR;123;37,5;16;16;2020;4;0;0;3;4;https://www.cian.ru/sale/flat/299333776/
72 640 000,00;8;WAR;102,3;46;12;13;2023;1;1;0;3;3;https://www.cian.ru/sale/flat/296278140/
72 690 000,00;6;CAR;69,7;37,5;5;7;2019;5;0;1;3,4;2;https://www.cian.ru/sale/flat/300421868/
72 998 000,00;12;NWAR;129,2;70;20;21;2023;1;1;0;3,1;4;https://www.cian.ru/sale/flat/299168063/
73 000 000,00;11;CAR;49;37,5;2;8;2019;5;0;1;3;1;https://www.cian.ru/sale/flat/300885088/
73 000 000,00;9;CAR;72;17;5;21;2023;1;1;0;3;1;https://www.cian.ru/sale/flat/298416859/
73 000 000,00;8;NAR;110;34;9;12;2019;5;0;1;3;4;https://www.cian.ru/sale/flat/271257683/
73 000 000,00;7;NAR;89;37,5;4;10;2019;5;0;1;3;2;https://www.cian.ru/sale/flat/292187076/
73 000 000,00;7;WAR;122;37,5;14;26;2019;5;0;0;3,15;4;https://www.cian.ru/sale/flat/292771380/
73 000 000,00;7;CAR;148,6;86;6;12;2003;21;0;0;2,9;3;https://www.cian.ru/sale/flat/296903834/
73 000 000,00;3;CAR;100;37,5;9;10;2019;5;0;1;4,35;3;https://www.cian.ru/sale/flat/291373130/
73 000 000,00;2;CAR;106;37,5;25;75;2010;14;0;1;3;2;https://www.cian.ru/sale/flat/298073163/
73 000 000,00;2;WAR;133;37,5;4;24;2019;5;0;0;3;4;https://www.cian.ru/sale/flat/299844318/
73 263 439,00;9;CAR;154,9;37,5;21;30;2020;4;1;0;3,2;4;https://www.cian.ru/sale/flat/300285601/
73 300 000,00;6;CAR;122;37,5;5;18;2017;7;0;1;3;4;https://www.cian.ru/sale/flat/299294280/
73 395 040,00;6;NWAR;79,2;36,2;7;9;2023;1;1;0;3,25;2;https://www.cian.ru/sale/flat/299261519/
73 500 000,00;18;WAR;128;61;5;23;2010;14;0;0;3;3;https://www.cian.ru/sale/flat/296041240/
73 500 000,00;6;NAR;105;61;6;12;2019;5;0;0;3;3;https://www.cian.ru/sale/flat/295156758/
73 600 000,00;14;CAR;122,6;86,4;1;16;1956;68;0;0;3,5;4;https://www.cian.ru/sale/flat/294859988/
73 990 000,00;7;CAR;150;96;8;9;2003;21;0;0;3;3;https://www.cian.ru/sale/flat/297693816/
73 998 843,00;1;CAR;92,1;61,3;43;85;2015;9;1;1;3;2;https://www.cian.ru/sale/flat/291360124/
74 000 000,00;8;NAR;117;37,5;25;38;2021;3;0;0;3,1;4;https://www.cian.ru/sale/flat/296315011/
74 000 000,00;5;CAR;81;22;2;5;2021;3;0;1;3;3;https://www.cian.ru/sale/flat/299560798/
74 100 000,00;6;CAR;78;37,5;37;78;2020;4;0;1;3,9;2;https://www.cian.ru/sale/flat/300447621/
74 500 000,00;5;CAR;75;37,5;36;78;2019;5;0;1;3;2;https://www.cian.ru/sale/flat/300467617/
74 600 000,00;27;WAR;98,7;38,9;13;13;2023;1;1;0;3,13;3;https://www.cian.ru/sale/flat/296278089/
74 653 941,00;7;SAR;129,3;74;32;40;2023;1;1;0;3,15;4;https://www.cian.ru/sale/flat/293203859/
74 709 308,00;12;CAR;84,8;59,4;5;9;2021;3;1;1;3,6;2;https://www.cian.ru/sale/flat/298329491/
74 752 720,00;7;CAR;73,5;37,5;4;5;1913;111;0;0;3,4;4;https://www.cian.ru/sale/flat/284201268/
74 890 000,00;14;NEAR;106;37,5;21;22;2019;5;0;0;3,1;3;https://www.cian.ru/sale/flat/298057479/
74 900 000,00;17;SAR;140,2;60;15;16;2001;23;0;0;3,1;4;https://www.cian.ru/sale/flat/295800026/
74 900 000,00;13;CAR;60;37,5;5;8;2023;1;0;0;3;2;https://www.cian.ru/sale/flat/294770347/
74 900 000,00;6;CAR;171;37,5;7;12;2019;5;0;1;3;3;https://www.cian.ru/sale/flat/241370449/
74 935 640,00;6;NWAR;79,6;36,2;8;9;2023;1;1;0;3,25;2;https://www.cian.ru/sale/flat/299261516/
74 990 000,00;10;CAR;116;70;5;5;2019;5;0;0;3;4;https://www.cian.ru/sale/flat/300542974/
74 990 000,00;10;CAR;116;37,5;5;5;1910;114;0;0;3,5;4;https://www.cian.ru/sale/flat/292017256/
75 000 000,00;19;CAR;110;58;16;22;2019;5;0;0;3;3;https://www.cian.ru/sale/flat/299330349/
75 000 000,00;19;CAR;131,5;37,5;13;24;2004;20;0;0;3;4;https://www.cian.ru/sale/flat/301035347/
75 000 000,00;16;NAR;94;37,5;4;10;2019;5;0;1;3;2;https://www.cian.ru/sale/flat/261659981/
75 000 000,00;14;WAR;100;37,5;21;28;2019;5;0;0;3;3;https://www.cian.ru/sale/flat/298227447/
75 000 000,00;13;CAR;88;37,5;29;44;2018;6;0;0;3,1;4;https://www.cian.ru/sale/flat/300597186/
75 000 000,00;13;CAR;90;37,5;44;44;2018;6;0;0;3;4;https://www.cian.ru/sale/flat/298802516/
75 000 000,00;13;NWAR;140,4;90;17;19;2018;6;0;0;3;4;https://www.cian.ru/sale/flat/286139771/
75 000 000,00;12;NAR;114;78;25;37;2021;3;0;0;3;3;https://www.cian.ru/sale/flat/299872305/
75 000 000,00;12;NAR;114;65;25;41;2019;5;0;0;3;3;https://www.cian.ru/sale/flat/295896669/
75 000 000,00;12;NAR;114;78;25;41;2019;5;0;0;3;3;https://www.cian.ru/sale/flat/300564787/
75 000 000,00;12;NWAR;140,7;37,5;7;19;2018;6;0;0;3,2;4;https://www.cian.ru/sale/flat/295316183/
75 000 000,00;10;CAR;112,7;37,5;8;16;2012;12;0;0;3;4;https://www.cian.ru/sale/flat/298985541/
75 000 000,00;10;NAR;115,7;90;18;50;2019;5;0;0;3;3;https://www.cian.ru/sale/flat/299925925/
75 000 000,00;10;NAR;116;90;18;57;2019;5;0;0;3;3;https://www.cian.ru/sale/flat/297857392/
75 000 000,00;10;NAR;116,2;65;18;22;2006;18;0;0;3,1;3;https://www.cian.ru/sale/flat/300117351/
75 000 000,00;9;WAR;106;56,6;15;19;2008;16;0;0;3,2;3;https://www.cian.ru/sale/flat/298504349/
75 000 000,00;8;WAR;163;55;11;22;2004;20;0;0;3;4;https://www.cian.ru/sale/flat/288273358/
75 000 000,00;7;CAR;117;66;2;4;1917;107;0;0;3;4;https://www.cian.ru/sale/flat/299552813/
75 000 000,00;6;CAR;82;37,5;55;78;2020;4;0;1;3,9;2;https://www.cian.ru/sale/flat/300447237/
75 000 000,00;6;CAR;82;53;54;67;2019;5;0;1;3;2;https://www.cian.ru/sale/flat/283627992/
75 000 000,00;6;WAR;139;101;11;15;2005;19;0;0;3;3;https://www.cian.ru/sale/flat/300532384/
75 000 000,00;6;WAR;140;37,5;11;17;2005;19;0;0;3;4;https://www.cian.ru/sale/flat/296857564/
75 000 000,00;5;WAR;90;52;7;18;2013;11;0;0;3;3;https://www.cian.ru/sale/flat/297776871/
75 000 000,00;5;WAR;104;60;14;26;2021;3;0;0;3;4;https://www.cian.ru/sale/flat/298786938/
75 000 000,00;5;CAR;130;90;5;6;1938;86;0;0;3;4;https://www.cian.ru/sale/flat/300539728/
75 000 000,00;5;CAR;170;83;7;12;2019;5;0;1;3;3;https://www.cian.ru/sale/flat/297837651/
75 000 000,00;5;NAR;180;82;9;19;2006;18;0;0;3;4;https://www.cian.ru/sale/flat/287648831/
75 000 000,00;4;CAR;90;37,5;57;88;2020;4;0;1;3;2;https://www.cian.ru/sale/flat/300445967/
75 000 000,00;3;CAR;121,6;37,5;9;10;1986;38;0;0;3;3;https://www.cian.ru/sale/flat/300068326/
75 000 000,00;2;CAR;75;37,5;2;4;2019;5;0;0;2,9;2;https://www.cian.ru/sale/flat/288080141/
75 018 964,00;1;CAR;91,4;37,5;48;85;2015;9;1;1;3;2;https://www.cian.ru/sale/flat/291360122/
75 145 000,00;8;CAR;79,1;37,5;2;5;1886;138;0;1;3,3;2;https://www.cian.ru/sale/flat/280660461/
75 240 000,00;3;CAR;83,6;37,5;34;66;2020;4;1;1;3,9;2;https://www.cian.ru/sale/flat/300085962/
75 273 760,00;7;CAR;73,7;37,5;4;5;1913;111;0;0;3;3;https://www.cian.ru/sale/flat/284310333/
75 450 000,00;13;NAR;119;54,8;8;12;2023;1;1;0;3,02;4;https://www.cian.ru/sale/flat/300954739/
75 500 000,00;5;CAR;88;46;2;10;2019;5;0;0;3;3;https://www.cian.ru/sale/flat/299281080/
75 607 525,00;12;CAR;88,7;57,8;7;9;2021;3;1;1;3,6;2;https://www.cian.ru/sale/flat/300835887/
75 670 000,00;27;WAR;115,7;50,5;10;13;2023;1;1;0;3,13;3;https://www.cian.ru/sale/flat/296278083/
76 000 000,00;12;SAR;89,9;50,3;13;18;2017;7;0;0;3;3;https://www.cian.ru/sale/flat/295413844/
76 000 000,00;9;WAR;182;85;19;30;2019;5;0;0;3;4;https://www.cian.ru/sale/flat/300897164/
76 000 000,00;8;SWAR;95;37,5;16;25;2024;0;1;0;3,17;3;https://www.cian.ru/sale/flat/294842884/
76 000 000,00;4;SAR;94;37,5;3;15;2019;5;0;0;3,15;3;https://www.cian.ru/sale/flat/300578212/
76 077 459,00;14;CAR;60,8;42,2;4;9;2021;3;1;0;3,6;1;https://www.cian.ru/sale/flat/298329457/
76 167 310,00;6;NWAR;85,7;36,6;3;9;2023;1;1;0;3,25;2;https://www.cian.ru/sale/flat/299261517/
76 200 000,00;4;SAR;127;41;14;16;2019;5;0;1;3;4;https://www.cian.ru/sale/flat/298484246/
76 500 000,00;10;NAR;166;124;7;25;2019;5;0;1;3;4;https://www.cian.ru/sale/flat/300539766/
76 750 000,00;11;CAR;160;100;22;22;2019;5;0;0;3,2;4;https://www.cian.ru/sale/flat/297450928/
76 752 000,00;11;CAR;159,9;56;22;22;2022;2;0;0;3;3;https://www.cian.ru/sale/flat/295092037/
76 752 000,00;11;CAR;159,9;37,5;22;25;2021;3;0;0;3;4;https://www.cian.ru/sale/flat/289899678/
77 000 000,00;17;WAR;84,5;45;15;34;2022;2;0;1;3,6;3;https://www.cian.ru/sale/flat/293542645/
77 000 000,00;15;SAR;136,6;37,5;2;4;2019;5;0;1;3;2;https://www.cian.ru/sale/flat/299558863/
77 000 000,00;14;WAR;166;98;6;22;2001;23;0;0;3;3;https://www.cian.ru/sale/flat/299841895/
77 000 000,00;12;WAR;97,4;51;2;12;2023;1;1;0;3;3;https://www.cian.ru/sale/flat/297719006/
77 000 000,00;12;WAR;97,4;51;2;12;2023;1;0;0;3;3;https://www.cian.ru/sale/flat/297731682/
77 000 000,00;11;CAR;98,3;62;2;8;2007;17;0;0;3;3;https://www.cian.ru/sale/flat/298804885/
77 000 000,00;8;NAR;107,6;37,5;3;24;2019;5;0;0;3,4;3;https://www.cian.ru/sale/flat/290884000/
77 000 000,00;6;SWAR;177,8;98;7;20;2005;19;0;0;3;4;https://www.cian.ru/sale/flat/297727468/
77 000 000,00;4;CAR;109;70,6;4;5;2019;5;0;0;3,5;4;https://www.cian.ru/sale/flat/298275471/
77 000 000,00;3;SWAR;141,8;37,5;7;48;2019;5;0;0;3;4;https://www.cian.ru/sale/flat/300509004/
77 058 760,00;6;NWAR;81,9;37,3;3;9;2023;1;1;0;3,25;2;https://www.cian.ru/sale/flat/299261530/
77 112 000,00;12;SWAR;123,3;37,5;16;18;2005;19;0;0;3;2;https://www.cian.ru/sale/flat/298978845/
77 500 000,00;12;WAR;97,7;36;2;12;2023;1;1;0;3;3;https://www.cian.ru/sale/flat/297719004/
77 500 000,00;12;WAR;97,7;36;2;12;2023;1;0;0;3;3;https://www.cian.ru/sale/flat/297731681/
77 500 000,00;12;SWAR;195,3;37,5;3;18;2005;19;0;0;3;4;https://www.cian.ru/sale/flat/300690285/
77 500 000,00;9;CAR;160,6;135,6;5;6;1998;26;0;0;3;4;https://www.cian.ru/sale/flat/300539748/
77 517 000,00;12;NWAR;130,5;72,2;20;21;2023;1;1;0;3,1;4;https://www.cian.ru/sale/flat/300312691/
77 587 734,00;19;SAR;103,9;37,5;6;6;2023;1;1;0;3,15;3;https://www.cian.ru/sale/flat/300848127/
77 652 688,00;22;SAR;117,87;54,6;27;29;2023;1;1;0;3;3;https://www.cian.ru/sale/flat/289549085/
77 805 000,00;12;NEAR;119,7;89,8;35;37;2024;0;1;0;4,1;3;https://www.cian.ru/sale/flat/300463319/
77 805 400,00;8;CAR;81,9;37,5;3;5;1886;138;0;1;3,1;2;https://www.cian.ru/sale/flat/284287625/
77 967 850,00;12;WAR;86,5;37,1;2;12;2023;1;1;0;3,65;2;https://www.cian.ru/sale/flat/299121997/
77 990 000,00;4;CAR;132,3;37,5;6;8;1902;122;0;0;3,2;4;https://www.cian.ru/sale/flat/291733595/
78 000 000,00;17;SAR;138;60;6;14;2019;5;0;0;3,4;4;https://www.cian.ru/sale/flat/295872379/
78 000 000,00;10;CAR;110;42;11;14;2019;5;0;0;3;4;https://www.cian.ru/sale/flat/295062426/
78 000 000,00;9;CAR;127;37,5;6;7;1902;122;0;0;3,1;4;https://www.cian.ru/sale/flat/300657331/
78 000 000,00;9;CAR;152;91;4;4;1890;134;0;0;3,2;4;https://www.cian.ru/sale/flat/300342962/
78 000 000,00;4;SAR;85,2;41,6;9;18;2019;5;0;0;3;3;https://www.cian.ru/sale/flat/292980150/
78 000 000,00;4;CAR;134;107;6;7;2019;5;0;0;3;4;https://www.cian.ru/sale/flat/299895112/
78 000 000,00;3;WAR;135,4;80;2;17;2019;5;0;0;3;3;https://www.cian.ru/sale/flat/300682264/
78 000 000,00;2;CAR;127,1;70,7;6;7;1902;122;0;0;3;4;https://www.cian.ru/sale/flat/301064989/
78 100 000,00;27;WAR;115,7;57,8;12;13;2023;1;1;0;3,13;4;https://www.cian.ru/sale/flat/296278084/
78 100 000,00;11;SWAR;165,3;87,2;4;5;2010;14;0;0;3,3;4;https://www.cian.ru/sale/flat/292680419/
78 120 660,00;6;NWAR;90,1;37,5;2;9;2023;1;1;0;3,25;2;https://www.cian.ru/sale/flat/299261520/
78 259 545,00;9;CAR;65,9;18,8;5;21;2023;1;1;0;3;1;https://www.cian.ru/sale/flat/287317369/
78 500 000,00;11;CAR;110,5;57,8;11;12;2013;11;0;0;3,1;4;https://www.cian.ru/sale/flat/291962439/
78 700 000,00;4;NAR;84,5;35;16;17;2023;1;0;1;3,2;3;https://www.cian.ru/sale/flat/300587718/
78 708 290,00;6;NWAR;122,9;64,9;2;8;2023;1;1;0;3,25;3;https://www.cian.ru/sale/flat/299261531/
78 890 000,00;3;CAR;140;101;4;5;1900;124;0;0;3,2;4;https://www.cian.ru/sale/flat/298988937/
78 900 000,00;11;CAR;60;34,5;4;8;2019;5;0;1;3;2;https://www.cian.ru/sale/flat/300422149/
78 900 000,00;10;CAR;111,1;48,5;11;12;2019;5;0;0;3;3;https://www.cian.ru/sale/flat/291292047/
78 900 000,00;3;SWAR;212;37,5;3;23;2014;10;0;0;3;4;https://www.cian.ru/sale/flat/275990802/
78 950 000,00;5;WAR;91,1;58,1;3;13;2022;2;0;0;3,25;4;https://www.cian.ru/sale/flat/300684789/
78 950 000,00;2;CAR;68,8;38;8;8;1902;122;0;0;3,2;3;https://www.cian.ru/sale/flat/300006309/
78 990 850,00;6;NWAR;81,1;37,4;4;9;2023;1;1;0;3,25;2;https://www.cian.ru/sale/flat/299261524/
79 000 000,00;15;WAR;145,8;102;36;48;2019;5;0;0;3;4;https://www.cian.ru/sale/flat/277152529/
79 000 000,00;14;CAR;87,6;37,5;3;9;2021;3;1;1;3;1;https://www.cian.ru/sale/flat/291744038/
79 000 000,00;11;CAR;65;39;7;8;2018;6;0;0;3,2;2;https://www.cian.ru/sale/flat/299795999/
79 000 000,00;8;WAR;150;83;29;33;2015;9;0;0;3,1;4;https://www.cian.ru/sale/flat/300015364/
79 000 000,00;6;CAR;119;64,7;14;17;1998;26;0;0;3,2;3;https://www.cian.ru/sale/flat/296315046/
79 000 000,00;6;CAR;119;37,5;14;17;1998;26;0;0;3,2;3;https://www.cian.ru/sale/flat/300149305/
79 000 000,00;2;NAR;80;60,2;10;15;2023;1;0;1;3,1;2;https://www.cian.ru/sale/flat/298616596/
79 000 000,00;2;CAR;90,7;53;3;8;1940;84;0;0;3;3;https://www.cian.ru/sale/flat/256680882/
79 376 400,00;12;NWAR;129,7;70;21;21;2023;1;1;0;3,1;4;https://www.cian.ru/sale/flat/299168062/
79 500 000,00;10;CAR;95,7;37,5;3;5;1958;66;0;0;3;4;https://www.cian.ru/sale/flat/300527124/
79 500 000,00;7;CAR;178;94;8;12;2003;21;0;0;3;4;https://www.cian.ru/sale/flat/299120244/
79 500 000,00;5;WAR;151;94;7;8;1956;68;0;0;3;4;https://www.cian.ru/sale/flat/276577049/
79 851 000,00;6;CAR;185,7;37,5;5;5;1917;107;0;0;4;3;https://www.cian.ru/sale/flat/299146912/
79 877 440,00;6;NWAR;122,3;54,3;2;10;2023;1;1;0;3,25;3;https://www.cian.ru/sale/flat/299261515/
79 950 000,00;13;WAR;140;88;22;22;2018;6;0;0;3,9;4;https://www.cian.ru/sale/flat/299612030/
79 950 000,00;11;CAR;159,9;37,5;22;29;2021;3;0;0;3;3;https://www.cian.ru/sale/flat/292721081/
79 990 000,00;7;CAR;156;37,5;4;6;1904;120;0;0;3,5;2;https://www.cian.ru/sale/flat/300006046/
79 990 000,00;4;WAR;108;37,5;30;34;2011;13;0;0;3;3;https://www.cian.ru/sale/flat/298979087/
80 000 000,00;16;WAR;141;37,5;8;45;2019;5;0;0;3;3;https://www.cian.ru/sale/flat/300281927/
80 000 000,00;13;NAR;91,2;62,3;7;41;2022;2;0;0;3,1;3;https://www.cian.ru/sale/flat/299852072/
80 000 000,00;9;CAR;80;37,5;2;6;2019;5;0;0;3,5;2;https://www.cian.ru/sale/flat/299294037/
80 000 000,00;9;CAR;90;75;2;7;2019;5;0;0;3;3;https://www.cian.ru/sale/flat/300539712/
80 000 000,00;9;CAR;90;37,5;2;7;1933;91;0;0;3;3;https://www.cian.ru/sale/flat/300144349/
80 000 000,00;9;CAR;90;66;2;7;1933;91;0;0;3;3;https://www.cian.ru/sale/flat/300189345/
80 000 000,00;9;NAR;106;37,5;13;15;2017;7;0;0;3,15;3;https://www.cian.ru/sale/flat/299570606/
80 000 000,00;9;WAR;130;72,3;17;21;2015;9;0;0;3;4;https://www.cian.ru/sale/flat/299857358/
80 000 000,00;9;NAR;139;86;13;14;2018;6;0;1;3;4;https://www.cian.ru/sale/flat/299185566/
80 000 000,00;7;CAR;73;37,5;8;32;1952;72;0;0;3;2;https://www.cian.ru/sale/flat/299462745/
80 000 000,00;5;CAR;92;37,5;16;78;2020;4;0;1;3;2;https://www.cian.ru/sale/flat/299573102/
80 000 000,00;1;CAR;116,2;37,5;25;85;2015;9;1;1;3;2;https://www.cian.ru/sale/flat/299938864/
80 529 800,00;11;NWAR;122,2;67,9;21;21;2023;1;1;0;3,1;4;https://www.cian.ru/sale/flat/299168007/
81 000 000,00;6;CAR;101,9;65;63;68;2019;5;0;1;3,5;3;https://www.cian.ru/sale/flat/297157541/
81 200 000,00;3;CAR;116;37,5;52;78;2019;5;0;1;3,9;3;https://www.cian.ru/sale/flat/296702466/
81 499 999,00;16;CAR;134,5;37,5;3;13;2019;5;0;0;3;3;https://www.cian.ru/sale/flat/300509438/
81 500 000,00;16;CAR;134,5;37,5;3;13;2019;5;0;0;3;3;https://www.cian.ru/sale/flat/300509015/
81 800 000,00;3;CAR;132,3;60;5;5;1913;111;0;0;3;3;https://www.cian.ru/sale/flat/299363916/
81 940 000,00;21;WAR;67,5;37,5;3;8;2019;5;0;0;3,2;2;https://www.cian.ru/sale/flat/300393459/
81 980 000,00;19;WAR;156;37,5;7;24;2014;10;0;0;3;3;https://www.cian.ru/sale/flat/299936366/
81 980 000,00;4;WAR;66,2;37,5;3;12;2020;4;0;0;3,5;2;https://www.cian.ru/sale/flat/300421777/
82 000 000,00;18;NWAR;189,2;37,5;6;32;2019;5;0;0;3;4;https://www.cian.ru/sale/flat/291445703/
82 000 000,00;18;NWAR;190;37,5;9;35;2003;21;0;0;3,2;4;https://www.cian.ru/sale/flat/292953495/
82 000 000,00;10;CAR;73,8;37,5;4;6;2024;0;0;1;3;2;https://www.cian.ru/sale/flat/300759739/
82 000 000,00;4;WAR;65,6;37,5;3;9;2020;4;0;0;3,2;2;https://www.cian.ru/sale/flat/293947936/
82 000 000,00;4;WAR;65,6;37,5;3;12;2019;5;0;0;3;2;https://www.cian.ru/sale/flat/300877514/
82 000 000,00;4;WAR;66;44,8;3;12;2019;5;0;0;3;2;https://www.cian.ru/sale/flat/284054915/
82 000 000,00;4;WAR;66;37,5;3;12;2019;5;0;0;3,35;2;https://www.cian.ru/sale/flat/295412219/
82 000 000,00;4;WAR;100;37,5;42;42;2021;3;0;0;3,5;2;https://www.cian.ru/sale/flat/300504325/
82 153 253,00;4;CAR;109,3;86;4;6;1912;112;0;0;3;4;https://www.cian.ru/sale/flat/293032511/
82 200 000,00;6;CAR;184,1;37,5;6;6;2015;9;0;1;3;4;https://www.cian.ru/sale/flat/289899661/
82 350 000,00;8;WAR;115;72;19;22;2019;5;0;0;3;3;https://www.cian.ru/sale/flat/289032731/
82 400 000,00;8;CAR;62;37,5;1;7;2019;5;0;0;3;2;https://www.cian.ru/sale/flat/300509378/
82 500 000,00;18;NWAR;150;37,5;13;21;2023;1;0;0;3;4;https://www.cian.ru/sale/flat/299744613/
82 500 000,00;4;WAR;66;37,5;3;8;2020;4;0;0;3,2;2;https://www.cian.ru/sale/flat/292243588/
82 644 000,00;3;CAR;85,2;37,5;52;66;2020;4;1;1;3,9;2;https://www.cian.ru/sale/flat/296913134/
82 800 000,00;2;CAR;60,7;37,5;8;9;2023;1;0;1;3;2;https://www.cian.ru/sale/flat/299672730/
83 000 000,00;14;WAR;218;170;37;37;2019;5;0;0;3;4;https://www.cian.ru/sale/flat/299061815/
83 000 000,00;11;CAR;120;42,9;2;29;2021;3;0;0;2,8;3;https://www.cian.ru/sale/flat/300873827/
83 000 000,00;11;CAR;120;84;3;29;2019;5;0;0;3;4;https://www.cian.ru/sale/flat/298224144/
83 000 000,00;10;WAR;108,4;70;23;52;2020;4;0;0;3;4;https://www.cian.ru/sale/flat/300380261/
83 000 000,00;10;CAR;171,3;108;5;25;1998;26;0;0;3;4;https://www.cian.ru/sale/flat/298472219/
83 000 000,00;10;CAR;171,3;108;5;25;1998;26;0;0;3;4;https://www.cian.ru/sale/flat/300539797/
83 000 000,00;6;CAR;113;70;59;79;2019;5;0;1;3;3;https://www.cian.ru/sale/flat/300539688/
83 000 000,00;6;NEAR;130;85;14;23;2010;14;0;0;3,37;3;https://www.cian.ru/sale/flat/298066142/
83 000 000,00;4;WAR;66;37,5;3;12;2019;5;0;0;3;2;https://www.cian.ru/sale/flat/293596614/
83 000 000,00;3;CAR;99,6;37,5;4;12;2006;18;0;0;3,5;4;https://www.cian.ru/sale/flat/298255926/
83 000 000,00;3;CAR;100;68,5;4;12;2006;18;0;0;3;4;https://www.cian.ru/sale/flat/297919203/
83 000 000,00;3;CAR;100,9;59,9;4;12;2006;18;0;0;3,1;4;https://www.cian.ru/sale/flat/297946581/
83 200 000,00;7;NAR;104,5;37,5;3;15;2017;7;0;0;3,15;4;https://www.cian.ru/sale/flat/297588490/
83 700 000,00;17;WAR;83,7;37,5;17;32;2019;5;0;1;3;3;https://www.cian.ru/sale/flat/299095732/
83 777 500,00;14;CAR;57,5;37,5;6;8;2023;1;1;0;3,2;1;https://www.cian.ru/sale/flat/294641872/
83 800 800,00;2;CAR;82,4;26,3;5;8;2022;2;0;1;3;2;https://www.cian.ru/sale/flat/293459376/
83 900 000,00;14;WAR;192,7;37,5;25;30;2001;23;0;0;3;4;https://www.cian.ru/sale/flat/295761850/
84 000 000,00;13;NAR;82;62;25;37;2021;3;0;0;3;3;https://www.cian.ru/sale/flat/298522497/
84 000 000,00;10;NAR;135;55;3;25;2020;4;0;1;3,2;4;https://www.cian.ru/sale/flat/298253271/
84 000 000,00;4;WAR;135;80;25;34;2011;13;0;0;3;3;https://www.cian.ru/sale/flat/296202968/
84 000 000,00;3;CAR;120;37,5;62;78;2020;4;0;1;3,9;3;https://www.cian.ru/sale/flat/293045467/
84 000 000,00;3;CAR;120;37,5;38;78;2019;5;0;1;3,9;3;https://www.cian.ru/sale/flat/296587634/
84 200 000,00;2;CAR;106;59;5;5;1890;134;0;0;3;3;https://www.cian.ru/sale/flat/295616431/
84 300 000,00;15;WAR;100;37,8;14;14;2023;1;1;0;3;3;https://www.cian.ru/sale/flat/296277569/
84 370 000,00;4;CAR;76,7;37,5;42;78;2019;5;1;1;3,9;2;https://www.cian.ru/sale/flat/298855602/
84 400 000,00;9;CAR;76;37,5;2;5;2020;4;0;1;3,5;2;https://www.cian.ru/sale/flat/297708682/
84 480 213,00;12;CAR;87,6;54,7;4;9;2021;3;1;1;3,6;2;https://www.cian.ru/sale/flat/298329476/
84 481 000,00;4;CAR;88,4;37,5;4;7;2016;8;0;1;3,5;2;https://www.cian.ru/sale/flat/295040022/
84 500 000,00;9;CAR;75,1;37,5;2;5;2020;4;0;1;3;2;https://www.cian.ru/sale/flat/285554427/
84 600 000,00;28;WAR;130,4;84,1;2;14;2019;5;0;0;3;4;https://www.cian.ru/sale/flat/300509013/
84 750 000,00;9;CAR;75;58;2;6;2019;5;0;1;3;2;https://www.cian.ru/sale/flat/290001136/
84 770 000,00;12;CAR;121,1;37,5;4;15;2000;24;0;0;3;3;https://www.cian.ru/sale/flat/296514916/
84 990 000,00;15;SWAR;122;75;5;20;2019;5;0;0;3;3;https://www.cian.ru/sale/flat/300736517/
84 990 000,00;13;NAR;91;60;6;41;2023;1;0;0;3,2;4;https://www.cian.ru/sale/flat/298980804/
84 990 000,00;11;WAR;135;95;21;39;2017;7;0;0;3,1;4;https://www.cian.ru/sale/flat/300393612/
85 000 000,00;19;WAR;168;88;10;30;2008;16;0;0;3,1;4;https://www.cian.ru/sale/flat/291914963/
85 000 000,00;17;WAR;101,9;37,5;11;32;2023;1;0;1;3;3;https://www.cian.ru/sale/flat/299762411/
85 000 000,00;15;SAR;176;37,5;6;9;1940;84;0;0;3;4;https://www.cian.ru/sale/flat/300006008/
85 000 000,00;13;WAR;110;37,5;13;44;2017;7;0;0;3,1;3;https://www.cian.ru/sale/flat/292583669/
85 000 000,00;13;WAR;133;37,5;21;36;2016;8;0;0;3;4;https://www.cian.ru/sale/flat/295086101/
85 000 000,00;12;SAR;136,9;100;6;16;2017;7;0;0;3;3;https://www.cian.ru/sale/flat/299894947/
85 000 000,00;11;WAR;88,7;37,5;9;15;1952;72;0;0;3,2;3;https://www.cian.ru/sale/flat/291413430/
85 000 000,00;11;CAR;112,5;37,5;3;7;2013;11;0;1;3,5;3;https://www.cian.ru/sale/flat/247716276/
85 000 000,00;10;CAR;200;37,5;2;4;1895;129;0;0;3,4;4;https://www.cian.ru/sale/flat/298379426/
85 000 000,00;9;WAR;104;67;9;14;2019;5;0;0;3;3;https://www.cian.ru/sale/flat/298786403/
85 000 000,00;8;CAR;112;37,5;3;5;2019;5;0;1;3,5;3;https://www.cian.ru/sale/flat/298367854/
85 000 000,00;8;CAR;112,7;65;3;5;2014;10;0;1;3,6;3;https://www.cian.ru/sale/flat/299700370/
85 000 000,00;8;CAR;112,7;65;3;5;2013;11;0;1;3,5;3;https://www.cian.ru/sale/flat/299069947/
85 000 000,00;8;CAR;132,1;37,5;7;7;2019;5;0;0;3;3;https://www.cian.ru/sale/flat/289628414/
85 000 000,00;8;CAR;140;90;7;7;1952;72;0;0;3;4;https://www.cian.ru/sale/flat/300539743/
85 000 000,00;8;CAR;140;90;7;7;1952;72;0;0;3;4;https://www.cian.ru/sale/flat/300539782/
85 000 000,00;7;CAR;85,7;37,5;6;21;2019;5;0;0;3;3;https://www.cian.ru/sale/flat/294045499/
85 000 000,00;6;CAR;90,6;32;7;79;2019;5;0;1;3;3;https://www.cian.ru/sale/flat/298476765/
85 000 000,00;6;CAR;135;87;6;7;1914;110;0;0;3,2;4;https://www.cian.ru/sale/flat/295377165/
85 000 000,00;5;WAR;100;37,5;10;14;2022;2;0;0;3,1;4;https://www.cian.ru/sale/flat/300838160/
85 000 000,00;5;CAR;153,3;119;3;8;1996;28;0;0;2,75;4;https://www.cian.ru/sale/flat/283107913/
85 000 000,00;3;WAR;108,1;73;7;14;1955;69;0;0;3,2;3;https://www.cian.ru/sale/flat/290380799/
85 000 000,00;3;CAR;123;37,5;45;78;2020;4;0;1;3,9;3;https://www.cian.ru/sale/flat/294465896/
85 000 001,00;17;WAR;83,6;37,5;27;34;2024;0;1;1;3;3;https://www.cian.ru/sale/flat/299928367/
85 004 500,00;8;CAR;104,3;37,5;6;7;2016;8;1;1;3,25;2;https://www.cian.ru/sale/flat/263389572/
85 400 000,00;3;CAR;122;37,5;43;78;2019;5;0;1;3,9;3;https://www.cian.ru/sale/flat/296585885/
85 600 000,00;5;CAR;87,7;37,5;3;3;2004;20;0;0;3;3;https://www.cian.ru/sale/flat/300023889/
85 900 000,00;9;CAR;61,8;37,5;3;4;1860;164;0;0;4;2;https://www.cian.ru/sale/flat/297753284/
85 974 000,00;1;CAR;62,3;37,5;8;9;2023;1;1;1;3;2;https://www.cian.ru/sale/flat/289484533/
86 000 000,00;19;CAR;160;37,5;12;22;2007;17;0;0;3;4;https://www.cian.ru/sale/flat/296940812/
86 000 000,00;12;CAR;69;37,5;14;17;2017;7;0;0;3,3;2;https://www.cian.ru/sale/flat/299250886/
86 000 000,00;11;SWAR;174,6;88;5;5;2010;14;0;0;3,4;3;https://www.cian.ru/sale/flat/299063762/
86 000 000,00;10;CAR;93;69;11;17;2013;11;0;0;3,3;2;https://www.cian.ru/sale/flat/292278816/
86 000 000,00;5;CAR;114,2;37,5;46;75;2012;12;0;1;3;2;https://www.cian.ru/sale/flat/288552689/
86 000 000,00;4;CAR;114;92;46;75;2019;5;0;1;3;2;https://www.cian.ru/sale/flat/288307714/
86 000 000,00;4;CAR;114,2;37,5;46;80;2014;10;0;1;3;2;https://www.cian.ru/sale/flat/290012400/
86 000 000,00;3;CAR;114,2;37,5;46;75;2013;11;0;1;3;2;https://www.cian.ru/sale/flat/288553462/
86 000 000,00;3;CAR;160;37,5;12;22;2007;17;0;0;3;4;https://www.cian.ru/sale/flat/285604501/
86 800 000,00;3;CAR;124;37,5;49;78;2019;5;0;1;3,9;3;https://www.cian.ru/sale/flat/296587173/
86 990 000,00;4;CAR;128;65;4;4;1900;124;0;0;4;3;https://www.cian.ru/sale/flat/299466728/
87 000 000,00;18;SWAR;115,7;63;5;19;2007;17;0;0;3;3;https://www.cian.ru/sale/flat/299385590/
87 000 000,00;6;CAR;84,97;37,5;3;5;2021;3;0;1;3;4;https://www.cian.ru/sale/flat/289462352/
87 000 000,00;6;CAR;86;37,5;3;5;2021;3;0;1;3,3;4;https://www.cian.ru/sale/flat/289899668/
87 200 000,00;11;WAR;141,1;37,5;2;12;2023;1;1;0;3;3;https://www.cian.ru/sale/flat/298921564/
87 312 000,00;2;CAR;64,2;37,5;8;9;2023;1;0;1;3,6;2;https://www.cian.ru/sale/flat/297469215/
87 400 000,00;6;CAR;85;37,5;3;5;2021;3;0;1;3,4;4;https://www.cian.ru/sale/flat/278010627/
87 500 000,00;7;SWAR;115,4;37,5;38;40;2013;11;0;0;3,5;2;https://www.cian.ru/sale/flat/300667260/
87 500 000,00;3;CAR;125;37,5;44;78;2019;5;0;1;3,9;3;https://www.cian.ru/sale/flat/296586411/
87 700 000,00;5;WAR;73,5;37,5;10;13;2019;5;0;1;2,9;2;https://www.cian.ru/sale/flat/298162050/
88 000 000,00;15;CAR;73;37,5;7;21;2019;5;0;0;3,3;2;https://www.cian.ru/sale/flat/297673737/
88 000 000,00;8;CAR;70;40;6;10;2019;5;0;0;3;2;https://www.cian.ru/sale/flat/298529365/
88 000 000,00;8;CAR;179;37,5;10;11;2022;2;0;1;3;4;https://www.cian.ru/sale/flat/300822934/
88 184 211,00;10;CAR;111,7;37,5;8;8;2019;5;1;0;3,3;2;https://www.cian.ru/sale/flat/274788987/
88 540 000,00;8;CAR;93,2;37,5;2;5;1886;138;0;1;3,3;2;https://www.cian.ru/sale/flat/293262180/
89 000 000,00;7;WAR;151,8;100;21;23;2010;14;0;0;3;4;https://www.cian.ru/sale/flat/299469711/
89 000 000,00;3;CAR;137;37,5;4;4;1902;122;0;0;3,2;4;https://www.cian.ru/sale/flat/300292461/
89 500 000,00;9;CAR;104;70;3;17;2013;11;0;0;3,3;4;https://www.cian.ru/sale/flat/293498431/
89 900 000,00;6;NEAR;135;91;15;23;2010;14;0;0;3;3;https://www.cian.ru/sale/flat/300320849/
89 900 000,00;4;CAR;93,4;37,5;2;7;2016;8;0;1;3,5;3;https://www.cian.ru/sale/flat/297311898/
89 936 196,00;12;NAR;133,2;37,5;4;41;2022;2;1;0;3,1;4;https://www.cian.ru/sale/flat/301041435/
89 999 999,00;8;WAR;96;76;8;9;2019;5;0;0;3;3;https://www.cian.ru/sale/flat/297954913/
90 000 000,00;20;SWAR;185;70;19;51;2019;5;0;0;3;3;https://www.cian.ru/sale/flat/299254495/
90 000 000,00;9;WAR;132,8;37,5;4;14;2022;2;0;0;3,4;4;https://www.cian.ru/sale/flat/287663543/
90 000 000,00;9;CAR;169;37,5;6;6;1902;122;0;0;3,1;4;https://www.cian.ru/sale/flat/291342956/
90 000 000,00;8;CAR;122;37,5;5;5;1910;114;0;0;3,4;3;https://www.cian.ru/sale/flat/299060713/
90 000 000,00;7;WAR;155;37,5;4;11;2015;9;0;0;3;4;https://www.cian.ru/sale/flat/297349731/
90 000 000,00;7;WAR;280;37,5;1;7;2008;16;0;0;3;4;https://www.cian.ru/sale/flat/272816556/
90 000 000,00;6;CAR;86;18;63;66;2019;5;0;1;3;1;https://www.cian.ru/sale/flat/299723346/
90 000 000,00;6;CAR;93,8;45,4;2;6;2017;7;0;1;3,85;3;https://www.cian.ru/sale/flat/296574070/
90 000 000,00;6;WAR;111;37,5;10;12;2019;5;0;0;3;3;https://www.cian.ru/sale/flat/300509123/
90 000 000,00;6;CAR;168;135;5;11;2001;23;0;0;3;3;https://www.cian.ru/sale/flat/289975609/
90 000 000,00;5;WAR;136;37,5;4;14;2022;2;0;0;3,1;4;https://www.cian.ru/sale/flat/300987092/
90 000 000,00;3;CAR;101;37,5;43;75;2013;11;0;1;3,2;2;https://www.cian.ru/sale/flat/292207196/
90 000 000,00;3;CAR;154;37,5;5;5;1954;70;0;0;3,2;4;https://www.cian.ru/sale/flat/300760149/
90 214 161,00;12;CAR;87,3;54,7;5;9;2021;3;1;1;3,6;2;https://www.cian.ru/sale/flat/298329488/
90 265 800,00;10;NEAR;142,6;107;34;34;2022;2;1;0;6,9;4;https://www.cian.ru/sale/flat/298604135/
90 478 440,00;7;CAR;74,8;37,5;4;10;2019;5;0;0;3;3;https://www.cian.ru/sale/flat/299070307/
90 551 232,00;11;CAR;65;37,5;4;7;2013;11;0;1;2,9;2;https://www.cian.ru/sale/flat/283680381/
90 900 900,00;9;CAR;87;56;6;21;2023;1;0;0;3;3;https://www.cian.ru/sale/flat/299588498/
91 000 000,00;9;CAR;87,6;58;7;21;2023;1;0;0;3;3;https://www.cian.ru/sale/flat/296785937/
91 000 000,00;1;CAR;130;37,5;69;95;2017;7;0;1;3,5;3;https://www.cian.ru/sale/flat/300317865/
91 096 000,00;5;WAR;113,87;37,5;57;57;2024;0;1;0;2,9;3;https://www.cian.ru/sale/flat/300843847/
91 500 000,00;16;NWAR;170;64;13;19;2019;5;0;0;3;4;https://www.cian.ru/sale/flat/299770399/
91 999 000,00;6;CAR;99,61;37,5;10;14;2019;5;0;0;3;2;https://www.cian.ru/sale/flat/300826937/
92 000 000,00;6;WAR;136,5;37,5;6;12;2022;2;0;0;3;4;https://www.cian.ru/sale/flat/298158048/
92 000 000,00;5;WAR;137;37,5;6;12;2021;3;0;0;3,6;4;https://www.cian.ru/sale/flat/297929292/
92 690 000,00;6;CAR;72;40;3;6;2017;7;0;1;3,4;2;https://www.cian.ru/sale/flat/283063995/
92 900 000,00;6;CAR;78;55;72;78;2020;4;0;1;3,04;2;https://www.cian.ru/sale/flat/299216001/
93 000 000,00;13;WAR;117;73;9;39;2015;9;0;0;3;3;https://www.cian.ru/sale/flat/298726967/
93 000 000,00;9;WAR;216;121;15;44;2004;20;0;0;3;4;https://www.cian.ru/sale/flat/298876471/
93 000 000,00;7;CAR;110;75,4;2;5;1912;112;0;0;3,5;3;https://www.cian.ru/sale/flat/297904821/
93 000 000,00;6;CAR;87;60;46;78;2019;5;0;1;3;3;https://www.cian.ru/sale/flat/300642328/
93 000 000,00;6;CAR;93;68;2;7;2016;8;0;1;3,5;3;https://www.cian.ru/sale/flat/300393385/
93 230 650,00;5;NWAR;151,9;61,4;2;21;2023;1;1;0;3,23;4;https://www.cian.ru/sale/flat/295343751/
93 550 000,00;7;CAR;67,3;37,5;14;66;2023;1;0;0;3;2;https://www.cian.ru/sale/flat/295149797/
93 589 100,00;10;CAR;77,2;43,7;4;8;2019;5;0;1;3;2;https://www.cian.ru/sale/flat/284611342/
93 700 000,00;12;CAR;60;14;2;9;2020;4;0;0;3;2;https://www.cian.ru/sale/flat/294203461/
93 750 000,00;8;WAR;125;71,3;5;14;1955;69;0;0;3,2;4;https://www.cian.ru/sale/flat/299549536/
94 000 000,00;15;CAR;119,7;88;17;21;2008;16;0;0;3;3;https://www.cian.ru/sale/flat/300812071/
94 000 000,00;10;CAR;140;37,5;4;6;1913;111;0;0;3,6;3;https://www.cian.ru/sale/flat/290012384/
94 000 000,00;10;CAR;140;75;4;5;1900;124;0;0;3;4;https://www.cian.ru/sale/flat/293666101/
94 000 000,00;2;CAR;106,4;37,5;5;6;2013;11;0;1;2,7;3;https://www.cian.ru/sale/flat/291967807/
94 092 200,00;28;WAR;103,1;41,2;4;12;2019;5;0;0;3;3;https://www.cian.ru/sale/flat/300509117/
94 324 200,00;8;CAR;65;44;3;9;2019;5;0;0;3;2;https://www.cian.ru/sale/flat/300734218/
94 400 000,00;11;CAR;90,4;37,5;5;12;2019;5;0;0;3;2;https://www.cian.ru/sale/flat/300509445/
94 450 000,00;9;CAR;71,06;36,8;3;13;2019;5;0;0;3;1;https://www.cian.ru/sale/flat/300509292/
94 500 000,00;3;CAR;135;37,5;42;78;2019;5;0;1;3,9;3;https://www.cian.ru/sale/flat/296588130/
94 966 000,00;7;CAR;92,2;37,5;3;21;2019;5;0;0;3;3;https://www.cian.ru/sale/flat/297313101/
94 980 000,00;3;NWAR;137,6;37,5;6;21;2023;1;1;0;3;3;https://www.cian.ru/sale/flat/299653994/
95 000 000,00;16;WAR;160;80;4;15;2019;5;0;0;3;3;https://www.cian.ru/sale/flat/298002096/
95 000 000,00;14;SWAR;123;37,5;12;19;2019;5;0;1;3;4;https://www.cian.ru/sale/flat/297842118/
95 000 000,00;12;NWAR;171,7;66;38;48;2016;8;0;0;3;4;https://www.cian.ru/sale/flat/297912415/
95 000 000,00;12;NWAR;172;37,5;42;48;2003;21;0;0;3,2;4;https://www.cian.ru/sale/flat/300210734/
95 000 000,00;12;NWAR;180;80;38;48;2019;5;0;0;3,15;4;https://www.cian.ru/sale/flat/297318631/
95 000 000,00;11;NWAR;105;37,7;25;36;2019;5;0;0;3;3;https://www.cian.ru/sale/flat/295521368/
95 000 000,00;10;NEAR;151,1;74,5;5;12;1999;25;0;0;3;4;https://www.cian.ru/sale/flat/295284260/
95 000 000,00;10;CAR;160;37,5;3;7;1914;110;0;1;3;3;https://www.cian.ru/sale/flat/300887660/
95 000 000,00;10;CAR;165;130;3;7;1914;110;0;0;3,4;4;https://www.cian.ru/sale/flat/300753196/
95 000 000,00;10;CAR;165;135;3;7;1914;110;0;1;3,5;4;https://www.cian.ru/sale/flat/300872556/
95 000 000,00;9;CAR;56;40;3;4;2016;8;0;1;3;2;https://www.cian.ru/sale/flat/279918609/
95 000 000,00;9;CAR;77;37,5;3;18;2019;5;0;0;3,65;2;https://www.cian.ru/sale/flat/298474189/
95 000 000,00;9;CAR;90;37,5;4;6;1910;114;0;0;3;3;https://www.cian.ru/sale/flat/294081699/
95 000 000,00;7;CAR;92,12;60;3;21;2023;1;0;0;3;3;https://www.cian.ru/sale/flat/296838583/
95 000 000,00;7;CAR;92,2;37,5;3;21;2023;1;0;0;3;3;https://www.cian.ru/sale/flat/300194610/
95 000 000,00;5;CAR;105;37,5;4;7;2017;7;0;1;3,2;3;https://www.cian.ru/sale/flat/280304500/
95 000 000,00;4;WAR;157;37,5;44;53;2012;12;0;0;5;4;https://www.cian.ru/sale/flat/297988218/
95 000 000,00;1;CAR;143;94,2;6;8;1912;112;0;0;3;4;https://www.cian.ru/sale/flat/288970638/
95 700 000,00;13;CAR;87;62;2;7;2021;3;0;1;3;3;https://www.cian.ru/sale/flat/294741490/
95 700 000,00;11;CAR;86;54;2;9;2022;2;0;1;3;3;https://www.cian.ru/sale/flat/290380706/
95 700 000,00;11;CAR;86;37,5;2;7;2021;3;0;1;3;3;https://www.cian.ru/sale/flat/289764822/
95 700 000,00;11;CAR;86;37,5;2;9;2020;4;0;1;3,2;3;https://www.cian.ru/sale/flat/294769641/
95 850 000,00;6;CAR;192;37,5;9;14;2022;2;0;1;3,5;4;https://www.cian.ru/sale/flat/300005823/
96 000 000,00;10;NWAR;162,1;37,5;2;6;2008;16;0;0;3,5;4;https://www.cian.ru/sale/flat/293750379/
96 000 000,00;8;NAR;148,7;37,5;4;12;2019;5;0;1;3;4;https://www.cian.ru/sale/flat/298719691/
96 000 000,00;6;CAR;86;38;63;66;2019;5;0;1;3;1;https://www.cian.ru/sale/flat/299330003/
96 000 000,00;2;CAR;85;48;63;65;2020;4;0;1;3,5;2;https://www.cian.ru/sale/flat/299112798/
96 169 560,00;7;NWAR;149,2;61,5;3;21;2023;1;1;0;3,23;4;https://www.cian.ru/sale/flat/296760315/
96 288 928,00;22;SAR;136,39;66,5;1;1;2023;1;1;0;3;4;https://www.cian.ru/sale/flat/288867469/
96 600 000,00;12;WAR;193,2;112,4;21;21;2020;4;1;1;3,3;4;https://www.cian.ru/sale/flat/271161275/
96 705 000,00;5;WAR;92,1;37,5;8;13;2019;5;0;0;3,1;3;https://www.cian.ru/sale/flat/295915768/
96 710 000,00;8;WAR;129,8;38,7;13;14;2023;1;1;0;3;3;https://www.cian.ru/sale/flat/296277887/
96 914 966,00;7;CAR;103,5;37,5;3;7;1947;77;0;0;3;3;https://www.cian.ru/sale/flat/239124088/
97 000 000,00;12;SAR;136,7;64,5;15;18;2017;7;0;0;3;3;https://www.cian.ru/sale/flat/300059754/
97 000 000,00;2;CAR;220;37,5;45;75;2010;14;0;1;3;3;https://www.cian.ru/sale/flat/294462390/
97 178 536,00;4;CAR;160;37,5;4;7;1911;113;0;0;3,5;4;https://www.cian.ru/sale/flat/299609144/
97 375 000,00;17;WAR;102,5;70;12;34;2019;5;0;1;3,4;3;https://www.cian.ru/sale/flat/300479087/
97 850 000,00;9;CAR;110,4;37,5;3;4;2019;5;0;0;3;3;https://www.cian.ru/sale/flat/292653563/
98 000 000,00;18;NWAR;141;37,5;16;17;2019;5;0;0;3,2;4;https://www.cian.ru/sale/flat/298645481/
98 000 000,00;17;SWAR;95;75;9;20;2019;5;0;0;3;3;https://www.cian.ru/sale/flat/295797621/
98 000 000,00;9;CAR;83;59;9;14;2013;11;0;0;3;3;https://www.cian.ru/sale/flat/300116453/
98 000 000,00;8;CAR;110,4;57,1;3;13;2019;5;0;0;3;4;https://www.cian.ru/sale/flat/296835523/
98 000 000,00;5;WAR;136;37,5;4;24;2010;14;0;0;3;3;https://www.cian.ru/sale/flat/263883005/
98 000 000,00;3;CAR;140;37,5;68;78;2019;5;0;1;3,9;3;https://www.cian.ru/sale/flat/296702722/
98 112 945,00;4;CAR;160;37,5;4;9;1913;111;0;0;3;4;https://www.cian.ru/sale/flat/299724522/
98 500 000,00;5;CAR;141;80;11;13;2016;8;0;1;3;4;https://www.cian.ru/sale/flat/271618813/
98 763 758,00;8;CAR;122,7;37,5;3;13;2013;11;1;1;3,15;2;https://www.cian.ru/sale/flat/297286573/
98 796 810,00;13;WAR;117,8;80;25;44;2017;7;0;0;3,1;3;https://www.cian.ru/sale/flat/287625698/
98 800 000,00;9;CAR;152;120;2;4;2024;0;1;1;3;4;https://www.cian.ru/sale/flat/300982399/
98 900 000,00;14;CAR;95,3;37,5;3;13;2019;5;0;0;3;2;https://www.cian.ru/sale/flat/300509431/
99 000 000,00;28;WAR;136,5;84,6;5;12;2019;5;0;0;3;4;https://www.cian.ru/sale/flat/300508999/
99 000 000,00;19;CAR;83;28;14;20;2019;5;0;0;3,25;3;https://www.cian.ru/sale/flat/299232975/
99 000 000,00;14;CAR;93;74;7;24;2019;5;0;0;3;3;https://www.cian.ru/sale/flat/296084770/
99 000 000,00;14;WAR;290,7;188;18;21;2006;18;0;0;3;4;https://www.cian.ru/sale/flat/299717440/
99 000 000,00;12;CAR;90;65;16;20;2021;3;0;0;3,2;3;https://www.cian.ru/sale/flat/298068249/
99 000 000,00;12;CAR;90;37,5;16;20;2021;3;0;0;3,2;4;https://www.cian.ru/sale/flat/298805304/
99 000 000,00;12;CAR;90;65;16;20;2021;3;0;0;3,2;4;https://www.cian.ru/sale/flat/299979345/
99 000 000,00;12;CAR;90;37,5;16;20;2021;3;0;0;3,23;3;https://www.cian.ru/sale/flat/300392038/
99 000 000,00;11;CAR;90,4;37,5;5;12;2019;5;0;0;3;2;https://www.cian.ru/sale/flat/300509137/
99 000 000,00;11;CAR;93;37,5;7;20;2021;3;0;0;3,2;3;https://www.cian.ru/sale/flat/291318309/
99 000 000,00;10;CAR;75,1;37,5;4;6;2023;1;0;1;3;2;https://www.cian.ru/sale/flat/300101163/
99 000 000,00;10;CAR;110,5;61;2;6;1912;112;0;0;3;3;https://www.cian.ru/sale/flat/295370167/
99 000 000,00;10;CAR;166,5;107;2;7;1913;111;0;0;3;4;https://www.cian.ru/sale/flat/300539805/
99 000 000,00;8;CAR;110,4;37,5;3;11;2012;12;0;0;3,3;3;https://www.cian.ru/sale/flat/291590051/
99 000 000,00;5;WAR;108,5;37,5;15;19;2013;11;0;0;3,05;3;https://www.cian.ru/sale/flat/298499782/
99 000 000,00;5;NEAR;123;78;1;3;2019;5;0;0;3;3;https://www.cian.ru/sale/flat/298002956/
99 000 000,00;4;CAR;123;69;51;75;2019;5;0;1;3;1;https://www.cian.ru/sale/flat/297087850/
99 460 000,00;8;WAR;129,5;38,7;9;14;2023;1;1;0;3;3;https://www.cian.ru/sale/flat/296278219/
99 500 000,00;7;CAR;90,53;37,5;11;21;2019;5;0;0;3;3;https://www.cian.ru/sale/flat/300509439/
99 700 000,00;6;CAR;108;37,5;9;21;2023;1;0;0;3;3;https://www.cian.ru/sale/flat/295314997/
99 800 000,00;15;WAR;140;37,5;14;22;2012;12;0;0;3;4;https://www.cian.ru/sale/flat/299761391/
99 900 000,00;13;CAR;70;37,5;12;33;1953;71;0;0;3,2;2;https://www.cian.ru/sale/flat/297813183/
100 000 000,00;29;WAR;130;37,5;22;47;2012;12;0;0;2,8;3;https://www.cian.ru/sale/flat/296709454/
100 000 000,00;13;CAR;118;103,9;5;14;2019;5;0;0;3;4;https://www.cian.ru/sale/flat/297543163/
100 000 000,00;11;WAR;185;113;12;30;2003;21;0;0;3,2;4;https://www.cian.ru/sale/flat/299204960/
100 000 000,00;9;CAR;118;37,5;4;14;1998;26;0;0;3,2;3;https://www.cian.ru/sale/flat/292984012/
100 000 000,00;8;CAR;109,7;72,6;3;3;1917;107;0;0;4;4;https://www.cian.ru/sale/flat/300912740/
100 000 000,00;4;WAR;130;84;22;55;2019;5;0;0;3,1;3;https://www.cian.ru/sale/flat/295454334/
100 000 000,00;4;WAR;130;37,5;22;53;2012;12;0;0;3;4;https://www.cian.ru/sale/flat/295803481/
100 000 000,00;3;CAR;168;37,5;31;85;2016;8;0;1;3;3;https://www.cian.ru/sale/flat/293045810/
100 000 000,00;2;WAR;152,5;37,5;6;18;2007;17;0;0;3;3;https://www.cian.ru/sale/flat/285740105/
100 082 519,00;22;SAR;155,04;79,1;1;1;2023;1;1;0;3;4;https://www.cian.ru/sale/flat/301052498/
100 800 000,00;6;CAR;126;37,5;73;79;2019;5;0;1;3,9;3;https://www.cian.ru/sale/flat/283387984/
101 000 000,00;13;WAR;117;37,5;15;44;2017;7;0;0;3,1;3;https://www.cian.ru/sale/flat/296195763/
101 000 000,00;7;CAR;104,55;37,5;11;21;2019;5;0;0;3;3;https://www.cian.ru/sale/flat/300509442/
101 500 000,00;3;CAR;133,2;37,5;70;78;2020;4;0;1;3,9;3;https://www.cian.ru/sale/flat/291059858/
101 639 382,00;11;CAR;105,2;37,5;1;7;2022;2;1;1;3,4;2;https://www.cian.ru/sale/flat/288177339/
101 894 074,00;20;SAR;142,04;74,9;46;46;2023;1;1;0;4,18;4;https://www.cian.ru/sale/flat/299093554/
101 999 000,00;6;CAR;99,71;44,2;9;14;2019;5;0;0;3;2;https://www.cian.ru/sale/flat/300509440/
102 000 000,00;28;WAR;136,9;85,8;8;12;2019;5;0;0;3;4;https://www.cian.ru/sale/flat/300509130/
102 000 000,00;12;WAR;136,5;37,5;8;12;2023;1;1;0;3;3;https://www.cian.ru/sale/flat/300298619/
102 000 000,00;5;WAR;136,9;37,5;8;12;2023;1;0;0;3,13;4;https://www.cian.ru/sale/flat/294221017/
102 000 000,00;5;WAR;137;37,5;8;12;2021;3;0;0;3,1;4;https://www.cian.ru/sale/flat/298346043/
102 120 000,00;8;WAR;125,6;55,3;12;14;2023;1;1;0;3;4;https://www.cian.ru/sale/flat/298402501/
102 316 445,00;11;NAR;132,1;37,5;22;41;2021;3;1;0;3,1;4;https://www.cian.ru/sale/flat/301041418/
102 925 900,00;5;NWAR;149,5;61,3;3;21;2023;1;1;0;3,23;4;https://www.cian.ru/sale/flat/295343752/
103 000 000,00;11;CAR;99,71;44,2;9;14;2019;5;0;0;3;2;https://www.cian.ru/sale/flat/300509297/
103 000 000,00;11;WAR;131;37,5;12;25;2021;3;0;0;3,1;4;https://www.cian.ru/sale/flat/291002206/
103 000 000,00;10;CAR;121;37,5;7;16;2019;5;0;0;3,1;3;https://www.cian.ru/sale/flat/295295279/
103 000 000,00;9;NAR;187,4;106,5;18;18;2006;18;0;0;3,2;4;https://www.cian.ru/sale/flat/291069986/
103 000 000,00;6;NAR;187,4;107;18;32;2005;19;0;0;3;4;https://www.cian.ru/sale/flat/294654566/
103 000 000,00;3;CAR;124;37,5;49;78;2020;4;0;1;3,9;3;https://www.cian.ru/sale/flat/292945223/
103 322 186,00;12;NWAR;134,21;72,7;21;32;2023;1;1;0;3,4;4;https://www.cian.ru/sale/flat/297368075/
103 326 600,00;3;CAR;101,9;37,5;61;66;2020;4;1;1;3,9;3;https://www.cian.ru/sale/flat/298051555/
103 412 500,00;12;WAR;138,1;73,5;7;12;2023;1;1;0;3,65;3;https://www.cian.ru/sale/flat/298496128/
103 501 420,00;9;CAR;130;80;4;13;2019;5;0;0;3;3;https://www.cian.ru/sale/flat/282406814/
103 501 420,00;4;CAR;111,3;69,2;4;10;2008;16;0;0;3;3;https://www.cian.ru/sale/flat/211521310/
103 787 040,00;9;CAR;110,6;37,5;5;21;2023;1;1;0;3;2;https://www.cian.ru/sale/flat/262519758/
104 000 000,00;14;SWAR;124;37,5;17;19;2019;5;0;1;3,2;4;https://www.cian.ru/sale/flat/297952036/
104 230 000,00;28;WAR;148,9;62,8;14;14;2023;1;1;0;3;3;https://www.cian.ru/sale/flat/296277940/
104 500 000,00;12;CAR;118;88;3;7;2021;3;0;0;3,3;4;https://www.cian.ru/sale/flat/289461457/
104 500 000,00;12;CAR;118;37,5;3;7;2021;3;0;0;3;4;https://www.cian.ru/sale/flat/292444828/
104 500 000,00;11;CAR;118;94;3;9;2019;5;0;0;3;4;https://www.cian.ru/sale/flat/297454754/
104 554 824,00;20;SAR;144,31;83,9;46;46;2023;1;1;0;4,18;3;https://www.cian.ru/sale/flat/299093548/
104 750 000,00;6;CAR;78;37,5;7;12;2019;5;0;1;3;2;https://www.cian.ru/sale/flat/300509437/
104 900 000,00;8;CAR;77,2;37,5;7;12;2014;10;0;0;3;2;https://www.cian.ru/sale/flat/299328634/
104 900 000,00;8;CAR;78;49;7;12;2014;10;0;0;3,6;2;https://www.cian.ru/sale/flat/297805133/
104 900 000,00;7;CAR;77,2;37,5;7;12;2019;5;0;0;3;2;https://www.cian.ru/sale/flat/281705865/
104 900 000,00;6;CAR;78;37,5;7;12;2019;5;0;0;3;2;https://www.cian.ru/sale/flat/300509295/
105 000 000,00;16;NWAR;137,1;85,3;4;19;2019;5;0;0;3;4;https://www.cian.ru/sale/flat/298609954/
105 000 000,00;14;CAR;96,4;76,9;36;67;2023;1;1;0;3,05;3;https://www.cian.ru/sale/flat/295988623/
105 000 000,00;12;WAR;200;116;11;21;2019;5;0;0;2,85;4;https://www.cian.ru/sale/flat/299057601/
105 000 000,00;12;WAR;200;81;11;21;2015;9;0;0;3,1;4;https://www.cian.ru/sale/flat/298062594/
105 000 000,00;10;CAR;71,3;37,5;7;12;2019;5;0;0;3,6;2;https://www.cian.ru/sale/flat/300593035/
105 000 000,00;9;CAR;72;37,5;7;13;2019;5;0;0;3;1;https://www.cian.ru/sale/flat/300698636/
105 000 000,00;9;CAR;120;37,5;2;14;2013;11;0;0;3;3;https://www.cian.ru/sale/flat/289733284/
105 000 000,00;8;CAR;120;96;2;4;1917;107;0;0;3,4;4;https://www.cian.ru/sale/flat/294265556/
105 000 000,00;3;WAR;191;37,5;10;23;1999;25;0;0;3;4;https://www.cian.ru/sale/flat/287774980/
105 000 000,00;2;WAR;136,2;37,5;13;15;2019;5;0;0;3;3;https://www.cian.ru/sale/flat/294090489/
105 000 000,00;2;CAR;202;37,5;37;75;2010;14;0;1;3;3;https://www.cian.ru/sale/flat/294369416/
105 000 000,00;1;CAR;83;37,5;11;13;2022;2;0;0;3,2;2;https://www.cian.ru/sale/flat/298050415/
106 140 000,00;9;NAR;183;146;15;18;2019;5;0;0;3;3;https://www.cian.ru/sale/flat/296205791/
106 290 000,00;27;WAR;149;50,6;14;14;2023;1;1;0;3;3;https://www.cian.ru/sale/flat/299262086/
106 500 000,00;3;CAR;136;37,5;4;12;2005;19;0;0;3;3;https://www.cian.ru/sale/flat/294783019/
106 500 000,00;3;CAR;136,1;37,5;4;12;2005;19;0;0;3;3;https://www.cian.ru/sale/flat/294650785/
106 500 000,00;3;CAR;143;72;4;12;2005;19;0;0;3;3;https://www.cian.ru/sale/flat/293653748/
106 500 000,00;3;CAR;146;81;4;12;2019;5;0;0;3;3;https://www.cian.ru/sale/flat/300539700/
106 500 000,00;3;CAR;146;81;4;12;2005;19;0;0;3;3;https://www.cian.ru/sale/flat/293377423/
106 500 000,00;3;CAR;146;37,5;4;9;2005;19;0;0;3;3;https://www.cian.ru/sale/flat/293448196/
106 605 097,00;6;SAR;144,2;37,5;6;6;2023;1;1;0;3,15;4;https://www.cian.ru/sale/flat/301068246/
106 730 000,00;5;NWAR;94,2;30,4;2;3;2023;1;1;1;3,1;2;https://www.cian.ru/sale/flat/300415816/
106 945 102,00;11;CAR;112,8;37,5;2;7;2022;2;1;1;3,4;2;https://www.cian.ru/sale/flat/288177346/
107 000 000,00;19;SAR;162,6;130,4;9;9;2019;5;0;0;3;4;https://www.cian.ru/sale/flat/300477449/
107 000 000,00;18;CAR;90;37,5;4;9;2019;5;0;0;3,2;2;https://www.cian.ru/sale/flat/300534105/
107 000 000,00;18;CAR;90;52;4;6;2019;5;0;0;3,25;3;https://www.cian.ru/sale/flat/300866247/
107 000 000,00;12;SAR;110;60;15;18;2017;7;0;0;3,5;3;https://www.cian.ru/sale/flat/292156332/
107 000 000,00;7;CAR;108;37,5;9;21;2023;1;0;0;3;3;https://www.cian.ru/sale/flat/297358384/
107 235 000,00;6;NWAR;149,9;82,6;5;8;2023;1;1;0;3,25;4;https://www.cian.ru/sale/flat/299660843/
107 235 000,00;5;NWAR;149;82,6;5;8;2023;1;1;0;3,25;4;https://www.cian.ru/sale/flat/300159762/
107 276 254,00;12;NAR;132,1;37,5;38;41;2022;2;1;0;3,1;4;https://www.cian.ru/sale/flat/301041432/
107 526 900,00;6;CAR;102,7;37,5;4;6;2017;7;1;1;3;2;https://www.cian.ru/sale/flat/297596634/
107 890 000,00;3;CAR;100,5;64;4;5;1910;114;0;0;3,3;4;https://www.cian.ru/sale/flat/297901375/
108 000 000,00;12;CAR;119,4;37,5;2;9;2021;3;0;0;3,6;4;https://www.cian.ru/sale/flat/294373044/
108 000 000,00;11;CAR;108;76;3;12;2015;9;0;0;3,2;3;https://www.cian.ru/sale/flat/300824467/
108 000 000,00;11;CAR;108,1;75;3;12;2019;5;0;0;3;3;https://www.cian.ru/sale/flat/300754049/
108 000 000,00;8;CAR;120;100;6;13;2013;11;0;1;3;2;https://www.cian.ru/sale/flat/299476098/
108 000 000,00;8;CAR;180;37,5;9;9;1997;27;0;1;5,4;4;https://www.cian.ru/sale/flat/300005789/
108 153 660,00;12;WAR;117,4;52,5;8;12;2023;1;1;0;3,65;3;https://www.cian.ru/sale/flat/298028295/
108 206 030,00;8;CAR;110;90;4;4;1910;114;0;0;4;3;https://www.cian.ru/sale/flat/198782509/
108 500 000,00;3;CAR;97;57,7;4;5;1910;114;0;0;3,3;4;https://www.cian.ru/sale/flat/298166662/
109 000 000,00;12;CAR;135,2;68,5;2;6;1914;110;0;0;3;4;https://www.cian.ru/sale/flat/298940472/
109 000 000,00;5;CAR;221,8;37,5;6;10;2015;9;0;1;3,3;4;https://www.cian.ru/sale/flat/299403207/
109 000 000,00;3;CAR;105;74,6;5;11;1937;87;0;0;3,2;3;https://www.cian.ru/sale/flat/296710665/
109 213 650,00;11;CAR;127;37,5;3;7;2022;2;1;1;3,4;2;https://www.cian.ru/sale/flat/288177352/
109 700 000,00;17;CAR;212;37,5;11;24;2004;20;0;0;3;4;https://www.cian.ru/sale/flat/298205927/
109 900 000,00;10;CAR;123;70;2;6;1986;38;0;0;3;4;https://www.cian.ru/sale/flat/298068778/
110 000 000,00;17;SWAR;132,5;37,5;14;20;2012;12;0;0;3,15;3;https://www.cian.ru/sale/flat/280420033/
110 000 000,00;17;SWAR;207;120;6;16;2004;20;0;0;3;4;https://www.cian.ru/sale/flat/298993032/
110 000 000,00;17;SWAR;207;37,5;6;16;2004;20;0;0;3,2;4;https://www.cian.ru/sale/flat/299094240/
110 000 000,00;17;SWAR;207,2;37,5;6;16;2004;20;0;0;3;4;https://www.cian.ru/sale/flat/294292405/
110 000 000,00;15;NAR;112,8;64;10;41;2019;5;0;0;3;4;https://www.cian.ru/sale/flat/293781651/
110 000 000,00;14;WAR;217;37,5;4;38;2019;5;0;0;3;4;https://www.cian.ru/sale/flat/298144507/
110 000 000,00;12;NAR;112,8;70,4;10;37;2021;3;0;0;3;4;https://www.cian.ru/sale/flat/300417156/
110 000 000,00;11;CAR;135;37,5;28;30;2019;5;0;0;3;4;https://www.cian.ru/sale/flat/299178539/
110 000 000,00;9;CAR;94;59;5;6;2018;6;0;1;3;2;https://www.cian.ru/sale/flat/299107582/
110 000 000,00;9;CAR;96;37,5;12;14;2019;5;0;0;3,4;3;https://www.cian.ru/sale/flat/294111560/
110 000 000,00;9;CAR;97;67;9;21;2019;5;0;0;3;3;https://www.cian.ru/sale/flat/299728876/
110 000 000,00;8;CAR;78;46;7;12;2019;5;0;0;3,5;2;https://www.cian.ru/sale/flat/300422122/
110 000 000,00;8;WAR;212,7;37,5;4;4;2004;20;0;0;5;4;https://www.cian.ru/sale/flat/289745351/
110 000 000,00;7;CAR;95;70;9;67;2023;1;0;0;3,1;3;https://www.cian.ru/sale/flat/298647465/
110 000 000,00;5;CAR;85;37,5;63;66;2020;4;0;1;3,9;2;https://www.cian.ru/sale/flat/297699610/
110 000 000,00;5;CAR;156,5;99;6;9;1911;113;0;0;3,4;4;https://www.cian.ru/sale/flat/298903586/
110 000 000,00;5;CAR;160;37,5;6;9;1911;113;0;0;3,4;4;https://www.cian.ru/sale/flat/300936966/
110 000 000,00;4;WAR;150,7;37,5;25;53;2012;12;0;0;5;4;https://www.cian.ru/sale/flat/296390761/
110 000 000,00;4;CAR;156,5;99;6;7;1911;113;0;0;3;4;https://www.cian.ru/sale/flat/299850719/
110 000 000,00;3;CAR;163;111;2;7;1914;110;0;0;3;4;https://www.cian.ru/sale/flat/266931748/
110 000 000,00;2;CAR;186;100;35;73;2019;5;0;1;3;3;https://www.cian.ru/sale/flat/283410183/
110 000 000,00;1;CAR;129,3;37,5;5;8;1997;27;0;0;3;3;https://www.cian.ru/sale/flat/291208091/
110 220 000,00;4;CAR;100,2;37,5;68;78;2019;5;1;1;3,9;3;https://www.cian.ru/sale/flat/300449729/
110 500 000,00;8;CAR;142;60;3;5;2016;8;0;1;3,2;3;https://www.cian.ru/sale/flat/299960510/
110 530 000,00;27;WAR;167,5;72,5;13;13;2023;1;1;0;3,13;4;https://www.cian.ru/sale/flat/296278075/
110 584 760,00;6;CAR;131,4;37,5;4;7;2019;5;0;0;3;3;https://www.cian.ru/sale/flat/294675252/
110 761 560,00;11;CAR;128,8;37,5;3;7;2022;2;1;1;3,4;3;https://www.cian.ru/sale/flat/298164213/
111 000 000,00;4;CAR;110;75;2;5;2009;15;0;0;3;3;https://www.cian.ru/sale/flat/237857545/
111 060 882,00;8;CAR;112,9;37,5;10;13;2013;11;1;1;3,15;2;https://www.cian.ru/sale/flat/297286575/
111 182 375,00;12;NAR;131;37,5;38;41;2022;2;1;0;3,1;4;https://www.cian.ru/sale/flat/301041422/
111 215 000,00;12;NEAR;171,1;128,3;35;37;2024;0;1;0;4,1;4;https://www.cian.ru/sale/flat/300463315/
111 800 000,00;8;CAR;157;90;4;9;1997;27;0;0;3,2;3;https://www.cian.ru/sale/flat/300669758/
111 800 000,00;8;CAR;160;133;4;9;1997;27;0;0;3,2;3;https://www.cian.ru/sale/flat/300005967/
111 960 930,00;12;WAR;117,7;52,5;7;12;2023;1;1;0;3,65;3;https://www.cian.ru/sale/flat/299121996/
112 000 000,00;9;CAR;126;63;3;6;2017;7;0;1;3,4;3;https://www.cian.ru/sale/flat/298496616/
112 000 000,00;4;WAR;152,4;37,5;40;53;2019;5;0;0;3,3;4;https://www.cian.ru/sale/flat/298844325/
112 000 000,00;4;WAR;152,4;117,7;40;53;2011;13;0;0;3,3;4;https://www.cian.ru/sale/flat/297971288/
112 900 000,00;7;CAR;120,9;97,8;17;65;2023;1;1;0;3;4;https://www.cian.ru/sale/flat/299885026/
112 910 640,00;7;CAR;68,2;37,5;3;6;2009;15;0;0;3,2;3;https://www.cian.ru/sale/flat/294823138/
112 930 000,00;8;CAR;102;71;8;18;2022;2;0;0;3,3;3;https://www.cian.ru/sale/flat/299504460/
112 981 744,00;12;CAR;141,2;101,9;6;9;2021;3;1;1;3,6;4;https://www.cian.ru/sale/flat/298329528/
113 000 000,00;11;CAR;100;56,5;8;14;2019;5;0;0;3;2;https://www.cian.ru/sale/flat/300509285/
113 000 000,00;11;CAR;152;90;5;5;2019;5;0;0;3;3;https://www.cian.ru/sale/flat/298149867/
113 000 000,00;9;CAR;99,71;37,5;9;13;2019;5;0;0;3;3;https://www.cian.ru/sale/flat/294374810/
113 000 000,00;9;CAR;99,71;37,5;8;13;2019;5;0;0;3;3;https://www.cian.ru/sale/flat/294553685/
113 300 000,00;11;CAR;100;56,5;8;14;2019;5;0;0;3;2;https://www.cian.ru/sale/flat/300509038/
113 400 000,00;8;CAR;126;80;6;13;2013;11;0;1;3;2;https://www.cian.ru/sale/flat/299249180/
113 500 000,00;6;CAR;100;72;8;15;2019;5;0;0;3;3;https://www.cian.ru/sale/flat/291697598/
113 540 000,00;28;WAR;169,2;78,6;14;14;2023;1;1;0;3;3;https://www.cian.ru/sale/flat/296277932/
114 000 000,00;6;CAR;99,7;37,5;8;18;2022;2;0;0;3,65;3;https://www.cian.ru/sale/flat/299145698/
114 000 000,00;4;CAR;165,7;86;2;7;1998;26;0;0;3;4;https://www.cian.ru/sale/flat/300548969/
114 600 000,00;14;CAR;120;37,5;3;8;2023;1;0;0;3;3;https://www.cian.ru/sale/flat/293143542/
115 000 000,00;17;SAR;124;71;12;14;2023;1;0;0;3;3;https://www.cian.ru/sale/flat/298372126/
115 000 000,00;9;CAR;91,2;37,5;3;7;2019;5;0;1;3;2;https://www.cian.ru/sale/flat/298969634/
115 000 000,00;9;CAR;106,2;37,5;6;6;2019;5;0;0;3;3;https://www.cian.ru/sale/flat/297295342/
115 000 000,00;8;CAR;115;82;4;5;1947;77;0;0;3,35;4;https://www.cian.ru/sale/flat/297947520/
115 000 000,00;8;CAR;192;37,5;4;6;2019;5;0;0;3,6;4;https://www.cian.ru/sale/flat/295368854/
115 000 000,00;8;CAR;192;37,5;4;6;1913;111;0;0;3;4;https://www.cian.ru/sale/flat/297256666/
115 000 000,00;7;CAR;96;67,2;9;20;2019;5;0;0;3;3;https://www.cian.ru/sale/flat/300556446/
115 000 000,00;7;CAR;104,55;37,5;11;21;2019;5;0;0;3;3;https://www.cian.ru/sale/flat/300509023/
115 000 000,00;5;CAR;123;37,5;51;75;2012;12;0;1;3,2;2;https://www.cian.ru/sale/flat/259427417/
115 000 000,00;5;CAR;135;37,5;2;8;2019;5;0;0;3;4;https://www.cian.ru/sale/flat/300483482/
115 000 000,00;5;CAR;135;37,5;2;8;2005;19;0;0;3;4;https://www.cian.ru/sale/flat/300109356/
115 000 000,00;5;CAR;135;79;2;8;2005;19;0;0;3;4;https://www.cian.ru/sale/flat/300137154/
115 000 000,00;5;CAR;139;37,5;4;16;2000;24;0;0;3;3;https://www.cian.ru/sale/flat/299338893/
115 000 000,00;4;CAR;117;90;5;6;2007;17;0;0;3;2;https://www.cian.ru/sale/flat/300539780/
115 000 000,00;4;CAR;160;37,5;5;6;2008;16;0;0;3,4;4;https://www.cian.ru/sale/flat/300620703/
115 000 000,00;2;CAR;126;40;73;79;2019;5;0;1;3,9;3;https://www.cian.ru/sale/flat/294002765/
115 302 000,00;19;NEAR;174,7;131;32;32;2023;1;1;0;5,85;4;https://www.cian.ru/sale/flat/298604109/
116 000 000,00;10;NWAR;198;37,5;2;6;2005;19;0;0;3,4;4;https://www.cian.ru/sale/flat/300005979/
116 298 800,00;18;SWAR;174,1;37,5;22;32;2021;3;1;0;3,1;3;https://www.cian.ru/sale/flat/298609355/
116 660 000,00;8;CAR;122,8;65;3;5;1886;138;0;1;3,1;3;https://www.cian.ru/sale/flat/281251732/
117 000 000,00;10;CAR;189,1;37,5;4;19;1999;25;0;0;3,3;4;https://www.cian.ru/sale/flat/300759292/
117 000 000,00;10;CAR;189,1;37,5;4;19;1999;25;0;0;3,3;4;https://www.cian.ru/sale/flat/300759623/
117 000 000,00;9;CAR;128,7;70;4;7;2019;5;0;0;3;4;https://www.cian.ru/sale/flat/290380690/
117 000 000,00;2;CAR;163,5;104;6;6;1998;26;0;0;3;4;https://www.cian.ru/sale/flat/300616273/
117 089 718,00;11;CAR;123,5;37,5;2;7;2022;2;1;1;3,4;2;https://www.cian.ru/sale/flat/288177343/
117 500 000,00;17;WAR;155,2;135,5;5;12;2019;5;0;0;3;4;https://www.cian.ru/sale/flat/290327922/
117 705 000,00;7;CAR;123,9;57;4;5;1886;138;0;1;2,9;3;https://www.cian.ru/sale/flat/281253722/
118 000 000,00;14;CAR;120,9;97,8;57;67;2023;1;1;0;3,05;4;https://www.cian.ru/sale/flat/295206400/
118 000 000,00;10;CAR;142;37,5;14;17;2008;16;0;0;3,1;3;https://www.cian.ru/sale/flat/300005888/
118 000 000,00;10;CAR;145;90,7;3;11;2012;12;0;0;3,1;4;https://www.cian.ru/sale/flat/296571329/
118 000 000,00;6;CAR;125;73;2;7;2019;5;0;0;3;3;https://www.cian.ru/sale/flat/297126142/
118 150 000,00;6;NWAR;107,2;32,9;2;3;2023;1;1;1;3,1;2;https://www.cian.ru/sale/flat/300415740/
118 260 000,00;5;NWAR;107,3;32,8;2;3;2023;1;1;1;3,1;3;https://www.cian.ru/sale/flat/300415769/
118 300 000,00;10;CAR;120;37,5;4;17;2019;5;0;0;3;3;https://www.cian.ru/sale/flat/299237798/
118 370 000,00;27;WAR;171,3;61,9;14;14;2023;1;1;0;3;3;https://www.cian.ru/sale/flat/299262088/
118 450 000,00;11;CAR;99,71;44,2;9;14;2019;5;0;0;3;2;https://www.cian.ru/sale/flat/300509041/
118 500 000,00;15;WAR;257,2;37,5;12;22;2019;5;0;0;3,5;4;https://www.cian.ru/sale/flat/299276285/
118 850 000,00;10;CAR;113,91;37,5;11;12;2019;5;0;0;3;2;https://www.cian.ru/sale/flat/300509424/
118 900 000,00;6;CAR;200,5;140;8;8;2001;23;0;0;3,2;4;https://www.cian.ru/sale/flat/291531568/
119 000 000,00;13;CAR;110;37,5;3;5;2021;3;0;0;3;3;https://www.cian.ru/sale/flat/291161856/
119 000 000,00;13;CAR;110;64;3;5;2019;5;0;0;3;3;https://www.cian.ru/sale/flat/290250467/
119 000 000,00;13;CAR;111;37,5;3;5;2022;2;0;0;3,6;3;https://www.cian.ru/sale/flat/298515885/
119 000 000,00;10;CAR;113,91;37,5;11;12;2019;5;0;0;3;2;https://www.cian.ru/sale/flat/300509284/
119 000 000,00;10;CAR;113,91;37,5;11;12;2019;5;0;0;3;2;https://www.cian.ru/sale/flat/300650832/
119 000 000,00;6;CAR;190;90;7;8;2006;18;0;0;3,2;4;https://www.cian.ru/sale/flat/292766301/
119 000 000,00;6;CAR;200;37,5;7;8;2001;23;0;0;3;4;https://www.cian.ru/sale/flat/292444827/
119 000 000,00;6;CAR;200;37,5;7;8;2001;23;0;0;3,5;4;https://www.cian.ru/sale/flat/299894967/
119 000 000,00;6;CAR;201;142,5;7;8;2001;23;0;0;3,5;4;https://www.cian.ru/sale/flat/295284317/
119 000 000,00;4;NWAR;217;108;9;27;2006;18;0;0;3,1;4;https://www.cian.ru/sale/flat/295178043/
119 000 000,00;2;CAR;168,9;87;4;6;1998;26;0;0;3;4;https://www.cian.ru/sale/flat/301067687/
119 300 000,00;27;WAR;168,5;65,8;14;14;2023;1;1;0;3;3;https://www.cian.ru/sale/flat/299262087/
119 500 000,00;8;CAR;134;100;6;13;2013;11;0;1;3;3;https://www.cian.ru/sale/flat/299374541/
120 000 000,00;14;CAR;120,1;97,1;52;67;2023;1;1;0;3,05;4;https://www.cian.ru/sale/flat/296401065/
120 000 000,00;12;WAR;150;95;13;35;2008;16;0;0;3;4;https://www.cian.ru/sale/flat/296044657/
120 000 000,00;10;CAR;122,6;37,5;6;16;2019;5;0;0;3;3;https://www.cian.ru/sale/flat/299844612/
120 000 000,00;10;NAR;213,8;37,5;19;57;2019;5;0;0;3;4;https://www.cian.ru/sale/flat/298826487/
120 000 000,00;9;CAR;177,5;82;7;10;2019;5;0;0;3;3;https://www.cian.ru/sale/flat/294962431/
120 000 000,00;8;CAR;104;37,5;3;4;1912;112;0;0;3;3;https://www.cian.ru/sale/flat/299052958/
120 000 000,00;8;CAR;119,1;37,5;5;9;2019;5;0;0;3;4;https://www.cian.ru/sale/flat/300697253/
120 000 000,00;7;CAR;108;37,5;9;21;2023;1;0;0;3,1;3;https://www.cian.ru/sale/flat/299243737/
120 000 000,00;7;CAR;116,7;37,5;5;20;2023;1;0;0;3;3;https://www.cian.ru/sale/flat/296202679/
120 000 000,00;7;CAR;116,78;37,6;5;21;2019;5;0;0;3;3;https://www.cian.ru/sale/flat/296468286/
120 000 000,00;7;CAR;116,78;37,5;5;21;2019;5;0;0;3;3;https://www.cian.ru/sale/flat/300691853/
120 000 000,00;7;CAR;116,8;37,5;5;21;2022;2;0;0;3;3;https://www.cian.ru/sale/flat/300822468/
120 000 000,00;6;CAR;78;57;4;6;2019;5;0;1;3;3;https://www.cian.ru/sale/flat/299070313/
120 000 000,00;6;CAR;78;37,5;4;7;2017;7;0;1;3,5;3;https://www.cian.ru/sale/flat/300440822/
120 000 000,00;6;CAR;99,7;37,5;9;18;2022;2;0;0;3,65;3;https://www.cian.ru/sale/flat/299143568/
120 000 000,00;6;CAR;180;120;4;6;1914;110;0;0;3;3;https://www.cian.ru/sale/flat/300539810/
120 000 000,00;5;CAR;77,4;49,7;2;8;2023;1;1;0;3;2;https://www.cian.ru/sale/flat/300526235/
120 000 000,00;5;WAR;102,2;37,5;9;12;2021;3;0;0;3,4;3;https://www.cian.ru/sale/flat/300367025/
120 000 000,00;4;WAR;63,8;37,5;3;12;2020;4;0;0;3;2;https://www.cian.ru/sale/flat/300472283/
120 000 000,00;3;CAR;111;37,5;2;7;2015;9;0;1;3,2;2;https://www.cian.ru/sale/flat/294069323/
120 000 000,00;3;CAR;157,3;96;5;12;2003;21;0;0;3,2;4;https://www.cian.ru/sale/flat/290380778/
120 000 000,00;3;CAR;162,3;37,5;5;12;2003;21;0;0;3;4;https://www.cian.ru/sale/flat/278190873/
120 000 000,00;2;CAR;158,4;37,5;6;6;1998;26;0;0;3;4;https://www.cian.ru/sale/flat/295326123/
120 000 000,00;2;CAR;163,5;96;6;6;1998;26;0;0;3;4;https://www.cian.ru/sale/flat/297548153/
120 000 000,00;1;CAR;184;37,5;23;76;2009;15;0;1;3,1;3;https://www.cian.ru/sale/flat/291161850/
120 000 000,00;1;CAR;185;37,5;33;75;2009;15;0;1;3;3;https://www.cian.ru/sale/flat/289779307/
120 303 960,00;17;NWAR;118,2;74,4;42;43;2023;1;1;0;3,15;4;https://www.cian.ru/sale/flat/298665066/
120 615 000,00;1;CAR;93,5;37,5;3;9;2023;1;1;1;3;2;https://www.cian.ru/sale/flat/277035771/
120 930 000,00;9;WAR;166,8;77,7;14;14;2023;1;1;0;3;3;https://www.cian.ru/sale/flat/299262037/
121 460 000,00;6;NWAR;107,2;32,9;3;3;2023;1;1;1;3,1;2;https://www.cian.ru/sale/flat/300415754/
121 800 000,00;11;CAR;87;37,5;5;8;2021;3;0;1;3;3;https://www.cian.ru/sale/flat/297325999/
122 000 000,00;8;CAR;119,4;73,5;2;5;2019;5;0;1;3;4;https://www.cian.ru/sale/flat/296272660/
122 319 860,00;10;WAR;109,8;37,5;7;15;2008;16;0;0;3,35;3;https://www.cian.ru/sale/flat/294566604/
122 400 000,00;15;WAR;144;37,5;8;11;2020;4;0;0;3,3;3;https://www.cian.ru/sale/flat/300330497/
123 900 000,00;5;CAR;126;80;2;3;2019;5;0;0;3;4;https://www.cian.ru/sale/flat/299739475/
123 900 000,00;5;CAR;126,7;90;2;3;1917;107;0;0;3;4;https://www.cian.ru/sale/flat/300539716/
125 000 000,00;20;NEAR;224,3;37,5;24;25;2007;17;0;0;3;4;https://www.cian.ru/sale/flat/299637836/
125 000 000,00;14;CAR;115;80;5;33;1953;71;0;0;3,3;3;https://www.cian.ru/sale/flat/295371756/
125 000 000,00;12;NAR;135,3;95,9;37;41;2019;5;0;0;3;4;https://www.cian.ru/sale/flat/273469240/
125 000 000,00;11;CAR;95,5;37,5;5;32;1952;72;0;0;3,2;3;https://www.cian.ru/sale/flat/285581103/
125 000 000,00;11;CAR;100,1;38,6;5;14;2019;5;0;0;3;2;https://www.cian.ru/sale/flat/300509017/
125 000 000,00;11;CAR;107,11;64,4;10;14;2019;5;0;0;3;3;https://www.cian.ru/sale/flat/300509299/
125 000 000,00;10;NAR;169,5;37,5;23;25;2020;4;0;0;3,2;4;https://www.cian.ru/sale/flat/297603832/
125 000 000,00;8;CAR;172,5;105,9;7;12;2003;21;0;0;2,9;4;https://www.cian.ru/sale/flat/300264745/
125 000 000,00;4;CAR;170;71;47;75;2019;5;0;1;3;3;https://www.cian.ru/sale/flat/299290455/
125 000 000,00;3;CAR;93;69;6;7;2019;5;0;1;3,1;3;https://www.cian.ru/sale/flat/273848978/
125 700 000,00;7;CAR;116,8;37,5;9;21;2023;1;0;0;3,2;3;https://www.cian.ru/sale/flat/297039409/
125 730 000,00;14;CAR;97,25;37,5;9;15;2019;5;0;0;3;2;https://www.cian.ru/sale/flat/300509441/
125 740 000,00;14;CAR;97,25;37,5;9;15;2019;5;0;0;3;2;https://www.cian.ru/sale/flat/300509296/
126 000 000,00;8;SEAR;216;152;13;16;2023;1;0;1;3,2;4;https://www.cian.ru/sale/flat/300227312/
126 000 000,00;3;CAR;125,9;37,5;3;7;1914;110;0;0;3,2;4;https://www.cian.ru/sale/flat/296521432/
126 000 000,00;3;CAR;126;37,5;3;7;1914;110;0;0;3,2;4;https://www.cian.ru/sale/flat/300742307/
126 490 000,00;14;CAR;97,25;37,5;9;15;2019;5;0;0;3;2;https://www.cian.ru/sale/flat/300509135/
126 500 000,00;8;CAR;97;37,5;9;15;2019;5;0;0;3,3;3;https://www.cian.ru/sale/flat/295360181/
126 650 000,00;6;CAR;138;86;7;7;2003;21;0;0;2,9;3;https://www.cian.ru/sale/flat/292409934/
126 890 000,00;6;CAR;118,71;70,2;3;11;2019;5;0;0;3;3;https://www.cian.ru/sale/flat/300650864/
126 980 000,00;5;NWAR;87,1;30,6;1;3;2023;1;1;1;3,1;2;https://www.cian.ru/sale/flat/300415762/
127 000 000,00;16;WAR;195;150;3;47;2004;20;0;0;3,2;4;https://www.cian.ru/sale/flat/299738531/
127 000 000,00;9;CAR;128;37,5;6;21;2023;1;0;0;3,1;3;https://www.cian.ru/sale/flat/297776226/
127 000 000,00;8;WAR;101;37,5;5;9;2017;7;0;0;3,25;3;https://www.cian.ru/sale/flat/298212883/
127 000 000,00;5;CAR;120,1;37,5;4;7;1890;134;0;0;3,3;4;https://www.cian.ru/sale/flat/253208123/
127 000 000,00;5;WAR;217,3;37,5;13;30;2008;16;0;0;3,1;4;https://www.cian.ru/sale/flat/296082689/
127 500 000,00;4;WAR;110,9;37,5;6;12;2019;5;0;0;3;3;https://www.cian.ru/sale/flat/300509403/
128 000 000,00;13;WAR;233;37,5;38;39;2010;14;0;0;3,3;4;https://www.cian.ru/sale/flat/297997014/
128 000 000,00;7;CAR;130;73;9;15;2021;3;0;0;3,2;4;https://www.cian.ru/sale/flat/299667494/
128 250 760,00;14;CAR;116;93,6;66;67;2023;1;1;0;3,05;3;https://www.cian.ru/sale/flat/284503826/
128 579 724,00;11;CAR;142,4;37,5;2;7;2022;2;1;1;3,4;3;https://www.cian.ru/sale/flat/288177351/
128 600 000,00;10;CAR;128,6;37,5;7;8;2019;5;1;0;3,3;3;https://www.cian.ru/sale/flat/299053644/
128 803 339,00;8;CAR;111,3;37,5;8;13;2013;11;1;1;3,15;2;https://www.cian.ru/sale/flat/297286584/
129 000 000,00;19;SWAR;175,6;120;24;48;2010;14;0;0;3;4;https://www.cian.ru/sale/flat/279152182/
129 000 000,00;15;CAR;222,8;176;5;21;2008;16;0;0;3,3;4;https://www.cian.ru/sale/flat/296282173/
129 000 000,00;9;CAR;150;52,1;4;6;2003;21;0;0;3,1;4;https://www.cian.ru/sale/flat/300005942/
129 000 000,00;7;WAR;137;89;24;44;2017;7;0;0;3,1;3;https://www.cian.ru/sale/flat/300818777/
129 124 882,00;4;CAR;218,9;37,5;23;73;2009;15;0;1;3;2;https://www.cian.ru/sale/flat/297454391/
129 630 000,00;28;WAR;167,5;72,7;14;14;2021;3;1;0;3;3;https://www.cian.ru/sale/flat/296277985/
129 695 970,00;5;WAR;148;37,5;12;13;2017;7;0;1;4;4;https://www.cian.ru/sale/flat/296776103/
129 810 000,00;27;WAR;192,3;72;13;13;2023;1;1;0;3,13;3;https://www.cian.ru/sale/flat/296278076/
130 000 000,00;28;NWAR;143,6;37,5;30;36;2019;5;0;0;3,4;4;https://www.cian.ru/sale/flat/298158751/
130 000 000,00;17;WAR;127,9;37,5;26;34;2024;0;1;1;3;3;https://www.cian.ru/sale/flat/299928194/
130 000 000,00;15;CAR;95;50;6;7;2014;10;0;0;3,1;2;https://www.cian.ru/sale/flat/297894351/
130 000 000,00;12;CAR;94;60;6;8;2019;5;0;0;3,2;2;https://www.cian.ru/sale/flat/286943716/
130 000 000,00;10;CAR;94;37,5;6;7;2019;5;0;0;3;2;https://www.cian.ru/sale/flat/300509397/
130 000 000,00;9;CAR;149,9;60;3;13;2019;5;0;0;3;3;https://www.cian.ru/sale/flat/300907654/
130 000 000,00;9;CAR;149,9;37,5;4;13;1998;26;0;0;3,2;3;https://www.cian.ru/sale/flat/296521536/
130 000 000,00;9;CAR;150;103;3;13;1998;26;0;0;3;3;https://www.cian.ru/sale/flat/298642379/
130 000 000,00;8;CAR;119;37,5;6;15;2019;5;0;0;3;3;https://www.cian.ru/sale/flat/300509278/
130 000 000,00;7;CAR;182;120;7;9;2016;8;0;0;3,3;4;https://www.cian.ru/sale/flat/300486546/
130 000 000,00;6;CAR;99,61;37,5;10;14;2019;5;0;0;3;2;https://www.cian.ru/sale/flat/300509288/
130 000 000,00;3;CAR;193;154;7;8;2019;5;0;0;3;4;https://www.cian.ru/sale/flat/298364458/
130 000 000,00;3;CAR;193;37,5;7;8;1996;28;0;0;3,2;4;https://www.cian.ru/sale/flat/297553018/
130 000 000,00;3;CAR;193,7;99;7;8;1996;28;0;0;3,2;4;https://www.cian.ru/sale/flat/301075981/
130 000 000,00;1;CAR;223;37,5;45;76;2009;15;0;1;3;3;https://www.cian.ru/sale/flat/291161843/
130 000 000,00;1;CAR;260;170;3;8;1997;27;0;0;3;4;https://www.cian.ru/sale/flat/300539708/
130 707 000,00;9;CAR;94;75;12;14;2019;5;0;0;3;3;https://www.cian.ru/sale/flat/296777810/
130 817 260,00;13;CAR;217;37,5;3;4;1946;78;0;0;3,4;4;https://www.cian.ru/sale/flat/295462657/
130 817 260,00;4;WAR;165;37,5;40;54;2019;5;0;0;3;4;https://www.cian.ru/sale/flat/287506166/
130 817 260,00;4;WAR;165;37,5;40;53;2012;12;0;0;5;4;https://www.cian.ru/sale/flat/297055902/
130 817 260,00;4;WAR;165;37,5;40;53;2011;13;0;0;3,3;4;https://www.cian.ru/sale/flat/295392025/
130 817 260,00;4;WAR;165;113;40;53;2011;13;0;0;3;4;https://www.cian.ru/sale/flat/300950195/
130 900 000,00;8;CAR;154;110;6;13;2013;11;0;1;3;3;https://www.cian.ru/sale/flat/299249188/
131 000 000,00;27;WAR;195,8;65,9;13;13;2023;1;1;0;3,13;4;https://www.cian.ru/sale/flat/296278077/
131 000 000,00;7;CAR;114;40,9;6;21;2019;5;0;0;3;3;https://www.cian.ru/sale/flat/300650885/
131 560 000,00;3;CAR;119,6;37,5;42;66;2020;4;1;1;3,9;3;https://www.cian.ru/sale/flat/298051551/
131 920 652,00;1;CAR;166;117,7;40;85;2015;9;1;1;3;3;https://www.cian.ru/sale/flat/291360142/
131 950 000,00;5;NWAR;128,1;41,3;2;3;2023;1;1;1;3,1;3;https://www.cian.ru/sale/flat/300415805/
132 000 000,00;16;CAR;103;50;12;20;2021;3;0;0;3,2;2;https://www.cian.ru/sale/flat/298311584/
132 000 000,00;9;CAR;112,7;37,5;6;21;2023;1;0;0;3;3;https://www.cian.ru/sale/flat/267420074/
132 661 182,00;14;CAR;116,2;93,8;67;67;2023;1;1;0;3,05;2;https://www.cian.ru/sale/flat/287868739/
133 000 000,00;4;WAR;110,9;37,5;3;8;2020;4;0;0;3,2;3;https://www.cian.ru/sale/flat/298332329/
133 180 000,00;5;NWAR;129,3;42,5;2;3;2023;1;1;1;3,1;3;https://www.cian.ru/sale/flat/300415811/
133 200 000,00;5;WAR;111;37,5;6;8;2020;4;0;0;3;3;https://www.cian.ru/sale/flat/282550381/
133 560 000,00;10;CAR;111,3;37,5;4;6;2023;1;0;1;3;3;https://www.cian.ru/sale/flat/298296903/
133 770 000,00;28;WAR;171,3;56,6;14;14;2021;3;1;0;3;3;https://www.cian.ru/sale/flat/296277986/
134 680 000,00;4;CAR;138,2;70;4;7;2016;8;0;1;3,5;3;https://www.cian.ru/sale/flat/295068153/
135 000 000,00;16;CAR;139,6;70,7;7;10;2019;5;0;0;3;3;https://www.cian.ru/sale/flat/300509405/
135 000 000,00;11;CAR;101,61;37,5;8;8;2019;5;0;0;3;2;https://www.cian.ru/sale/flat/300509142/
135 000 000,00;11;CAR;107,11;37,5;10;14;2019;5;0;0;3;3;https://www.cian.ru/sale/flat/300509047/
135 000 000,00;11;CAR;118,71;70,2;3;11;2019;5;0;0;3;3;https://www.cian.ru/sale/flat/300509031/
135 000 000,00;11;CAR;118,71;37,5;3;11;2019;5;0;0;3;3;https://www.cian.ru/sale/flat/300554553/
135 000 000,00;11;CAR;122,6;67;8;18;2016;8;0;0;3;4;https://www.cian.ru/sale/flat/299851468/
135 000 000,00;11;CAR;140;37,5;6;7;2018;6;0;1;3,1;3;https://www.cian.ru/sale/flat/296564597/
135 000 000,00;11;CAR;143;37,5;6;7;2018;6;0;1;3,2;4;https://www.cian.ru/sale/flat/295772903/
135 000 000,00;8;CAR;139;96;2;5;1998;26;0;0;3;4;https://www.cian.ru/sale/flat/300578367/
135 000 000,00;6;CAR;100;39;8;10;2019;5;0;0;3,3;3;https://www.cian.ru/sale/flat/300608374/
135 000 000,00;6;CAR;106,3;37,5;8;18;2022;2;0;0;3,3;3;https://www.cian.ru/sale/flat/297949569/
135 000 000,00;6;CAR;106,3;79;8;8;2019;5;0;0;3;3;https://www.cian.ru/sale/flat/298011670/
135 000 000,00;4;WAR;150;37,5;8;53;2011;13;0;0;3;3;https://www.cian.ru/sale/flat/247174958/
135 000 000,00;4;CAR;160;100;4;8;2019;5;0;0;3;4;https://www.cian.ru/sale/flat/291703327/
135 000 000,00;4;CAR;160;120;4;8;2008;16;0;0;3;4;https://www.cian.ru/sale/flat/271629143/
135 000 000,00;3;CAR;135;37,5;4;12;2019;5;0;0;3;3;https://www.cian.ru/sale/flat/296204878/
135 000 000,00;3;CAR;135;37,5;4;12;2019;5;0;0;3;3;https://www.cian.ru/sale/flat/297085772/
135 000 000,00;3;CAR;135;80;4;12;2005;19;0;0;3;3;https://www.cian.ru/sale/flat/294593364/
135 540 000,00;10;CAR;75,3;37,5;4;9;2023;1;0;0;3;2;https://www.cian.ru/sale/flat/285925205/
135 790 000,00;8;WAR;172,9;81,4;14;14;2023;1;1;0;3;3;https://www.cian.ru/sale/flat/298893338/
135 800 000,00;16;WAR;176;136;12;17;2003;21;0;0;3;4;https://www.cian.ru/sale/flat/300295839/
136 120 000,00;8;WAR;177,9;80,9;14;14;2023;1;1;0;3;3;https://www.cian.ru/sale/flat/298893339/
136 120 000,00;6;NWAR;128,3;41,2;3;3;2023;1;1;1;3,1;3;https://www.cian.ru/sale/flat/300415749/
136 770 090,00;7;CAR;91;37,5;5;8;2004;20;0;0;3,4;2;https://www.cian.ru/sale/flat/295350545/
136 878 088,00;1;CAR;161,6;112,2;53;85;2015;9;1;1;3;3;https://www.cian.ru/sale/flat/291360093/
137 000 000,00;13;CAR;126;37,5;7;18;2020;4;0;0;3,2;4;https://www.cian.ru/sale/flat/292852388/
137 000 000,00;12;NAR;138,2;37,5;26;41;2020;4;0;0;3,1;4;https://www.cian.ru/sale/flat/285243200/
137 357 394,00;1;CAR;159,7;110,3;56;85;2015;9;1;1;3;3;https://www.cian.ru/sale/flat/291360089/
137 437 842,00;1;CAR;157,4;108;59;85;2015;9;1;1;3;3;https://www.cian.ru/sale/flat/291360073/
138 000 000,00;3;CAR;138,3;37,5;3;10;2019;5;0;0;3,4;3;https://www.cian.ru/sale/flat/299244058/
138 315 534,00;9;WAR;109,8;70;7;15;2008;16;0;0;3,3;3;https://www.cian.ru/sale/flat/266266409/
138 710 722,00;10;WAR;105,3;37,5;7;15;2008;16;0;0;3,4;3;https://www.cian.ru/sale/flat/294650775/
138 750 000,00;11;CAR;147,36;56,5;3;11;2019;5;0;0;3;4;https://www.cian.ru/sale/flat/300508740/
138 750 000,00;6;CAR;150;100;3;14;2022;2;0;0;3,3;4;https://www.cian.ru/sale/flat/300393599/
138 794 810,00;8;CAR;146,3;37,5;4;7;2016;8;1;1;3,25;3;https://www.cian.ru/sale/flat/292484942/
138 830 000,00;6;CAR;152,2;37,5;2;8;2019;5;0;0;3;3;https://www.cian.ru/sale/flat/300509293/
139 000 000,00;11;CAR;147,36;56,5;3;11;2019;5;0;0;3;4;https://www.cian.ru/sale/flat/300509274/
139 000 000,00;8;CAR;149;115;3;4;1900;124;0;0;5;4;https://www.cian.ru/sale/flat/220126243/
139 720 000,00;1;CAR;99,8;37,5;5;9;2023;1;1;1;3;2;https://www.cian.ru/sale/flat/289484495/
139 810 000,00;14;CAR;127,1;103;23;67;2023;1;1;0;3,05;4;https://www.cian.ru/sale/flat/298020355/
140 000 000,00;17;WAR;128;68;25;34;2024;0;0;1;3;3;https://www.cian.ru/sale/flat/299871876/
140 000 000,00;16;CAR;95,7;37,5;3;7;2016;8;0;0;3,1;3;https://www.cian.ru/sale/flat/297307916/
140 000 000,00;16;CAR;103;60;3;7;2016;8;0;0;3;3;https://www.cian.ru/sale/flat/297725136/
140 000 000,00;13;SWAR;161,9;100;17;19;2011;13;0;0;3,1;4;https://www.cian.ru/sale/flat/300480524/
140 000 000,00;11;CAR;150;37,5;6;9;2019;5;0;0;3;4;https://www.cian.ru/sale/flat/285891913/
140 000 000,00;10;CAR;138;53;7;9;1998;26;0;0;3;4;https://www.cian.ru/sale/flat/299906692/
140 000 000,00;9;CAR;136;37,5;5;21;2023;1;0;0;3,1;4;https://www.cian.ru/sale/flat/299341037/
140 000 000,00;9;NAR;201,3;37,5;7;10;2017;7;0;0;3,15;4;https://www.cian.ru/sale/flat/297581765/
140 000 000,00;8;CAR;99;58;4;21;2019;5;0;0;3,2;3;https://www.cian.ru/sale/flat/300615233/
140 000 000,00;8;CAR;145;51,3;3;5;2017;7;0;0;3,2;4;https://www.cian.ru/sale/flat/298519318/
140 000 000,00;8;CAR;145;37,5;3;3;2016;8;0;1;4;4;https://www.cian.ru/sale/flat/294855111/
140 000 000,00;8;CAR;162,4;37,5;2;6;1912;112;0;0;3,5;4;https://www.cian.ru/sale/flat/286796837/
140 000 000,00;7;CAR;137;37,5;5;21;2019;5;0;0;3;3;https://www.cian.ru/sale/flat/300509158/
140 000 000,00;7;NAR;200;37,5;7;13;2019;5;0;1;3;4;https://www.cian.ru/sale/flat/298801810/
140 000 000,00;7;NAR;201,3;82;7;10;2017;7;0;1;3;4;https://www.cian.ru/sale/flat/277002292/
140 000 000,00;7;NAR;203,1;37,5;7;11;2019;5;0;1;3,15;4;https://www.cian.ru/sale/flat/285555298/
140 000 000,00;6;CAR;138,1;37,5;4;14;2019;5;0;0;3;3;https://www.cian.ru/sale/flat/300509451/
140 000 000,00;6;CAR;167,5;145;5;6;1914;110;0;0;3,5;4;https://www.cian.ru/sale/flat/301020277/
140 000 000,00;6;CAR;170;120;5;6;1914;110;0;0;3;4;https://www.cian.ru/sale/flat/297546093/
140 000 000,00;5;NWAR;229;37,5;1;3;2019;5;0;1;3;3;https://www.cian.ru/sale/flat/291404045/
140 000 000,00;4;CAR;200;165;3;6;2019;5;0;0;3;4;https://www.cian.ru/sale/flat/293906419/
140 000 000,00;4;CAR;201;165;3;5;2019;5;0;0;3,8;4;https://www.cian.ru/sale/flat/298560697/
140 161 350,00;11;CAR;143;37,5;6;7;2019;5;0;1;3,4;4;https://www.cian.ru/sale/flat/296565365/
140 884 081,00;8;CAR;169,5;37,5;5;7;2016;8;1;1;3,25;3;https://www.cian.ru/sale/flat/296394255/
141 138 300,00;12;CAR;110;37,5;3;11;2008;16;0;0;3,2;3;https://www.cian.ru/sale/flat/297718370/
141 580 000,00;8;WAR;173,5;81,4;14;14;2023;1;1;0;3;3;https://www.cian.ru/sale/flat/296277878/
141 600 000,00;12;CAR;118;49,5;2;7;2021;3;0;0;3,6;3;https://www.cian.ru/sale/flat/300434424/
141 739 202,00;14;CAR;128,2;104;66;67;2023;1;1;0;3,05;4;https://www.cian.ru/sale/flat/284503827/
141 938 000,00;6;CAR;151,1;37,5;4;7;2017;7;0;1;3,3;4;https://www.cian.ru/sale/flat/291208092/
142 440 000,00;7;CAR;118,7;37,5;30;66;2023;1;0;0;3,4;3;https://www.cian.ru/sale/flat/291914791/
143 593 800,00;14;CAR;125,3;37,5;3;8;2023;1;1;0;3,2;2;https://www.cian.ru/sale/flat/294641838/
143 712 000,00;1;CAR;99,8;37,5;6;9;2023;1;1;1;3;2;https://www.cian.ru/sale/flat/289484508/
143 796 000,00;1;CAR;104,2;37,5;5;9;2023;1;1;1;3;2;https://www.cian.ru/sale/flat/286258299/
143 849 475,00;14;CAR;126,7;102,7;67;67;2023;1;1;0;3,05;3;https://www.cian.ru/sale/flat/287868736/
144 224 525,00;3;CAR;191,6;37,5;22;65;2008;16;0;1;3;3;https://www.cian.ru/sale/flat/276109910/
144 508 000,00;10;CAR;158,8;48,6;5;6;2021;3;1;1;3,85;2;https://www.cian.ru/sale/flat/300430648/
144 638 530,00;9;WAR;109,8;37,5;7;15;2019;5;0;0;3,3;3;https://www.cian.ru/sale/flat/292425759/
145 000 000,00;12;CAR;146;124;6;17;2019;5;0;0;3;4;https://www.cian.ru/sale/flat/299054017/
145 000 000,00;12;CAR;146;37,5;6;13;2017;7;0;0;3,2;4;https://www.cian.ru/sale/flat/299853624/
145 000 000,00;9;CAR;134;86;3;21;2023;1;0;0;3;4;https://www.cian.ru/sale/flat/299163491/
145 000 000,00;3;CAR;135,4;37,5;3;9;2007;17;0;0;3,2;2;https://www.cian.ru/sale/flat/295368581/
145 000 000,00;2;CAR;134;37,5;3;10;2002;22;0;0;3;4;https://www.cian.ru/sale/flat/299641072/
145 000 000,00;2;CAR;260,8;37,5;48;75;2010;14;0;1;3;4;https://www.cian.ru/sale/flat/292132242/
145 566 606,00;11;NAR;131,9;37,5;39;40;2021;3;1;0;3,1;4;https://www.cian.ru/sale/flat/301041560/
145 748 818,00;15;WAR;105;84;10;11;2019;5;0;0;3;3;https://www.cian.ru/sale/flat/299771688/
145 748 818,00;15;WAR;105,1;37,5;10;11;2020;4;0;0;3,3;3;https://www.cian.ru/sale/flat/287168354/
146 084 211,00;10;CAR;154,2;37,5;4;8;2019;5;1;0;3,3;3;https://www.cian.ru/sale/flat/274789015/
146 300 000,00;6;CAR;133,6;37,5;4;5;2019;5;1;0;3,6;3;https://www.cian.ru/sale/flat/291467888/
146 361 132,00;14;CAR;128,2;104;67;67;2023;1;1;0;3,05;3;https://www.cian.ru/sale/flat/287868741/
146 554 436,00;1;CAR;187,5;139,1;37;85;2015;9;1;1;3;3;https://www.cian.ru/sale/flat/288136849/
146 630 000,00;8;CAR;133,3;37,5;9;13;2013;11;1;1;3,15;2;https://www.cian.ru/sale/flat/297286590/
146 715 789,00;10;CAR;121,2;37,5;8;8;2019;5;1;0;3,3;2;https://www.cian.ru/sale/flat/284404561/
147 000 000,00;4;WAR;165;37,5;2;12;2019;5;0;0;3;4;https://www.cian.ru/sale/flat/300731784/
147 120 000,00;10;CAR;122,6;37,5;5;6;2023;1;0;1;3;3;https://www.cian.ru/sale/flat/298296899/
147 160 000,00;1;CAR;104;37,5;6;9;2023;1;1;1;3;2;https://www.cian.ru/sale/flat/293149097/
147 171 200,00;14;CAR;124,3;37,5;3;8;2023;1;1;0;3,2;2;https://www.cian.ru/sale/flat/294641860/
147 636 622,00;7;CAR;183;37,5;3;7;1917;107;0;0;3;4;https://www.cian.ru/sale/flat/292309522/
147 636 622,00;7;CAR;183;140;3;7;1917;107;0;0;3,2;4;https://www.cian.ru/sale/flat/293515347/
147 800 000,00;10;CAR;129,5;38,7;5;14;2019;5;0;0;3;2;https://www.cian.ru/sale/flat/300508743/
148 000 000,00;7;CAR;178;86;15;16;2009;15;0;0;3;3;https://www.cian.ru/sale/flat/299793431/
148 000 000,00;3;CAR;149,9;86;8;11;2019;5;0;0;3,37;3;https://www.cian.ru/sale/flat/281492779/
148 000 000,00;3;CAR;150;37,5;8;10;2011;13;0;0;3;3;https://www.cian.ru/sale/flat/278927183/
148 900 000,00;7;NWAR;200;37,5;20;22;2019;5;0;0;3,2;4;https://www.cian.ru/sale/flat/300005780/
149 000 000,00;11;CAR;210;37,5;5;5;1914;110;0;0;3,8;4;https://www.cian.ru/sale/flat/300005755/
149 000 000,00;6;CAR;111;70;62;77;2019;5;0;1;3;2;https://www.cian.ru/sale/flat/280116651/
149 000 000,00;6;CAR;111;37,5;62;77;2019;5;0;1;3;2;https://www.cian.ru/sale/flat/288080150/
149 000 000,00;6;CAR;111;37,5;62;77;2019;5;0;1;3,2;3;https://www.cian.ru/sale/flat/294650793/
149 000 000,00;6;CAR;123;37,5;43;77;2019;5;0;1;3;2;https://www.cian.ru/sale/flat/287787147/
149 000 000,00;6;CAR;123;74;43;73;2019;5;0;1;3;2;https://www.cian.ru/sale/flat/294457758/
149 038 000,00;2;CAR;76,5;37,5;3;3;2019;5;0;1;5,2;2;https://www.cian.ru/sale/flat/298893125/
149 187 500,00;12;WAR;171,4;89;4;12;2023;1;1;0;3,65;4;https://www.cian.ru/sale/flat/300086493/
149 300 000,00;2;CAR;160,1;120;3;6;1907;117;0;0;3;4;https://www.cian.ru/sale/flat/300539785/
149 600 000,00;9;CAR;116;50;2;21;2019;5;0;0;3;2;https://www.cian.ru/sale/flat/300033762/
149 980 000,00;1;CAR;103;37,5;2;5;1917;107;0;1;3,4;2;https://www.cian.ru/sale/flat/300006052/
150 000 000,00;16;WAR;164;37,5;7;7;1999;25;0;0;3;3;https://www.cian.ru/sale/flat/289519241/
150 000 000,00;16;WAR;168,1;37,5;7;7;1999;25;0;0;3;4;https://www.cian.ru/sale/flat/289519232/
150 000 000,00;16;WAR;218;37,5;6;17;2019;5;0;0;3,2;4;https://www.cian.ru/sale/flat/300348491/
150 000 000,00;15;CAR;174,1;37,5;13;21;2008;16;0;0;3,1;4;https://www.cian.ru/sale/flat/297641473/
150 000 000,00;11;CAR;106,7;76,7;6;8;2019;5;0;1;3;3;https://www.cian.ru/sale/flat/298051841/
150 000 000,00;11;CAR;107;37,5;6;8;2019;5;0;1;3,2;3;https://www.cian.ru/sale/flat/299854801/
150 000 000,00;11;SAR;124,1;82;5;9;2021;3;0;0;3,8;4;https://www.cian.ru/sale/flat/300688370/
150 000 000,00;10;CAR;107;85;6;8;2019;5;0;1;3;3;https://www.cian.ru/sale/flat/300875918/
150 000 000,00;10;CAR;150,5;85;5;6;1900;124;0;0;3,4;3;https://www.cian.ru/sale/flat/299912758/
150 000 000,00;9;CAR;112,5;37,5;6;21;2023;1;0;0;3;3;https://www.cian.ru/sale/flat/300294429/
150 000 000,00;9;CAR;236;37,5;9;10;2005;19;0;0;3;4;https://www.cian.ru/sale/flat/266228776/
150 000 000,00;8;CAR;109,7;37,5;1;4;1910;114;0;1;3;3;https://www.cian.ru/sale/flat/291049741/
150 000 000,00;8;CAR;150;100;2;14;2019;5;0;0;3;4;https://www.cian.ru/sale/flat/287106219/
150 000 000,00;7;NAR;125;89;5;19;2019;5;0;0;3;4;https://www.cian.ru/sale/flat/300861932/
150 000 000,00;7;CAR;137;37,5;7;21;2019;5;0;0;3;4;https://www.cian.ru/sale/flat/297359672/
150 000 000,00;4;CAR;133,8;37,5;4;8;2019;5;0;0;3,3;3;https://www.cian.ru/sale/flat/297827504/
150 000 000,00;4;WAR;194;37,5;11;22;2010;14;0;0;3;4;https://www.cian.ru/sale/flat/245218694/
150 000 000,00;1;CAR;104;60;3;5;2015;9;0;1;3,8;2;https://www.cian.ru/sale/flat/297469657/
