price;min_to_metro;region_of_moscow;total_area;living_area;floor;number_of_floors;construction_year;is_new;is_apartments;ceiling_height;number_of_rooms;link
800000;12;SWAR;40;;6;14;2009;0;0;2,9;1;https://www.cian.ru/sale/flat/300459829/
1000000;3;NEAR;52,9;30,7;6;12;;0;0;;2;https://www.cian.ru/sale/flat/298377792/
1300000;11;EAR;36,7;;1;9;;0;0;;2;https://www.cian.ru/sale/flat/295919515/
2120000;14;SEAR;13,8;5,8;1;16;2001;0;1;3;1;https://www.cian.ru/sale/flat/299098459/
2200000;17;SWAR;34,9;;5;16;;0;0;2,5;1;https://www.cian.ru/sale/flat/296830781/
2250000;7;WAR;30,6;20;3;5;1962;0;0;;1;https://www.cian.ru/sale/flat/295666829/
2250000;15;NAR;31,6;18;1;5;1967;0;0;;1;https://www.cian.ru/sale/flat/298991779/
2500000;7;NWAR;38;19;4;17;;0;0;;1;https://www.cian.ru/sale/flat/293269136/
2900000;19;EAR;56;30;5;5;;0;0;2,8;1;https://www.cian.ru/sale/flat/300427156/
3000000;4;SEAR;87,5;61;6;6;;0;0;;4;https://www.cian.ru/sale/flat/297007791/
3100000;15;SWAR;12,1;10;3;31;2018;1;1;;1;https://www.cian.ru/sale/flat/300685564/
3200000;4;SAR;31;;9;12;1974;0;0;2,64;1;https://www.cian.ru/sale/flat/300818721/
3250000;17;NAR;63,2;9,5;6;9;;0;0;2,55;4;https://www.cian.ru/sale/flat/297552006/
3300000;16;NAR;11,8;3,8;1;5;;0;1;;1;https://www.cian.ru/sale/flat/300969240/
3500000;20;CAR;13,1;5,1;1;5;1957;0;1;;1;https://www.cian.ru/sale/flat/299098691/
3500000;8;EAR;38,6;19;8;14;;0;0;;1;https://www.cian.ru/sale/flat/298512685/
3600000;10;NAR;45;30;1;5;1961;0;0;2,64;2;https://www.cian.ru/sale/flat/300530388/
3700000;4;NWAR;39,7;;1;27;2011;0;1;3,3;1;https://www.cian.ru/sale/flat/297962396/
3800000;6;WAR;19,6;;1;5;;0;1;;1;https://www.cian.ru/sale/flat/299570374/
3800000;5;NWAR;36;18;1;12;1967;0;0;2,64;1;https://www.cian.ru/sale/flat/299958853/
3800000;13;EAR;44;20;12;12;;0;0;;1;https://www.cian.ru/sale/flat/290644239/
3865000;16;EAR;13,2;5,2;2;6;1961;0;1;2,8;1;https://www.cian.ru/sale/flat/279298831/
3900000;4;EAR;17;12;1;2;;0;1;4;1;https://www.cian.ru/sale/flat/298683140/
3900000;20;CAR;15,6;7,6;1;5;1957;0;1;;1;https://www.cian.ru/sale/flat/299098694/
3950000;10;NAR;13;;1;8;1962;0;1;;1;https://www.cian.ru/sale/flat/299604849/
4000000;7;NWAR;50,3;;15;16;;0;0;;2;https://www.cian.ru/sale/flat/300892118/
4000000;19;NEAR;15;7;1;8;1957;0;1;3;1;https://www.cian.ru/sale/flat/299107847/
4100000;10;NAR;12;;1;8;1962;0;1;;1;https://www.cian.ru/sale/flat/298348886/
4150000;20;CAR;17,1;7,1;1;5;1957;0;1;;1;https://www.cian.ru/sale/flat/299098689/
4150000;15;SWAR;9;5;4;5;2022;0;1;4;1;https://www.cian.ru/sale/flat/299970822/
4250000;16;SWAR;11,2;2,2;3;31;2018;0;1;2,7;1;https://www.cian.ru/sale/flat/290185551/
4300000;17;EAR;14,4;9,8;1;2;;0;1;;1;https://www.cian.ru/sale/flat/300499891/
4350000;7;SEAR;14,3;;3;3;;0;1;2,8;1;https://www.cian.ru/sale/flat/300153550/
4350000;10;SEAR;17,6;11,6;4;16;1974;0;1;2,5;1;https://www.cian.ru/sale/flat/297254800/
4444444;3;NAR;11;6;1;9;;0;1;;1;https://www.cian.ru/sale/flat/288413164/
4500000;16;NAR;17,8;7,8;1;5;;0;1;;1;https://www.cian.ru/sale/flat/300934690/
4500000;9;NAR;15;5;3;3;1943;0;1;2,64;1;https://www.cian.ru/sale/flat/297697989/
4500000;9;SAR;81,9;;5;5;1951;0;0;;1;https://www.cian.ru/sale/flat/293949247/
4650000;14;SAR;10,1;3,1;3;6;;0;1;4,5;1;https://www.cian.ru/sale/flat/288041113/
4750000;;SAR;42,3;21;5;16;2004;0;0;2,6;1;https://www.cian.ru/sale/flat/298263988/
4950000;9;WAR;35,8;19;2;4;1960;0;0;;1;https://www.cian.ru/sale/flat/300589646/
4999999;2;NEAR;20;;4;5;1955;0;1;3;1;https://www.cian.ru/sale/flat/300710740/
4999999;2;NEAR;20,2;;3;5;1955;0;1;3;1;https://www.cian.ru/sale/flat/298357242/
5000000;8;SAR;32,8;21,8;5;12;;0;0;;1;https://www.cian.ru/sale/flat/289694246/
5000000;3;SWAR;16;7;6;7;2013;0;1;3,2;1;https://www.cian.ru/sale/flat/300611210/
5000000;4;CAR;34,7;17;4;12;1966;0;0;2,64;1;https://www.cian.ru/sale/flat/300062146/
5000000;12;SEAR;74;58;1;12;1980;0;0;2,65;4;https://www.cian.ru/sale/flat/299187334/
5015000;4;NEAR;19,7;10,7;4;5;1955;0;1;3;1;https://www.cian.ru/sale/flat/300153461/
5050000;10;NAR;16,3;8,3;2;8;1962;0;1;;1;https://www.cian.ru/sale/flat/298790582/
5149999;2;NEAR;19,5;;1;5;1955;0;1;3,15;1;https://www.cian.ru/sale/flat/300668604/
5155000;2;NEAR;20,3;;3;5;1955;0;1;3;1;https://www.cian.ru/sale/flat/300667780/
5180000;10;NEAR;16,9;;16;16;2019;0;1;2,5;1;https://www.cian.ru/sale/flat/293971061/
5200000;10;NEAR;18,5;10,5;4;16;1980;0;1;;1;https://www.cian.ru/sale/flat/297040416/
5200000;14;SAR;30;18;2;6;;0;1;;1;https://www.cian.ru/sale/flat/297050402/
5200000;10;NEAR;18,5;;4;16;2019;0;1;2,5;1;https://www.cian.ru/sale/flat/292204416/
5200000;7;SEAR;98,4;67,2;6;7;1956;0;0;4;4;https://www.cian.ru/sale/flat/300806626/
5230000;2;NEAR;20,6;;2;5;1955;0;1;3;1;https://www.cian.ru/sale/flat/293859596/
5250000;12;SAR;31,7;;2;6;1986;0;1;4,5;2;https://www.cian.ru/sale/flat/297949797/
5300000;10;NEAR;19;10;1;16;1980;0;1;2,7;1;https://www.cian.ru/sale/flat/294771543/
5350000;12;SAR;31;18;2;6;1986;0;1;4,5;1;https://www.cian.ru/sale/flat/292533826/
5390000;;NAR;17,2;10,2;2;3;;0;1;3,4;1;https://www.cian.ru/sale/flat/300156073/
5430000;16;NEAR;22,5;14;2;16;1989;0;1;3;1;https://www.cian.ru/sale/flat/300111122/
5444000;5;EAR;23;15;1;12;1977;0;1;2,5;1;https://www.cian.ru/sale/flat/281954303/
5445000;2;NEAR;19,8;;2;5;;0;1;3,15;1;https://www.cian.ru/sale/flat/299884766/
5450000;60;WAR;18;;4;5;;0;1;;1;https://www.cian.ru/sale/flat/286867547/
5478000;10;NAR;16,6;7,6;4;4;;0;1;;1;https://www.cian.ru/sale/flat/293983413/
5500000;5;SAR;55;33;2;9;1970;0;0;2,64;2;https://www.cian.ru/sale/flat/300591249/
5500000;;SAR;27;14;4;5;1930;0;1;3;1;https://www.cian.ru/sale/flat/300718061/
5500000;10;CAR;21;12;1;5;1956;0;1;;1;https://www.cian.ru/sale/flat/300433015/
5500000;7;SAR;34,2;19,2;12;12;;0;0;;1;https://www.cian.ru/sale/flat/299105794/
5570000;8;CAR;18,9;11,9;3;3;1900;0;1;2,9;1;https://www.cian.ru/sale/flat/295649148/
5600000;12;EAR;15;;4;4;;0;1;;1;https://www.cian.ru/sale/flat/296522814/
5690000;11;SEAR;13,2;5,2;1;12;1980;0;0;;1;https://www.cian.ru/sale/flat/299069460/
5699000;16;NWAR;36;20;8;9;;0;1;2,7;1;https://www.cian.ru/sale/flat/297265190/
5699000;15;EAR;29,8;;6;6;1953;0;1;6;1;https://www.cian.ru/sale/flat/293823518/
5699999;1;NAR;23,1;;2;3;2022;0;1;3,5;1;https://www.cian.ru/sale/flat/294230460/
5699999;1;NAR;22,7;;3;3;2022;0;1;3,5;1;https://www.cian.ru/sale/flat/294911919/
5700000;9;SAR;20,7;15;1;14;1985;0;1;2,64;1;https://www.cian.ru/sale/flat/296486978/
5700000;5;EAR;16,2;;5;6;;0;1;3,6;1;https://www.cian.ru/sale/flat/296939878/
5700000;12;SEAR;26,4;;1;7;1958;0;1;2,8;1;https://www.cian.ru/sale/flat/299743847/
5700000;15;NWAR;27,6;14;8;9;1980;0;1;4;1;https://www.cian.ru/sale/flat/277531258/
5700000;14;CAR;43;18;1;6;;0;0;;1;https://www.cian.ru/sale/flat/297971520/
5723000;1;NEAR;19,4;;3;5;;0;1;3,15;1;https://www.cian.ru/sale/flat/299880337/
5799999;1;NAR;23;;2;3;2022;0;1;3,5;1;https://www.cian.ru/sale/flat/294972720/
5800000;3;NAR;20,3;;1;8;;0;1;4,1;1;https://www.cian.ru/sale/flat/299863166/
5850000;;NAR;22,8;14;2;3;;0;1;3,4;1;https://www.cian.ru/sale/flat/300272054/
5900000;10;SAR;40;20,8;3;14;1986;0;0;2,64;1;https://www.cian.ru/sale/flat/297496940/
5900000;3;EAR;15,7;12;2;3;;0;1;3,3;1;https://www.cian.ru/sale/flat/297261517/
5900000;12;EAR;30;21;-1;7;;0;1;;1;https://www.cian.ru/sale/flat/297954187/
5900000;15;SWAR;13;8;2;5;;0;1;;1;https://www.cian.ru/sale/flat/300117178/
5980000;13;WAR;24,1;21,3;1;14;1978;0;1;2,64;1;https://www.cian.ru/sale/flat/291263455/
5990000;2;NAR;19,2;;1;3;;0;1;3,33;1;https://www.cian.ru/sale/flat/295982641/
5999999;3;NEAR;20;;3;5;;0;1;;1;https://www.cian.ru/sale/flat/290999760/
5999999;4;NEAR;20,3;14;3;5;1955;0;1;3;1;https://www.cian.ru/sale/flat/300667437/
6000000;12;SAR;32;18;3;6;1986;0;1;3;1;https://www.cian.ru/sale/flat/294074358/
6000000;3;SWAR;37;23,5;6;7;2013;0;1;3,2;1;https://www.cian.ru/sale/flat/300193305/
6089000;7;SEAR;21;13;1;7;;0;1;4,2;1;https://www.cian.ru/sale/flat/288557638/
6099000;7;CAR;11;9;1;2;;0;1;3,4;1;https://www.cian.ru/sale/flat/298375255/
6100000;10;NAR;13,8;10,8;2;4;1939;0;1;3,2;1;https://www.cian.ru/sale/flat/299691408/
6137000;12;SEAR;26,8;15;5;9;1980;0;1;2,6;1;https://www.cian.ru/sale/flat/300484391/
6182125;12;SEAR;26,8;;4;9;1980;0;1;2,5;1;https://www.cian.ru/sale/flat/294926126/
6200000;5;NEAR;51,9;30,5;13;14;1992;0;0;2,64;2;https://www.cian.ru/sale/flat/300366380/
6200000;13;SWAR;52,8;;1;5;1960;0;1;2,6;1;https://www.cian.ru/sale/flat/299482165/
6200000;11;NEAR;15;7;1;4;;0;1;;1;https://www.cian.ru/sale/flat/296475412/
6219000;8;CAR;27;18;2;8;2021;0;1;3,2;1;https://www.cian.ru/sale/flat/299562394/
6299000;15;EAR;29,5;;6;6;2023;0;1;6;1;https://www.cian.ru/sale/flat/285374995/
6300000;8;CAR;19,7;12,7;2;3;1900;0;1;3,6;1;https://www.cian.ru/sale/flat/297145162/
6300000;8;CAR;18;11;4;6;;0;1;;1;https://www.cian.ru/sale/flat/298484887/
6300000;1;EAR;18,3;16;3;4;;0;1;2,8;1;https://www.cian.ru/sale/flat/296717856/
6300000;15;CAR;40,4;;1;1;;0;1;3,65;1;https://www.cian.ru/sale/flat/298986136/
6300000;3;CAR;13;10;4;5;1930;0;1;;1;https://www.cian.ru/sale/flat/284009990/
6307760;2;NAR;20;12;1;3;;0;1;3,33;1;https://www.cian.ru/sale/flat/295670716/
6333000;8;CAR;27;18;2;8;1995;0;1;3,2;1;https://www.cian.ru/sale/flat/299025994/
6370000;12;SEAR;29,8;;1;9;1980;0;1;2,5;1;https://www.cian.ru/sale/flat/298016388/
6370000;12;SEAR;30;18;1;9;1980;0;1;2,6;1;https://www.cian.ru/sale/flat/279800832/
6370000;12;SEAR;29,8;17;1;9;1980;0;1;2,5;1;https://www.cian.ru/sale/flat/300557537/
6400000;20;NAR;22,5;11,5;1;1;2023;0;1;;1;https://www.cian.ru/sale/flat/299984268/
6400000;15;EAR;24;16;2;6;1970;0;1;3,3;1;https://www.cian.ru/sale/flat/300184257/
6460000;12;SEAR;27;16;5;9;1980;0;1;2,6;1;https://www.cian.ru/sale/flat/293493990/
6500000;8;NWAR;26,4;15,8;1;14;1994;0;1;2,7;1;https://www.cian.ru/sale/flat/288991914/
6500000;12;NAR;23;10;1;5;1956;0;1;4;1;https://www.cian.ru/sale/flat/300081634/
6500000;6;NEAR;18,2;9,2;2;5;;0;1;;1;https://www.cian.ru/sale/flat/294948955/
6500000;19;SEAR;40,6;20;6;6;2019;0;1;4;1;https://www.cian.ru/sale/flat/300977548/
6500000;12;NEAR;18;;4;12;1981;0;0;2,7;1;https://www.cian.ru/sale/flat/300726839/
6500000;5;WAR;31,5;21,3;4;9;;0;0;;1;https://www.cian.ru/sale/flat/299237703/
6500000;6;NEAR;30;20;1;5;2019;0;1;2,5;1;https://www.cian.ru/sale/flat/297248368/
6500000;14;NAR;18,1;13,1;2;17;2022;0;1;;1;https://www.cian.ru/sale/flat/299560251/
6507000;12;SEAR;26,7;15;4;9;;0;1;2,6;1;https://www.cian.ru/sale/flat/299938675/
6507500;12;SEAR;26,8;15;4;9;1980;0;1;2,6;1;https://www.cian.ru/sale/flat/299016463/
6507500;12;SEAR;26,9;15;6;9;1980;0;1;2,5;1;https://www.cian.ru/sale/flat/300558065/
6507900;12;SEAR;26,9;;6;9;1980;0;1;2,5;1;https://www.cian.ru/sale/flat/299789518/
6600000;;NAR;22;15;4;5;;0;1;3,5;1;https://www.cian.ru/sale/flat/300008616/
6600000;18;NAR;16,2;7,2;4;5;1965;0;1;;1;https://www.cian.ru/sale/flat/299009289/
6600000;13;SWAR;26,2;15;1;14;;0;1;;1;https://www.cian.ru/sale/flat/298261972/
6600000;9;SAR;22,7;10;4;6;2020;0;1;4,6;1;https://www.cian.ru/sale/flat/299890881/
6609260;2;NAR;20;10;3;3;;0;1;3,5;1;https://www.cian.ru/sale/flat/295685444/
6650000;12;NEAR;19;;7;12;1981;0;0;2,7;1;https://www.cian.ru/sale/flat/300116229/
6688500;12;SEAR;29,5;16,7;5;9;1980;0;1;2,5;1;https://www.cian.ru/sale/flat/300558938/
6700000;18;NAR;26;16,2;4;4;1975;0;1;;1;https://www.cian.ru/sale/flat/298225520/
6700000;11;NEAR;19;11;1;4;;0;1;;1;https://www.cian.ru/sale/flat/296475414/
6700000;4;NEAR;20;14;9;16;;0;1;;1;https://www.cian.ru/sale/flat/295180835/
6749000;2;NEAR;28,6;20,6;1;5;1955;0;1;3,5;1;https://www.cian.ru/sale/flat/291328090/
6800000;17;SWAR;23;12;1;9;1970;0;1;;1;https://www.cian.ru/sale/flat/283478568/
6800000;4;CAR;58,8;;1;5;1929;0;1;;1;https://www.cian.ru/sale/flat/300212234/
6800000;7;SAR;28;11;1;10;1983;0;0;2,48;1;https://www.cian.ru/sale/flat/299185625/
6800000;19;;30;14;6;6;2019;0;1;4;1;https://www.cian.ru/sale/flat/292447340/
6800000;17;EAR;37;30;1;2;;0;1;5;1;https://www.cian.ru/sale/flat/299776751/
6825000;12;SEAR;30,3;;3;9;1980;0;1;2,5;1;https://www.cian.ru/sale/flat/298016918/
6854250;12;SEAR;34,9;;1;9;1980;0;1;2,5;1;https://www.cian.ru/sale/flat/296746930/
6875000;7;CAR;12,5;5,5;1;2;1900;0;1;3,2;1;https://www.cian.ru/sale/flat/298111008/
6890000;3;SWAR;37;30;6;7;;0;1;3,2;2;https://www.cian.ru/sale/flat/298036394/
6890000;9;CAR;10,2;;5;5;;0;1;;1;https://www.cian.ru/sale/flat/294542761/
6895000;8;CAR;20,9;12,9;1;3;1900;0;1;4,5;1;https://www.cian.ru/sale/flat/284489277/
6899000;1;NAR;25,1;;1;3;2022;0;1;3,5;1;https://www.cian.ru/sale/flat/294971554/
6900000;11;EAR;16;;5;9;1983;0;1;;1;https://www.cian.ru/sale/flat/299380581/
6900000;9;NAR;15,8;5,8;9;9;2019;0;0;;1;https://www.cian.ru/sale/flat/299501100/
6950000;20;NAR;30;20;5;5;2023;0;1;5,5;2;https://www.cian.ru/sale/flat/299828426/
6950000;8;CAR;28;18;2;8;1995;0;1;3,2;1;https://www.cian.ru/sale/flat/299027789/
6990000;11;NEAR;20;12;1;4;;0;1;;1;https://www.cian.ru/sale/flat/296475420/
6990000;7;SAR;14,6;;10;13;2017;0;1;2,64;1;https://www.cian.ru/sale/flat/296418700/
6990000;7;EAR;21;;1;6;1927;0;1;3;1;https://www.cian.ru/sale/flat/300302065/
6990000;9;CAR;10,9;;5;5;;0;1;;1;https://www.cian.ru/sale/flat/294544035/
7000000;18;SEAR;21,5;;23;25;2023;1;0;2,65;1;https://www.cian.ru/sale/flat/298746990/
7000000;4;EAR;29,7;18,6;1;9;;0;1;2,6;1;https://www.cian.ru/sale/flat/299472476/
7000000;4;NEAR;37,9;19;4;17;1988;0;0;2,64;1;https://www.cian.ru/sale/flat/300001960/
7000000;15;SEAR;41,5;21;11;12;;0;0;2,65;1;https://www.cian.ru/sale/flat/287073904/
7000000;14;WAR;20,3;9,3;5;16;;0;0;;1;https://www.cian.ru/sale/flat/294760157/
7000000;11;SAR;21,7;12,7;2;3;;0;1;;1;https://www.cian.ru/sale/flat/300395248/
7000000;4;NEAR;21;13;9;16;;0;1;;1;https://www.cian.ru/sale/flat/297150227/
7000000;11;EAR;31,7;12;1;17;1983;0;1;2,64;1;https://www.cian.ru/sale/flat/300072372/
7000000;11;WAR;83,7;49,4;1;26;2013;0;0;2,7;4;https://www.cian.ru/sale/flat/237399267/
7060000;7;CAR;25,3;;1;5;1959;0;1;2,8;1;https://www.cian.ru/sale/flat/299097548/
7100000;16;SEAR;18;;8;10;;0;0;;1;https://www.cian.ru/sale/flat/295974920/
7100000;7;EAR;29,4;15,5;2;5;1972;0;0;2,77;1;https://www.cian.ru/sale/flat/300373889/
7100000;7;EAR;28,7;;2;5;1972;0;0;2,64;1;https://www.cian.ru/sale/flat/300393795/
7105000;7;SEAR;24,5;16;1;7;1956;0;1;4;1;https://www.cian.ru/sale/flat/291960828/
7150000;13;;34,7;19,5;3;16;;0;1;;1;https://www.cian.ru/sale/flat/297486057/
7198354;2;NAR;25,1;15,1;1;3;;0;1;3,5;1;https://www.cian.ru/sale/flat/296523412/
7200000;8;NEAR;28;;1;6;1942;0;0;3,2;1;https://www.cian.ru/sale/flat/300191546/
7200000;8;CAR;19;7;2;3;1900;0;1;;1;https://www.cian.ru/sale/flat/296211422/
7205000;7;CAR;13,1;6,1;1;2;1900;0;1;3,2;1;https://www.cian.ru/sale/flat/297959869/
7220000;12;SEAR;35,1;21;9;9;1980;0;1;2,6;1;https://www.cian.ru/sale/flat/300484387/
7220000;12;SEAR;35,1;;9;9;1980;0;1;2,5;1;https://www.cian.ru/sale/flat/296746996/
7220000;12;SEAR;35,1;20;9;9;1980;0;1;2,5;1;https://www.cian.ru/sale/flat/300556981/
7250000;5;WAR;13;5;9;10;1986;0;1;;1;https://www.cian.ru/sale/flat/281954881/
7300000;10;SEAR;32,7;17,9;11;12;1980;0;0;2,5;1;https://www.cian.ru/sale/flat/300889888/
7300000;11;NWAR;31,5;14;1;14;;0;1;;1;https://www.cian.ru/sale/flat/293717676/
7300000;15;SEAR;20;9;10;18;2022;0;0;2,8;1;https://www.cian.ru/sale/flat/291183295/
7300000;20;NAR;26,4;12;5;5;;0;1;8;1;https://www.cian.ru/sale/flat/299715031/
7300000;20;SWAR;30,6;;1;3;1960;0;0;;1;https://www.cian.ru/sale/flat/298365407/
7300000;9;SEAR;38,9;20,9;5;12;1977;0;0;2,64;1;https://www.cian.ru/sale/flat/300075498/
7350000;7;SAR;35,5;20;1;9;1973;0;0;2,64;1;https://www.cian.ru/sale/flat/298284201/
7400000;11;NEAR;21;13;1;4;;0;1;;1;https://www.cian.ru/sale/flat/296475423/
7400000;17;EAR;24,3;;2;3;;0;1;;1;https://www.cian.ru/sale/flat/299027821/
7450000;7;SEAR;25,7;16;1;7;1956;0;1;4;1;https://www.cian.ru/sale/flat/284402254/
7450000;16;WAR;14,3;10;16;22;1980;0;1;2,65;1;https://www.cian.ru/sale/flat/292414373/
7490000;17;CAR;17;9;1;5;;0;1;;1;https://www.cian.ru/sale/flat/299456568/
7490000;9;NEAR;31,9;21;1;9;1967;0;0;2,64;1;https://www.cian.ru/sale/flat/300396855/
7490000;19;NAR;24,9;;7;9;1972;0;0;2,6;1;https://www.cian.ru/sale/flat/299568425/
7490000;7;NEAR;19,1;10,1;7;7;;0;1;;1;https://www.cian.ru/sale/flat/298794106/
7495000;7;SEAR;18,9;10,9;1;7;;0;1;4;1;https://www.cian.ru/sale/flat/296279120/
7499999;12;SAR;40;;3;5;2017;0;1;2,64;2;https://www.cian.ru/sale/flat/293054575/
7500000;18;SEAR;19,7;9,4;25;25;2023;1;0;;1;https://www.cian.ru/sale/flat/298407427/
7500000;17;SEAR;31,5;21,4;2;9;1966;0;0;2,64;1;https://www.cian.ru/sale/flat/299946851/
7500000;8;SAR;32,5;19;1;9;1973;0;0;2,64;1;https://www.cian.ru/sale/flat/300413307/
7500000;5;NAR;15,3;7,3;7;9;;0;0;;1;https://www.cian.ru/sale/flat/300591126/
7500000;8;WAR;30,4;18,7;5;5;1967;0;0;;1;https://www.cian.ru/sale/flat/298101474/
7500000;10;NEAR;25,3;17,3;1;9;1976;0;0;2,64;1;https://www.cian.ru/sale/flat/299267264/
7500000;7;EAR;32,6;18,6;8;9;1974;0;0;2,64;1;https://www.cian.ru/sale/flat/297124834/
7500000;7;SAR;33;19;5;9;1973;0;0;2,64;1;https://www.cian.ru/sale/flat/298662291/
7500000;19;SWAR;38,3;19,6;11;17;;0;0;;1;https://www.cian.ru/sale/flat/299520907/
7500000;16;SEAR;79,1;55,4;5;5;1957;0;0;2,8;3;https://www.cian.ru/sale/flat/298969111/
7550000;7;CAR;19;14;4;4;1917;0;1;;1;https://www.cian.ru/sale/flat/299526999/
7580000;3;EAR;32;18;2;9;;0;0;;1;https://www.cian.ru/sale/flat/299472933/
7588000;13;SWAR;38;19,1;10;17;2009;0;0;2,7;1;https://www.cian.ru/sale/flat/296151287/
7600000;9;WAR;32,6;18;10;12;1979;0;0;2,7;1;https://www.cian.ru/sale/flat/291066914/
7600000;3;;33;19;2;9;1976;0;0;2,64;1;https://www.cian.ru/sale/flat/300708101/
7600000;10;EAR;25;;6;9;1972;0;0;2,64;1;https://www.cian.ru/sale/flat/300460233/
7600000;4;SWAR;37,7;17,7;2;14;2009;0;0;2,7;1;https://www.cian.ru/sale/flat/298991889/
7650000;19;NAR;35;22;4;7;2022;0;1;4,2;1;https://www.cian.ru/sale/flat/298702852/
7650000;18;NEAR;31,5;19;6;18;;0;1;3,1;1;https://www.cian.ru/sale/flat/300384115/
7680000;11;CAR;17,3;;1;5;1928;;;;1;https://www.cian.ru/sale/flat/299985179/
7700000;9;NWAR;29;19;14;24;;0;1;3;1;https://www.cian.ru/sale/flat/299935320/
7700000;6;SAR;32;18,2;7;9;1974;0;0;2,64;1;https://www.cian.ru/sale/flat/297425926/
7700000;;SAR;31;;1;17;;0;1;;1;https://www.cian.ru/sale/flat/300418736/
7700000;11;NEAR;21;14;3;9;1971;0;0;2,64;1;https://www.cian.ru/sale/flat/300078174/
7700000;15;SWAR;35;15;12;14;2008;0;0;2,64;1;https://www.cian.ru/sale/flat/296254383/
7700000;6;SAR;22;13;6;9;1970;0;0;2,64;1;https://www.cian.ru/sale/flat/300939633/
7749999;4;NEAR;29,5;;1;5;1955;0;1;3;1;https://www.cian.ru/sale/flat/300775172/
7750000;14;SEAR;23;12;5;16;;0;0;;1;https://www.cian.ru/sale/flat/298521910/
7750000;9;NAR;19;15;4;5;;0;1;3,1;1;https://www.cian.ru/sale/flat/284697038/
7750000;20;SWAR;34;17,1;3;5;1986;0;0;;1;https://www.cian.ru/sale/flat/299057343/
7769500;8;NEAR;37,65;13,2;4;8;2024;1;1;2,8;1;https://www.cian.ru/sale/flat/297367493/
7790000;9;NEAR;31,8;;1;12;1973;0;0;2,64;1;https://www.cian.ru/sale/flat/300225912/
7800000;11;EAR;31,8;18;1;9;1966;0;0;2,64;1;https://www.cian.ru/sale/flat/300553532/
7800000;17;CAR;15,3;7,3;1;7;2020;0;1;4,7;1;https://www.cian.ru/sale/flat/298976264/
7800000;6;NWAR;20,7;;4;4;;0;1;;1;https://www.cian.ru/sale/flat/298261390/
7800000;11;SAR;18;9;2;4;1999;0;1;;1;https://www.cian.ru/sale/flat/300745951/
7800000;7;CAR;20,2;;1;2;1899;0;1;;1;https://www.cian.ru/sale/flat/299254045/
7890000;15;SWAR;26,9;11,8;1;9;1978;0;0;2,64;1;https://www.cian.ru/sale/flat/297727663/
7890000;7;;32,5;18,8;9;9;;0;0;2,5;1;https://www.cian.ru/sale/flat/295787702/
7900000;4;SEAR;34,64;;9;26;2025;1;0;;1;https://www.cian.ru/sale/flat/300209520/
7900000;9;EAR;37;19;4;4;;0;1;;1;https://www.cian.ru/sale/flat/298298332/
7900000;6;EAR;35,1;20,8;3;9;;0;0;;1;https://www.cian.ru/sale/flat/293651268/
7900000;4;EAR;30;18;1;9;1968;0;0;2,64;1;https://www.cian.ru/sale/flat/299205665/
7900000;19;SEAR;23,2;11;19;25;2023;0;0;2,6;1;https://www.cian.ru/sale/flat/297515488/
7900000;15;WAR;19,6;15;12;22;1980;0;1;2,65;1;https://www.cian.ru/sale/flat/294621795/
7900000;5;NWAR;26,4;;13;22;2022;0;1;;1;https://www.cian.ru/sale/flat/296629506/
7900000;12;SWAR;43,4;20;16;17;2008;0;0;2,7;1;https://www.cian.ru/sale/flat/300894774/
7900000;11;SWAR;43,4;19,8;13;17;2008;0;0;;1;https://www.cian.ru/sale/flat/300592828/
7900000;3;EAR;33;19;2;9;1976;0;0;2,7;1;https://www.cian.ru/sale/flat/300892104/
7900000;8;SAR;34,7;19,6;9;12;1975;0;0;2,5;1;https://www.cian.ru/sale/flat/300526999/
7950000;13;SWAR;27,6;14,1;7;7;2001;0;0;2,64;1;https://www.cian.ru/sale/flat/299962900/
7950000;20;SAR;32,2;19;1;9;1971;0;0;2,64;1;https://www.cian.ru/sale/flat/300437152/
7950000;3;EAR;32,6;18;2;12;1966;0;0;2,64;1;https://www.cian.ru/sale/flat/300050892/
7950000;4;EAR;33,2;18;6;9;1967;0;0;2,64;1;https://www.cian.ru/sale/flat/300557845/
7950000;16;SEAR;31;18;9;9;1962;0;0;2,64;1;https://www.cian.ru/sale/flat/297818711/
7980000;;SEAR;37;21;4;9;;0;1;;1;https://www.cian.ru/sale/flat/300294201/
7990000;4;EAR;30,4;18;7;9;;0;0;;1;https://www.cian.ru/sale/flat/297551830/
7990000;14;EAR;33;17;5;5;1960;0;0;2,8;1;https://www.cian.ru/sale/flat/296182391/
7990000;19;SWAR;38,2;;12;16;2009;0;0;;1;https://www.cian.ru/sale/flat/298901375/
7990000;9;SAR;17,7;;10;13;2021;0;1;3,2;1;https://www.cian.ru/sale/flat/299352834/
7990000;17;NAR;36,9;17,7;19;25;2013;0;0;2,78;1;https://www.cian.ru/sale/flat/294374828/
7999990;10;NEAR;35;;1;12;1975;0;1;;1;https://www.cian.ru/sale/flat/297153518/
8000000;19;SWAR;38,2;25;12;17;2009;0;0;;1;https://www.cian.ru/sale/flat/297324682/
8000000;20;EAR;32;19;4;9;1976;0;0;2,64;1;https://www.cian.ru/sale/flat/283252548/
8000000;4;SAR;22;;15;22;;0;0;;1;https://www.cian.ru/sale/flat/296390586/
8000000;15;EAR;32;18;1;5;1960;0;0;2,7;1;https://www.cian.ru/sale/flat/292648915/
8000000;16;;32,6;12;2;18;;0;1;;1;https://www.cian.ru/sale/flat/296406224/
8000000;9;SEAR;30,1;19;7;9;1968;0;0;2,6;1;https://www.cian.ru/sale/flat/298847221/
8000000;7;CAR;21;;1;12;1972;0;1;;1;https://www.cian.ru/sale/flat/300595497/
8000000;10;NEAR;35;15;1;12;1975;0;1;2,6;1;https://www.cian.ru/sale/flat/297046262/
8000000;14;EAR;33;20;1;9;;0;0;;1;https://www.cian.ru/sale/flat/300385771/
8000000;10;SAR;39,1;20,7;1;12;;0;0;;1;https://www.cian.ru/sale/flat/275891629/
8000000;4;EAR;30;19;5;9;1971;0;0;2,64;1;https://www.cian.ru/sale/flat/298700761/
8000000;13;EAR;32,1;;6;9;1970;0;0;2,64;1;https://www.cian.ru/sale/flat/300834581/
8000000;13;WAR;20;12;12;16;1976;0;0;;1;https://www.cian.ru/sale/flat/298811811/
8010000;8;NEAR;35,53;12,5;7;8;2024;1;1;2,8;1;https://www.cian.ru/sale/flat/297367762/
8010400;8;NEAR;33,99;10,7;8;8;2024;1;1;2,8;1;https://www.cian.ru/sale/flat/297367253/
8020080;8;NEAR;37,32;13,3;5;8;2024;1;1;2,8;1;https://www.cian.ru/sale/flat/297367515/
8050000;5;EAR;32,5;19;7;9;1975;0;0;2,64;1;https://www.cian.ru/sale/flat/299080209/
8100000;8;SAR;32,6;18,5;9;9;1974;0;0;2,64;1;https://www.cian.ru/sale/flat/299694079/
8100000;10;NEAR;26;15;4;5;1954;0;1;3,15;1;https://www.cian.ru/sale/flat/300205593/
8100000;11;NEAR;33;18,5;1;12;1974;0;0;2,64;1;https://www.cian.ru/sale/flat/300335752/
8100000;8;NAR;13,3;8,6;2;5;1963;0;0;;1;https://www.cian.ru/sale/flat/300374299/
8100000;18;NEAR;31,5;12;8;18;2023;0;1;;1;https://www.cian.ru/sale/flat/298902529/
8100000;5;WAR;37;17;3;8;;0;0;;1;https://www.cian.ru/sale/flat/299767197/
8100000;7;EAR;38;19;10;17;1985;0;0;2,65;1;https://www.cian.ru/sale/flat/298115061/
8100000;12;;19;;7;12;1981;0;0;2,7;1;https://www.cian.ru/sale/flat/300141878/
8100000;16;NEAR;30,7;17,7;5;18;2023;0;1;3;1;https://www.cian.ru/sale/flat/299217031/
8100000;8;SAR;32,7;19;9;9;1973;0;0;2,64;1;https://www.cian.ru/sale/flat/294802470/
8100000;10;NEAR;36;25;1;4;1958;0;0;;1;https://www.cian.ru/sale/flat/300383224/
8100000;9;SAR;32,7;18,7;7;9;1973;0;0;2,5;1;https://www.cian.ru/sale/flat/299017677/
8100000;5;EAR;32,5;18,9;5;9;;0;0;2,64;1;https://www.cian.ru/sale/flat/299282460/
8149000;6;EAR;32,9;20;6;9;;0;0;;1;https://www.cian.ru/sale/flat/298846753/
8150000;13;EAR;19;11;3;11;1955;0;1;2,9;1;https://www.cian.ru/sale/flat/291141898/
8150000;5;EAR;33,1;19,1;3;9;1973;0;0;2,64;1;https://www.cian.ru/sale/flat/297901577/
8150000;11;SAR;34,7;19,2;2;12;1975;0;0;2,48;1;https://www.cian.ru/sale/flat/268804300/
8150000;6;EAR;34,9;19,6;1;9;1976;0;0;2,64;1;https://www.cian.ru/sale/flat/300241684/
8150000;11;SWAR;42;19,7;12;17;2007;0;0;2,64;1;https://www.cian.ru/sale/flat/300724047/
8150000;18;SEAR;32,9;18,8;5;9;1968;0;0;2,64;1;https://www.cian.ru/sale/flat/300151973/
8190000;17;EAR;35,4;19,3;4;12;1973;0;0;2,48;1;https://www.cian.ru/sale/flat/298749193/
8200000;4;EAR;30;17;1;9;1973;0;0;2,64;1;https://www.cian.ru/sale/flat/300796453/
8200000;5;SEAR;34,8;21,2;4;9;1979;0;0;2,64;1;https://www.cian.ru/sale/flat/299415187/
8200000;20;SEAR;38,5;19;16;17;2007;0;0;;1;https://www.cian.ru/sale/flat/298532932/
8200000;10;SWAR;38,6;20,5;1;9;2000;0;0;2,64;1;https://www.cian.ru/sale/flat/300253311/
8200000;6;WAR;21;13;3;9;1975;0;0;2,64;1;https://www.cian.ru/sale/flat/300717594/
8200000;20;SEAR;38;18,9;12;17;;0;0;;1;https://www.cian.ru/sale/flat/300115898/
8200000;11;EAR;32,7;18,7;8;9;1973;0;0;2,64;1;https://www.cian.ru/sale/flat/300562429/
8200000;11;NAR;35,7;19,2;4;4;1957;0;0;;1;https://www.cian.ru/sale/flat/300644356/
8200000;10;SAR;39;21;3;12;;0;0;;1;https://www.cian.ru/sale/flat/300010652/
8200000;11;NAR;35,6;22;3;4;1965;0;0;2,7;1;https://www.cian.ru/sale/flat/297903469/
8200000;2;NEAR;31,4;14;8;18;2023;0;1;3;1;https://www.cian.ru/sale/flat/292134779/
8200000;18;NEAR;30,2;11;14;18;;0;1;;1;https://www.cian.ru/sale/flat/298622664/
8200000;16;NEAR;30,7;17,7;6;18;2023;0;1;3;1;https://www.cian.ru/sale/flat/299217033/
8200000;11;SWAR;43;20;8;17;2007;0;0;2,64;1;https://www.cian.ru/sale/flat/299679053/
8200000;16;NWAR;37,7;1;14;28;2023;0;1;3;1;https://www.cian.ru/sale/flat/299110504/
8200000;16;SAR;32,7;19;8;9;1974;0;0;2,6;1;https://www.cian.ru/sale/flat/299610779/
8200000;20;WAR;23,5;18;3;5;1968;0;0;2,5;1;https://www.cian.ru/sale/flat/300845591/
8200000;11;NAR;36;19;4;4;1957;0;0;3,2;1;https://www.cian.ru/sale/flat/298484384/
8200000;5;;39,2;21;1;14;1990;0;0;2,64;1;https://www.cian.ru/sale/flat/297030030/
8200000;11;NAR;35,7;18,8;4;4;1957;0;0;3,2;1;https://www.cian.ru/sale/flat/298546312/
8200000;6;EAR;34,8;;10;16;;0;0;;1;https://www.cian.ru/sale/flat/299612275/
8200000;11;NAR;35,6;18,8;4;4;1957;0;0;3,2;1;https://www.cian.ru/sale/flat/297414315/
8200000;16;NEAR;32,5;18;1;9;1978;0;0;2,64;1;https://www.cian.ru/sale/flat/295159744/
8200000;2;NEAR;33;17;16;18;2023;0;1;;1;https://www.cian.ru/sale/flat/299654462/
8200000;7;SAR;33;18,7;1;9;;0;0;2,64;1;https://www.cian.ru/sale/flat/300740237/
8240000;7;EAR;30,7;19,3;5;5;1964;0;0;;1;https://www.cian.ru/sale/flat/300019266/
8250000;10;EAR;32,2;18,5;2;9;1971;0;0;2,64;1;https://www.cian.ru/sale/flat/298382874/
8250000;14;SEAR;32,6;18,8;1;9;1980;0;0;2,64;1;https://www.cian.ru/sale/flat/297731761/
8250000;9;SAR;34,2;18;9;9;1973;0;0;2,64;1;https://www.cian.ru/sale/flat/297943447/
8270000;;SAR;32,4;19;3;9;1971;0;0;2,64;1;https://www.cian.ru/sale/flat/299322012/
8278000;19;NEAR;25;15;18;18;2023;0;1;;1;https://www.cian.ru/sale/flat/298754386/
8290000;19;NAR;34,3;13,8;8;12;2023;1;0;;1;https://www.cian.ru/sale/flat/300698308/
8290000;5;NEAR;31,7;19;2;8;1965;0;0;2,64;1;https://www.cian.ru/sale/flat/300397959/
8290000;19;NAR;34,3;13,8;8;12;;0;0;;1;https://www.cian.ru/sale/flat/300639142/
8290000;18;EAR;32,8;18,8;8;9;1971;0;0;2,6;1;https://www.cian.ru/sale/flat/300337012/
8299999;12;NEAR;25,6;16;9;9;1976;0;0;2,64;1;https://www.cian.ru/sale/flat/297042689/
8300000;4;SAR;34;;12;24;2023;1;0;;1;https://www.cian.ru/sale/flat/294831631/
8300000;5;SEAR;37,5;18,8;6;17;2010;0;0;;1;https://www.cian.ru/sale/flat/300654476/
8300000;20;NAR;34,7;19;1;12;1967;0;0;2,64;1;https://www.cian.ru/sale/flat/300329313/
8300000;7;CAR;15,1;8,1;2;2;1900;0;1;3,2;1;https://www.cian.ru/sale/flat/296956787/
8300000;5;EAR;32,3;18,6;5;9;1972;0;0;2,64;1;https://www.cian.ru/sale/flat/300894152/
8300000;10;EAR;32,3;18,6;2;9;;0;0;;1;https://www.cian.ru/sale/flat/298004529/
8300000;17;NAR;33,2;19;2;9;1968;0;0;;1;https://www.cian.ru/sale/flat/300772468/
8300000;20;EAR;33,1;19,4;6;9;1972;0;0;2,64;1;https://www.cian.ru/sale/flat/295335071/
8300000;15;EAR;30,4;18;1;5;1960;0;0;;1;https://www.cian.ru/sale/flat/298978405/
8300000;9;SAR;33;18;9;12;;0;0;;1;https://www.cian.ru/sale/flat/299729992/
8300000;12;SEAR;30;18;2;5;1964;0;0;2,5;1;https://www.cian.ru/sale/flat/298808258/
8300000;15;SEAR;32;17;6;17;2019;0;0;2,7;1;https://www.cian.ru/sale/flat/300418834/
8300000;18;NAR;32,7;19;1;9;1978;0;0;2,64;1;https://www.cian.ru/sale/flat/300509346/
8300000;17;EAR;30,3;18,1;5;5;1961;0;0;2,8;1;https://www.cian.ru/sale/flat/298872925/
8300000;15;NEAR;33;20;11;17;2023;0;1;2,8;1;https://www.cian.ru/sale/flat/299152509/
8300000;7;NEAR;37,1;11,1;8;8;2024;0;1;2,8;1;https://www.cian.ru/sale/flat/300829868/
8300000;6;EAR;39,2;21;9;12;1977;0;0;2,7;1;https://www.cian.ru/sale/flat/300793174/
8300000;19;SWAR;38,2;17,6;12;16;;0;0;;1;https://www.cian.ru/sale/flat/298470529/
8350000;5;EAR;32,4;19;7;9;1972;0;0;2,6;1;https://www.cian.ru/sale/flat/300826839/
8350000;13;SEAR;31,5;18,5;4;9;1968;0;0;;1;https://www.cian.ru/sale/flat/299652109/
8350000;8;EAR;35;;10;12;1966;0;0;2,64;1;https://www.cian.ru/sale/flat/300741487/
8350000;5;SAR;32,5;18,6;6;9;1976;0;0;;1;https://www.cian.ru/sale/flat/300152944/
8350000;13;SWAR;18;10;1;9;;0;1;;1;https://www.cian.ru/sale/flat/296578003/
8350000;7;NAR;27;10;5;9;;0;0;;1;https://www.cian.ru/sale/flat/300598910/
8350000;12;NAR;16,7;10;3;7;2023;0;1;2,94;1;https://www.cian.ru/sale/flat/300331601/
8350000;5;NEAR;30,7;18,7;5;8;1965;0;0;2,64;1;https://www.cian.ru/sale/flat/300876707/
8380000;18;EAR;32,8;18,8;8;9;1971;0;0;2,65;1;https://www.cian.ru/sale/flat/300844028/
8400000;15;SAR;32;13,9;1;17;2004;0;1;2,74;1;https://www.cian.ru/sale/flat/300134950/
8400000;15;SAR;35;20;5;9;;0;0;;1;https://www.cian.ru/sale/flat/300444908/
8400000;5;SEAR;35;21,2;3;9;1979;0;0;2,75;1;https://www.cian.ru/sale/flat/298296711/
8450000;9;SEAR;25;14;2;9;1973;0;0;2,64;1;https://www.cian.ru/sale/flat/300026900/
8450000;6;EAR;39,2;19,1;1;12;1977;0;0;2,64;1;https://www.cian.ru/sale/flat/295977963/
8450000;19;NEAR;32,2;12;16;18;;0;1;;1;https://www.cian.ru/sale/flat/298622666/
8450000;15;SEAR;20;14;14;23;2023;0;0;;1;https://www.cian.ru/sale/flat/300430476/
8450000;10;SEAR;33,1;20;9;9;1967;0;0;2,64;1;https://www.cian.ru/sale/flat/297053574/
8500000;14;SWAR;32,2;18,8;1;9;1976;0;0;2,64;1;https://www.cian.ru/sale/flat/298465348/
8500000;20;NEAR;32,6;20;4;9;1975;0;0;2,64;1;https://www.cian.ru/sale/flat/299733663/
8550000;7;WAR;33,1;22;1;9;1966;0;0;2,64;1;https://www.cian.ru/sale/flat/300059358/
8590000;8;SAR;33;;4;9;1973;0;0;;1;https://www.cian.ru/sale/flat/300243658/
8590000;16;WAR;17,3;9,3;6;22;1980;0;1;2,65;1;https://www.cian.ru/sale/flat/300858701/
8590000;15;NWAR;29,6;18,3;1;5;1960;0;0;2,7;1;https://www.cian.ru/sale/flat/298868538/
8590000;15;WAR;17,3;13;6;22;1980;0;1;2,65;1;https://www.cian.ru/sale/flat/295014010/
8599000;7;CAR;21;11;4;4;1917;0;1;3,85;1;https://www.cian.ru/sale/flat/297214225/
8600000;16;WAR;17,6;9,6;13;22;1980;0;1;2,65;1;https://www.cian.ru/sale/flat/298843352/
8600000;15;WAR;17,5;14;12;22;1980;0;1;2,7;1;https://www.cian.ru/sale/flat/296150165/
8600000;7;CAR;21;14;4;4;1917;0;1;3,85;1;https://www.cian.ru/sale/flat/300391726/
8600000;4;EAR;31;19;1;9;1974;0;0;2,65;1;https://www.cian.ru/sale/flat/300344381/
8645000;12;SEAR;34,7;21;8;9;1980;0;0;2,5;1;https://www.cian.ru/sale/flat/298263575/
8690000;11;CAR;21,6;;3;8;1957;0;1;3;1;https://www.cian.ru/sale/flat/290627963/
8700000;6;SAR;30;20;3;12;1972;0;0;2,64;1;https://www.cian.ru/sale/flat/298783952/
8700000;16;SAR;32,6;18,7;4;9;1974;0;0;2,6;1;https://www.cian.ru/sale/flat/296521470/
8700000;17;EAR;42;19;5;16;1988;0;0;2,48;1;https://www.cian.ru/sale/flat/183733799/
8700000;17;NWAR;31,8;18;2;4;;0;0;;1;https://www.cian.ru/sale/flat/300691951/
8700000;10;SEAR;32,1;;8;9;1972;0;0;2,64;1;https://www.cian.ru/sale/flat/300961329/
8700000;11;SAR;19;10;2;4;;0;1;;1;https://www.cian.ru/sale/flat/299059172/
8700000;4;SEAR;90,8;61,9;3;14;;0;0;;4;https://www.cian.ru/sale/flat/294564208/
8740000;14;EAR;31,6;21,4;6;9;1964;0;0;2,8;1;https://www.cian.ru/sale/flat/296173861/
8750000;;SAR;39;19;1;17;1983;0;0;2,64;1;https://www.cian.ru/sale/flat/283705645/
8780000;6;EAR;34;20;5;9;1963;0;0;2,5;1;https://www.cian.ru/sale/flat/299565654/
8790000;16;SAR;32,5;;7;9;1974;0;0;2,64;1;https://www.cian.ru/sale/flat/299774427/
8800000;9;NAR;37,1;;1;9;1965;0;0;2,64;2;https://www.cian.ru/sale/flat/300811968/
8800000;8;SEAR;33;16,7;8;9;;0;0;;1;https://www.cian.ru/sale/flat/300552265/
8800000;15;SEAR;20;14;8;21;2022;0;0;;1;https://www.cian.ru/sale/flat/300753760/
8800000;4;NEAR;32,8;;8;9;1969;0;0;;1;https://www.cian.ru/sale/flat/300839361/
8850000;9;SAR;27,4;14,7;1;12;1975;0;0;2,64;1;https://www.cian.ru/sale/flat/300374529/
8850000;20;NAR;35;20;5;5;2023;0;1;;1;https://www.cian.ru/sale/flat/297532577/
8880000;16;WAR;19,4;11,4;22;22;1980;0;1;2,65;1;https://www.cian.ru/sale/flat/300822403/
8899500;12;NAR;34,9;;3;10;2024;1;1;3;1;https://www.cian.ru/sale/flat/290338266/
8900000;14;NEAR;37;18;12;15;2024;1;0;;1;https://www.cian.ru/sale/flat/299792390/
8900000;1;EAR;34,1;18;1;5;1960;0;0;;1;https://www.cian.ru/sale/flat/300298383/
8900000;4;NEAR;26,4;;1;5;1963;0;0;2,5;1;https://www.cian.ru/sale/flat/300540690/
8900000;12;EAR;40;21,3;9;9;1971;0;0;;1;https://www.cian.ru/sale/flat/299720943/
8900000;20;SEAR;35,5;;5;16;2001;0;0;2,7;1;https://www.cian.ru/sale/flat/300599409/
8900000;3;SEAR;32,8;18,7;6;9;;;;;1;https://www.cian.ru/sale/flat/295758505/
8900000;12;NAR;34,9;23;3;10;2024;0;1;3,3;1;https://www.cian.ru/sale/flat/300868520/
8900000;12;;32,8;18,9;5;9;1971;0;0;2,64;1;https://www.cian.ru/sale/flat/300297049/
8900000;16;WAR;17,3;9,3;15;22;1980;0;1;2,65;1;https://www.cian.ru/sale/flat/300094228/
8950000;7;NAR;37,4;19;17;17;1989;0;0;2,7;1;https://www.cian.ru/sale/flat/300737992/
8950000;15;WAR;20,8;14;6;22;1980;0;1;2,65;1;https://www.cian.ru/sale/flat/294623881/
8977500;12;SEAR;35,3;;9;9;1980;0;0;2,5;1;https://www.cian.ru/sale/flat/295766411/
8977500;12;SEAR;35,3;21;9;9;1980;0;0;2,5;1;https://www.cian.ru/sale/flat/300844691/
8987654;9;SAR;34;15,3;16;17;2003;0;0;2,64;1;https://www.cian.ru/sale/flat/296195090/
8990000;4;SEAR;38,4;20,8;11;14;2003;0;0;2,64;1;https://www.cian.ru/sale/flat/299624705/
8990000;5;SWAR;33,1;;6;9;1975;0;0;2,64;1;https://www.cian.ru/sale/flat/300789556/
8990000;13;EAR;32,7;18,7;5;9;1970;0;0;2,64;1;https://www.cian.ru/sale/flat/298297454/
9000000;5;NAR;34,9;20;8;12;;0;0;;1;https://www.cian.ru/sale/flat/298065569/
9000000;8;SWAR;32,9;18;9;9;1980;0;0;2,5;1;https://www.cian.ru/sale/flat/300912565/
9000000;9;SWAR;37;19;1;12;2000;0;0;2,64;1;https://www.cian.ru/sale/flat/299341352/
9000000;13;SAR;43,4;24,5;6;6;2021;0;1;4;1;https://www.cian.ru/sale/flat/297366114/
9000000;13;SEAR;40;18;11;14;;0;0;;1;https://www.cian.ru/sale/flat/299562651/
9000000;5;SWAR;34;18;9;12;1974;0;0;2,7;1;https://www.cian.ru/sale/flat/299451757/
9000000;15;WAR;20,5;15;12;22;1980;0;1;2,65;1;https://www.cian.ru/sale/flat/300706310/
9000000;7;EAR;28,7;15,5;5;5;1966;0;0;2,5;1;https://www.cian.ru/sale/flat/300652846/
9000000;10;EAR;31;18;2;5;1964;0;0;2,65;1;https://www.cian.ru/sale/flat/300865417/
9015675;12;SWAR;35,5;10,2;3;9;2023;1;0;2,68;1;https://www.cian.ru/sale/flat/300726097/
9050000;14;SAR;38,2;19,2;13;17;1985;0;0;2,64;1;https://www.cian.ru/sale/flat/300189623/
9072500;12;SEAR;35,9;;9;9;1980;0;0;2,5;1;https://www.cian.ru/sale/flat/295766589/
9100000;13;NAR;25,2;14,7;8;9;1975;0;0;;1;https://www.cian.ru/sale/flat/299575784/
9100000;7;SEAR;33;;4;9;1974;0;0;2,64;1;https://www.cian.ru/sale/flat/298728880/
9100000;1;EAR;38;18,9;14;14;2006;0;0;2,74;1;https://www.cian.ru/sale/flat/300448810/
9100000;10;EAR;36;19,3;4;16;;0;0;;1;https://www.cian.ru/sale/flat/299944808/
9100000;5;NWAR;30;18;2;5;1967;0;0;;1;https://www.cian.ru/sale/flat/299920319/
9100000;5;EAR;35,5;15;3;14;2000;0;0;2,7;1;https://www.cian.ru/sale/flat/300157236/
9120000;12;SEAR;36,1;;4;9;1980;0;0;2,5;1;https://www.cian.ru/sale/flat/298016618/
9120000;12;SEAR;36,1;21;4;9;1980;;;;1;https://www.cian.ru/sale/flat/297473076/
9120000;12;SEAR;36,1;;5;9;1980;0;0;2,5;1;https://www.cian.ru/sale/flat/294226529/
9120000;12;SEAR;36;;4;9;1980;0;0;2,5;1;https://www.cian.ru/sale/flat/296747241/
9190000;4;EAR;37,4;22,5;6;9;1965;0;0;2,5;2;https://www.cian.ru/sale/flat/299175943/
9200000;14;NAR;32,83;20,7;8;11;2024;1;0;;2;https://www.cian.ru/sale/flat/290060320/
9200000;3;SAR;40,21;18,3;10;22;2022;1;0;;1;https://www.cian.ru/sale/flat/294313141/
9200000;11;SWAR;33;;9;9;1976;0;0;;1;https://www.cian.ru/sale/flat/300158641/
9200000;2;NEAR;32,8;19,8;3;18;2023;0;1;3;1;https://www.cian.ru/sale/flat/297171996/
9200000;20;WAR;30,1;16;3;5;1965;0;0;2,5;1;https://www.cian.ru/sale/flat/297115762/
9200000;14;NEAR;32,8;19,8;3;18;2023;0;1;3;1;https://www.cian.ru/sale/flat/298561550/
9200000;10;EAR;36,3;20;12;12;1968;0;0;2,64;1;https://www.cian.ru/sale/flat/298956219/
9200000;4;NEAR;34,8;18,3;12;14;1971;0;0;2,7;1;https://www.cian.ru/sale/flat/299105222/
9200000;8;EAR;35;21,5;6;9;1967;0;0;2,64;1;https://www.cian.ru/sale/flat/292809252/
9200000;15;WAR;21,3;;11;22;1980;0;1;2,65;1;https://www.cian.ru/sale/flat/292542632/
9215000;12;SEAR;36,5;;9;9;1980;0;0;2,5;1;https://www.cian.ru/sale/flat/298882717/
9215000;12;SEAR;37;;8;9;1980;0;0;2,5;1;https://www.cian.ru/sale/flat/294228710/
9215000;12;SEAR;36,3;;7;9;1980;0;0;2,5;1;https://www.cian.ru/sale/flat/297465291/
9215000;12;SEAR;36,9;;7;9;1980;0;0;2,5;1;https://www.cian.ru/sale/flat/294926973/
9243500;16;WAR;20,3;12,3;15;22;1980;0;1;2,65;1;https://www.cian.ru/sale/flat/299873259/
9250000;3;SWAR;34,3;14,8;6;12;2002;0;0;2,75;1;https://www.cian.ru/sale/flat/300788111/
9290000;14;NAR;32,9;17,8;7;12;1968;0;0;2,64;1;https://www.cian.ru/sale/flat/299026219/
9300000;20;NAR;34,4;13,8;4;14;2023;1;0;;1;https://www.cian.ru/sale/flat/299164643/
9300000;16;NAR;34,1;12;11;15;2023;1;0;;1;https://www.cian.ru/sale/flat/300101681/
9300000;16;NEAR;33;19;3;9;1974;0;0;2,64;1;https://www.cian.ru/sale/flat/299525068/
9300000;7;SAR;37,2;19,2;16;17;1983;0;0;2,7;1;https://www.cian.ru/sale/flat/299656583/
9300000;13;SWAR;38,3;;2;14;;0;0;;1;https://www.cian.ru/sale/flat/297263854/
9300000;3;EAR;39,1;24;1;12;;0;0;2,64;1;https://www.cian.ru/sale/flat/300779233/
9300000;7;NEAR;33;18;4;9;;0;0;;1;https://www.cian.ru/sale/flat/287487167/
9300000;12;SAR;38,7;21;12;12;;0;0;;1;https://www.cian.ru/sale/flat/299776431/
9300000;12;EAR;31;19;2;9;1965;0;0;2,64;1;https://www.cian.ru/sale/flat/299798021/
9300000;15;SAR;35,6;19,8;1;12;1979;0;0;2,5;1;https://www.cian.ru/sale/flat/299766316/
9300000;11;NAR;31,5;21,4;8;9;1965;0;0;2,7;1;https://www.cian.ru/sale/flat/297846883/
9300000;8;SEAR;38;20;16;17;2013;0;0;2,74;1;https://www.cian.ru/sale/flat/299330882/
9380000;13;SEAR;39;20,9;9;12;;0;0;;1;https://www.cian.ru/sale/flat/298520114/
9390000;4;EAR;32,6;19;3;9;1968;0;0;2,64;1;https://www.cian.ru/sale/flat/300907778/
9400000;20;EAR;31,9;;9;9;1966;0;0;2,65;1;https://www.cian.ru/sale/flat/299247896/
9400000;10;SEAR;35;15;8;16;2000;0;0;2,7;1;https://www.cian.ru/sale/flat/300578229/
9400000;13;NAR;39,1;20,8;1;12;1979;0;0;2,64;1;https://www.cian.ru/sale/flat/298036066/
9400000;15;SEAR;37,8;16,8;5;12;;0;0;;1;https://www.cian.ru/sale/flat/297048212/
9440000;5;SEAR;38,8;24;5;10;2003;0;0;2,8;1;https://www.cian.ru/sale/flat/294302570/
9450000;15;EAR;33;18,8;5;9;1970;0;0;2,64;1;https://www.cian.ru/sale/flat/299359436/
9450000;7;SAR;37,7;;1;16;1982;0;0;2,64;1;https://www.cian.ru/sale/flat/263316279/
9490000;9;SAR;39,3;20;7;12;1982;0;0;2,64;1;https://www.cian.ru/sale/flat/300824342/
9499000;5;SEAR;31,5;18;5;9;1970;0;0;2,65;1;https://www.cian.ru/sale/flat/300291039/
9499000;16;SEAR;30;19;6;9;1971;0;0;2,55;1;https://www.cian.ru/sale/flat/300520887/
9500000;16;NWAR;45,18;28,5;27;28;2023;1;1;;2;https://www.cian.ru/sale/flat/296787455/
9500000;;SAR;38,6;20,9;4;12;1983;0;0;2,64;1;https://www.cian.ru/sale/flat/299367215/
9500000;10;EAR;40,6;20,6;4;12;2004;0;0;2,64;1;https://www.cian.ru/sale/flat/297937991/
9500000;6;EAR;21,6;12;33;33;;0;0;;1;https://www.cian.ru/sale/flat/300756677/
9500000;4;NAR;37,6;19,7;2;17;2003;0;0;2,74;1;https://www.cian.ru/sale/flat/299190804/
9500000;8;SWAR;36;16;1;12;1999;0;0;2,7;1;https://www.cian.ru/sale/flat/300301003/
9500000;15;EAR;30;13;6;9;1972;0;0;2,5;1;https://www.cian.ru/sale/flat/300295943/
9500000;11;SEAR;39,3;18,9;8;25;2016;0;0;;1;https://www.cian.ru/sale/flat/296135318/
9500000;12;SWAR;35;15;1;9;2001;0;0;2,65;1;https://www.cian.ru/sale/flat/298622113/
9500000;19;EAR;32;17;9;9;1973;0;0;2,64;1;https://www.cian.ru/sale/flat/300795150/
9500000;12;SEAR;31,3;18;2;5;;0;0;;1;https://www.cian.ru/sale/flat/300073203/
9500000;16;SEAR;37,6;18,9;6;17;2002;0;0;2,6;1;https://www.cian.ru/sale/flat/299881508/
9550000;17;EAR;40;22;10;12;1965;0;0;2,65;2;https://www.cian.ru/sale/flat/299918584/
9550000;16;EAR;41;;1;5;1974;0;0;;2;https://www.cian.ru/sale/flat/298462549/
9550000;5;NWAR;33,9;;8;22;2022;0;1;;1;https://www.cian.ru/sale/flat/298975287/
9600000;17;SEAR;30,38;;4;21;2024;1;1;3;1;https://www.cian.ru/sale/flat/298664472/
9600000;5;NEAR;37,9;18;8;22;2009;0;0;2,75;1;https://www.cian.ru/sale/flat/297560632/
9600000;12;SWAR;32;18;1;5;1959;0;0;3;1;https://www.cian.ru/sale/flat/299621067/
9600000;6;SAR;31;20,8;1;9;1963;0;0;2,64;1;https://www.cian.ru/sale/flat/300927327/
9600000;8;SAR;31,9;18,7;10;12;1974;0;0;2,64;1;https://www.cian.ru/sale/flat/298021673/
9600000;8;SEAR;38;19;7;17;2011;0;0;2,8;1;https://www.cian.ru/sale/flat/300831522/
9600000;1;SAR;42;13;1;22;1987;0;0;2,64;1;https://www.cian.ru/sale/flat/300930286/
9640000;13;SAR;42;20;13;16;;0;0;2,7;1;https://www.cian.ru/sale/flat/298583239/
9650000;19;WAR;38;19;17;17;;0;0;;1;https://www.cian.ru/sale/flat/300442511/
9650000;13;NEAR;36;17;5;12;1977;0;0;2,7;1;https://www.cian.ru/sale/flat/300272864/
9699000;7;WAR;38;20;16;22;2006;0;0;2,64;1;https://www.cian.ru/sale/flat/299727317/
9699999;8;EAR;44;;8;9;1972;0;0;2,64;2;https://www.cian.ru/sale/flat/296470480/
9700000;10;WAR;37,2;25,2;4;9;1974;0;0;;2;https://www.cian.ru/sale/flat/298558706/
9700000;9;EAR;44,8;32,8;1;5;;0;0;;2;https://www.cian.ru/sale/flat/298618899/
9700000;20;EAR;38,2;;10;12;1965;0;0;2,6;2;https://www.cian.ru/sale/flat/300054601/
9700000;10;SEAR;35;18;4;12;1967;0;0;;1;https://www.cian.ru/sale/flat/299553350/
9700000;;SWAR;27,4;;1;5;1967;0;0;;1;https://www.cian.ru/sale/flat/291751246/
9700000;6;EAR;36,1;21;6;9;1976;0;0;2,64;1;https://www.cian.ru/sale/flat/300430041/
9700000;6;NWAR;30;16,1;4;5;1965;0;0;2,48;1;https://www.cian.ru/sale/flat/300670685/
9730000;16;SAR;37;19;10;17;1998;0;0;;1;https://www.cian.ru/sale/flat/300281735/
9750000;19;WAR;37;23;2;9;;0;0;;2;https://www.cian.ru/sale/flat/296118979/
9750000;2;EAR;39;18;12;12;1967;0;0;2,64;1;https://www.cian.ru/sale/flat/297233032/
9753600;12;NAR;38,4;;4;10;2024;1;1;3;1;https://www.cian.ru/sale/flat/277464883/
9754000;12;NAR;38,4;20;4;10;2024;0;1;3,3;1;https://www.cian.ru/sale/flat/300869329/
9790000;16;SEAR;33,3;17,1;4;9;1969;0;0;2,65;1;https://www.cian.ru/sale/flat/296748808/
9800000;10;EAR;31,7;19;6;9;1966;0;0;2,8;1;https://www.cian.ru/sale/flat/294430204/
9800000;7;WAR;33,5;;6;9;1971;0;0;2,64;1;https://www.cian.ru/sale/flat/298538616/
9800000;2;SEAR;38;19;17;17;2015;0;0;2,74;1;https://www.cian.ru/sale/flat/297858614/
9800000;9;SEAR;41,4;18;9;17;2011;0;0;2,8;1;https://www.cian.ru/sale/flat/300946150/
9800000;8;EAR;35,5;20,2;8;12;1967;0;0;;1;https://www.cian.ru/sale/flat/298174244/
9800000;7;WAR;38,5;19,3;17;17;1989;0;0;2,6;1;https://www.cian.ru/sale/flat/299567766/
9800000;18;;34,8;19,9;5;12;1965;0;0;2,5;1;https://www.cian.ru/sale/flat/297130317/
9850000;12;SEAR;38;;7;17;1985;0;0;2,64;1;https://www.cian.ru/sale/flat/298401519/
9850000;;EAR;29,6;17,1;4;9;1968;0;0;2,64;1;https://www.cian.ru/sale/flat/265719814/
9900000;10;SEAR;37,4;;7;9;1964;0;0;2,64;2;https://www.cian.ru/sale/flat/299432268/
9900000;10;EAR;43,8;;7;9;1970;0;0;2,64;2;https://www.cian.ru/sale/flat/293658515/
9900000;4;EAR;44,1;28,9;12;24;2007;0;0;2,7;2;https://www.cian.ru/sale/flat/300470437/
9900000;13;SEAR;37,1;22,4;8;9;1961;0;0;2,65;2;https://www.cian.ru/sale/flat/299542495/
9900000;18;SWAR;34,2;18,9;13;16;1980;0;0;;1;https://www.cian.ru/sale/flat/298503162/
9900000;3;SEAR;38,2;19,2;7;10;1995;0;0;;1;https://www.cian.ru/sale/flat/300049945/
9900000;5;SEAR;35;20;8;9;1970;0;0;;1;https://www.cian.ru/sale/flat/300710491/
9900000;7;WAR;41;20;15;22;;0;0;;1;https://www.cian.ru/sale/flat/300146260/
9900000;15;EAR;40;19;9;16;1981;0;0;2,65;1;https://www.cian.ru/sale/flat/299884223/
9900000;5;EAR;43,2;11,9;11;12;2022;0;0;2,7;1;https://www.cian.ru/sale/flat/296478167/
9900000;7;WAR;41;19;15;22;;0;0;;1;https://www.cian.ru/sale/flat/300146314/
9900000;13;SAR;38,5;19,5;2;16;;0;0;;1;https://www.cian.ru/sale/flat/299567278/
9900000;7;WAR;38,7;21;15;21;1988;0;0;2,7;1;https://www.cian.ru/sale/flat/300298041/
9950000;5;EAR;45;29;9;9;1970;0;0;2,64;2;https://www.cian.ru/sale/flat/294453097/
9950000;4;NAR;44;27;8;9;1968;0;0;;2;https://www.cian.ru/sale/flat/299402447/
9950000;13;NAR;31,7;;1;9;1976;0;0;2,5;1;https://www.cian.ru/sale/flat/298337714/
9990000;9;CAR;40;35;1;5;1907;0;1;;2;https://www.cian.ru/sale/flat/300580991/
9990000;11;SAR;20,3;;2;4;2017;0;1;;1;https://www.cian.ru/sale/flat/272423402/
9990000;4;NEAR;35,1;21,5;1;9;;0;0;;1;https://www.cian.ru/sale/flat/295014997/
9990000;7;SEAR;38,3;18;16;17;;0;0;;1;https://www.cian.ru/sale/flat/300790165/
9990000;13;SEAR;28,7;17,4;2;2;2023;0;1;5;1;https://www.cian.ru/sale/flat/300967755/
9990000;4;SEAR;38;19;5;17;2003;0;0;2,74;1;https://www.cian.ru/sale/flat/300232028/
9999000;6;NAR;38,6;20;2;14;1994;0;0;2,64;1;https://www.cian.ru/sale/flat/296044216/
10000000;12;SEAR;44,3;;4;9;1980;0;0;2,6;2;https://www.cian.ru/sale/flat/297115546/
10000000;9;EAR;44,1;;1;9;1968;0;0;2,64;2;https://www.cian.ru/sale/flat/300814829/
10000000;18;SEAR;32;;6;16;2023;1;0;;1;https://www.cian.ru/sale/flat/300004650/
10000000;15;NEAR;32,2;;16;16;2024;1;0;;1;https://www.cian.ru/sale/flat/300209521/
10000000;4;NEAR;30;;9;21;2021;1;1;3;1;https://www.cian.ru/sale/flat/300112163/
10000000;9;SWAR;38;19;8;17;;0;0;;1;https://www.cian.ru/sale/flat/299469625/
10000000;5;SAR;28,3;13;10;12;1975;0;0;2,48;1;https://www.cian.ru/sale/flat/300935419/
10000000;14;NWAR;38,8;20,5;1;12;1983;0;0;2,64;1;https://www.cian.ru/sale/flat/300886403/
10000000;8;NEAR;38,5;20,6;2;12;1981;0;0;2,64;1;https://www.cian.ru/sale/flat/300824442/
10000000;9;WAR;39;21;2;14;1988;0;0;2,64;1;https://www.cian.ru/sale/flat/300305305/
10000000;10;SEAR;39,1;21;10;14;1986;0;0;2,64;1;https://www.cian.ru/sale/flat/300560954/
10000000;7;SEAR;38,6;;3;12;1968;0;0;2,64;1;https://www.cian.ru/sale/flat/299937034/
10000000;14;EAR;30;15;5;5;;0;0;;1;https://www.cian.ru/sale/flat/299329406/
10000000;8;WAR;37,7;19;12;17;1989;0;0;2,64;1;https://www.cian.ru/sale/flat/300882682/
10000000;5;CAR;25,5;14;5;5;;0;1;;1;https://www.cian.ru/sale/flat/299589594/
10029452;12;NAR;32,4;;4;10;2024;1;1;3;1;https://www.cian.ru/sale/flat/292909058/
10100000;8;SEAR;38;28;1;9;1967;0;0;2,64;2;https://www.cian.ru/sale/flat/299078839/
10100000;10;NAR;35,5;20;10;12;1968;0;0;;1;https://www.cian.ru/sale/flat/300659821/
10100000;20;NAR;35;;3;12;1968;0;0;2,64;1;https://www.cian.ru/sale/flat/300501002/
10100000;20;NAR;35;20;3;12;;0;0;;1;https://www.cian.ru/sale/flat/300594074/
10100000;4;SEAR;31,6;19,9;2;5;1962;0;0;2,5;1;https://www.cian.ru/sale/flat/299130688/
10100000;8;SWAR;38,3;20,8;3;14;2003;0;0;2,64;1;https://www.cian.ru/sale/flat/298981209/
10100000;15;SAR;21,1;;2;26;;0;0;;1;https://www.cian.ru/sale/flat/298464986/
10100000;15;EAR;38;19;5;14;1995;0;0;2,64;1;https://www.cian.ru/sale/flat/299635064/
10150000;7;SEAR;36,9;22,8;2;12;1967;0;0;;2;https://www.cian.ru/sale/flat/299124774/
10150000;12;EAR;36,8;;3;5;2015;0;1;3,9;2;https://www.cian.ru/sale/flat/300699318/
10150000;10;NEAR;32,6;18,7;4;9;1975;0;0;2,64;1;https://www.cian.ru/sale/flat/298373961/
10150000;9;SAR;36,2;17,7;2;17;2003;0;0;2,64;1;https://www.cian.ru/sale/flat/298431321/
10190000;3;NAR;33,1;19;5;9;1971;0;0;;1;https://www.cian.ru/sale/flat/300098216/
10200000;13;NAR;41,8;;5;14;2024;1;0;3;2;https://www.cian.ru/sale/flat/300657098/
10200000;13;SAR;45;35;2;9;1975;0;0;2,64;2;https://www.cian.ru/sale/flat/300895600/
10200000;21;NAR;44;;8;9;1967;0;0;2,64;2;https://www.cian.ru/sale/flat/299453449/
10200000;12;SWAR;33;17,1;3;9;1969;0;0;2,64;1;https://www.cian.ru/sale/flat/298097974/
10200000;7;NEAR;31,5;21,4;4;9;1967;0;0;2,64;1;https://www.cian.ru/sale/flat/299842989/
10200000;11;SWAR;32,7;18,9;4;9;1972;0;0;2,64;1;https://www.cian.ru/sale/flat/300469439/
10200000;15;SWAR;33;19;7;9;;0;0;;1;https://www.cian.ru/sale/flat/300348297/
10200000;7;NEAR;31,5;21,3;4;9;;0;0;2,7;1;https://www.cian.ru/sale/flat/300201168/
10200000;6;EAR;38;21;3;9;1970;0;0;2,64;1;https://www.cian.ru/sale/flat/299278048/
10280886;21;NWAR;37,4;14,4;2;25;2022;1;0;2,72;1;https://www.cian.ru/sale/flat/300917619/
10299000;4;EAR;44,5;29,4;7;9;;0;0;;2;https://www.cian.ru/sale/flat/300024381/
10300000;4;NWAR;37;22;6;9;1963;0;0;2,6;2;https://www.cian.ru/sale/flat/300815687/
10300000;10;NAR;44,4;27,9;1;9;1968;0;0;2,64;2;https://www.cian.ru/sale/flat/300633462/
10300000;18;SEAR;33,8;10;25;25;2023;1;0;2,65;1;https://www.cian.ru/sale/flat/298397020/
10300000;15;WAR;38;19;7;23;;0;0;;1;https://www.cian.ru/sale/flat/299785207/
10300000;8;NAR;30;17;5;5;1958;0;0;2,5;1;https://www.cian.ru/sale/flat/300734523/
10300000;11;EAR;35;20;5;12;1968;0;0;2,64;1;https://www.cian.ru/sale/flat/300417729/
10300000;5;NEAR;37,5;19,1;13;16;;0;0;;1;https://www.cian.ru/sale/flat/297902239/
10300000;20;NEAR;38;20,1;15;16;1980;0;0;2,7;1;https://www.cian.ru/sale/flat/300009662/
10300000;11;NAR;38,1;;15;17;1998;0;0;;1;https://www.cian.ru/sale/flat/299916899/
10300000;16;EAR;41;19;16;24;2007;0;0;2,7;1;https://www.cian.ru/sale/flat/299098438/
10300000;4;CAR;26,8;14;6;13;;0;0;;1;https://www.cian.ru/sale/flat/299722483/
10390000;14;EAR;30,2;18,6;2;5;1964;0;0;2,5;1;https://www.cian.ru/sale/flat/300438271/
10390000;10;NAR;27;;5;8;1961;0;0;2,8;1;https://www.cian.ru/sale/flat/300646975/
10400000;5;WAR;33;18,8;7;9;;0;0;;1;https://www.cian.ru/sale/flat/299506735/
10400000;7;SEAR;37,9;18,9;11;17;2016;0;0;2,7;1;https://www.cian.ru/sale/flat/300832689/
10420000;11;SEAR;39,3;23,7;1;9;1977;0;0;2,64;2;https://www.cian.ru/sale/flat/300400550/
10450000;7;SAR;37,9;18,9;14;17;1986;0;0;2,64;1;https://www.cian.ru/sale/flat/299938068/
10450000;7;WAR;38,2;19,8;16;21;2007;0;0;2,7;1;https://www.cian.ru/sale/flat/300867612/
10460814;6;NAR;34,3;13,8;5;15;2023;1;0;2,84;1;https://www.cian.ru/sale/flat/300121803/
10462529;21;NWAR;38,5;14,4;2;24;2022;1;0;2,8;1;https://www.cian.ru/sale/flat/300917761/
10481185;12;NAR;32,5;;9;10;2024;1;1;3;1;https://www.cian.ru/sale/flat/297303763/
10490000;18;;32;9,1;13;25;2023;1;0;;1;https://www.cian.ru/sale/flat/299782670/
10490000;5;SAR;32,7;;2;12;1975;0;0;2,5;1;https://www.cian.ru/sale/flat/300635008/
10490000;16;NEAR;37;20;7;12;1967;0;0;2,64;1;https://www.cian.ru/sale/flat/298191085/
10490000;9;NWAR;35;20;8;9;;0;0;;1;https://www.cian.ru/sale/flat/300725362/
10499000;11;SEAR;38;16,6;8;19;2013;0;0;2,78;1;https://www.cian.ru/sale/flat/300959550/
10500000;5;EAR;44;28;8;9;1972;0;0;2,64;2;https://www.cian.ru/sale/flat/298847321/
10500000;17;SEAR;42,8;28,4;6;9;;0;0;;2;https://www.cian.ru/sale/flat/291049452/
10500000;4;NWAR;40;25;4;9;1963;0;0;2,5;2;https://www.cian.ru/sale/flat/300732921/
10500000;19;EAR;44,2;;6;9;;0;0;;2;https://www.cian.ru/sale/flat/299737835/
10500000;16;NWAR;47,3;31,1;1;9;1967;0;0;;2;https://www.cian.ru/sale/flat/298436420/
10500000;18;SEAR;33,7;9,8;14;15;2023;1;0;;1;https://www.cian.ru/sale/flat/300326167/
10500000;13;EAR;35,2;20,1;6;12;;0;0;;1;https://www.cian.ru/sale/flat/295294075/
10500000;8;SWAR;32,8;18,1;5;9;;0;0;2,5;1;https://www.cian.ru/sale/flat/299105195/
10500000;12;SAR;35,2;20,1;1;12;;0;0;2,7;1;https://www.cian.ru/sale/flat/300708213/
10500000;8;SAR;36,2;19;16;16;1976;0;0;2,64;1;https://www.cian.ru/sale/flat/300279567/
10500000;15;SAR;38;19;6;17;1984;0;0;2,64;1;https://www.cian.ru/sale/flat/296045961/
10500000;13;SEAR;30;17,7;2;2;2023;0;1;5;1;https://www.cian.ru/sale/flat/300938234/
10500000;17;EAR;37,5;18,9;2;17;2007;0;0;;1;https://www.cian.ru/sale/flat/300693446/
10500000;11;NWAR;32,9;17,6;3;9;1969;0;0;2,64;1;https://www.cian.ru/sale/flat/299560983/
10500000;10;WAR;33;10;22;25;2022;0;0;2,6;1;https://www.cian.ru/sale/flat/295075346/
10500000;17;NEAR;35,1;21,2;5;9;1974;0;0;2,64;1;https://www.cian.ru/sale/flat/299927384/
10500000;11;NAR;30,5;18,5;2;5;1963;0;0;2,5;1;https://www.cian.ru/sale/flat/300617206/
10500000;13;SWAR;34,83;19,6;3;5;1960;0;0;2,8;1;https://www.cian.ru/sale/flat/300797878/
10500000;;NEAR;38;19;14;17;2002;0;0;2,7;1;https://www.cian.ru/sale/flat/300779111/
10500000;10;SAR;38;19;2;17;1987;0;0;2,64;1;https://www.cian.ru/sale/flat/300980941/
10500000;4;SAR;38,9;20,9;12;12;;0;0;;1;https://www.cian.ru/sale/flat/299774443/
10500000;19;NAR;38;;12;17;2004;0;0;2,74;1;https://www.cian.ru/sale/flat/300472406/
10500000;10;NAR;36,1;13;3;14;1972;0;1;4,6;1;https://www.cian.ru/sale/flat/298219243/
10500000;8;EAR;38,7;20,9;3;9;;0;0;;1;https://www.cian.ru/sale/flat/298527999/
10500000;13;WAR;38,3;18,8;2;13;2011;0;0;2,65;1;https://www.cian.ru/sale/flat/299928314/
10500000;5;NWAR;38,4;18;6;17;1992;0;0;2,64;1;https://www.cian.ru/sale/flat/300138776/
10500000;13;SEAR;29,3;17,8;2;2;2023;0;1;5;1;https://www.cian.ru/sale/flat/300938238/
10500000;15;NAR;37,5;18,5;1;14;;0;0;26,4;1;https://www.cian.ru/sale/flat/300301779/
10500000;17;WAR;34,4;18,9;12;16;;0;0;2,5;1;https://www.cian.ru/sale/flat/289770726/
10500000;11;SWAR;33;19;8;9;1976;0;0;2,64;1;https://www.cian.ru/sale/flat/299512754/
10550000;16;NEAR;30;19;10;18;2023;0;1;3;1;https://www.cian.ru/sale/flat/300410066/
10590000;12;SAR;31;16,6;3;9;1969;0;0;2,55;1;https://www.cian.ru/sale/flat/300385867/
10594377;6;NWAR;27,77;22,8;8;18;2022;1;1;4,5;1;https://www.cian.ru/sale/flat/297472751/
10600000;16;NEAR;44,2;27,9;4;9;1974;0;0;2,64;2;https://www.cian.ru/sale/flat/299594980/
10600000;7;NAR;40,47;27,5;10;17;2024;0;0;2,8;2;https://www.cian.ru/sale/flat/300310205/
10600000;4;EAR;40;23;6;9;1965;0;0;2,64;2;https://www.cian.ru/sale/flat/280933806/
10600000;;EAR;38,1;24,9;8;12;1969;0;0;2,7;2;https://www.cian.ru/sale/flat/300020395/
10600000;2;NWAR;37,1;18;13;17;1992;0;0;;1;https://www.cian.ru/sale/flat/298296311/
10600000;11;NAR;35;15;1;14;1994;0;0;2,64;1;https://www.cian.ru/sale/flat/299572625/
10600000;2;NAR;30;19;5;5;1960;0;0;2,48;1;https://www.cian.ru/sale/flat/298743351/
10600000;2;EAR;42,5;;7;16;2006;0;0;2,9;1;https://www.cian.ru/sale/flat/297163771/
10600000;4;NAR;37,3;19;2;17;1984;0;0;2,64;1;https://www.cian.ru/sale/flat/298213552/
10600000;9;SAR;37,7;17,7;28;50;2013;0;0;2,9;1;https://www.cian.ru/sale/flat/299980989/
10690000;18;SWAR;37;20;9;16;;0;0;;1;https://www.cian.ru/sale/flat/299250848/
10700000;7;EAR;48;31,5;8;12;1968;0;0;2,64;2;https://www.cian.ru/sale/flat/294746939/
10700000;5;EAR;45,2;;4;9;1973;0;0;2,64;2;https://www.cian.ru/sale/flat/300754754/
10700000;18;EAR;38;22,1;4;9;;0;0;;2;https://www.cian.ru/sale/flat/299733311/
10700000;15;SAR;30;15,6;6;12;1972;0;0;2,64;1;https://www.cian.ru/sale/flat/300386069/
10700000;19;WAR;34,4;18,8;1;4;1949;0;0;3;1;https://www.cian.ru/sale/flat/299728439/
10700000;21;WAR;35,3;19,5;10;14;1969;0;0;2,64;1;https://www.cian.ru/sale/flat/298131853/
10700000;16;NEAR;37;19;15;17;2005;0;0;2,74;1;https://www.cian.ru/sale/flat/298208285/
10750000;17;EAR;34;;8;9;1967;0;0;2,6;1;https://www.cian.ru/sale/flat/300157559/
10750000;16;EAR;40;19;17;24;2007;0;0;2,78;1;https://www.cian.ru/sale/flat/300966108/
10750000;16;EAR;40;19;17;24;2007;0;0;;1;https://www.cian.ru/sale/flat/297883038/
10770000;11;CAR;14;4;1;5;1901;0;0;;1;https://www.cian.ru/sale/flat/300726879/
10799999;18;SAR;36,4;20;19;22;1984;0;0;;1;https://www.cian.ru/sale/flat/299098420/
10800000;15;EAR;37,2;23,3;9;12;;0;0;;2;https://www.cian.ru/sale/flat/299021060/
10800000;11;EAR;45;28,3;7;9;1966;0;0;2,8;2;https://www.cian.ru/sale/flat/299417295/
10800000;6;SAR;38,7;23,7;12;14;1972;0;0;2,64;2;https://www.cian.ru/sale/flat/299190121/
10800000;11;NAR;38,1;19;12;17;1998;0;0;;1;https://www.cian.ru/sale/flat/298706698/
10800000;3;SAR;38;19;17;17;1997;0;0;2,6;1;https://www.cian.ru/sale/flat/300923704/
10800000;11;SAR;33;17;2;9;;0;0;;1;https://www.cian.ru/sale/flat/298873227/
10800000;11;SEAR;33,9;15,1;15;17;2018;0;0;2,8;1;https://www.cian.ru/sale/flat/300797184/
10800000;11;NEAR;35;19,5;3;9;1976;0;0;2,7;1;https://www.cian.ru/sale/flat/300019385/
10800000;7;WAR;38,5;20,1;19;22;2008;0;0;2,64;1;https://www.cian.ru/sale/flat/299543766/
10805117;10;WAR;33,3;;14;25;2021;1;0;2,63;1;https://www.cian.ru/sale/flat/299449816/
10831048;5;WAR;33,1;;6;25;2021;1;0;2,63;1;https://www.cian.ru/sale/flat/299449780/
10840000;12;WAR;34,1;;1;9;;0;0;;2;https://www.cian.ru/sale/flat/300319011/
10850000;20;EAR;38,7;20,4;4;9;1983;0;0;2,7;1;https://www.cian.ru/sale/flat/300377102/
10850000;18;NEAR;33;19;8;9;1974;0;0;2,7;1;https://www.cian.ru/sale/flat/300188888/
10850000;12;SAR;41,2;19,6;7;14;1969;0;0;2,6;1;https://www.cian.ru/sale/flat/296562644/
10850000;17;EAR;39,7;17,8;8;9;1970;0;0;2,65;1;https://www.cian.ru/sale/flat/299732160/
10857959;5;WAR;35,5;;2;25;2021;1;0;2,63;1;https://www.cian.ru/sale/flat/299449789/
10890000;7;NWAR;44,3;27,9;1;9;;0;0;;2;https://www.cian.ru/sale/flat/300108535/
10890000;27;WAR;33,2;18;8;9;1966;0;0;2,64;1;https://www.cian.ru/sale/flat/299110667/
10890000;4;NWAR;40;20;2;16;1988;0;0;2,48;1;https://www.cian.ru/sale/flat/299979419/
10900000;10;EAR;38;26,8;1;9;1970;0;0;2,64;2;https://www.cian.ru/sale/flat/299556246/
10900000;8;NAR;34,9;20,8;9;9;1964;0;0;2,64;2;https://www.cian.ru/sale/flat/300619659/
10900000;15;SEAR;44,6;;1;5;1960;0;0;2,64;2;https://www.cian.ru/sale/flat/300441470/
10900000;6;SAR;63,25;33,9;2;22;;0;0;;2;https://www.cian.ru/sale/flat/300683447/
10900000;11;;25,6;;22;33;2023;1;0;;1;https://www.cian.ru/sale/flat/299809638/
10900000;6;SAR;34;21,6;9;9;1966;0;0;2,6;1;https://www.cian.ru/sale/flat/299877600/
10900000;12;NWAR;33,6;19,2;1;14;1970;0;0;2,75;1;https://www.cian.ru/sale/flat/300692309/
10900000;10;SEAR;37,8;18,9;3;17;;0;0;;1;https://www.cian.ru/sale/flat/299570022/
10900000;9;WAR;34,9;21;2;14;1973;0;0;2,7;1;https://www.cian.ru/sale/flat/298556528/
10900000;17;NWAR;30;20;9;9;1966;0;0;2,64;1;https://www.cian.ru/sale/flat/299168359/
10900000;11;SWAR;38;;14;16;1981;0;0;2,65;1;https://www.cian.ru/sale/flat/300576055/
10950000;4;SAR;38,2;22,3;5;12;1967;0;0;2,5;2;https://www.cian.ru/sale/flat/300464296/
10950000;13;NAR;35;20;1;12;1969;0;0;2,64;1;https://www.cian.ru/sale/flat/296030466/
10950000;20;NWAR;36,2;14,3;6;25;2019;0;0;2,74;1;https://www.cian.ru/sale/flat/298169068/
10962280;16;;34,3;13,8;11;14;2023;1;0;2,84;1;https://www.cian.ru/sale/flat/297033551/
10990000;9;SAR;37;20;10;12;1969;0;0;2,64;1;https://www.cian.ru/sale/flat/298037035/
10990000;7;SAR;38,1;19,2;7;17;;0;0;;1;https://www.cian.ru/sale/flat/294267082/
10990000;9;SEAR;38,4;20;17;19;2018;0;0;2,74;1;https://www.cian.ru/sale/flat/300821406/
10999000;10;SAR;48,6;31,2;8;14;1972;0;0;2,64;2;https://www.cian.ru/sale/flat/300211144/
10999000;4;NWAR;39;;2;12;1980;0;0;2,64;1;https://www.cian.ru/sale/flat/295522332/
11000000;7;EAR;45;28,4;5;9;1971;0;0;2,6;2;https://www.cian.ru/sale/flat/299361979/
11000000;12;SAR;45;30;1;9;1968;0;0;2,64;2;https://www.cian.ru/sale/flat/300136505/
11000000;3;EAR;45;29;2;9;;0;0;2,64;2;https://www.cian.ru/sale/flat/295787404/
11000000;14;WAR;41;;5;5;1960;0;0;2,64;2;https://www.cian.ru/sale/flat/298705735/
11000000;9;NEAR;44,5;;3;4;1970;0;1;3;2;https://www.cian.ru/sale/flat/298139494/
11000000;6;EAR;45,4;;5;9;;0;0;;2;https://www.cian.ru/sale/flat/297829179/
11000000;10;SAR;37,7;;1;9;1963;0;0;2,65;2;https://www.cian.ru/sale/flat/300795874/
11000000;19;SWAR;55,15;28,7;6;16;;0;0;;2;https://www.cian.ru/sale/flat/299477612/
11000000;6;NWAR;30,2;;21;22;2022;1;1;;1;https://www.cian.ru/sale/flat/292542558/
11000000;20;SEAR;25,87;;7;21;2024;1;1;3;1;https://www.cian.ru/sale/flat/299255684/
11000000;11;SEAR;35,4;20,3;2;12;1966;0;0;;1;https://www.cian.ru/sale/flat/299098702/
11000000;14;WAR;36;19;6;16;1976;0;0;2,7;1;https://www.cian.ru/sale/flat/300506765/
11000000;13;SEAR;31,4;19;2;2;2023;0;1;5;1;https://www.cian.ru/sale/flat/300938241/
11000000;5;SAR;37;19,1;7;16;1995;0;0;2,6;1;https://www.cian.ru/sale/flat/299027336/
11062867;10;WAR;35,2;;14;25;2021;1;0;2,63;1;https://www.cian.ru/sale/flat/299449812/
11090000;5;NEAR;42,7;27,8;2;5;1967;0;0;2,64;2;https://www.cian.ru/sale/flat/298282165/
11090000;18;NEAR;42;27,8;2;5;1967;0;0;2,5;2;https://www.cian.ru/sale/flat/300342332/
11090000;5;NEAR;43;27,8;2;5;1967;0;0;2,6;2;https://www.cian.ru/sale/flat/300701493/
11100000;17;NAR;47;30,2;8;9;1971;0;0;2,7;2;https://www.cian.ru/sale/flat/300609062/
11100000;6;SEAR;51,3;;8;17;2011;0;0;2,74;2;https://www.cian.ru/sale/flat/300724404/
11100000;16;SAR;44,4;27,9;5;9;1975;0;0;2,5;2;https://www.cian.ru/sale/flat/300829381/
11100000;18;SWAR;46,6;29,8;7;14;1968;0;0;2,8;2;https://www.cian.ru/sale/flat/297580299/
11100000;10;EAR;38;26,8;1;9;1970;0;0;2,64;2;https://www.cian.ru/sale/flat/298662594/
11100000;17;NAR;47;30,2;8;9;;0;0;;2;https://www.cian.ru/sale/flat/300661792/
11100000;5;NWAR;36,3;20;8;22;2022;0;1;3;1;https://www.cian.ru/sale/flat/300577874/
11100000;10;WAR;34;19;1;5;1960;0;0;2,7;1;https://www.cian.ru/sale/flat/299032300/
11150000;14;SAR;31,5;21;8;9;1965;0;0;2,64;1;https://www.cian.ru/sale/flat/300077196/
11152480;16;;34,4;13,8;12;12;2023;1;0;2,84;1;https://www.cian.ru/sale/flat/297032828/
11155271;5;WAR;35,1;;6;25;2021;1;0;2,63;1;https://www.cian.ru/sale/flat/299449778/
11190000;17;NAR;50,9;25,5;13;14;2023;0;0;;2;https://www.cian.ru/sale/flat/291101042/
11190000;15;WAR;31;18,5;2;10;1967;0;0;2,75;1;https://www.cian.ru/sale/flat/299893982/
11199000;7;SAR;57,8;;2;9;1973;0;0;;3;https://www.cian.ru/sale/flat/300393709/
11199999;19;SWAR;32;21,5;7;9;1964;0;0;2,64;1;https://www.cian.ru/sale/flat/297849335/
11200000;13;WAR;47,8;31,5;4;14;1978;0;0;;2;https://www.cian.ru/sale/flat/300057103/
11200000;6;EAR;50,4;;9;12;1978;0;0;2,5;2;https://www.cian.ru/sale/flat/298668459/
11200000;13;WAR;47,8;31,5;4;14;1978;0;0;;2;https://www.cian.ru/sale/flat/299989334/
11200000;12;NAR;45;32;5;9;1965;0;0;2,65;2;https://www.cian.ru/sale/flat/300427206/
11200000;4;SAR;36;11;8;34;2023;1;0;;1;https://www.cian.ru/sale/flat/300779837/
11200000;7;EAR;35,2;19,4;9;14;1971;0;0;2,64;1;https://www.cian.ru/sale/flat/300848229/
11200000;18;WAR;31,4;17,1;6;9;1965;0;0;2,7;1;https://www.cian.ru/sale/flat/297010912/
11200000;19;WAR;30,8;18,8;2;10;1967;0;0;2,8;1;https://www.cian.ru/sale/flat/299859994/
11200000;15;SAR;39;19;11;17;1989;0;0;2,64;1;https://www.cian.ru/sale/flat/299919212/
11200000;13;NEAR;34;;4;5;1959;0;0;2,95;1;https://www.cian.ru/sale/flat/299962573/
11200000;15;SWAR;34,5;;3;5;1959;0;0;2,7;1;https://www.cian.ru/sale/flat/297540716/
11246285;5;NWAR;29,5;16,8;18;22;2022;1;1;2,87;1;https://www.cian.ru/sale/flat/294627207/
11250000;4;WAR;32;21,5;2;9;1962;0;0;2,64;1;https://www.cian.ru/sale/flat/300870617/
11275000;18;EAR;41;15,8;2;24;2021;1;0;2,64;1;https://www.cian.ru/sale/flat/298917322/
11290000;15;EAR;55;;1;5;;0;0;;2;https://www.cian.ru/sale/flat/300830031/
11290000;4;SEAR;37,2;18;6;14;1994;0;0;2,64;1;https://www.cian.ru/sale/flat/298211447/
11299000;20;NEAR;42,7;18,4;24;25;2024;1;0;2,6;1;https://www.cian.ru/sale/flat/298373641/
11300000;8;SAR;47;31;3;12;1973;0;0;2,6;2;https://www.cian.ru/sale/flat/300116941/
11300000;15;NAR;62;35,3;6;15;2023;0;0;;2;https://www.cian.ru/sale/flat/297843866/
11300000;17;NEAR;37,1;;2;9;1963;0;0;2,5;2;https://www.cian.ru/sale/flat/297667857/
11300000;7;SEAR;57,6;43,3;10;12;1979;0;0;2,6;2;https://www.cian.ru/sale/flat/300510506/
11300000;14;EAR;46,4;30,6;7;12;1970;0;0;2,64;2;https://www.cian.ru/sale/flat/299048958/
11300000;13;NEAR;38,8;;8;9;1966;0;0;2,7;2;https://www.cian.ru/sale/flat/300151989/
11300000;7;SAR;50,4;28,1;7;16;1984;0;0;2,48;2;https://www.cian.ru/sale/flat/300616262/
11300000;14;EAR;38;18,9;17;17;2000;0;0;2,74;1;https://www.cian.ru/sale/flat/298596946/
11300000;15;SWAR;33;;4;9;1969;0;0;;1;https://www.cian.ru/sale/flat/300123359/
11300000;18;WAR;37,8;19,1;11;17;1987;0;0;2,64;1;https://www.cian.ru/sale/flat/299426713/
11300000;8;SWAR;36;;12;12;1966;0;0;2,64;1;https://www.cian.ru/sale/flat/298158138/
11300000;11;NEAR;41,2;;13;19;2015;0;0;2,7;1;https://www.cian.ru/sale/flat/300749553/
11300000;15;SWAR;42,1;17,6;2;12;;0;0;;1;https://www.cian.ru/sale/flat/300838166/
11300000;5;NEAR;38;25;5;17;;0;0;;1;https://www.cian.ru/sale/flat/299356077/
11300000;15;WAR;40,1;19;6;17;;0;0;;1;https://www.cian.ru/sale/flat/300373282/
11300000;7;SEAR;32,4;15;4;9;;0;0;;1;https://www.cian.ru/sale/flat/298111522/
11348498;10;WAR;35,5;;14;25;2021;1;0;2,63;1;https://www.cian.ru/sale/flat/299449813/
11350000;9;SWAR;32;21,8;1;9;;0;0;;1;https://www.cian.ru/sale/flat/292686414/
11350000;12;WAR;33,4;20;11;25;2022;0;0;2,7;1;https://www.cian.ru/sale/flat/293841011/
11360000;17;NEAR;45;28,6;5;9;1978;0;0;2,64;2;https://www.cian.ru/sale/flat/300422493/
11399000;2;SWAR;38;19;13;17;1991;0;0;2,75;1;https://www.cian.ru/sale/flat/300832025/
11400000;16;SAR;36;;6;20;2023;1;0;2,8;2;https://www.cian.ru/sale/flat/300351570/
11400000;13;WAR;45,7;29,8;8;9;1970;0;0;2,64;2;https://www.cian.ru/sale/flat/298336498/
11400000;5;NEAR;46,1;;1;12;1974;0;0;;2;https://www.cian.ru/sale/flat/295895327/
11400000;15;SEAR;52,9;;12;12;1979;0;0;2,64;2;https://www.cian.ru/sale/flat/298835538/
11400000;10;SEAR;43;30;2;9;1970;0;0;2,7;2;https://www.cian.ru/sale/flat/298709399/
11400000;10;SWAR;35;20;2;5;1959;0;0;2,85;1;https://www.cian.ru/sale/flat/297817464/
11400000;9;SEAR;38,9;20,9;2;14;1988;0;0;2,64;1;https://www.cian.ru/sale/flat/300055372/
11400000;11;WAR;37,9;18,9;9;23;2007;0;0;2,7;1;https://www.cian.ru/sale/flat/300461258/
11400000;15;EAR;38,2;19,2;14;16;1976;0;0;2,7;1;https://www.cian.ru/sale/flat/294166690/
11400000;3;SAR;38,9;20,9;5;12;1976;0;0;2,64;1;https://www.cian.ru/sale/flat/300528636/
11450000;18;NEAR;47;28,7;9;18;;0;1;;2;https://www.cian.ru/sale/flat/300269965/
11489999;20;EAR;36,7;18;11;22;2007;0;0;2,75;1;https://www.cian.ru/sale/flat/300843529/
11490000;6;SAR;38;;5;17;1988;0;0;2,64;1;https://www.cian.ru/sale/flat/299601171/
11490000;19;NAR;38;20;9;17;2001;0;0;2,8;1;https://www.cian.ru/sale/flat/300872900/
11490000;19;SAR;58;;5;9;1970;0;0;2,64;3;https://www.cian.ru/sale/flat/300684591/
11499000;5;;31,8;21,4;8;9;1964;0;0;2,5;1;https://www.cian.ru/sale/flat/297853204/
11499000;15;SWAR;39;15;15;23;2024;0;0;3;1;https://www.cian.ru/sale/flat/299862230/
11500000;5;NWAR;46,3;;28;33;2024;1;0;;2;https://www.cian.ru/sale/flat/299430589/
11500000;5;NAR;52,2;30,8;3;16;;0;0;;2;https://www.cian.ru/sale/flat/293078878/
11500000;18;NEAR;46,7;;5;9;1982;0;0;2,6;2;https://www.cian.ru/sale/flat/298158945/
11500000;20;SWAR;44,8;27,5;9;9;1977;0;0;2,64;2;https://www.cian.ru/sale/flat/300706081/
11500000;18;SWAR;50,8;;9;17;2023;0;0;2,8;2;https://www.cian.ru/sale/flat/299849732/
11500000;11;SEAR;43;29;2;9;1974;0;0;2,64;2;https://www.cian.ru/sale/flat/299468868/
11500000;8;NAR;40,4;25,3;8;9;1963;0;0;2,7;2;https://www.cian.ru/sale/flat/293725330/
11500000;15;EAR;42,8;29,1;3;9;1967;0;0;2,64;2;https://www.cian.ru/sale/flat/300229425/
11500000;16;SAR;45;30;2;12;;0;0;;2;https://www.cian.ru/sale/flat/298829548/
11500000;9;NEAR;55,7;;6;23;2007;0;1;2,65;2;https://www.cian.ru/sale/flat/300074472/
11500000;19;NEAR;38,1;;2;9;1964;0;0;2,7;2;https://www.cian.ru/sale/flat/299019640/
11500000;5;NAR;50,4;30,6;7;16;1982;0;0;2,7;2;https://www.cian.ru/sale/flat/300710411/
11500000;12;NAR;37,7;;8;9;;0;0;;2;https://www.cian.ru/sale/flat/299560653/
11500000;7;EAR;38,3;23,9;10;14;1970;0;0;2,64;2;https://www.cian.ru/sale/flat/294696192/
11500000;3;EAR;45,2;29,5;7;9;1974;0;0;;2;https://www.cian.ru/sale/flat/298054480/
11500000;6;NEAR;38,9;20,4;2;12;1984;0;0;2,64;1;https://www.cian.ru/sale/flat/299719558/
11500000;17;EAR;50,7;25,7;2;3;1967;0;1;5;1;https://www.cian.ru/sale/flat/300469442/
11500000;16;NAR;34,6;19,3;4;16;1974;0;0;2,6;1;https://www.cian.ru/sale/flat/299106606/
11500000;3;WAR;32;20;4;5;1961;0;0;;1;https://www.cian.ru/sale/flat/283607568/
11500000;18;EAR;42,6;18,1;7;14;2013;0;0;2,64;1;https://www.cian.ru/sale/flat/300500053/
11500000;6;NEAR;38,1;19,9;16;22;;0;0;;1;https://www.cian.ru/sale/flat/279367183/
11500000;13;SEAR;37,2;14,5;5;18;2018;0;0;2,65;1;https://www.cian.ru/sale/flat/299814181/
11500000;7;SAR;38,8;19;13;17;1986;0;0;6;1;https://www.cian.ru/sale/flat/300160548/
11500000;5;SWAR;42,4;19;3;16;2003;0;0;2,64;1;https://www.cian.ru/sale/flat/300967353/
11500000;5;WAR;35;20;4;9;1970;0;0;2,64;1;https://www.cian.ru/sale/flat/289479862/
11500000;6;NEAR;57;;3;9;1971;0;0;2,64;3;https://www.cian.ru/sale/flat/300448713/
11500000;9;NEAR;60;45,1;1;9;;0;0;2,5;3;https://www.cian.ru/sale/flat/299298166/
11550000;17;SWAR;47;30,3;2;9;1972;0;0;2,64;2;https://www.cian.ru/sale/flat/300424622/
11599000;17;NAR;35,2;19,6;2;12;1967;0;0;2,5;1;https://www.cian.ru/sale/flat/300419481/
11600000;5;SEAR;45;28,8;8;9;;0;0;;2;https://www.cian.ru/sale/flat/300640759/
11600000;6;;44,7;;3;5;1965;0;0;2,8;2;https://www.cian.ru/sale/flat/299727430/
11600000;8;SEAR;54;;9;17;2010;0;0;2,74;2;https://www.cian.ru/sale/flat/298537664/
11600000;16;WAR;45;26;2;12;1972;0;0;2,64;2;https://www.cian.ru/sale/flat/300843447/
11600000;19;NAR;40;16;17;17;1976;0;0;2,7;1;https://www.cian.ru/sale/flat/300775701/
11600000;12;NEAR;37;19;6;16;1984;0;0;2,48;1;https://www.cian.ru/sale/flat/298103293/
11600000;18;EAR;37,7;23;1;9;1966;0;0;2,64;1;https://www.cian.ru/sale/flat/300905486/
11600000;9;SWAR;35;20;6;12;1969;0;0;;1;https://www.cian.ru/sale/flat/294398120/
11600000;11;EAR;33,7;18;5;5;1951;0;0;3;1;https://www.cian.ru/sale/flat/292408397/
11600000;9;SAR;37,7;18,9;13;14;2010;0;0;2,74;1;https://www.cian.ru/sale/flat/299987453/
11650000;7;NEAR;33;18;4;9;1969;0;0;2,6;1;https://www.cian.ru/sale/flat/297683894/
11650000;4;WAR;63,1;46,7;4;9;1979;0;0;2,64;4;https://www.cian.ru/sale/flat/299241499/
11689000;9;SAR;31,8;21,3;1;9;1961;0;0;2,64;1;https://www.cian.ru/sale/flat/300615994/
11690000;10;SWAR;35,5;;6;15;1973;0;0;2,6;2;https://www.cian.ru/sale/flat/299440062/
11699000;6;NAR;41;29;7;9;1963;0;0;2,64;2;https://www.cian.ru/sale/flat/300334511/
11700000;3;SAR;39,4;24,3;4;12;1967;0;0;2,5;2;https://www.cian.ru/sale/flat/299033803/
11700000;10;SEAR;42;;7;9;1970;0;0;2,64;2;https://www.cian.ru/sale/flat/299430799/
11700000;11;SEAR;45;28;1;5;1964;0;0;2,7;2;https://www.cian.ru/sale/flat/300145214/
11700000;11;SEAR;45;28;1;5;1964;0;0;2,7;2;https://www.cian.ru/sale/flat/300098873/
11700000;;SAR;45,8;30,2;3;12;1973;0;0;2,64;2;https://www.cian.ru/sale/flat/299987714/
11700000;4;EAR;45,2;33,3;5;5;;0;0;;2;https://www.cian.ru/sale/flat/287768560/
11700000;18;SAR;45,2;28,9;5;5;1967;0;0;2,8;2;https://www.cian.ru/sale/flat/300048777/
11700000;19;NAR;33,6;14,1;32;33;2023;1;0;;1;https://www.cian.ru/sale/flat/299243966/
11700000;15;SAR;23,4;;13;26;2024;1;0;3;1;https://www.cian.ru/sale/flat/298544924/
11700000;5;WAR;31,8;20,8;8;9;1964;0;0;2,64;1;https://www.cian.ru/sale/flat/297302521/
11700000;9;SAR;38,8;19,1;12;15;1999;0;0;2,64;1;https://www.cian.ru/sale/flat/298072517/
11700000;12;SAR;38,4;19,3;9;17;1995;0;0;2,64;1;https://www.cian.ru/sale/flat/298772084/
11713000;12;NAR;53;;2;10;2024;1;1;3;2;https://www.cian.ru/sale/flat/293041439/
11713000;12;NAR;53;37;2;10;2024;0;1;3,3;2;https://www.cian.ru/sale/flat/300867426/
11734304;10;WAR;38,7;;4;25;2021;1;0;2,63;1;https://www.cian.ru/sale/flat/299449817/
11784950;9;EAR;32,01;20,6;12;25;2024;1;1;2,8;2;https://www.cian.ru/sale/flat/300470632/
11790000;15;CAR;31;18;3;8;1961;0;0;2,75;1;https://www.cian.ru/sale/flat/299147351/
11794000;15;EAR;46;;2;4;;0;1;;1;https://www.cian.ru/sale/flat/297071145/
11800000;15;EAR;46,7;30,6;8;9;1973;0;0;2,5;2;https://www.cian.ru/sale/flat/297917379/
11800000;6;SAR;48,2;;7;12;1973;0;0;2,48;2;https://www.cian.ru/sale/flat/300804494/
11800000;15;SWAR;45;30;1;9;;0;0;;2;https://www.cian.ru/sale/flat/299186950/
11800000;6;NAR;37;22,6;5;9;1962;0;0;2,64;2;https://www.cian.ru/sale/flat/293166750/
11800000;5;NEAR;45;28,5;3;14;1969;0;0;2,64;2;https://www.cian.ru/sale/flat/292354057/
11800000;10;NWAR;38;22,6;3;5;1960;0;0;2,48;2;https://www.cian.ru/sale/flat/298654353/
11800000;7;SEAR;37,7;;1;12;1973;0;0;2,68;2;https://www.cian.ru/sale/flat/299926036/
11800000;6;SAR;46,2;30,3;7;12;1976;0;0;2,5;2;https://www.cian.ru/sale/flat/297961592/
11800000;7;NWAR;43,3;28,7;4;5;1960;0;0;2,7;2;https://www.cian.ru/sale/flat/299268934/
11800000;15;;21,1;12,7;11;27;2023;1;0;;1;https://www.cian.ru/sale/flat/299965869/
11800000;19;EAR;38;19,2;15;17;2000;0;0;2,64;1;https://www.cian.ru/sale/flat/299520739/
11800000;7;SEAR;36,8;19,1;11;17;1989;0;0;2,64;1;https://www.cian.ru/sale/flat/297048496/
11800000;10;SAR;33,2;21,1;5;12;1964;0;0;2,64;1;https://www.cian.ru/sale/flat/300505732/
11800000;10;NWAR;39;21;2;12;1981;0;0;2,64;1;https://www.cian.ru/sale/flat/300918991/
11800000;19;NWAR;39,9;19;4;4;1948;0;0;3,2;1;https://www.cian.ru/sale/flat/299093726/
11800000;15;SWAR;33;19;8;9;1977;0;0;2,64;1;https://www.cian.ru/sale/flat/300793062/
11800000;15;SAR;33,1;17;9;22;;0;0;;1;https://www.cian.ru/sale/flat/300669958/
11820000;16;SEAR;50,7;29,7;4;12;1980;0;0;2,64;2;https://www.cian.ru/sale/flat/292767565/
11850000;10;SEAR;42,3;;3;5;1964;0;0;2,64;2;https://www.cian.ru/sale/flat/300190999/
11850000;16;NEAR;32,7;20;4;9;1978;0;0;2,65;1;https://www.cian.ru/sale/flat/300981591/
11890000;11;WAR;37,5;26,5;5;9;;0;0;2,55;2;https://www.cian.ru/sale/flat/298481554/
11890000;12;SWAR;38,3;;9;12;;0;0;2,5;2;https://www.cian.ru/sale/flat/300867797/
11900000;20;SEAR;38,51;;18;21;2024;1;1;3;2;https://www.cian.ru/sale/flat/299244406/
11900000;7;NAR;37,2;;2;12;1967;0;0;2,64;2;https://www.cian.ru/sale/flat/298139887/
11900000;4;EAR;40,6;;3;9;1966;0;0;2,64;2;https://www.cian.ru/sale/flat/300273588/
11900000;9;SEAR;45,6;28,5;4;12;1967;0;0;2,5;2;https://www.cian.ru/sale/flat/300283823/
11900000;7;SEAR;44,8;29,2;1;5;1963;0;0;2,6;2;https://www.cian.ru/sale/flat/298662616/
11900000;18;SAR;54;32,1;10;16;1977;0;0;2,64;2;https://www.cian.ru/sale/flat/300343513/
11900000;17;SEAR;47,7;24,2;5;19;2024;1;1;3;1;https://www.cian.ru/sale/flat/298808079/
11900000;7;EAR;30;9,7;27;33;2024;1;0;;1;https://www.cian.ru/sale/flat/300980084/
11900000;9;NEAR;33;18,8;2;9;1974;0;0;2,64;1;https://www.cian.ru/sale/flat/300887823/
11900000;11;SEAR;38,6;20,8;4;9;2000;0;0;2,9;1;https://www.cian.ru/sale/flat/300155365/
11900000;8;SAR;38,1;19,1;10;17;;0;0;;1;https://www.cian.ru/sale/flat/299944351/
11900000;;EAR;39,3;18,1;12;14;;0;0;;1;https://www.cian.ru/sale/flat/295677601/
11930000;6;NEAR;35,1;15;15;22;;0;0;2,85;1;https://www.cian.ru/sale/flat/299856834/
11950000;15;NEAR;48,2;;7;11;2015;0;1;3,3;2;https://www.cian.ru/sale/flat/295806744/
11950000;8;SAR;52,2;30,5;11;14;1985;0;0;2,64;2;https://www.cian.ru/sale/flat/293032694/
11950000;20;WAR;41;27,9;3;5;;0;0;2,5;2;https://www.cian.ru/sale/flat/296776601/
11950000;15;SEAR;42;18,1;2;23;;0;0;;1;https://www.cian.ru/sale/flat/299343814/
11950000;5;SWAR;32,6;;7;9;1963;0;0;2,64;1;https://www.cian.ru/sale/flat/300355036/
11966670;6;NAR;42,3;13,8;13;15;2023;1;0;2,84;1;https://www.cian.ru/sale/flat/300121847/
11990000;13;CAR;37,4;;1;5;1960;0;1;2,8;2;https://www.cian.ru/sale/flat/296080680/
11990000;18;NEAR;52,3;;5;18;2023;0;1;3;2;https://www.cian.ru/sale/flat/298007996/
11990000;13;NAR;41;26;1;5;;0;0;;2;https://www.cian.ru/sale/flat/298157794/
11990000;16;NAR;34,3;12;13;14;2023;1;0;;1;https://www.cian.ru/sale/flat/298335323/
11990000;10;WAR;36,6;20;2;9;1974;0;0;2,5;1;https://www.cian.ru/sale/flat/298517117/
11990000;14;SWAR;35;17,4;9;9;1968;0;0;2,64;1;https://www.cian.ru/sale/flat/300133799/
11990000;15;EAR;31,9;;16;21;2023;0;1;2,62;1;https://www.cian.ru/sale/flat/300137251/
11995000;11;EAR;59;42;1;9;1971;0;0;2,64;3;https://www.cian.ru/sale/flat/300988379/
11999000;9;SEAR;55,2;32,7;7;19;2010;0;0;2,78;2;https://www.cian.ru/sale/flat/297796650/
11999999;17;EAR;35,3;;4;5;1958;0;0;3,5;2;https://www.cian.ru/sale/flat/294510839/
11999999;16;EAR;44,4;28,8;5;9;1970;0;0;;2;https://www.cian.ru/sale/flat/298227898/
12000000;7;EAR;42,4;;4;5;;0;0;;2;https://www.cian.ru/sale/flat/296028455/
12000000;12;NEAR;46,8;;7;12;;0;0;;2;https://www.cian.ru/sale/flat/300017664/
12000000;14;SAR;46;30;1;9;1975;0;0;2,64;2;https://www.cian.ru/sale/flat/300622194/
12000000;4;EAR;52,3;30,4;9;12;1975;0;0;2,6;2;https://www.cian.ru/sale/flat/299744949/
12000000;17;NWAR;43;28;2;9;;0;0;;2;https://www.cian.ru/sale/flat/296083968/
12000000;2;SEAR;52;30,5;6;18;2013;0;0;2,75;2;https://www.cian.ru/sale/flat/288377596/
12000000;5;NAR;37;24;8;12;1967;0;0;2,64;2;https://www.cian.ru/sale/flat/299652999/
12000000;4;NAR;47;28;2;12;;0;0;;2;https://www.cian.ru/sale/flat/300197570/
12000000;19;SWAR;38;23;6;9;1964;0;0;2,64;2;https://www.cian.ru/sale/flat/300576385/
12000000;5;NEAR;52,4;30,4;6;12;1981;0;0;2,7;2;https://www.cian.ru/sale/flat/297265680/
12000000;14;EAR;42;30;1;8;;0;0;;2;https://www.cian.ru/sale/flat/295803072/
12000000;4;SEAR;44,9;;4;5;1962;0;0;;2;https://www.cian.ru/sale/flat/300437344/
12000000;14;SWAR;45;28,8;8;9;1967;0;0;2,5;2;https://www.cian.ru/sale/flat/299941696/
12000000;4;NEAR;37,4;;3;12;;0;0;;2;https://www.cian.ru/sale/flat/300741529/
12000000;8;SEAR;44,9;29,3;2;9;1964;0;0;2,64;2;https://www.cian.ru/sale/flat/297910425/
12000000;9;NEAR;37;22;6;8;1960;0;0;;2;https://www.cian.ru/sale/flat/300832937/
12000000;8;SAR;53,3;;11;17;2000;0;0;2,6;2;https://www.cian.ru/sale/flat/298155397/
12000000;18;NAR;44,6;;4;5;;0;0;;2;https://www.cian.ru/sale/flat/299342188/
12000000;1;SEAR;32;21,2;8;9;1962;0;0;2,6;1;https://www.cian.ru/sale/flat/300780545/
12000000;10;SEAR;34,2;15,4;4;9;1963;0;0;2,6;1;https://www.cian.ru/sale/flat/299487467/
12000000;4;SWAR;39,1;21;2;14;1991;0;0;2,64;1;https://www.cian.ru/sale/flat/300794336/
12000000;9;CAR;31,6;21,4;4;7;1965;0;0;2,5;1;https://www.cian.ru/sale/flat/300100666/
12000000;10;NWAR;33,12;18,7;3;12;;0;0;;1;https://www.cian.ru/sale/flat/299564815/
12000000;5;SEAR;30;15;3;9;1964;0;0;2,7;1;https://www.cian.ru/sale/flat/300257640/
12000000;6;SWAR;30;16;1;8;1960;0;0;2,7;1;https://www.cian.ru/sale/flat/300332458/
12000000;16;NAR;36,6;19,3;4;24;2023;0;0;;1;https://www.cian.ru/sale/flat/298620400/
12000000;16;NWAR;36,7;18,7;1;9;1979;0;0;2,64;1;https://www.cian.ru/sale/flat/299920940/
12000000;15;SEAR;34,7;19,1;6;16;1982;0;0;2,48;1;https://www.cian.ru/sale/flat/299565713/
12000000;5;NEAR;38,3;20,9;5;17;1989;0;0;2,6;1;https://www.cian.ru/sale/flat/294034791/
12000000;14;NEAR;38,8;20,8;3;12;1975;0;0;2,7;1;https://www.cian.ru/sale/flat/300176787/
12000000;13;EAR;32;18;4;4;1927;0;0;3,2;1;https://www.cian.ru/sale/flat/299479360/
12000000;7;SWAR;33;20;4;5;1959;0;0;2,6;1;https://www.cian.ru/sale/flat/300127778/
12000000;14;SEAR;35;19,1;11;16;1978;0;0;;1;https://www.cian.ru/sale/flat/300522974/
12000000;4;CAR;92,3;67;3;14;1990;0;0;;3;https://www.cian.ru/sale/flat/300876952/
12015584;10;WAR;38,8;;5;25;2021;1;0;2,63;1;https://www.cian.ru/sale/flat/299449732/
12015600;20;NEAR;32,3;;10;22;2021;1;0;2,79;1;https://www.cian.ru/sale/flat/296754092/
12100000;7;SEAR;35,6;10,7;3;23;2022;1;0;2,8;2;https://www.cian.ru/sale/flat/295371840/
12100000;3;SEAR;52;31;17;18;2013;0;0;2,7;2;https://www.cian.ru/sale/flat/298136780/
12100000;6;SAR;63,1;;7;22;2021;0;0;2,8;2;https://www.cian.ru/sale/flat/300859558/
12100000;11;EAR;35,2;19,4;9;14;1971;0;0;2,5;1;https://www.cian.ru/sale/flat/300390378/
12100000;7;NEAR;35,4;16,2;10;17;2021;0;0;2,8;1;https://www.cian.ru/sale/flat/293574412/
12100000;18;EAR;39;18;10;24;2022;0;0;;1;https://www.cian.ru/sale/flat/298488707/
12100000;4;SAR;39;18,9;4;17;2004;0;0;2,7;1;https://www.cian.ru/sale/flat/297493776/
12128571;22;SAR;32,4;9,4;22;23;2023;1;0;2,62;1;https://www.cian.ru/sale/flat/300725327/
12150000;15;SAR;42,7;24,6;3;12;1972;0;0;2,64;2;https://www.cian.ru/sale/flat/300887606/
12150000;16;EAR;42;27;5;8;1960;0;0;2,7;2;https://www.cian.ru/sale/flat/300611842/
12199000;9;WAR;56;32,1;2;14;1988;0;0;2,64;2;https://www.cian.ru/sale/flat/300605149/
12200000;4;SEAR;55,4;30,4;5;8;2003;0;0;2,64;2;https://www.cian.ru/sale/flat/300792177/
12200000;12;EAR;38;23;3;12;1968;0;0;2,64;2;https://www.cian.ru/sale/flat/300053925/
12200000;18;EAR;45;32,5;4;9;1965;0;0;2,7;2;https://www.cian.ru/sale/flat/299466286/
12200000;10;SEAR;32,1;;25;33;2023;0;0;2,9;2;https://www.cian.ru/sale/flat/299471941/
12200000;7;SEAR;35,6;;3;24;2023;1;0;2,6;1;https://www.cian.ru/sale/flat/300157468/
12200000;18;NWAR;29;13;14;22;;0;0;3,1;1;https://www.cian.ru/sale/flat/298645710/
12200000;1;SAR;37,2;18,9;15;16;1983;0;0;2,64;1;https://www.cian.ru/sale/flat/300943823/
12200000;10;NAR;35,3;17;9;14;;0;1;;1;https://www.cian.ru/sale/flat/299589586/
12200000;12;NAR;37,8;20;3;17;2006;0;0;2,64;1;https://www.cian.ru/sale/flat/298787848/
12250000;25;SAR;21,5;13,2;19;26;2024;1;0;2,9;1;https://www.cian.ru/sale/flat/300092289/
12290000;9;;31,6;21,5;6;9;1964;0;0;2,7;1;https://www.cian.ru/sale/flat/300430616/
12290000;12;NEAR;36,9;14,5;8;18;2018;0;0;2,7;1;https://www.cian.ru/sale/flat/299396300/
12299000;17;SEAR;89,9;;13;17;;0;0;2,7;4;https://www.cian.ru/sale/flat/296830664/
12300000;5;NEAR;46,1;;1;12;1978;0;0;2,64;2;https://www.cian.ru/sale/flat/298605362/
12300000;10;NAR;41;25;1;5;;0;0;;2;https://www.cian.ru/sale/flat/294502101/
12300000;3;EAR;45,7;29,3;3;9;1964;0;0;2,64;2;https://www.cian.ru/sale/flat/299457040/
12300000;12;SWAR;37,9;;5;9;1962;0;0;2,64;2;https://www.cian.ru/sale/flat/290978067/
12300000;11;NEAR;30;;6;32;2023;1;0;;1;https://www.cian.ru/sale/flat/299134852/
12300000;19;NAR;35,2;11,7;14;33;2021;0;0;;1;https://www.cian.ru/sale/flat/300150280/
12300000;17;WAR;30,7;18;2;4;1960;0;0;2,8;1;https://www.cian.ru/sale/flat/298808458/
12304450;9;EAR;32,71;21,2;19;25;2024;1;1;2,8;2;https://www.cian.ru/sale/flat/300556155/
12327301;16;NAR;42,1;16,2;13;14;2023;1;0;2,84;1;https://www.cian.ru/sale/flat/297033534/
12337000;2;NAR;31,9;15;2;15;2016;0;1;3;1;https://www.cian.ru/sale/flat/297916901/
12390000;9;SWAR;42;12;19;26;2016;0;0;2,8;1;https://www.cian.ru/sale/flat/300945228/
12399000;4;SEAR;37,8;19,1;14;17;2003;0;0;2,75;1;https://www.cian.ru/sale/flat/298823679/
12399000;17;EAR;41;18;6;14;2013;0;0;;1;https://www.cian.ru/sale/flat/298657199/
12399000;5;NAR;40;19,4;6;11;2018;0;0;2,8;1;https://www.cian.ru/sale/flat/300899799/
12400000;11;NAR;54;32;5;12;1977;0;0;2,6;2;https://www.cian.ru/sale/flat/294302985/
12400000;13;NEAR;53,3;30,2;11;12;1983;0;0;2,64;2;https://www.cian.ru/sale/flat/299283687/
12400000;5;EAR;44,8;30,4;1;5;1963;0;0;2,5;2;https://www.cian.ru/sale/flat/300486607/
12400000;14;NEAR;45;30;4;12;1974;0;0;2,7;2;https://www.cian.ru/sale/flat/298697084/
12400000;8;NAR;32,7;19;4;9;1968;0;0;2,6;1;https://www.cian.ru/sale/flat/300619103/
12400000;3;SAR;38,4;20;22;22;2000;0;0;2,7;1;https://www.cian.ru/sale/flat/298369798/
12400000;5;NEAR;31;18;5;7;1987;0;1;4,25;1;https://www.cian.ru/sale/flat/299241993/
12400000;10;EAR;40;22;3;23;2022;0;0;2,75;1;https://www.cian.ru/sale/flat/299132838/
12400000;12;SAR;32,2;18,7;7;9;1973;0;0;2,64;1;https://www.cian.ru/sale/flat/300197626/
12450000;12;SAR;48;32;5;9;1969;0;0;2,64;2;https://www.cian.ru/sale/flat/300734116/
12450000;12;SAR;48;34;5;9;1969;0;0;2,64;2;https://www.cian.ru/sale/flat/300022483/
12460000;;SWAR;47,4;;29;31;;0;0;2,7;2;https://www.cian.ru/sale/flat/299173725/
12490000;6;SEAR;38;20;12;14;1971;0;0;2,7;1;https://www.cian.ru/sale/flat/298730339/
12490000;12;SEAR;32,1;;1;9;1966;0;0;2,6;1;https://www.cian.ru/sale/flat/300489090/
12499000;5;SEAR;32,7;19;6;8;1961;0;0;2,7;1;https://www.cian.ru/sale/flat/300928131/
12500000;14;NEAR;52,8;28,5;12;26;2024;1;0;2,66;2;https://www.cian.ru/sale/flat/298664411/
12500000;17;NAR;59,6;;12;14;2023;1;0;2,8;2;https://www.cian.ru/sale/flat/298664454/
12500000;;SAR;52,5;;12;16;1982;0;0;;2;https://www.cian.ru/sale/flat/298796724/
12500000;7;SEAR;55;32,8;8;19;2014;0;0;2,78;2;https://www.cian.ru/sale/flat/298665303/
12500000;15;SAR;45,5;;7;9;1969;0;0;2,64;2;https://www.cian.ru/sale/flat/280344676/
12500000;3;SEAR;57,9;37,7;18;22;2007;0;0;2,64;2;https://www.cian.ru/sale/flat/298714960/
12500000;7;SAR;53,8;32,2;3;17;1983;0;0;2,7;2;https://www.cian.ru/sale/flat/299768114/
12500000;16;SAR;51,3;;5;12;1976;0;0;2,48;2;https://www.cian.ru/sale/flat/298456361/
12500000;10;SAR;42;;8;18;2022;1;0;;1;https://www.cian.ru/sale/flat/286587452/
12500000;5;NAR;37;16,7;17;17;2013;0;0;2,72;1;https://www.cian.ru/sale/flat/292113104/
12500000;15;SWAR;36,4;20;7;12;;0;1;;1;https://www.cian.ru/sale/flat/297478360/
12500000;5;NWAR;35;20;7;9;1963;0;0;2,7;1;https://www.cian.ru/sale/flat/298918712/
12500000;5;EAR;40;23;7;12;1986;0;0;2,64;1;https://www.cian.ru/sale/flat/298728706/
12500000;13;NAR;30;19;2;9;1962;0;0;;1;https://www.cian.ru/sale/flat/298017739/
12500000;19;NEAR;35,7;16;9;11;1978;0;0;2,8;1;https://www.cian.ru/sale/flat/299795791/
12500000;17;WAR;30;12;8;19;2019;0;0;;1;https://www.cian.ru/sale/flat/300894636/
12500000;7;EAR;34;19;1;13;1975;0;0;2,5;1;https://www.cian.ru/sale/flat/300691248/
12500000;6;SWAR;37;16,7;4;17;2005;0;0;2,78;1;https://www.cian.ru/sale/flat/300311562/
12500000;4;SAR;39;20;3;14;1973;0;0;2,7;1;https://www.cian.ru/sale/flat/294755887/
12500000;10;SEAR;34,1;14;18;32;2023;0;0;2,6;1;https://www.cian.ru/sale/flat/300938365/
12500000;7;NWAR;35,9;;7;9;1974;0;0;2,64;1;https://www.cian.ru/sale/flat/300670903/
12500000;6;WAR;36,1;19;15;16;1979;0;0;2,64;1;https://www.cian.ru/sale/flat/300309463/
12500000;20;SAR;53;35,5;9;9;1968;0;0;2,64;3;https://www.cian.ru/sale/flat/299559924/
12500000;14;NAR;49;34;9;9;1980;0;0;2,65;3;https://www.cian.ru/sale/flat/300669759/
12550000;18;SWAR;45;28;4;12;1974;0;0;;2;https://www.cian.ru/sale/flat/297004181/
12550000;20;SEAR;38,51;;7;21;2024;1;1;3;1;https://www.cian.ru/sale/flat/298756738/
12577790;10;WAR;42,4;;7;25;2021;1;0;2,63;1;https://www.cian.ru/sale/flat/299449820/
12590000;8;NAR;44,3;;9;9;1971;0;0;2,64;2;https://www.cian.ru/sale/flat/297444092/
12600000;7;SEAR;43,9;27,6;6;9;1972;0;0;2,64;2;https://www.cian.ru/sale/flat/299480517/
12600000;5;SAR;42,9;;8;9;;0;0;;2;https://www.cian.ru/sale/flat/296206157/
12600000;18;NAR;44,8;29,9;3;9;1967;0;0;2,64;2;https://www.cian.ru/sale/flat/298906413/
12600000;11;EAR;38;;3;9;1966;0;0;2,65;2;https://www.cian.ru/sale/flat/299469295/
12600000;10;NWAR;39;20,8;7;12;1981;0;0;2,64;1;https://www.cian.ru/sale/flat/297699499/
12600000;14;NEAR;38,5;17;5;9;2017;0;0;2,8;1;https://www.cian.ru/sale/flat/300199245/
12650000;17;SEAR;39,19;;15;19;2024;1;1;3;1;https://www.cian.ru/sale/flat/298421754/
12699000;12;EAR;40,9;26,2;6;8;1961;0;0;2,64;2;https://www.cian.ru/sale/flat/299601515/
12699000;7;NEAR;35,4;16,2;10;17;2021;0;0;2,8;1;https://www.cian.ru/sale/flat/298657575/
12700000;20;NWAR;41,5;;2;25;2024;1;1;3;2;https://www.cian.ru/sale/flat/298274092/
12700000;6;NWAR;41,4;25,7;4;5;1961;0;0;2,48;2;https://www.cian.ru/sale/flat/300248641/
12700000;19;SWAR;44,2;27,7;2;9;;0;0;2,7;2;https://www.cian.ru/sale/flat/300440179/
12700000;4;NWAR;42,4;;3;5;;0;0;2,7;2;https://www.cian.ru/sale/flat/299101609/
12700000;7;SWAR;48;;9;12;1972;0;0;2,64;2;https://www.cian.ru/sale/flat/295463619/
12700000;6;SEAR;55,5;32,7;5;19;2010;0;0;2,75;2;https://www.cian.ru/sale/flat/300270509/
12700000;5;SAR;51,8;30,8;12;12;1977;0;0;2,64;2;https://www.cian.ru/sale/flat/300284279/
12700000;9;SWAR;53,3;;4;12;2001;0;0;;2;https://www.cian.ru/sale/flat/299021229/
12700000;13;WAR;54;31,1;8;14;1991;0;0;2,64;2;https://www.cian.ru/sale/flat/300857258/
12700000;3;EAR;47,2;32,5;7;12;;0;0;;2;https://www.cian.ru/sale/flat/297759977/
12700000;10;EAR;41;26;6;8;1961;0;0;2,65;2;https://www.cian.ru/sale/flat/300435235/
12700000;3;EAR;47;31;3;12;1968;0;0;2,6;2;https://www.cian.ru/sale/flat/297126552/
12700000;14;WAR;35,3;10,3;14;21;2023;1;0;2,62;1;https://www.cian.ru/sale/flat/298463243/
12700000;4;SWAR;37,8;19;5;17;2003;0;0;2,74;1;https://www.cian.ru/sale/flat/300252459/
12700000;14;NEAR;36,3;18,9;7;14;2003;0;0;2,74;1;https://www.cian.ru/sale/flat/299673462/
12700000;7;EAR;40;23;7;12;1986;0;0;2,8;1;https://www.cian.ru/sale/flat/299775850/
12700000;6;WAR;36,5;;4;16;1982;0;0;2,64;1;https://www.cian.ru/sale/flat/300265337/
12700000;16;NAR;42;21;3;12;1978;0;0;2,64;1;https://www.cian.ru/sale/flat/300806179/
12700000;17;NWAR;32,5;;9;9;1979;0;0;2,64;1;https://www.cian.ru/sale/flat/300985679/
12700000;20;WAR;44;18;22;25;2010;0;0;2,8;1;https://www.cian.ru/sale/flat/299892401/
12702200;16;NAR;42,2;16,2;5;13;2023;1;0;2,84;1;https://www.cian.ru/sale/flat/297032934/
12710000;11;SWAR;42,5;;29;34;2019;0;0;2,7;1;https://www.cian.ru/sale/flat/298255599/
12750000;10;WAR;46;27,6;7;9;1967;0;0;2,5;2;https://www.cian.ru/sale/flat/297235125/
12800000;14;NAR;39;25;6;12;1967;0;0;;2;https://www.cian.ru/sale/flat/297560669/
12800000;3;WAR;45;30;1;9;1970;0;0;2,7;2;https://www.cian.ru/sale/flat/294302599/
12800000;10;NEAR;45,5;28,4;7;14;1974;0;0;2,65;2;https://www.cian.ru/sale/flat/296327043/
12800000;15;EAR;42,7;27,8;1;5;1958;0;0;2,7;2;https://www.cian.ru/sale/flat/299693763/
12800000;14;EAR;45,1;30,6;5;5;1964;0;0;2,6;2;https://www.cian.ru/sale/flat/299940717/
12800000;13;SEAR;48;30,2;12;12;1970;0;0;2,6;2;https://www.cian.ru/sale/flat/300025818/
12800000;20;EAR;36;19;20;20;2022;0;0;;1;https://www.cian.ru/sale/flat/297249360/
12800000;6;WAR;40,8;18;6;9;2023;0;0;2,7;1;https://www.cian.ru/sale/flat/300327603/
12850000;8;SEAR;61;34;2;25;2013;0;0;;2;https://www.cian.ru/sale/flat/248190016/
12850000;12;SWAR;35,5;18,3;2;10;2000;0;0;2,7;1;https://www.cian.ru/sale/flat/297908781/
12872970;22;SAR;36,2;11,1;27;33;2023;1;0;2,62;1;https://www.cian.ru/sale/flat/300725287/
12888568;10;WAR;44;;14;25;2021;1;0;2,63;1;https://www.cian.ru/sale/flat/300605461/
12897995;10;WAR;43,9;;5;25;2021;1;0;2,63;1;https://www.cian.ru/sale/flat/299449806/
12900000;17;SEAR;41,54;;8;21;2024;1;1;3;2;https://www.cian.ru/sale/flat/298554168/
12900000;14;NAR;59,6;29,7;7;14;2024;1;0;2,75;2;https://www.cian.ru/sale/flat/300441906/
12900000;10;SEAR;44;26,4;9;9;1962;0;0;2,65;2;https://www.cian.ru/sale/flat/294469100/
12900000;8;WAR;54;33;10;17;1989;0;0;2,64;2;https://www.cian.ru/sale/flat/300855957/
12900000;19;WAR;32,5;20;6;9;1962;0;0;2,5;1;https://www.cian.ru/sale/flat/300472824/
12900000;11;NEAR;40,2;14,9;14;33;2023;0;0;2,7;1;https://www.cian.ru/sale/flat/299505290/
12900000;4;NEAR;43;20;15;16;2023;0;0;2,8;1;https://www.cian.ru/sale/flat/300224325/
12900000;16;SEAR;39;20;4;16;1982;0;0;2,7;1;https://www.cian.ru/sale/flat/295987840/
12900000;13;SWAR;50;30;3;9;1976;0;0;2,64;3;https://www.cian.ru/sale/flat/300683250/
12913586;20;NEAR;34,7;;10;22;2021;1;0;2,65;1;https://www.cian.ru/sale/flat/295442233/
12918132;17;SEAR;37,6;13,2;3;29;2024;1;1;2,87;1;https://www.cian.ru/sale/flat/300575198/
12950000;18;SAR;46,2;29,4;4;12;1977;0;0;;2;https://www.cian.ru/sale/flat/299070675/
12950000;9;NEAR;44,7;26,8;4;14;1971;0;0;2,64;2;https://www.cian.ru/sale/flat/297842232/
12950000;18;SEAR;52,1;;13;18;2022;0;0;2,6;2;https://www.cian.ru/sale/flat/299917593/
12950000;8;SAR;53,5;30,6;16;17;;0;0;;2;https://www.cian.ru/sale/flat/298058278/
12950000;15;;41;20;14;23;2022;0;0;2,75;1;https://www.cian.ru/sale/flat/300565210/
12980000;19;WAR;46,9;30,9;2;14;1974;0;0;;2;https://www.cian.ru/sale/flat/298991084/
12990000;7;SEAR;50;35;4;19;2014;0;0;;2;https://www.cian.ru/sale/flat/300550054/
12990000;3;NAR;42,3;28,8;3;9;1964;0;0;2,6;2;https://www.cian.ru/sale/flat/298954295/
12990000;14;WAR;35;21;1;9;1972;0;0;2,64;1;https://www.cian.ru/sale/flat/300197540/
12990000;8;WAR;34,5;17,1;5;19;2019;0;0;;1;https://www.cian.ru/sale/flat/300146036/
12990000;10;SWAR;35;19,7;11;12;1972;0;0;2,48;1;https://www.cian.ru/sale/flat/300897156/
12990000;10;SWAR;34,7;19,7;12;12;1972;0;0;;1;https://www.cian.ru/sale/flat/299587318/
12999000;15;SWAR;38,3;18;19;23;2023;1;0;;1;https://www.cian.ru/sale/flat/291789123/
12999999;5;SWAR;34,6;18;4;7;;0;1;;1;https://www.cian.ru/sale/flat/299772470/
12999999;7;NWAR;38;15;12;12;2004;0;0;2,7;1;https://www.cian.ru/sale/flat/298414628/
12999999;13;NEAR;58,3;41,4;2;9;1980;0;0;2,64;3;https://www.cian.ru/sale/flat/298557542/
13000000;5;SAR;65;34;12;18;2023;1;0;2,8;2;https://www.cian.ru/sale/flat/292667670/
13000000;14;NEAR;51;;11;18;2023;1;1;;2;https://www.cian.ru/sale/flat/289253686/
13000000;12;EAR;37;22,6;4;9;1966;0;0;2,5;2;https://www.cian.ru/sale/flat/299115293/
13000000;20;NWAR;39,6;;2;28;2023;0;0;2,85;2;https://www.cian.ru/sale/flat/288417350/
13000000;19;EAR;43;;4;4;2014;0;1;3,3;2;https://www.cian.ru/sale/flat/300491067/
13000000;13;NAR;37,2;22,8;5;9;1962;0;0;;2;https://www.cian.ru/sale/flat/299561140/
13000000;7;NWAR;33,2;;9;9;1966;0;0;;2;https://www.cian.ru/sale/flat/300753621/
13000000;20;WAR;40;23,7;10;12;;0;0;;2;https://www.cian.ru/sale/flat/293819595/
13000000;6;NEAR;45,4;30,1;10;12;;0;0;2,7;2;https://www.cian.ru/sale/flat/300071306/
13000000;16;NEAR;53;28;4;16;1988;0;0;2,48;2;https://www.cian.ru/sale/flat/299145326/
13000000;7;EAR;51,3;;9;14;2005;0;0;2,74;2;https://www.cian.ru/sale/flat/299278062/
13000000;4;NEAR;45;30;4;5;1964;0;0;2,64;2;https://www.cian.ru/sale/flat/295420102/
13000000;8;NWAR;55;32,6;1;14;1997;0;0;2,7;2;https://www.cian.ru/sale/flat/300708579/
13000000;17;SEAR;40,2;12,5;5;33;2024;1;1;;1;https://www.cian.ru/sale/flat/300368349/
13000000;7;WAR;37;;2;17;1984;0;0;2,64;1;https://www.cian.ru/sale/flat/295817542/
13000000;20;SAR;35,4;19,7;13;16;;0;0;2,5;1;https://www.cian.ru/sale/flat/300564827/
13000000;8;EAR;37;25;6;16;1982;0;0;2,48;1;https://www.cian.ru/sale/flat/300499163/
13000000;14;SAR;38,7;20,8;4;12;1982;0;0;;1;https://www.cian.ru/sale/flat/300647536/
13000000;12;NAR;35,1;20;11;12;;0;0;;1;https://www.cian.ru/sale/flat/299241818/
13000000;6;NEAR;58,7;43,1;5;9;;0;0;;3;https://www.cian.ru/sale/flat/296210557/
13000000;1;EAR;105,5;70;4;16;;0;0;;4;https://www.cian.ru/sale/flat/297582881/
13034703;22;SAR;37,7;10,9;32;33;2023;1;0;2,62;1;https://www.cian.ru/sale/flat/300725264/
13050000;8;NAR;34,1;;17;18;2022;1;0;;2;https://www.cian.ru/sale/flat/297049404/
13050000;17;NAR;35;22;17;18;2023;0;0;2,7;2;https://www.cian.ru/sale/flat/300160212/
13061204;27;SAR;35,7;10,6;32;33;2023;1;0;2,62;1;https://www.cian.ru/sale/flat/300725174/
13100000;20;SEAR;50;31;9;21;2024;1;1;3;2;https://www.cian.ru/sale/flat/298268526/
13100000;8;NEAR;39,8;;12;12;1971;0;0;2,64;2;https://www.cian.ru/sale/flat/300848175/
13100000;13;WAR;53,2;;4;17;1986;0;0;2,65;2;https://www.cian.ru/sale/flat/297247458/
13100000;6;SAR;40;12,5;11;30;2021;0;0;3,15;1;https://www.cian.ru/sale/flat/300640655/
13107409;5;NWAR;38,3;14,6;18;22;2022;1;1;2,87;1;https://www.cian.ru/sale/flat/294627225/
13140000;10;EAR;43,8;;2;3;;0;1;;1;https://www.cian.ru/sale/flat/293546579/
13150000;16;CAR;81;61,8;1;5;1932;0;0;3;4;https://www.cian.ru/sale/flat/300397844/
13200000;7;CAR;49;;8;8;2021;0;1;4;2;https://www.cian.ru/sale/flat/297171871/
13200000;15;NWAR;53,5;32,7;1;4;1958;0;0;3,1;2;https://www.cian.ru/sale/flat/299437447/
13200000;17;NWAR;44,7;;8;9;1974;0;0;2,64;2;https://www.cian.ru/sale/flat/300525950/
13200000;15;SWAR;38;20;8;9;1976;0;0;2,64;1;https://www.cian.ru/sale/flat/300555782/
13200000;11;;30,7;;5;5;1959;0;0;;1;https://www.cian.ru/sale/flat/299554905/
13200000;19;SEAR;32,2;9,5;12;33;2023;0;0;2,8;1;https://www.cian.ru/sale/flat/297769271/
13200000;15;SAR;38,1;18;9;10;2000;0;0;2,64;1;https://www.cian.ru/sale/flat/299963323/
13200000;12;SWAR;45,2;18;10;22;1987;0;0;2,64;1;https://www.cian.ru/sale/flat/300780263/
13200000;16;NEAR;53;35,3;1;9;1974;0;0;2,6;3;https://www.cian.ru/sale/flat/295331890/
13200000;17;EAR;53,6;34,9;5;5;1960;0;0;2,48;3;https://www.cian.ru/sale/flat/300170974/
13213932;17;SEAR;40,1;13,3;3;29;2024;1;1;2,87;1;https://www.cian.ru/sale/flat/300575196/
13290010;9;EAR;35,33;23,7;20;25;2024;1;1;2,8;2;https://www.cian.ru/sale/flat/298003723/
13300000;9;NWAR;53,5;32,5;1;17;1993;0;0;;2;https://www.cian.ru/sale/flat/300749835/
13300000;5;NAR;43,9;;4;9;1967;0;0;2,65;2;https://www.cian.ru/sale/flat/299714188/
13300000;11;EAR;33,8;;12;33;2023;1;0;;1;https://www.cian.ru/sale/flat/295102788/
13300000;10;NEAR;31,8;;4;5;1961;0;0;2,64;1;https://www.cian.ru/sale/flat/296658686/
13300000;5;NAR;34,5;28;3;6;1920;0;1;3,7;1;https://www.cian.ru/sale/flat/300268349/
13300000;4;EAR;44,5;;22;24;2007;0;0;2,78;1;https://www.cian.ru/sale/flat/295618764/
13300000;17;SEAR;42;20;15;17;2023;0;0;2,8;1;https://www.cian.ru/sale/flat/298260764/
13350000;4;NAR;37,8;22,7;4;9;;0;0;;2;https://www.cian.ru/sale/flat/299322554/
13350000;9;NEAR;64,6;47,2;9;9;1969;0;0;2,6;4;https://www.cian.ru/sale/flat/300617076/
13354800;20;NEAR;35,9;;10;22;2021;1;0;2,79;1;https://www.cian.ru/sale/flat/296754090/
13380000;15;WAR;30;;7;9;1976;0;0;2,7;1;https://www.cian.ru/sale/flat/300542693/
13389999;16;SAR;32;21;5;9;1962;0;0;2,5;1;https://www.cian.ru/sale/flat/299293185/
13400000;8;SAR;52;27,9;14;16;;0;0;;2;https://www.cian.ru/sale/flat/299183582/
13400000;16;SAR;44,5;;6;8;1962;0;0;2,6;2;https://www.cian.ru/sale/flat/296570382/
13400000;14;SWAR;39;20;13;16;1981;0;0;2,64;1;https://www.cian.ru/sale/flat/298755272/
13400000;17;SEAR;42;19;10;14;1977;0;0;;1;https://www.cian.ru/sale/flat/300019961/
13400000;19;EAR;48,5;20;4;4;2014;0;1;3;1;https://www.cian.ru/sale/flat/289202649/
13400000;10;SAR;41,15;20,9;6;12;1985;0;0;2,64;1;https://www.cian.ru/sale/flat/299486441/
13400000;18;SAR;51;;6;9;1976;0;0;2,64;3;https://www.cian.ru/sale/flat/300909559/
13424195;22;SAR;41,4;15,4;22;23;2023;1;0;2,62;1;https://www.cian.ru/sale/flat/300725318/
13437922;5;NWAR;34,7;12,8;16;22;2022;1;1;2,87;1;https://www.cian.ru/sale/flat/296571124/
13450000;20;NEAR;36,2;19,8;6;16;1980;0;0;2,64;1;https://www.cian.ru/sale/flat/300622955/
13450000;8;NEAR;38,5;19;8;17;2010;0;0;2,74;1;https://www.cian.ru/sale/flat/300469110/
13490000;10;EAR;38,8;;3;12;1966;0;0;2,64;2;https://www.cian.ru/sale/flat/300703069/
13490000;11;SWAR;33;;9;9;1969;0;0;2,64;1;https://www.cian.ru/sale/flat/300980632/
13490000;18;SAR;62,5;46,3;1;9;1976;0;1;2,64;4;https://www.cian.ru/sale/flat/299658844/
13500000;20;NWAR;43;;2;25;2024;1;1;3;2;https://www.cian.ru/sale/flat/298274091/
13500000;8;WAR;37,5;;2;12;1974;0;0;2,7;2;https://www.cian.ru/sale/flat/286114857/
13500000;10;NAR;43,2;;4;5;1962;0;0;2,5;2;https://www.cian.ru/sale/flat/299596557/
13500000;7;NAR;39;23;10;12;1965;0;0;2,64;2;https://www.cian.ru/sale/flat/300653839/
13500000;5;SEAR;50,8;30,3;7;14;1997;0;0;2,64;2;https://www.cian.ru/sale/flat/300737220/
13500000;15;NAR;45,1;;12;14;1970;0;0;2,64;2;https://www.cian.ru/sale/flat/299686686/
13500000;42;WAR;42;;7;13;2021;0;0;3,7;2;https://www.cian.ru/sale/flat/281157343/
13500000;9;SAR;44;20;26;50;2013;0;0;2,9;2;https://www.cian.ru/sale/flat/300105970/
13500000;8;SEAR;53;31;6;12;1995;0;0;2,64;2;https://www.cian.ru/sale/flat/298624347/
13500000;12;WAR;47;31;8;14;1972;0;0;2,64;2;https://www.cian.ru/sale/flat/298019738/
13500000;11;SEAR;55;;5;9;2000;0;0;2,64;2;https://www.cian.ru/sale/flat/298825949/
13500000;12;SWAR;32,5;21;6;9;1962;0;0;2,64;1;https://www.cian.ru/sale/flat/300396782/
13500000;16;SWAR;36;13;13;18;;0;0;;1;https://www.cian.ru/sale/flat/300015290/
13500000;13;NWAR;39,5;20;10;16;1980;0;0;2,64;1;https://www.cian.ru/sale/flat/300365708/
13500000;15;WAR;38,2;21,4;2;9;;0;0;;1;https://www.cian.ru/sale/flat/300616358/
13500000;14;SAR;37;18;10;23;1984;0;0;2,75;1;https://www.cian.ru/sale/flat/300277635/
13500000;5;NAR;34,8;20;6;16;2020;0;1;2,8;1;https://www.cian.ru/sale/flat/298982026/
13500000;10;NWAR;32,5;16,8;7;12;;0;0;;1;https://www.cian.ru/sale/flat/300985185/
13500000;8;NEAR;40;19,4;5;16;1986;0;0;2,5;1;https://www.cian.ru/sale/flat/300961036/
13500000;13;SWAR;29,8;14,8;4;8;1958;0;0;2,5;1;https://www.cian.ru/sale/flat/298204608/
13500000;11;SEAR;33;;7;8;1962;0;0;2,7;1;https://www.cian.ru/sale/flat/300135811/
13500000;18;EAR;39,1;20,2;24;24;2021;0;0;3;1;https://www.cian.ru/sale/flat/299329067/
13500000;8;SEAR;74;;1;14;;0;0;;4;https://www.cian.ru/sale/flat/300686900/
13550000;11;NWAR;37,2;;3;16;1981;0;0;2,64;1;https://www.cian.ru/sale/flat/299496599/
13550000;5;SAR;39,8;21;3;23;;0;0;2,6;1;https://www.cian.ru/sale/flat/299167916/
13561530;25;SEAR;35,3;10,7;18;23;2023;1;0;2,62;1;https://www.cian.ru/sale/flat/300680033/
13590000;2;SAR;52;35;1;16;1978;0;0;;2;https://www.cian.ru/sale/flat/299650130/
13590000;8;WAR;34,6;21,6;5;12;1967;0;0;2,6;1;https://www.cian.ru/sale/flat/300611928/
13590000;8;WAR;34,9;;5;12;1967;0;0;2,6;1;https://www.cian.ru/sale/flat/300787335/
13600000;4;WAR;31;18;5;9;;0;0;;1;https://www.cian.ru/sale/flat/299253528/
13600000;17;EAR;64;40;4;9;1971;0;0;2,65;4;https://www.cian.ru/sale/flat/298823032/
13650000;14;NEAR;32;;8;8;1962;0;0;2,8;1;https://www.cian.ru/sale/flat/300935802/
13690000;3;SEAR;40;20;5;17;1991;0;0;2,7;1;https://www.cian.ru/sale/flat/300782277/
13700000;14;EAR;56,1;;4;7;1997;0;0;2,64;2;https://www.cian.ru/sale/flat/300876198/
13700000;6;SWAR;49,9;;12;12;;0;0;;2;https://www.cian.ru/sale/flat/292391101/
13700000;5;SWAR;38,7;;3;14;1994;0;0;2,64;1;https://www.cian.ru/sale/flat/299485140/
13700000;12;WAR;39,1;21;10;12;1980;0;0;2,64;1;https://www.cian.ru/sale/flat/299121621/
13700000;8;NWAR;22,1;;5;32;2024;0;0;3;1;https://www.cian.ru/sale/flat/300835111/
13700000;20;EAR;39,3;20;16;22;2007;0;0;2,75;1;https://www.cian.ru/sale/flat/296816715/
13700000;11;SEAR;28;18;11;29;2022;0;0;3;1;https://www.cian.ru/sale/flat/300670002/
13700000;19;NAR;56,5;;6;9;1968;0;0;;3;https://www.cian.ru/sale/flat/300776368/
13700000;9;NEAR;64,6;46,7;9;9;1969;0;0;2,6;4;https://www.cian.ru/sale/flat/292667499/
13700000;6;NEAR;61,9;46,4;8;9;1970;0;0;;4;https://www.cian.ru/sale/flat/299170711/
13700000;16;SEAR;62,1;45,9;9;9;;0;0;;4;https://www.cian.ru/sale/flat/298360928/
13750000;4;SEAR;67;40;1;6;;0;1;3,2;2;https://www.cian.ru/sale/flat/300865618/
13750000;9;WAR;44,3;;3;9;1970;0;0;2,65;2;https://www.cian.ru/sale/flat/299853557/
13750000;20;EAR;38,6;26,5;8;24;;0;0;2,9;1;https://www.cian.ru/sale/flat/299963312/
13750000;5;SEAR;67;46;1;6;1929;0;1;3,1;3;https://www.cian.ru/sale/flat/300442758/
13758188;12;NAR;57,3;;3;10;2024;1;1;3;2;https://www.cian.ru/sale/flat/293041441/
13767600;14;WAR;33;9,6;32;33;2023;1;0;2,7;1;https://www.cian.ru/sale/flat/274414161/
13780000;9;NAR;37,6;;8;31;2024;1;0;2,7;1;https://www.cian.ru/sale/flat/300890761/
13800000;5;SAR;46,8;30,5;4;12;;0;0;;2;https://www.cian.ru/sale/flat/300236165/
13800000;14;SWAR;38,1;;2;12;1965;0;0;2,64;2;https://www.cian.ru/sale/flat/295978318/
13800000;4;WAR;34;15,9;9;9;1965;0;0;2,7;1;https://www.cian.ru/sale/flat/300135242/
13800000;17;NWAR;40,3;30;9;28;;0;1;;1;https://www.cian.ru/sale/flat/300592124/
13800000;12;CAR;35;;10;12;1972;0;0;2,48;1;https://www.cian.ru/sale/flat/300232347/
13800000;9;NEAR;33;21,4;3;9;1968;0;0;2,65;1;https://www.cian.ru/sale/flat/300441251/
13800000;11;NEAR;38,8;;12;19;2020;0;0;2,8;1;https://www.cian.ru/sale/flat/300757392/
13800000;16;NAR;62,5;44,7;5;12;1981;0;0;2,6;3;https://www.cian.ru/sale/flat/299459192/
13850000;4;WAR;44,4;;3;29;2022;1;1;;1;https://www.cian.ru/sale/flat/294781897/
13850000;10;SAR;40,3;22,6;21;24;2022;0;0;2,9;1;https://www.cian.ru/sale/flat/296405462/
13870000;12;NAR;57,3;;5;10;2024;0;1;3,3;2;https://www.cian.ru/sale/flat/300426960/
13890000;16;NWAR;35,7;12,2;13;21;2023;0;0;3,1;1;https://www.cian.ru/sale/flat/300073845/
13900000;18;WAR;44,9;31,6;3;16;1971;0;0;2,7;2;https://www.cian.ru/sale/flat/298298500/
13900000;13;EAR;50,3;29,5;4;14;1990;0;0;2,64;2;https://www.cian.ru/sale/flat/300563845/
13900000;6;SWAR;44,5;29,2;2;9;1972;0;0;2,64;2;https://www.cian.ru/sale/flat/298911954/
13900000;16;EAR;44,9;14,9;11;21;2022;0;1;3;2;https://www.cian.ru/sale/flat/299154733/
13900000;11;SEAR;49,2;;1;9;2003;0;0;2,78;2;https://www.cian.ru/sale/flat/292375277/
13900000;8;SWAR;50,1;30,4;2;17;1990;0;0;2,62;2;https://www.cian.ru/sale/flat/300559505/
13900000;14;NEAR;47,8;;17;21;2021;0;1;2,8;2;https://www.cian.ru/sale/flat/300499639/
13900000;10;WAR;36;14,3;8;17;2000;0;0;2,64;1;https://www.cian.ru/sale/flat/299495080/
13900000;3;NAR;38;19,2;10;17;2001;0;0;2,7;1;https://www.cian.ru/sale/flat/299875131/
13900000;5;SEAR;47;19;11;23;2009;0;0;2,7;1;https://www.cian.ru/sale/flat/296689256/
13900000;5;WAR;62,3;41;2;9;1965;0;0;2,7;3;https://www.cian.ru/sale/flat/300989457/
13900000;18;SWAR;75;44;13;18;;0;0;;3;https://www.cian.ru/sale/flat/300923132/
13900000;6;SAR;84;46,2;2;22;2023;0;0;;3;https://www.cian.ru/sale/flat/300655380/
13900000;10;SAR;61,4;45,8;4;9;1971;0;0;2,64;4;https://www.cian.ru/sale/flat/296846928/
13900000;7;SEAR;62,9;46,5;2;9;;0;0;;4;https://www.cian.ru/sale/flat/299359347/
13900000;;EAR;63,2;46,7;5;9;1967;0;0;;4;https://www.cian.ru/sale/flat/299603832/
13900000;10;WAR;76,8;51,4;1;14;;0;0;;4;https://www.cian.ru/sale/flat/297556834/
13950000;7;SWAR;46;30;3;9;1976;0;0;2,64;2;https://www.cian.ru/sale/flat/300499469/
13950000;6;SEAR;51,1;30,3;2;17;2016;0;0;2,7;2;https://www.cian.ru/sale/flat/300542057/
13950000;19;NWAR;31;;5;22;2022;0;1;3;1;https://www.cian.ru/sale/flat/299768562/
13950000;6;WAR;73;;1;17;1989;0;0;2,64;3;https://www.cian.ru/sale/flat/296891678/
13955000;4;SWAR;54;;11;20;2022;1;1;;1;https://www.cian.ru/sale/flat/283753041/
13960000;5;SAR;32,4;9,5;4;33;2023;1;0;;1;https://www.cian.ru/sale/flat/297201277/
13970000;8;SEAR;64;41;8;9;;0;0;;4;https://www.cian.ru/sale/flat/299097846/
13990000;7;NAR;53,9;32,3;11;16;1980;0;0;2,64;2;https://www.cian.ru/sale/flat/300043414/
13990000;8;NEAR;35;;3;9;1966;0;0;2,65;2;https://www.cian.ru/sale/flat/300663312/
13990000;10;SEAR;47;;6;9;1972;0;0;2,5;2;https://www.cian.ru/sale/flat/300503142/
13990000;15;SWAR;62,1;33,3;8;13;2004;0;0;2,75;2;https://www.cian.ru/sale/flat/299812752/
13990000;3;SAR;44,9;;4;9;1970;0;0;2,5;2;https://www.cian.ru/sale/flat/299855355/
13990000;9;SAR;54,8;;15;24;2012;0;0;2,9;2;https://www.cian.ru/sale/flat/300829889/
13990000;5;EAR;56,1;34,1;5;5;1958;0;0;2,65;2;https://www.cian.ru/sale/flat/291017581/
13990000;14;SWAR;40,1;;2;20;2022;0;0;2,7;1;https://www.cian.ru/sale/flat/300179831/
13990000;6;SAR;39;;12;16;1981;0;0;2,64;1;https://www.cian.ru/sale/flat/298934809/
13990000;8;WAR;36;;9;9;1970;0;0;2,64;1;https://www.cian.ru/sale/flat/300664967/
13990000;11;SAR;30;;2;4;2017;0;1;2,7;4;https://www.cian.ru/sale/flat/272426677/
13997000;3;SAR;59,4;43,8;1;9;1973;0;0;;3;https://www.cian.ru/sale/flat/300289604/
13999000;3;NAR;36,7;22,9;2;9;1964;0;0;;2;https://www.cian.ru/sale/flat/300781629/
13999000;18;EAR;57,5;38;3;9;1970;0;0;2,64;3;https://www.cian.ru/sale/flat/299986474/
13999000;11;SEAR;62,6;44;3;9;1967;0;0;2,64;4;https://www.cian.ru/sale/flat/291396641/
13999900;9;NEAR;36;19;9;12;1970;0;0;2,64;1;https://www.cian.ru/sale/flat/300497842/
13999999;19;NEAR;58,3;33,7;6;22;2007;0;0;2,64;2;https://www.cian.ru/sale/flat/300033276/
13999999;4;EAR;48;24;20;22;2022;0;0;2,7;2;https://www.cian.ru/sale/flat/298922909/
14000000;17;SWAR;47;;14;14;1969;0;0;2,64;2;https://www.cian.ru/sale/flat/300795780/
14000000;19;WAR;55,3;;4;4;1949;0;0;3;2;https://www.cian.ru/sale/flat/300853753/
14000000;15;SEAR;51;28,4;5;17;1992;0;0;2,64;2;https://www.cian.ru/sale/flat/300831273/
14000000;13;NAR;37,1;22,6;3;9;1964;0;0;2,64;2;https://www.cian.ru/sale/flat/300754029/
14000000;9;SEAR;58,6;31,6;19;25;2016;0;0;2,7;2;https://www.cian.ru/sale/flat/300654085/
14000000;13;SEAR;54;32,5;1;14;1997;0;0;2,64;2;https://www.cian.ru/sale/flat/295295281/
14000000;14;SEAR;68;39;2;23;;0;0;;2;https://www.cian.ru/sale/flat/289389141/
14000000;4;NAR;43;32;6;8;1958;0;0;;2;https://www.cian.ru/sale/flat/298753215/
14000000;4;SWAR;44,8;27,4;4;12;1972;0;0;;2;https://www.cian.ru/sale/flat/300424388/
14000000;17;NAR;28,6;;3;23;2024;1;1;3,2;1;https://www.cian.ru/sale/flat/298969635/
14000000;5;SAR;32,4;;4;33;2023;1;0;2,7;1;https://www.cian.ru/sale/flat/298421748/
14000000;13;SEAR;40,9;20,9;11;13;2022;0;0;2,8;1;https://www.cian.ru/sale/flat/299281102/
14000000;14;NWAR;30;20;21;24;2021;0;1;3,2;1;https://www.cian.ru/sale/flat/294594280/
14000000;12;NEAR;37;19;13;17;;0;0;2,7;1;https://www.cian.ru/sale/flat/298527239/
14000000;6;SAR;54;;6;9;1977;0;0;2,64;3;https://www.cian.ru/sale/flat/297212699/
14000000;10;NWAR;58,2;37;7;9;1968;0;0;2,64;3;https://www.cian.ru/sale/flat/298883796/
14000000;18;SEAR;63,1;46,5;3;9;1979;0;0;2,6;4;https://www.cian.ru/sale/flat/300299181/
14000000;14;SWAR;63,2;46,3;9;9;1972;0;0;;4;https://www.cian.ru/sale/flat/300574311/
14000000;11;SAR;64;46,4;3;9;;0;0;;4;https://www.cian.ru/sale/flat/294609476/
14000000;8;SAR;76,6;52,7;1;14;1991;0;0;2,64;4;https://www.cian.ru/sale/flat/299295825/
14064700;12;WAR;34,9;15,6;19;21;2023;1;0;2,7;1;https://www.cian.ru/sale/flat/297334702/
14077381;24;SEAR;36,8;10,7;14;23;2023;1;0;2,62;1;https://www.cian.ru/sale/flat/300680004/
14100000;8;EAR;45;28;2;9;1962;0;0;2,64;2;https://www.cian.ru/sale/flat/300427699/
14100000;3;NAR;45;30;2;5;1963;0;0;;2;https://www.cian.ru/sale/flat/300411529/
14100000;5;EAR;53;32,5;9;10;;0;0;;2;https://www.cian.ru/sale/flat/300313132/
14100000;9;NAR;36,73;;17;31;2024;1;0;2,7;1;https://www.cian.ru/sale/flat/298664660/
14100000;7;SEAR;39,8;18,9;6;24;2018;0;0;2,7;1;https://www.cian.ru/sale/flat/299928892/
14100000;12;NEAR;29,4;17,6;6;8;1959;0;0;2,7;1;https://www.cian.ru/sale/flat/300771393/
14100000;13;NAR;36,19;12;10;22;2023;0;0;2,7;1;https://www.cian.ru/sale/flat/300889696/
14100000;14;SWAR;31;19;3;9;1965;0;0;2,5;1;https://www.cian.ru/sale/flat/300386735/
14149999;7;NEAR;63,2;;4;12;1976;0;0;2,5;3;https://www.cian.ru/sale/flat/294295889/
14150000;11;SWAR;38,5;19;17;17;2010;0;0;2,74;1;https://www.cian.ru/sale/flat/300454579/
14170118;27;SAR;34,3;14;30;33;2023;1;0;2,68;1;https://www.cian.ru/sale/flat/300915394/
14180992;10;WAR;47,6;;3;25;2022;1;0;2,7;2;https://www.cian.ru/sale/flat/300614605/
14200000;8;SWAR;60,2;;10;16;2003;0;0;2,9;2;https://www.cian.ru/sale/flat/299185600/
14200000;9;SAR;30,6;18,7;7;8;;0;0;;1;https://www.cian.ru/sale/flat/300338572/
14200000;4;EAR;40;23,5;3;12;1969;0;0;2,64;1;https://www.cian.ru/sale/flat/298965296/
14200000;5;NWAR;40,6;26;18;25;;0;0;2,85;1;https://www.cian.ru/sale/flat/298599181/
14200000;5;NEAR;42,4;21;2;23;2021;0;0;2,8;1;https://www.cian.ru/sale/flat/297722022/
14216588;20;NEAR;34;;10;22;2021;1;0;2,65;1;https://www.cian.ru/sale/flat/298401393/
14221662;16;NWAR;39;;1;24;2024;1;0;3;1;https://www.cian.ru/sale/flat/300361487/
14250000;3;NAR;42,2;15,3;5;24;2021;0;0;2,8;1;https://www.cian.ru/sale/flat/300009245/
14250000;5;NAR;35;19;3;9;1973;0;0;;1;https://www.cian.ru/sale/flat/300986104/
14250000;2;NWAR;37,5;19;11;22;1987;0;0;2,64;1;https://www.cian.ru/sale/flat/300603353/
14250000;10;NWAR;43;18;20;20;2015;;;;1;https://www.cian.ru/sale/flat/300615394/
14290000;8;NEAR;38;20;4;9;1975;0;0;2,64;1;https://www.cian.ru/sale/flat/300809061/
14300000;17;EAR;45;30;2;9;1966;0;0;2,65;2;https://www.cian.ru/sale/flat/300293083/
14300000;5;NWAR;45,7;;6;25;2022;0;1;3,1;2;https://www.cian.ru/sale/flat/300172251/
14300000;15;NEAR;36;18;2;9;1964;0;0;;2;https://www.cian.ru/sale/flat/300840758/
14300000;3;EAR;40,1;;2;8;1963;0;0;2,64;1;https://www.cian.ru/sale/flat/300571796/
14300000;4;SAR;62,4;46;5;9;;0;0;;4;https://www.cian.ru/sale/flat/299596657/
14300000;11;CAR;80,9;56,4;8;8;1957;0;0;3,2;4;https://www.cian.ru/sale/flat/297372708/
14300000;16;SWAR;67;41;2;9;1976;0;0;2,7;4;https://www.cian.ru/sale/flat/295037149/
14300000;15;NAR;61;42,9;6;9;;0;0;;4;https://www.cian.ru/sale/flat/299723167/
14350000;9;NWAR;35;;9;9;1972;0;0;2,64;2;https://www.cian.ru/sale/flat/300840365/
14350000;14;NEAR;63,7;33,2;7;17;2007;0;0;2,74;2;https://www.cian.ru/sale/flat/300833862/
14375962;16;NAR;52,8;25,5;10;14;2023;1;0;2,84;2;https://www.cian.ru/sale/flat/297033536/
14390000;7;WAR;32,8;14;6;17;2023;1;0;;1;https://www.cian.ru/sale/flat/300383794/
14390000;3;SAR;38,2;20,1;6;9;1961;0;0;3;1;https://www.cian.ru/sale/flat/300660959/
14400000;14;NAR;44,5;;3;9;1972;0;0;2,64;2;https://www.cian.ru/sale/flat/300793238/
14400000;5;SAR;52;32;2;17;1997;0;0;2,64;2;https://www.cian.ru/sale/flat/291641709/
14400000;8;NAR;36;19;8;9;1970;0;0;2,7;1;https://www.cian.ru/sale/flat/300600845/
14400000;6;SAR;36,9;14;18;26;2023;0;0;2,7;1;https://www.cian.ru/sale/flat/299427439/
14400000;16;SWAR;30;18;8;9;1966;0;0;2,7;1;https://www.cian.ru/sale/flat/299241579/
14450000;10;NAR;48,3;29,2;1;9;1975;0;0;2,64;2;https://www.cian.ru/sale/flat/298252053/
14467200;14;WAR;35,2;10,3;20;33;2023;1;0;2,7;1;https://www.cian.ru/sale/flat/297434025/
14490000;11;SWAR;41;21,1;5;12;1968;0;0;2,48;2;https://www.cian.ru/sale/flat/299961362/
14490000;13;NWAR;40;18;8;9;;0;0;;2;https://www.cian.ru/sale/flat/300102336/
14490000;7;NAR;35;;5;12;1968;0;0;2,64;1;https://www.cian.ru/sale/flat/300557795/
14499000;16;EAR;52;;1;16;1993;0;0;2,48;2;https://www.cian.ru/sale/flat/300601402/
14500000;17;SEAR;48,74;;11;19;2024;1;1;3;2;https://www.cian.ru/sale/flat/298297506/
14500000;10;SEAR;38,2;;8;9;1969;0;0;2,6;2;https://www.cian.ru/sale/flat/298501611/
14500000;17;SWAR;44;30;2;5;1963;0;0;2,5;2;https://www.cian.ru/sale/flat/300210689/
14500000;8;NWAR;61,7;;8;24;2023;0;0;2,75;2;https://www.cian.ru/sale/flat/294473072/
14500000;6;NAR;47,2;32,7;12;33;;0;0;;2;https://www.cian.ru/sale/flat/299611996/
14500000;6;SEAR;44;28;17;17;2006;0;0;2,75;2;https://www.cian.ru/sale/flat/300841537/
14500000;11;NWAR;43;27;5;9;1968;0;0;;2;https://www.cian.ru/sale/flat/299853663/
14500000;6;SAR;47,9;;2;9;1973;0;0;2,8;2;https://www.cian.ru/sale/flat/298819612/
14500000;9;SEAR;40,9;25,3;3;8;1961;0;0;2,6;2;https://www.cian.ru/sale/flat/300478282/
14500000;10;WAR;45;30;11;14;1969;0;0;2,64;2;https://www.cian.ru/sale/flat/300810564/
14500000;14;NEAR;52,2;;6;12;1979;0;0;2,64;2;https://www.cian.ru/sale/flat/300844069/
14500000;18;NWAR;35,7;12,2;13;21;2023;1;0;;1;https://www.cian.ru/sale/flat/297022451/
14500000;11;EAR;37,7;10,3;11;33;2024;1;0;;1;https://www.cian.ru/sale/flat/299677411/
14500000;17;NWAR;30,5;19;6;16;2024;1;0;;1;https://www.cian.ru/sale/flat/299693599/
14500000;7;SAR;31,5;15;16;23;2023;1;0;;1;https://www.cian.ru/sale/flat/300083916/
14500000;17;EAR;39,5;21;2;14;1994;0;0;2,65;1;https://www.cian.ru/sale/flat/300691701/
14500000;7;NAR;38,3;19,2;11;17;1988;0;0;2,7;1;https://www.cian.ru/sale/flat/298165816/
14500000;10;SEAR;30;18;10;27;2022;0;0;3;1;https://www.cian.ru/sale/flat/298826127/
14500000;16;NAR;43,9;;1;16;1977;0;0;2,7;1;https://www.cian.ru/sale/flat/300833245/
14500000;14;SWAR;37,5;20;5;14;2007;0;0;2,75;1;https://www.cian.ru/sale/flat/298572994/
14500000;3;WAR;37,6;18;8;17;1984;0;0;2,7;1;https://www.cian.ru/sale/flat/300685886/
14500000;16;WAR;42;18;16;25;1998;0;0;2,8;1;https://www.cian.ru/sale/flat/295181332/
14500000;5;NAR;37,9;19;12;17;1986;0;0;2,75;1;https://www.cian.ru/sale/flat/298554787/
14500000;6;SAR;35,1;13,3;2;26;2023;0;0;2,7;1;https://www.cian.ru/sale/flat/300799595/
14500000;3;EAR;59,3;;4;9;1969;0;0;2,64;3;https://www.cian.ru/sale/flat/300542990/
14500000;5;SAR;68,5;53,6;4;9;1971;0;0;2,64;3;https://www.cian.ru/sale/flat/299731595/
14500000;8;SAR;65;40;13;16;1983;0;0;;3;https://www.cian.ru/sale/flat/299899341/
14500000;8;NEAR;57;45;3;9;1970;0;0;2,64;3;https://www.cian.ru/sale/flat/300779492/
14500000;12;SWAR;50;;4;9;1976;0;0;2,64;3;https://www.cian.ru/sale/flat/299145106/
14500000;15;EAR;58;44;2;9;1966;0;0;2,64;3;https://www.cian.ru/sale/flat/300579605/
14500000;15;EAR;65;43,7;9;9;1970;0;0;2,64;4;https://www.cian.ru/sale/flat/300713526/
14500000;6;NAR;64;46,4;3;9;1966;0;0;2,64;4;https://www.cian.ru/sale/flat/294052215/
14500000;12;SWAR;64;47;3;9;1977;0;0;2,64;4;https://www.cian.ru/sale/flat/271286209/
14500000;8;NEAR;64,5;45,9;1;9;;0;0;;4;https://www.cian.ru/sale/flat/300107944/
14500000;13;SWAR;63;46;6;9;;0;0;;4;https://www.cian.ru/sale/flat/299520142/
14500000;5;NAR;65;46,4;3;9;1966;0;0;2,7;4;https://www.cian.ru/sale/flat/292487820/
14502068;4;EAR;33,51;12,5;6;29;2023;1;0;3;1;https://www.cian.ru/sale/flat/298055159/
14507621;17;SEAR;45,9;13,1;3;8;2024;1;1;2,87;1;https://www.cian.ru/sale/flat/300575191/
14518035;16;NAR;52,9;25,5;13;14;2023;1;0;2,84;2;https://www.cian.ru/sale/flat/297032963/
14527275;10;;37,5;11,5;30;33;2023;1;0;2,67;1;https://www.cian.ru/sale/flat/300979757/
14528203;27;SAR;44,2;16;17;23;2023;1;0;2,62;1;https://www.cian.ru/sale/flat/300726025/
14550000;5;NWAR;51,1;;4;20;2024;1;0;;2;https://www.cian.ru/sale/flat/299687178/
14562033;10;SWAR;47,5;14,9;11;14;2023;1;1;2,8;1;https://www.cian.ru/sale/flat/297413638/
14590000;5;WAR;32,6;10,6;9;21;2023;1;0;;1;https://www.cian.ru/sale/flat/300126205/
14599000;11;NEAR;50,3;;14;16;1976;0;0;2,5;2;https://www.cian.ru/sale/flat/299108145/
14600000;9;SAR;50,5;30,4;5;17;1985;0;0;2,64;2;https://www.cian.ru/sale/flat/300867236/
14600000;11;EAR;37,3;10,3;7;33;2024;1;0;2,8;1;https://www.cian.ru/sale/flat/298264753/
14600000;4;;38,4;18,4;12;22;;0;0;;1;https://www.cian.ru/sale/flat/300050876/
14604980;6;NAR;52,4;25,4;13;15;2023;1;0;2,84;2;https://www.cian.ru/sale/flat/300121769/
14650000;14;NEAR;58;;5;17;2016;0;0;2,64;2;https://www.cian.ru/sale/flat/298324638/
14650000;10;NAR;36;15;5;17;2001;0;0;2,64;1;https://www.cian.ru/sale/flat/294761737/
14700000;7;SAR;45;28;4;9;1970;0;0;2,55;2;https://www.cian.ru/sale/flat/300282463/
14700000;9;SAR;45;20;9;9;1969;0;0;2,6;2;https://www.cian.ru/sale/flat/300610779/
14700000;9;NAR;32,9;20,8;1;5;1960;0;0;2,9;1;https://www.cian.ru/sale/flat/297827474/
14700000;13;CAR;30;18;3;5;1960;0;0;2,8;1;https://www.cian.ru/sale/flat/298670679/
14700000;10;SEAR;30;15;5;29;2022;0;0;3;1;https://www.cian.ru/sale/flat/299360335/
14728625;10;SEAR;37,1;11,9;29;33;2023;1;0;2,67;1;https://www.cian.ru/sale/flat/293402797/
14766700;14;WAR;37;11,2;33;33;2023;1;0;2,7;1;https://www.cian.ru/sale/flat/281170310/
14790000;12;SAR;44,7;30,4;5;8;1961;0;0;2,64;2;https://www.cian.ru/sale/flat/296801651/
14790000;13;SAR;59;37,6;8;9;1969;0;0;2,64;3;https://www.cian.ru/sale/flat/300327358/
14798340;11;WAR;34,2;14,1;33;33;2023;1;0;2,62;1;https://www.cian.ru/sale/flat/270796934/
14799000;4;NEAR;63,1;46,3;9;9;;0;0;;4;https://www.cian.ru/sale/flat/289331383/
14800000;13;WAR;44;28;1;9;1970;0;0;2,64;2;https://www.cian.ru/sale/flat/297130856/
14800000;7;NEAR;46;30;5;12;1981;0;0;2,6;2;https://www.cian.ru/sale/flat/300684694/
14800000;11;SAR;45;;4;9;1970;0;0;2,64;2;https://www.cian.ru/sale/flat/300508742/
14800000;10;NAR;47;31;5;14;1971;0;0;2,64;2;https://www.cian.ru/sale/flat/300822574/
14800000;8;SAR;44,4;;1;5;1966;0;0;2,48;2;https://www.cian.ru/sale/flat/299070039/
14800000;7;SEAR;34,5;;17;33;2023;1;0;;1;https://www.cian.ru/sale/flat/296167467/
14800000;3;NAR;36,9;19;10;24;2021;0;0;;1;https://www.cian.ru/sale/flat/299281002/
14800000;11;SEAR;28,1;;5;27;2022;0;0;3;1;https://www.cian.ru/sale/flat/300883239/
14800000;8;SEAR;41,1;15;14;26;2023;0;0;2,7;1;https://www.cian.ru/sale/flat/299560332/
14800000;5;NEAR;30;16;11;12;1972;0;0;2,64;1;https://www.cian.ru/sale/flat/300045417/
14800000;5;NEAR;30;15,6;11;12;1972;0;0;;1;https://www.cian.ru/sale/flat/300881473/
14800000;6;NEAR;34,6;20,8;5;21;;0;0;2,8;1;https://www.cian.ru/sale/flat/300385847/
14800000;8;EAR;57,9;41,3;8;9;1968;0;0;2,55;3;https://www.cian.ru/sale/flat/300824965/
14800000;12;EAR;65;38,9;1;9;1971;0;0;2,64;3;https://www.cian.ru/sale/flat/299860510/
14825000;13;WAR;52;;7;17;2006;0;0;2,5;2;https://www.cian.ru/sale/flat/299856718/
14850000;11;SEAR;51,5;;16;17;2001;0;0;2,7;2;https://www.cian.ru/sale/flat/300512221/
14850000;11;EAR;55;32;5;17;;0;0;2,6;2;https://www.cian.ru/sale/flat/300634689/
14850000;10;NAR;43,7;19,3;10;12;1975;0;0;2,65;1;https://www.cian.ru/sale/flat/300553239/
14850000;13;SEAR;77,8;49,8;1;5;1958;0;0;;4;https://www.cian.ru/sale/flat/295197611/
14850000;11;NEAR;62,5;45,5;6;9;;0;0;2,65;4;https://www.cian.ru/sale/flat/298673623/
14861000;5;WAR;32,8;9,5;28;33;2023;1;0;;1;https://www.cian.ru/sale/flat/299983333/
14900000;19;NEAR;63,7;;13;25;2024;1;0;3;2;https://www.cian.ru/sale/flat/299247819/
14900000;4;NEAR;44,5;;5;9;1975;0;0;2,64;2;https://www.cian.ru/sale/flat/299871569/
14900000;4;SEAR;55;30,4;5;12;2002;0;0;2,64;2;https://www.cian.ru/sale/flat/298228405/
14900000;11;SEAR;58,4;;22;25;;0;0;;2;https://www.cian.ru/sale/flat/292772970/
14900000;8;NEAR;40;;5;9;1966;0;0;2,64;2;https://www.cian.ru/sale/flat/299659010/
14900000;5;WAR;35,7;11,2;16;33;2023;1;0;;1;https://www.cian.ru/sale/flat/296614283/
14900000;8;NWAR;40;21;10;12;1979;0;0;2,64;1;https://www.cian.ru/sale/flat/297396521/
14900000;1;SWAR;32;17;4;9;1970;0;0;2,58;1;https://www.cian.ru/sale/flat/300833544/
14900000;8;SAR;40,2;18,9;24;25;2018;0;0;2,7;1;https://www.cian.ru/sale/flat/298878638/
14900000;11;SEAR;34,2;;24;33;2023;0;0;2,59;1;https://www.cian.ru/sale/flat/297087775/
14900000;14;SWAR;55,3;37,9;4;5;1960;0;0;2,6;3;https://www.cian.ru/sale/flat/298976988/
14900000;3;SEAR;74;43;11;19;2010;0;0;;3;https://www.cian.ru/sale/flat/299292844/
14900000;3;EAR;63,2;46,7;1;9;1976;0;0;2,64;4;https://www.cian.ru/sale/flat/300026356/
14900000;14;NEAR;63;46,1;8;9;1975;0;0;2,64;4;https://www.cian.ru/sale/flat/298576679/
14924263;10;WAR;49,8;;11;25;2021;1;0;2,63;2;https://www.cian.ru/sale/flat/300605458/
14945920;14;WAR;38,6;10,9;24;33;2023;1;0;2,7;1;https://www.cian.ru/sale/flat/297434023/
14950000;6;SAR;54;;2;18;2021;0;0;2,8;2;https://www.cian.ru/sale/flat/299479879/
14950000;16;WAR;38,1;19;3;17;1993;0;0;2,7;1;https://www.cian.ru/sale/flat/300891715/
14950000;9;NAR;54,4;;5;5;1959;0;0;2,75;3;https://www.cian.ru/sale/flat/291812213/
14950000;15;NEAR;78;43,7;1;12;1981;0;0;3;4;https://www.cian.ru/sale/flat/298459827/
14976000;6;NWAR;37,79;;11;18;2022;1;1;;2;https://www.cian.ru/sale/flat/292547823/
14980000;20;NWAR;48;15;4;19;2023;0;0;3;1;https://www.cian.ru/sale/flat/300148604/
14983798;6;NEAR;41,3;;3;33;2020;1;0;2,63;1;https://www.cian.ru/sale/flat/300298451/
14983854;20;NEAR;37,5;;5;22;2021;1;0;2,65;1;https://www.cian.ru/sale/flat/298401390/
14990000;14;NEAR;51,1;;5;17;2023;0;1;3;2;https://www.cian.ru/sale/flat/299059276/
14990000;5;NAR;43;28;5;5;1959;0;0;2,5;2;https://www.cian.ru/sale/flat/300057821/
14990000;16;EAR;54;36;7;12;1987;0;0;;2;https://www.cian.ru/sale/flat/298803552/
14990000;14;SWAR;40;23,3;9;12;1969;0;0;2,6;2;https://www.cian.ru/sale/flat/300774268/
14990000;14;SWAR;35,3;;6;12;1974;0;0;2,64;1;https://www.cian.ru/sale/flat/299990269/
14999000;20;NWAR;51;28;4;25;;0;0;;2;https://www.cian.ru/sale/flat/299293091/
14999000;3;WAR;35,2;20;4;5;1961;0;0;2,7;1;https://www.cian.ru/sale/flat/299146321/
14999000;7;WAR;41;20;2;12;1974;0;0;2,64;1;https://www.cian.ru/sale/flat/298517952/
14999900;14;SWAR;58,5;29,4;9;14;2008;0;0;2,64;2;https://www.cian.ru/sale/flat/298038160/
14999999;14;SAR;63,5;39,1;9;9;1972;0;0;2,64;3;https://www.cian.ru/sale/flat/296199584/
15000000;9;WAR;47,3;33,5;6;12;;0;0;;2;https://www.cian.ru/sale/flat/300849139/
15000000;20;NWAR;60;;1;16;1977;0;0;2,64;2;https://www.cian.ru/sale/flat/300213900/
15000000;8;NWAR;55,5;;1;4;;0;0;3;2;https://www.cian.ru/sale/flat/299765157/
15000000;13;WAR;53,6;;7;16;1979;0;0;2,64;2;https://www.cian.ru/sale/flat/299561244/
15000000;11;NAR;35;;4;9;2021;0;0;2,95;2;https://www.cian.ru/sale/flat/300001735/
15000000;4;NWAR;45;;5;5;1964;0;0;2,5;2;https://www.cian.ru/sale/flat/299945354/
15000000;5;WAR;40,8;28,8;8;14;1974;0;0;;2;https://www.cian.ru/sale/flat/300099334/
15000000;9;EAR;36,46;;16;33;2023;1;0;;1;https://www.cian.ru/sale/flat/298292536/
15000000;4;SEAR;40;20;2;7;2008;0;0;3,4;1;https://www.cian.ru/sale/flat/277942686/
15000000;13;CAR;39,1;25;10;12;1978;0;0;2,64;1;https://www.cian.ru/sale/flat/300961532/
15000000;6;WAR;46,8;24,4;17;24;2018;0;0;2,65;1;https://www.cian.ru/sale/flat/300829361/
15000000;5;NEAR;31,7;20,1;1;5;1962;0;0;2,64;1;https://www.cian.ru/sale/flat/300487094/
15000000;16;SWAR;33;;4;9;1964;0;0;2,64;1;https://www.cian.ru/sale/flat/299495592/
15000000;8;CAR;32,8;;11;12;1966;0;0;2,64;1;https://www.cian.ru/sale/flat/298085850/
15000000;11;NEAR;39,1;11,7;20;32;2023;0;0;2,75;1;https://www.cian.ru/sale/flat/300067352/
15000000;5;NAR;33,8;15;17;17;2018;0;0;3;1;https://www.cian.ru/sale/flat/299989219/
15000000;6;CAR;27;19;2;6;1928;0;1;3,1;1;https://www.cian.ru/sale/flat/292654290/
15000000;11;NEAR;36,4;19,3;12;14;1971;0;0;2,7;1;https://www.cian.ru/sale/flat/300295957/
15000000;20;NWAR;38,1;12,8;23;27;2023;0;0;;1;https://www.cian.ru/sale/flat/300345102/
15000000;2;SAR;40,2;;4;17;1972;0;0;2,64;1;https://www.cian.ru/sale/flat/299525163/
15000000;7;SAR;59,7;43,1;2;9;1970;0;0;2,64;3;https://www.cian.ru/sale/flat/297636835/
15000000;15;NAR;58,8;42,5;2;5;1967;0;0;4,5;3;https://www.cian.ru/sale/flat/299765160/
15000000;16;WAR;64;46,2;9;9;1970;0;0;2,64;4;https://www.cian.ru/sale/flat/297772053/
15000000;17;SWAR;62,7;46,3;3;9;1972;0;0;;4;https://www.cian.ru/sale/flat/299731947/
15000000;8;NEAR;63;46,3;3;9;1979;0;0;2,6;4;https://www.cian.ru/sale/flat/298220970/
15100000;5;NAR;50;32,4;6;31;2022;0;0;2,85;2;https://www.cian.ru/sale/flat/299447787/
15100000;3;WAR;55,1;33,7;2;5;1959;0;0;3;2;https://www.cian.ru/sale/flat/298195728/
15100000;13;EAR;58,4;31,5;5;5;1958;0;0;3;2;https://www.cian.ru/sale/flat/300540008/
15100000;5;NAR;41;18;3;16;1983;0;0;2,6;1;https://www.cian.ru/sale/flat/299997376/
15136800;9;EAR;35,7;11,2;33;33;2023;1;0;2,6;1;https://www.cian.ru/sale/flat/286097747/
15146733;6;WAR;50,1;;18;25;2021;1;0;2,63;2;https://www.cian.ru/sale/flat/299449835/
15150000;10;WAR;31;15;5;5;;0;0;;1;https://www.cian.ru/sale/flat/296556180/
15177043;4;EAR;36,33;18,4;6;29;2023;1;0;3;2;https://www.cian.ru/sale/flat/298055156/
15180000;18;NWAR;29,2;14,3;8;16;2023;1;0;;1;https://www.cian.ru/sale/flat/299064211/
15190000;5;NWAR;37;20;4;21;2002;0;0;;1;https://www.cian.ru/sale/flat/300384806/
15199980;13;WAR;49,7;;3;9;1970;0;0;2,64;2;https://www.cian.ru/sale/flat/300691649/
15200000;18;WAR;43,7;;26;30;;0;0;3,02;2;https://www.cian.ru/sale/flat/294213944/
15200000;19;NEAR;48;;1;12;1973;0;0;2,64;2;https://www.cian.ru/sale/flat/300253528/
15200000;12;NEAR;44,5;;5;9;1968;0;0;2,64;2;https://www.cian.ru/sale/flat/298559075/
15200000;7;NEAR;36,39;14;15;24;2020;1;0;;1;https://www.cian.ru/sale/flat/296210002/
15200000;9;EAR;33;17;6;9;1965;0;0;2,6;1;https://www.cian.ru/sale/flat/300989405/
15200000;17;NAR;35,2;20;12;12;1967;0;0;2,64;1;https://www.cian.ru/sale/flat/300948330/
15200000;16;SEAR;62,2;;8;9;1969;0;0;2,64;4;https://www.cian.ru/sale/flat/300197305/
15269184;25;WAR;32;12,2;2;33;2023;1;0;2,62;1;https://www.cian.ru/sale/flat/300679647/
15272858;16;NAR;59,6;29,7;3;14;2023;1;0;2,84;2;https://www.cian.ru/sale/flat/297033498/
15290000;12;EAR;45;;6;12;1968;0;0;2,64;2;https://www.cian.ru/sale/flat/298925476/
15299000;19;NEAR;47;30;15;15;2018;0;0;2,7;2;https://www.cian.ru/sale/flat/300472670/
15300000;10;EAR;40;;13;33;2023;1;0;;2;https://www.cian.ru/sale/flat/298751444/
15300000;5;NEAR;61,5;33,3;16;16;2003;0;0;2,64;2;https://www.cian.ru/sale/flat/300176483/
15300000;3;NWAR;34;22;3;9;1972;0;0;2,64;2;https://www.cian.ru/sale/flat/300109245/
15300000;;EAR;45,8;21,4;10;14;2004;0;0;2,8;1;https://www.cian.ru/sale/flat/292545798/
15300000;3;NEAR;40;12;13;22;2022;0;0;3;1;https://www.cian.ru/sale/flat/296383358/
15300000;13;NAR;40;12;14;22;2023;0;0;3;1;https://www.cian.ru/sale/flat/299966367/
15300000;7;SWAR;63,5;47;2;9;1977;0;0;2,64;4;https://www.cian.ru/sale/flat/297284429/
15300000;15;WAR;71;50;3;16;;0;0;;4;https://www.cian.ru/sale/flat/300523749/
15300000;4;EAR;74,6;55,7;1;14;1971;0;0;2,64;4;https://www.cian.ru/sale/flat/290838053/
15328800;11;EAR;36;10,6;33;33;2023;1;0;2,6;1;https://www.cian.ru/sale/flat/288566684/
15333570;5;WAR;51,3;;3;25;2021;1;0;2,63;2;https://www.cian.ru/sale/flat/299449765/
15336216;30;WAR;32,4;9,5;5;33;2024;1;0;2,62;1;https://www.cian.ru/sale/flat/300762628/
15338234;30;WAR;32,6;9,4;31;33;2023;1;0;2,62;1;https://www.cian.ru/sale/flat/300679495/
15340292;10;SEAR;38,9;10,9;31;33;2023;1;0;2,67;1;https://www.cian.ru/sale/flat/293849362/
15350000;4;WAR;57;37;3;5;1957;0;0;3;2;https://www.cian.ru/sale/flat/300707466/
15375000;18;NWAR;41,5;14,3;13;21;2023;0;0;;1;https://www.cian.ru/sale/flat/300499412/
15377189;6;NWAR;46,93;;16;18;2022;1;1;4,5;3;https://www.cian.ru/sale/flat/295137054/
15382197;5;WAR;51,7;;24;25;2021;1;0;2,63;2;https://www.cian.ru/sale/flat/299508962/
15392669;24;SEAR;45,8;12,5;13;23;2023;1;0;2,62;1;https://www.cian.ru/sale/flat/300680003/
15400000;5;NEAR;56,3;;10;22;2009;0;0;2,8;2;https://www.cian.ru/sale/flat/299280221/
15400000;4;NAR;32;;6;15;2018;0;1;3;1;https://www.cian.ru/sale/flat/298939258/
15400000;4;SWAR;41,9;22;17;22;2007;0;0;;1;https://www.cian.ru/sale/flat/299724639/
15410798;16;NAR;59,5;29,7;13;13;2023;1;0;2,84;2;https://www.cian.ru/sale/flat/297032975/
15451876;26;SAR;42,3;22;2;11;2024;1;0;2,97;1;https://www.cian.ru/sale/flat/288140316/
15471700;12;WAR;47,9;34,5;4;21;2020;1;1;3,3;2;https://www.cian.ru/sale/flat/299137381/
15490000;6;SEAR;40,9;10,5;14;25;2018;0;0;2,8;2;https://www.cian.ru/sale/flat/299322359/
15499000;6;NAR;49,4;38,5;9;33;2024;0;0;2,8;2;https://www.cian.ru/sale/flat/300122473/
15499000;7;CAR;36,8;19,3;11;16;1975;0;0;2,6;1;https://www.cian.ru/sale/flat/300045498/
15500000;10;NWAR;53;;4;57;2025;1;0;;2;https://www.cian.ru/sale/flat/300232324/
15500000;20;WAR;58;30;1;5;1957;0;0;3;2;https://www.cian.ru/sale/flat/300895376/
15500000;19;NWAR;53,3;31,9;11;16;;0;0;2,6;2;https://www.cian.ru/sale/flat/299591930/
15500000;12;SWAR;38;;7;9;1962;0;0;2,64;2;https://www.cian.ru/sale/flat/299496399/
15500000;14;SAR;60,5;;2;17;2000;0;0;2,7;2;https://www.cian.ru/sale/flat/300888953/
15500000;14;WAR;51,3;31,1;4;16;;0;0;2,5;2;https://www.cian.ru/sale/flat/300209343/
15500000;3;SWAR;44,5;;4;9;1972;0;0;2,64;2;https://www.cian.ru/sale/flat/300860737/
15500000;5;NEAR;52;30,3;10;14;1994;0;0;;2;https://www.cian.ru/sale/flat/300576198/
15500000;9;EAR;52,7;;6;12;1985;0;0;;2;https://www.cian.ru/sale/flat/298725493/
15500000;6;EAR;52;30;8;12;1986;0;0;;2;https://www.cian.ru/sale/flat/300659824/
15500000;5;NWAR;34,6;13,5;19;25;2024;1;0;;1;https://www.cian.ru/sale/flat/295269605/
15500000;5;WAR;27;;6;14;;0;0;;1;https://www.cian.ru/sale/flat/300935784/
15500000;10;CAR;36;19;7;12;1974;0;0;2,64;1;https://www.cian.ru/sale/flat/299241650/
15500000;6;CAR;33,6;19;2;9;;0;0;;1;https://www.cian.ru/sale/flat/299055856/
15500000;2;NEAR;36,3;25,1;14;15;2020;0;1;3;1;https://www.cian.ru/sale/flat/299027298/
15500000;12;SEAR;38,8;15;18;20;2019;0;0;3;1;https://www.cian.ru/sale/flat/300551345/
15500000;8;NWAR;42;19;17;25;2008;0;0;2,8;1;https://www.cian.ru/sale/flat/297471744/
15500000;16;WAR;35;;12;15;1969;0;0;2,64;1;https://www.cian.ru/sale/flat/294632911/
15500000;10;NAR;39,3;11,2;4;6;;0;1;3,2;1;https://www.cian.ru/sale/flat/294768332/
15500000;11;SWAR;70;45;12;12;1967;0;0;2,8;3;https://www.cian.ru/sale/flat/296664650/
15500000;9;EAR;65;45;8;9;1968;0;0;2,64;4;https://www.cian.ru/sale/flat/301084769/
15500000;4;SAR;62;46;2;9;1971;0;0;2,64;4;https://www.cian.ru/sale/flat/298679810/
15500000;17;EAR;68,1;50,1;2;9;1973;0;0;2,6;4;https://www.cian.ru/sale/flat/299648038/
15500000;4;EAR;63;46,3;4;9;1971;0;0;2,64;4;https://www.cian.ru/sale/flat/301065204/
15500000;17;EAR;68,1;50,1;2;9;1973;0;0;2,5;4;https://www.cian.ru/sale/flat/298758515/
15502215;26;;41,4;15;10;12;2024;1;0;2,97;1;https://www.cian.ru/sale/flat/298310729/
15510000;9;CAR;34;27;2;5;1903;0;1;3,3;1;https://www.cian.ru/sale/flat/300551096/
15550000;19;SEAR;50,1;28,2;3;16;1986;0;0;2,48;2;https://www.cian.ru/sale/flat/300552142/
15550000;19;SEAR;50,1;;3;16;1986;0;0;;2;https://www.cian.ru/sale/flat/297903439/
15550000;10;SEAR;54,5;31,9;10;16;1977;0;0;2,64;2;https://www.cian.ru/sale/flat/286749798/
15550000;7;NWAR;42;22;17;18;2000;0;0;3;1;https://www.cian.ru/sale/flat/300813614/
15550000;;WAR;38;;9;17;1984;0;0;2,64;1;https://www.cian.ru/sale/flat/296688010/
15550000;;CAR;35,6;20,3;1;12;1980;0;0;2,65;1;https://www.cian.ru/sale/flat/300011260/
15579050;5;WAR;52,9;;3;25;2021;1;0;2,63;2;https://www.cian.ru/sale/flat/299508963/
15600000;4;SAR;50,9;20,7;7;33;2023;1;0;;2;https://www.cian.ru/sale/flat/297150148/
15600000;20;WAR;65,4;39,2;19;21;2020;1;1;3;2;https://www.cian.ru/sale/flat/290875925/
15600000;19;NAR;56,1;;2;16;2021;0;0;2,63;2;https://www.cian.ru/sale/flat/298485263/
15600000;3;CAR;35,1;;12;12;1969;0;0;;1;https://www.cian.ru/sale/flat/300873918/
15600000;15;EAR;42;13,4;20;21;2022;0;1;3;1;https://www.cian.ru/sale/flat/300943049/
15600000;5;SAR;59;41;4;9;;0;0;;3;https://www.cian.ru/sale/flat/294928648/
15600000;16;NAR;58;;30;34;2024;0;0;2,64;3;https://www.cian.ru/sale/flat/300004652/
15600000;15;SWAR;68;;2;9;1978;0;0;;4;https://www.cian.ru/sale/flat/295849880/
15607088;30;WAR;34;14;21;33;2024;1;0;2,62;1;https://www.cian.ru/sale/flat/300679252/
15621827;10;WAR;53,6;;2;25;2021;1;0;2,63;2;https://www.cian.ru/sale/flat/300605455/
15625394;10;WAR;51,4;;12;25;2021;1;0;2,63;2;https://www.cian.ru/sale/flat/299449791/
15650000;8;WAR;35,6;;30;32;2022;0;0;2,62;2;https://www.cian.ru/sale/flat/286524902/
15650000;6;SEAR;64;43,9;7;9;;0;0;;3;https://www.cian.ru/sale/flat/299072474/
15680000;11;SAR;46,1;28,7;8;9;1974;0;0;2,64;2;https://www.cian.ru/sale/flat/298942262/
15700000;5;WAR;39,8;;3;15;2024;1;1;2,7;2;https://www.cian.ru/sale/flat/298664704/
15700000;5;NWAR;48,2;14,1;8;19;2023;0;0;3;2;https://www.cian.ru/sale/flat/299117210/
15700000;11;SEAR;65;40;19;25;2018;0;0;2,8;2;https://www.cian.ru/sale/flat/296364346/
15700000;12;SEAR;38,8;17,4;18;20;2019;0;0;;1;https://www.cian.ru/sale/flat/300600848/
15700000;9;NEAR;37,1;20,2;11;16;1982;0;0;2,7;1;https://www.cian.ru/sale/flat/299208022/
15700000;5;WAR;26,9;13,4;8;14;;0;0;;1;https://www.cian.ru/sale/flat/300650861/
15700000;9;WAR;63,1;46,5;5;9;1969;0;0;2,64;4;https://www.cian.ru/sale/flat/300807144/
15727500;29;EAR;37,5;10,4;29;33;2023;1;0;2,6;1;https://www.cian.ru/sale/flat/271786256/
15731763;10;WAR;51,8;;13;25;2021;1;0;2,63;2;https://www.cian.ru/sale/flat/299449809/
15768716;6;NAR;62,9;37,9;3;15;2023;1;0;2,84;4;https://www.cian.ru/sale/flat/299656016/
15800000;17;SEAR;47,73;;7;21;2024;1;1;3;2;https://www.cian.ru/sale/flat/298189595/
15800000;19;NEAR;60;;19;25;2024;1;0;3;2;https://www.cian.ru/sale/flat/300601398/
15800000;3;NAR;43;31,3;4;8;;0;0;;2;https://www.cian.ru/sale/flat/285616997/
15800000;17;SWAR;42;;7;9;1967;0;0;2,64;2;https://www.cian.ru/sale/flat/298429447/
15800000;14;SAR;43;17;3;35;2022;1;0;3,1;1;https://www.cian.ru/sale/flat/300666380/
15800000;16;NEAR;40;27;1;14;2022;0;0;;1;https://www.cian.ru/sale/flat/300329735/
15800000;12;SEAR;36,8;18;3;9;1962;0;0;;1;https://www.cian.ru/sale/flat/298255017/
15800000;18;NWAR;38,1;18,2;24;25;2009;0;0;3;1;https://www.cian.ru/sale/flat/300774778/
15800000;17;SWAR;56;41;1;10;1961;0;0;2,64;3;https://www.cian.ru/sale/flat/300936698/
15800000;5;NEAR;75,1;51,7;1;12;1976;0;0;2,64;4;https://www.cian.ru/sale/flat/295858075/
15836476;6;WAR;54,1;;2;25;2021;1;0;2,63;2;https://www.cian.ru/sale/flat/300889122/
15850000;11;EAR;45;;2;17;2023;0;0;;2;https://www.cian.ru/sale/flat/299104201/
15870000;9;NAR;45;27;5;5;1960;0;0;2,75;2;https://www.cian.ru/sale/flat/300900545/
15890000;5;SWAR;44,9;19,8;18;24;2003;0;0;2,78;1;https://www.cian.ru/sale/flat/300871933/
15899000;3;SEAR;38,1;20;5;15;2023;0;0;3;1;https://www.cian.ru/sale/flat/297903207/
15900000;19;SAR;44,35;;3;15;2024;1;0;2,7;2;https://www.cian.ru/sale/flat/298396891/
15900000;4;SWAR;55;14;23;23;;0;1;6,5;2;https://www.cian.ru/sale/flat/299523719/
15900000;10;SWAR;45;;2;9;1972;0;0;2,64;2;https://www.cian.ru/sale/flat/299812487/
15900000;18;NEAR;49,1;22,8;4;18;2023;0;1;2,7;2;https://www.cian.ru/sale/flat/300206682/
15900000;11;SEAR;39,8;;4;21;2021;0;0;;2;https://www.cian.ru/sale/flat/300565552/
15900000;2;NAR;47;20;11;33;;0;0;;2;https://www.cian.ru/sale/flat/300617244/
15900000;5;SWAR;53;28;8;14;1995;0;0;2,64;2;https://www.cian.ru/sale/flat/300474914/
15900000;19;SEAR;31,2;;10;22;2023;1;0;3,1;1;https://www.cian.ru/sale/flat/300601414/
15900000;11;NWAR;29,5;11,4;18;41;2021;1;0;3,2;1;https://www.cian.ru/sale/flat/299241123/
15900000;4;SAR;40,6;18,9;15;23;2015;0;0;2,7;1;https://www.cian.ru/sale/flat/298021901/
15900000;15;NAR;55,1;43;1;5;1960;0;0;2,6;3;https://www.cian.ru/sale/flat/300651633/
15900000;7;SEAR;57,6;39,6;7;9;1969;0;0;2,5;3;https://www.cian.ru/sale/flat/299722553/
15900000;3;SEAR;64;47;6;9;1969;0;0;2,64;4;https://www.cian.ru/sale/flat/297769984/
15900000;3;SWAR;63;46,5;5;9;1977;0;0;;4;https://www.cian.ru/sale/flat/300468576/
15900000;12;NEAR;62,7;46,3;1;9;1968;0;0;2,64;4;https://www.cian.ru/sale/flat/294249196/
15915910;29;EAR;37,3;11,2;29;33;2023;1;0;2,6;1;https://www.cian.ru/sale/flat/286291553/
15950000;9;NWAR;61,8;40,1;1;9;1995;0;0;2,65;2;https://www.cian.ru/sale/flat/300397344/
15950000;13;WAR;53;32,8;6;14;1968;0;0;2,7;2;https://www.cian.ru/sale/flat/297079796/
15950000;14;NWAR;28;14,6;25;41;2024;1;0;3,2;1;https://www.cian.ru/sale/flat/296680746/
15950000;7;SEAR;49,7;25;3;8;1959;0;0;;1;https://www.cian.ru/sale/flat/300622311/
15950000;22;WAR;37,4;14;20;30;;0;0;;1;https://www.cian.ru/sale/flat/300113747/
15956781;30;WAR;32,3;9,8;33;34;2023;1;0;2,62;1;https://www.cian.ru/sale/flat/300679325/
15961450;4;EAR;35,3;20,2;6;29;2023;1;0;3;2;https://www.cian.ru/sale/flat/298055188/
15970000;5;WAR;39,3;11,9;1;33;2023;1;0;2,7;1;https://www.cian.ru/sale/flat/297360580/
15974666;24;WAR;31,8;10,4;18;21;2023;1;0;2,74;1;https://www.cian.ru/sale/flat/279592040/
15978137;11;NWAR;35;10;13;17;2014;0;0;2,75;1;https://www.cian.ru/sale/flat/300251102/
15981280;10;WAR;53,2;;3;25;2021;1;0;2,63;2;https://www.cian.ru/sale/flat/299449819/
15990000;7;SWAR;45;;8;9;1971;0;0;2,5;2;https://www.cian.ru/sale/flat/300807361/
15990000;5;NWAR;43;;5;9;1967;0;0;2,64;2;https://www.cian.ru/sale/flat/298726692/
15990000;6;NAR;47;;11;33;;0;0;;2;https://www.cian.ru/sale/flat/300221936/
15990000;16;SAR;45,9;20;21;21;2006;0;0;2,78;1;https://www.cian.ru/sale/flat/300334903/
15990000;3;WAR;40;20;4;14;1998;0;0;2,8;1;https://www.cian.ru/sale/flat/299778170/
15990000;13;NWAR;65,2;45,8;6;9;;0;0;;4;https://www.cian.ru/sale/flat/299738414/
15999000;17;SAR;44,45;13,7;5;12;2024;1;0;;1;https://www.cian.ru/sale/flat/299855973/
15999990;13;NAR;58,2;33,7;13;16;;0;0;2,7;2;https://www.cian.ru/sale/flat/299027484/
16000000;9;SAR;82,2;41,8;13;20;2023;1;0;;2;https://www.cian.ru/sale/flat/293948906/
16000000;18;SEAR;48,8;20,3;21;25;2023;1;0;;2;https://www.cian.ru/sale/flat/300383611/
16000000;15;SWAR;54,2;24,4;6;21;2023;1;0;;2;https://www.cian.ru/sale/flat/298735725/
16000000;8;SEAR;45;;4;9;1969;0;0;2,64;2;https://www.cian.ru/sale/flat/300621745/
16000000;;NWAR;50,8;;13;16;;0;0;2,6;2;https://www.cian.ru/sale/flat/299325584/
16000000;16;SAR;47;30;8;9;1973;0;0;2,64;2;https://www.cian.ru/sale/flat/299862540/
16000000;15;SAR;54,5;32,2;10;17;1988;0;0;2,64;2;https://www.cian.ru/sale/flat/300574973/
16000000;14;NAR;35,6;12,3;8;21;2024;1;1;3,2;1;https://www.cian.ru/sale/flat/299511473/
16000000;11;SEAR;45,2;25;3;30;2023;0;0;3;1;https://www.cian.ru/sale/flat/299063844/
16000000;9;WAR;47,4;24,4;19;25;2017;0;0;;1;https://www.cian.ru/sale/flat/300667031/
16000000;12;WAR;41,9;21,5;19;19;2022;0;0;2,72;1;https://www.cian.ru/sale/flat/300703424/
16000000;19;WAR;42;21;4;12;2023;0;0;;1;https://www.cian.ru/sale/flat/300860664/
16000000;17;SEAR;41,1;13,5;23;30;;0;0;;1;https://www.cian.ru/sale/flat/300319816/
16000000;5;NWAR;62,7;46,3;6;9;1967;0;0;2,64;4;https://www.cian.ru/sale/flat/301046963/
16000000;11;SEAR;76,1;53,4;2;5;;0;0;;4;https://www.cian.ru/sale/flat/284604248/
16000000;6;NEAR;62,9;47;8;9;1969;0;0;2,64;4;https://www.cian.ru/sale/flat/301068786/
16000000;8;NWAR;65;45;6;9;1967;0;0;2,64;4;https://www.cian.ru/sale/flat/299554948/
16059038;6;NAR;68,3;35,6;6;15;2023;1;0;2,84;4;https://www.cian.ru/sale/flat/299656059/
16100000;4;CAR;47,2;28,4;8;12;1968;0;0;2,6;2;https://www.cian.ru/sale/flat/300684401/
16100000;8;NWAR;33;16;6;23;2023;0;0;;1;https://www.cian.ru/sale/flat/299962346/
16105292;6;NWAR;49,59;44,6;20;22;2022;1;1;3;2;https://www.cian.ru/sale/flat/292582406/
16150000;2;NAR;55,5;44;2;5;1962;0;0;2,8;3;https://www.cian.ru/sale/flat/296226599/
16190000;12;NEAR;38,5;16;6;20;2021;0;1;3,25;1;https://www.cian.ru/sale/flat/285754476/
16200000;11;WAR;42,8;14,8;30;33;2023;1;0;;2;https://www.cian.ru/sale/flat/299808868/
16200000;18;SEAR;50,6;;25;25;2023;1;0;;2;https://www.cian.ru/sale/flat/300189850/
16200000;7;NEAR;45;20;4;5;1961;0;0;2,6;2;https://www.cian.ru/sale/flat/300781800/
16200000;4;WAR;38,6;20;7;21;2023;1;0;;1;https://www.cian.ru/sale/flat/300610242/
16200000;11;SAR;42;22;12;12;2022;0;0;2,75;1;https://www.cian.ru/sale/flat/298704944/
16200000;17;SEAR;40,4;13;4;30;2022;0;0;2,9;1;https://www.cian.ru/sale/flat/300865217/
16200000;9;SAR;76;54,4;2;12;1974;0;0;2,6;4;https://www.cian.ru/sale/flat/274438786/
16225132;19;WAR;35,8;10,6;32;32;2022;1;0;2,62;1;https://www.cian.ru/sale/flat/296760109/
16237479;2;EAR;41,32;23,4;2;20;2024;1;0;;1;https://www.cian.ru/sale/flat/299859638/
16240942;29;WAR;37,3;11,2;6;33;2023;1;0;2,62;1;https://www.cian.ru/sale/flat/300679399/
16299000;10;WAR;33,3;12;13;25;;0;0;;1;https://www.cian.ru/sale/flat/297049321/
16299752;30;WAR;34,4;10,2;33;34;2023;1;0;2,62;1;https://www.cian.ru/sale/flat/300679311/
16300000;4;NWAR;37,8;;4;9;1964;0;0;2,57;2;https://www.cian.ru/sale/flat/300256139/
16300000;17;SWAR;46,7;28,5;8;8;1960;0;0;2,7;2;https://www.cian.ru/sale/flat/297418762/
16300000;3;NWAR;53,9;31,9;6;17;1994;0;0;2,64;2;https://www.cian.ru/sale/flat/295729946/
16300000;3;NWAR;53,9;;9;17;1985;0;0;2,64;2;https://www.cian.ru/sale/flat/300734770/
16300000;11;SEAR;55,5;;21;25;2015;0;0;2,8;2;https://www.cian.ru/sale/flat/299464659/
16300000;13;SAR;35;22,1;9;9;1965;0;0;;2;https://www.cian.ru/sale/flat/300162005/
16300000;7;SWAR;60,3;;2;5;1959;0;0;3;2;https://www.cian.ru/sale/flat/299137308/
16300000;8;SWAR;45,3;30,5;4;9;1973;0;0;2,65;2;https://www.cian.ru/sale/flat/300274491/
16300000;11;SEAR;38;20;5;22;1990;0;0;2,8;1;https://www.cian.ru/sale/flat/300822428/
16300000;11;SAR;38;18,3;7;20;;0;0;3;1;https://www.cian.ru/sale/flat/296209050/
16300000;6;NEAR;62,7;44,9;2;12;;0;0;;3;https://www.cian.ru/sale/flat/297881966/
16328840;11;EAR;37,4;11,2;33;33;2024;1;0;2,6;1;https://www.cian.ru/sale/flat/270786818/
16350000;16;NEAR;40;19;2;13;2021;0;0;2,72;1;https://www.cian.ru/sale/flat/292434467/
16355789;6;NAR;58,1;28,6;15;15;2023;1;0;2,84;2;https://www.cian.ru/sale/flat/300345249/
16360104;9;WAR;37,37;22,9;17;30;2023;1;0;3,3;2;https://www.cian.ru/sale/flat/299583575/
16372174;30;WAR;36,2;11,2;27;34;2023;1;0;2,62;1;https://www.cian.ru/sale/flat/300679318/
16388393;5;WAR;55,1;;12;25;2021;1;0;2,63;2;https://www.cian.ru/sale/flat/300605467/
16390000;12;WAR;63,6;43,9;2;9;1981;0;0;2,64;3;https://www.cian.ru/sale/flat/298413599/
16400000;18;SEAR;58;;4;15;2023;1;0;;2;https://www.cian.ru/sale/flat/300887458/
16400000;14;WAR;45;29,3;19;29;2022;0;0;;2;https://www.cian.ru/sale/flat/298799627/
16400000;15;SWAR;45;29,4;10;12;1966;0;0;2,6;2;https://www.cian.ru/sale/flat/300433709/
16400000;7;NAR;67,5;38,6;1;10;2003;0;0;2,64;2;https://www.cian.ru/sale/flat/298325378/
16400000;18;;41,4;21;17;33;2023;0;0;3;1;https://www.cian.ru/sale/flat/299415345/
16400000;8;SEAR;64;42;3;14;1971;0;0;2,7;3;https://www.cian.ru/sale/flat/300009660/
16409423;29;WAR;31,9;9,5;33;33;2023;1;0;2,62;1;https://www.cian.ru/sale/flat/300679186/
16416254;10;NAR;36,4;16;19;21;2023;1;0;2,72;1;https://www.cian.ru/sale/flat/270793531/
16449514;12;SWAR;81,2;34,5;2;9;2023;1;0;2,68;3;https://www.cian.ru/sale/flat/300726060/
16450000;6;NWAR;41;18;13;25;2024;1;0;;1;https://www.cian.ru/sale/flat/293236021/
16453178;15;NAR;35,8;10,8;33;33;2023;1;0;2,68;1;https://www.cian.ru/sale/flat/299876147/
16459884;10;WAR;55,8;;25;25;2021;1;0;2,63;2;https://www.cian.ru/sale/flat/299449801/
16473000;7;SAR;57,8;;25;26;2023;1;0;2,6;2;https://www.cian.ru/sale/flat/298061099/
16480000;13;SAR;38;;4;19;2016;0;0;2,8;1;https://www.cian.ru/sale/flat/298556166/
16490000;10;NEAR;42,3;;5;9;1970;0;0;2,64;2;https://www.cian.ru/sale/flat/300666704/
16490000;4;;39;;6;9;1962;0;0;;2;https://www.cian.ru/sale/flat/300796455/
16490000;15;WAR;45;20;19;29;;0;0;;1;https://www.cian.ru/sale/flat/300110674/
16499000;10;NWAR;43;;1;5;1962;0;0;;2;https://www.cian.ru/sale/flat/300230411/
16500000;12;SAR;58,7;34,6;4;22;1991;0;0;2,66;2;https://www.cian.ru/sale/flat/298905862/
16500000;3;SAR;58,6;;7;8;;0;0;;2;https://www.cian.ru/sale/flat/297928971/
16500000;3;NEAR;58;34;2;17;1989;0;0;2,64;2;https://www.cian.ru/sale/flat/299937672/
16500000;11;WAR;60,5;;11;15;2022;0;0;2,6;2;https://www.cian.ru/sale/flat/298570903/
16500000;8;SEAR;55,6;;14;14;2005;0;0;2,8;2;https://www.cian.ru/sale/flat/299938064/
16500000;9;SEAR;53;33;6;17;2001;0;0;2,7;2;https://www.cian.ru/sale/flat/299616814/
16500000;5;NAR;48,1;;5;12;1968;0;0;2,6;2;https://www.cian.ru/sale/flat/300176485/
16500000;12;WAR;52;30,7;14;17;1985;0;0;2,64;2;https://www.cian.ru/sale/flat/299675189/
16500000;10;SWAR;38,5;22,9;6;9;1962;0;0;2,64;2;https://www.cian.ru/sale/flat/300025324/
16500000;5;WAR;42,02;12,8;7;33;2023;1;0;2,65;1;https://www.cian.ru/sale/flat/300007216/
16500000;14;SWAR;45,2;24;4;13;2023;1;0;;1;https://www.cian.ru/sale/flat/300328902/
16500000;18;NWAR;38,3;;3;21;2023;1;0;;1;https://www.cian.ru/sale/flat/298166787/
16500000;5;NWAR;40,3;18;3;25;2024;1;0;;1;https://www.cian.ru/sale/flat/300341594/
16500000;15;SAR;38,8;17,8;3;14;2026;1;0;;1;https://www.cian.ru/sale/flat/298484253/
16500000;15;SWAR;38,4;19,8;3;22;2004;0;0;2,64;1;https://www.cian.ru/sale/flat/300767627/
16500000;8;NEAR;77;52,3;1;12;;0;0;;4;https://www.cian.ru/sale/flat/297471836/
16500000;14;SEAR;75,6;52;1;14;1985;0;0;2,8;4;https://www.cian.ru/sale/flat/299853143/
16541000;5;WAR;55,6;;3;25;2021;1;0;2,63;2;https://www.cian.ru/sale/flat/299449764/
16562490;10;WAR;57;;4;25;2021;1;0;2,63;2;https://www.cian.ru/sale/flat/300605447/
16572446;10;NAR;38,6;11,3;31;32;2023;1;0;2,72;1;https://www.cian.ru/sale/flat/275900440/
16575818;10;NAR;36,5;10,2;21;21;2023;1;0;2,72;1;https://www.cian.ru/sale/flat/270793589/
16590000;10;SWAR;47,3;;8;14;2023;0;1;2,9;2;https://www.cian.ru/sale/flat/297798583/
16595378;24;WAR;34,1;10,8;16;21;2023;1;0;2,74;1;https://www.cian.ru/sale/flat/297698007/
16600000;10;SWAR;54;35;6;16;;0;0;;2;https://www.cian.ru/sale/flat/299894310/
16600000;11;SEAR;59;;5;25;;0;0;2,8;2;https://www.cian.ru/sale/flat/300309528/
16600000;13;NEAR;56,6;31,8;15;19;2016;0;0;2,7;2;https://www.cian.ru/sale/flat/299905470/
16600000;12;SEAR;55;;7;12;1985;0;0;2,64;2;https://www.cian.ru/sale/flat/299901758/
16600000;15;SAR;85;60;9;12;1978;0;0;2,75;4;https://www.cian.ru/sale/flat/300300865/
16614000;12;WAR;42,6;15,3;21;21;2023;1;0;2,7;1;https://www.cian.ru/sale/flat/278497284/
16647235;2;NAR;37;10,7;16;21;2023;1;1;3,15;1;https://www.cian.ru/sale/flat/298000773/
16650000;16;WAR;44,4;26,5;9;12;1968;0;0;2,64;2;https://www.cian.ru/sale/flat/299844898/
16674020;11;EAR;41,8;10,9;33;33;2023;1;0;2,6;1;https://www.cian.ru/sale/flat/270787135/
16697409;9;;41,06;20,3;8;30;2023;1;0;3,3;1;https://www.cian.ru/sale/flat/297984305/
16700000;16;SEAR;64;34;11;17;2020;0;0;;2;https://www.cian.ru/sale/flat/299167474/
16700000;10;NWAR;47,2;;2;25;2008;0;0;2,8;2;https://www.cian.ru/sale/flat/294814205/
16700000;18;WAR;65,4;;8;16;1971;0;0;2,7;2;https://www.cian.ru/sale/flat/299110671/
16700000;17;SEAR;64;33,8;11;17;2020;0;0;2,7;2;https://www.cian.ru/sale/flat/299076373/
16700000;11;SEAR;37;18;2;3;2023;1;0;;1;https://www.cian.ru/sale/flat/295101795/
16700000;15;NEAR;81;60;7;18;2023;0;1;4;3;https://www.cian.ru/sale/flat/297360339/
16750000;8;NWAR;60,7;;3;24;2024;1;0;;3;https://www.cian.ru/sale/flat/299331283/
16790000;7;EAR;53,1;32,5;6;16;1966;0;0;2,5;2;https://www.cian.ru/sale/flat/293033843/
16799999;11;SEAR;38,7;25,6;26;27;2023;0;0;3;2;https://www.cian.ru/sale/flat/297957070/
16800000;6;NEAR;54;31;7;7;;0;0;3,1;2;https://www.cian.ru/sale/flat/299111468/
16800000;16;;52;;9;17;2003;0;0;2,74;2;https://www.cian.ru/sale/flat/300893237/
16800000;7;NWAR;35;15,6;19;44;2023;1;0;;1;https://www.cian.ru/sale/flat/299305397/
16800000;8;WAR;35,4;11,3;9;19;2019;0;0;2,7;1;https://www.cian.ru/sale/flat/300206672/
16800000;8;CAR;35,9;;3;5;1927;0;0;3;1;https://www.cian.ru/sale/flat/300401139/
16800000;10;SEAR;37,8;20,3;10;15;2023;0;0;;1;https://www.cian.ru/sale/flat/294768716/
16800000;19;NAR;61;;3;9;1970;0;0;2,64;3;https://www.cian.ru/sale/flat/300773184/
16800000;4;SEAR;78;31;14;14;;0;0;;3;https://www.cian.ru/sale/flat/299166516/
16800000;4;NAR;62,3;45;8;9;1968;0;0;2,64;4;https://www.cian.ru/sale/flat/283635366/
16811680;5;WAR;58,7;;5;25;2021;1;0;2,63;2;https://www.cian.ru/sale/flat/299449776/
16820000;11;NEAR;41;27;9;9;1970;0;0;;2;https://www.cian.ru/sale/flat/299107562/
16864281;5;WAR;60,7;;6;25;2021;1;0;2,63;2;https://www.cian.ru/sale/flat/300605469/
16900000;7;NWAR;61,88;24,5;6;24;2024;1;0;;2;https://www.cian.ru/sale/flat/300195289/
16900000;20;WAR;72,5;43,5;6;21;2020;1;1;3;2;https://www.cian.ru/sale/flat/283700420/
16900000;8;WAR;41,4;;2;5;1960;0;0;;2;https://www.cian.ru/sale/flat/300828564/
16900000;2;WAR;43;28;5;9;1966;0;0;;2;https://www.cian.ru/sale/flat/300770138/
16900000;12;SEAR;59;33;18;22;;0;0;;2;https://www.cian.ru/sale/flat/300484955/
16900000;8;NAR;40;;10;16;1979;0;0;2,6;2;https://www.cian.ru/sale/flat/299695600/
16900000;14;NAR;56;37;1;8;1959;0;0;3,2;2;https://www.cian.ru/sale/flat/300071937/
16900000;12;EAR;58,5;;2;23;2023;0;0;;2;https://www.cian.ru/sale/flat/300697220/
16900000;8;SWAR;63,4;45;4;9;1969;0;0;2,65;3;https://www.cian.ru/sale/flat/299859361/
16900000;10;WAR;74,4;51,3;1;14;1991;0;0;;4;https://www.cian.ru/sale/flat/291583338/
16926240;10;WAR;59,1;;5;25;2021;1;0;2,63;2;https://www.cian.ru/sale/flat/299652496/
16959780;20;NEAR;51,3;;11;22;2021;1;0;2,79;2;https://www.cian.ru/sale/flat/296754079/
16971100;17;SEAR;36,9;10,5;10;29;2024;1;0;2,87;1;https://www.cian.ru/sale/flat/300575216/
16983000;19;NEAR;27;20,3;28;32;2023;1;0;3;1;https://www.cian.ru/sale/flat/298604075/
16990000;14;NWAR;51,4;;7;25;2016;0;0;3,1;2;https://www.cian.ru/sale/flat/299467046/
16990000;11;SWAR;43,1;14,4;4;46;2023;0;0;;1;https://www.cian.ru/sale/flat/299208670/
16990000;4;SEAR;82,95;42,4;16;26;2025;1;0;;3;https://www.cian.ru/sale/flat/298552421/
16999000;10;SEAR;62,2;37,4;19;26;2022;0;0;2,7;2;https://www.cian.ru/sale/flat/298382822/
16999000;4;SEAR;54,3;32,1;12;17;2004;0;0;2,7;2;https://www.cian.ru/sale/flat/300243577/
16999000;17;NEAR;38;12;5;11;2019;0;0;2,65;1;https://www.cian.ru/sale/flat/298839861/
17000000;11;NAR;55;38;5;16;1974;0;0;;2;https://www.cian.ru/sale/flat/293250714/
17000000;20;WAR;53;27;18;23;2007;0;0;3,1;2;https://www.cian.ru/sale/flat/290909841/
17000000;6;WAR;53,3;;17;17;1984;0;0;2,7;2;https://www.cian.ru/sale/flat/300560475/
17000000;8;SEAR;35;12,5;24;26;2023;1;0;;1;https://www.cian.ru/sale/flat/299007541/
17000000;2;WAR;37,5;15;5;39;2022;1;0;;1;https://www.cian.ru/sale/flat/255985339/
17000000;10;NWAR;34,7;11,6;24;53;2022;0;0;3,1;1;https://www.cian.ru/sale/flat/289908475/
17000000;10;NAR;33;;6;15;2017;0;1;;1;https://www.cian.ru/sale/flat/279125910/
17000000;10;NAR;34,1;20;21;22;2022;0;1;3,15;1;https://www.cian.ru/sale/flat/300297108/
17000000;6;SWAR;57,9;37,8;3;9;1972;0;0;2,53;3;https://www.cian.ru/sale/flat/300045504/
17000000;12;SWAR;99,9;63,9;10;12;;0;0;;4;https://www.cian.ru/sale/flat/294567971/
17000000;15;WAR;71,4;55;6;16;1967;0;0;2,64;4;https://www.cian.ru/sale/flat/294511796/
17000000;14;SAR;63,5;46,1;4;9;1970;0;0;2,6;4;https://www.cian.ru/sale/flat/296639718/
17003450;14;WAR;44,5;16,1;32;33;2023;1;0;2,7;1;https://www.cian.ru/sale/flat/286094340/
17028119;22;SAR;50,8;20,7;19;33;2023;1;0;2,62;2;https://www.cian.ru/sale/flat/300725238/
17041514;7;NAR;38,6;11,5;32;32;2023;1;0;2,72;1;https://www.cian.ru/sale/flat/284563081/
17057880;26;SAR;45,8;27;10;11;2024;1;0;2,97;1;https://www.cian.ru/sale/flat/292460513/
17063118;5;NEAR;60,2;;1;33;2023;1;0;2,63;2;https://www.cian.ru/sale/flat/299449843/
17088250;16;NAR;77,7;42,3;13;14;2023;1;0;2,84;3;https://www.cian.ru/sale/flat/297032832/
17098187;30;WAR;36,1;11,2;30;33;2023;1;0;2,62;1;https://www.cian.ru/sale/flat/300679453/
17100000;16;NAR;46,7;;6;12;1969;0;0;2,64;2;https://www.cian.ru/sale/flat/300841155/
17100000;13;SWAR;64,1;;3;9;1976;0;0;2,64;4;https://www.cian.ru/sale/flat/300651025/
17100000;11;NAR;62,2;46,3;4;9;1966;0;0;2,64;4;https://www.cian.ru/sale/flat/294698871/
17115000;4;NAR;44,7;;2;15;2016;0;1;3;2;https://www.cian.ru/sale/flat/297914652/
17150000;6;SAR;39,9;12,2;10;13;2024;1;0;30;1;https://www.cian.ru/sale/flat/300852067/
17150000;5;NWAR;32,2;14,5;13;25;2023;1;0;;1;https://www.cian.ru/sale/flat/296116887/
17200000;10;EAR;54,9;30,4;8;10;2004;0;0;2,64;2;https://www.cian.ru/sale/flat/300127453/
17200000;16;WAR;55,3;23,8;9;16;2004;0;0;2,7;2;https://www.cian.ru/sale/flat/300732744/
17200000;2;NWAR;49;;2;5;1951;0;0;2,64;2;https://www.cian.ru/sale/flat/300045857/
17200000;7;NEAR;43,8;12,2;30;32;2023;0;0;2,65;1;https://www.cian.ru/sale/flat/297368415/
17200000;6;WAR;78;55;1;14;1991;0;0;2,64;4;https://www.cian.ru/sale/flat/298623374/
17204799;6;NWAR;49,53;44,5;19;22;2022;1;1;3;3;https://www.cian.ru/sale/flat/300069755/
17211750;9;SAR;79,5;;5;45;2013;0;0;2,9;2;https://www.cian.ru/sale/flat/298882868/
17247160;11;EAR;43,4;16,1;33;33;2023;1;0;2,6;1;https://www.cian.ru/sale/flat/294404502/
17250000;9;EAR;49,62;21,1;28;33;2023;1;0;;2;https://www.cian.ru/sale/flat/296526099/
17250000;14;WAR;36,2;;5;27;2022;0;0;2,95;1;https://www.cian.ru/sale/flat/300622309/
17250000;4;NWAR;63;45;3;9;1970;0;0;2,6;4;https://www.cian.ru/sale/flat/298058962/
17250000;4;NWAR;63;46,4;3;9;1970;0;0;2,6;4;https://www.cian.ru/sale/flat/297040398/
17250000;4;NWAR;63;46,4;3;9;;0;0;;4;https://www.cian.ru/sale/flat/295664160/
17277095;2;NAR;38,4;11,1;16;21;2023;1;1;3,15;1;https://www.cian.ru/sale/flat/298000793/
17290000;7;NWAR;31,7;12;19;33;2023;0;0;3,4;1;https://www.cian.ru/sale/flat/300658108/
17294726;7;WAR;37,2;11,8;2;21;2023;1;0;2,74;1;https://www.cian.ru/sale/flat/279588141/
17300000;5;EAR;58;35;5;18;2018;0;0;3;2;https://www.cian.ru/sale/flat/300051915/
17300000;15;SEAR;42,7;18,3;8;30;2023;1;0;2,6;1;https://www.cian.ru/sale/flat/295771498/
17300000;17;SEAR;42;13,1;26;30;2024;1;0;2,5;1;https://www.cian.ru/sale/flat/298558261/
17300000;10;SWAR;90;47;2;22;2007;0;0;2,8;3;https://www.cian.ru/sale/flat/299549331/
17306100;6;WAR;57,4;;9;25;2021;1;0;2,63;2;https://www.cian.ru/sale/flat/300192000/
17350000;12;SEAR;57,5;;30;30;2021;0;0;2,65;2;https://www.cian.ru/sale/flat/300744274/
17350000;12;SEAR;57,5;31,7;30;30;2021;0;0;2,65;2;https://www.cian.ru/sale/flat/300197601/
17350000;11;NAR;52;30;2;18;2016;0;0;2,8;2;https://www.cian.ru/sale/flat/300568783/
17350000;14;SAR;31,34;20,7;3;6;2024;1;0;;1;https://www.cian.ru/sale/flat/299485153/
17350804;12;SAR;48;28;2;23;2023;1;0;2,97;1;https://www.cian.ru/sale/flat/288140144/
17392177;21;NWAR;77,6;45,8;6;25;2022;1;0;2,72;3;https://www.cian.ru/sale/flat/300917707/
17398243;7;NAR;42,3;13,4;20;32;2023;1;0;2,72;1;https://www.cian.ru/sale/flat/297433984/
17400000;1;NWAR;38;;4;9;1965;0;0;2,64;2;https://www.cian.ru/sale/flat/300734140/
17400000;6;SAR;72;;16;22;2023;0;0;2,8;2;https://www.cian.ru/sale/flat/300142526/
17400000;13;NWAR;39,1;;3;27;2022;0;0;3,3;1;https://www.cian.ru/sale/flat/297265242/
17400000;8;NEAR;35,8;20,2;4;10;1957;0;0;3,32;1;https://www.cian.ru/sale/flat/299433333/
17400000;10;SWAR;40,9;;6;18;2023;0;0;;1;https://www.cian.ru/sale/flat/299203398/
17423703;20;NEAR;52,3;;13;22;2021;1;0;2,79;2;https://www.cian.ru/sale/flat/296754095/
17450000;4;NWAR;63;46,4;3;9;1970;0;0;2,7;4;https://www.cian.ru/sale/flat/282065037/
17451252;29;WAR;39;16,4;1;33;2023;1;0;2,62;1;https://www.cian.ru/sale/flat/300679189/
17466089;2;EAR;44,05;22,7;2;20;2024;1;0;;2;https://www.cian.ru/sale/flat/297151000/
17480000;14;CAR;44,9;19,2;11;16;2000;;;;1;https://www.cian.ru/sale/flat/298620907/
17499000;20;NWAR;36;22;12;36;2020;0;0;3,08;2;https://www.cian.ru/sale/flat/296310724/
17499000;10;NWAR;54;34;16;17;;0;0;;2;https://www.cian.ru/sale/flat/300825973/
17499000;16;NWAR;42,2;;17;24;2024;1;0;3;1;https://www.cian.ru/sale/flat/298805494/
17500000;8;WAR;51,85;22,8;12;33;2023;1;0;;2;https://www.cian.ru/sale/flat/300397129/
17500000;20;SAR;39,6;22,8;15;24;2023;1;1;;2;https://www.cian.ru/sale/flat/292016280/
17500000;13;NEAR;49,1;23,2;12;18;2023;0;1;3,2;2;https://www.cian.ru/sale/flat/299849082/
17500000;8;NEAR;57;28;5;17;2022;0;0;23;2;https://www.cian.ru/sale/flat/297877542/
17500000;12;WAR;71;47;4;5;1961;0;0;2,65;2;https://www.cian.ru/sale/flat/300545017/
17500000;8;SEAR;55,4;34,1;19;31;;0;0;;2;https://www.cian.ru/sale/flat/300832241/
17500000;9;CAR;60;38;1;5;1954;0;0;4;2;https://www.cian.ru/sale/flat/300389524/
17500000;9;SEAR;42,4;;4;5;1961;0;0;;2;https://www.cian.ru/sale/flat/299901814/
17500000;16;SWAR;55,2;30,7;11;25;1993;0;0;3;2;https://www.cian.ru/sale/flat/299415722/
17500000;12;SAR;60;34;5;17;;0;0;;2;https://www.cian.ru/sale/flat/300774365/
17500000;10;NAR;52,3;;6;17;2004;0;0;2,8;2;https://www.cian.ru/sale/flat/298925810/
17500000;13;WAR;36;;8;28;2019;1;1;;1;https://www.cian.ru/sale/flat/300722775/
17500000;3;WAR;44;15,4;12;33;2023;1;0;;1;https://www.cian.ru/sale/flat/300077810/
17500000;5;NWAR;42,6;18,3;17;25;2024;1;0;;1;https://www.cian.ru/sale/flat/300655983/
17500000;2;NEAR;37,5;22,5;4;15;2020;0;1;3,1;1;https://www.cian.ru/sale/flat/289459051/
17500000;;;;;;;;;;;1;https://www.cian.ru/sale/flat/299908539/
17500000;8;NAR;34,7;15;10;20;;0;0;;1;https://www.cian.ru/sale/flat/300931491/
17500000;5;NAR;37;12;2;22;2021;0;0;2,8;1;https://www.cian.ru/sale/flat/296989997/
17500000;4;NWAR;42,9;25;14;47;;0;0;3,1;1;https://www.cian.ru/sale/flat/300664236/
17500000;7;WAR;38,7;18,8;3;41;;0;0;;1;https://www.cian.ru/sale/flat/300739522/
17500000;16;SWAR;38;18;7;14;2023;0;0;;1;https://www.cian.ru/sale/flat/300420717/
17500000;10;NAR;30,2;20;4;15;;0;1;;1;https://www.cian.ru/sale/flat/300540938/
17500000;9;SWAR;40,7;24,4;15;16;;0;0;2,6;1;https://www.cian.ru/sale/flat/299110690/
17500000;8;NEAR;52,5;32;8;9;;0;0;6;3;https://www.cian.ru/sale/flat/300162447/
17500000;17;;60;;4;9;1972;0;0;2,64;3;https://www.cian.ru/sale/flat/299839415/
17500000;9;SAR;63;41;8;9;1971;0;0;2,64;3;https://www.cian.ru/sale/flat/298462548/
17500000;11;WAR;60;43,2;6;9;1971;0;0;2,48;3;https://www.cian.ru/sale/flat/291312183/
17500000;14;EAR;65,4;43,2;5;9;1973;0;0;2,64;4;https://www.cian.ru/sale/flat/299193763/
17500000;5;NWAR;63,1;46,5;8;9;1967;0;0;2,64;4;https://www.cian.ru/sale/flat/300879383/
17500000;14;EAR;65,4;43,2;5;9;1973;0;0;2,64;4;https://www.cian.ru/sale/flat/299561845/
17500000;18;EAR;64,1;46,4;6;9;1971;0;0;2,64;4;https://www.cian.ru/sale/flat/297133272/
17500000;7;WAR;75,6;52,6;2;12;;0;0;2,64;4;https://www.cian.ru/sale/flat/298505192/
17500000;6;SEAR;95,1;48,5;2;19;2012;0;0;2,78;4;https://www.cian.ru/sale/flat/300988122/
17500000;11;NEAR;65;47;2;9;1977;0;0;2,64;4;https://www.cian.ru/sale/flat/300530468/
17550000;12;SEAR;57,5;32,9;7;17;2021;0;0;2,7;2;https://www.cian.ru/sale/flat/297412548/
17570000;9;SAR;62,4;45,4;9;9;;0;0;;4;https://www.cian.ru/sale/flat/301042817/
17585789;6;NAR;83,7;46,1;5;15;2023;1;0;2,84;3;https://www.cian.ru/sale/flat/299656071/
17600000;3;CAR;32,8;;2;9;1970;0;0;2,7;1;https://www.cian.ru/sale/flat/300987795/
17600000;6;WAR;36;20;23;25;2021;0;0;;1;https://www.cian.ru/sale/flat/297661462/
17622420;14;WAR;41,7;15,3;20;21;2023;1;0;2,62;1;https://www.cian.ru/sale/flat/286094379/
17646209;2;EAR;38,86;20,5;6;20;2024;1;0;;1;https://www.cian.ru/sale/flat/297150977/
17667500;27;;37;10,7;3;22;2023;1;0;2,83;1;https://www.cian.ru/sale/flat/300918195/
17676549;6;NAR;77,8;42,3;8;15;2023;1;0;2,84;3;https://www.cian.ru/sale/flat/299656090/
17690000;6;SAR;55;;15;16;1981;0;0;2,64;2;https://www.cian.ru/sale/flat/300346058/
17699000;14;SAR;36,7;;11;15;2023;1;0;;1;https://www.cian.ru/sale/flat/295987891/
17699000;5;NWAR;77,6;;19;20;2024;1;0;2,68;3;https://www.cian.ru/sale/flat/298837021/
17700000;4;NWAR;43,3;;5;54;2024;1;0;2,85;2;https://www.cian.ru/sale/flat/300121852/
17700000;4;SWAR;51,1;30,7;12;12;1974;0;0;2,48;2;https://www.cian.ru/sale/flat/300649339/
17700000;11;SEAR;43,1;20,1;4;7;2023;1;0;;1;https://www.cian.ru/sale/flat/297446138/
17711344;10;NAR;46,4;13,6;16;32;2023;1;0;2,72;1;https://www.cian.ru/sale/flat/299951291/
17711798;19;WAR;41,1;10,5;32;32;2022;1;0;2,62;1;https://www.cian.ru/sale/flat/296760108/
17742312;10;NAR;42,3;13,4;27;32;2023;1;0;2,72;1;https://www.cian.ru/sale/flat/299906792/
17750000;9;EAR;49;20,8;23;33;2023;1;0;;2;https://www.cian.ru/sale/flat/297497038/
17750000;14;SAR;38,9;19;7;20;2022;0;0;;1;https://www.cian.ru/sale/flat/300698867/
17775256;17;SEAR;37,4;10,5;22;29;2024;1;0;2,87;1;https://www.cian.ru/sale/flat/300575226/
17800000;5;NWAR;58;33;11;25;2022;0;1;3,1;2;https://www.cian.ru/sale/flat/300172066/
17800000;4;NWAR;57,6;;4;25;2002;0;0;2,6;2;https://www.cian.ru/sale/flat/299790654/
17800000;19;NEAR;102;64;6;22;2014;0;0;2,8;4;https://www.cian.ru/sale/flat/292859247/
17800000;15;SEAR;85,4;56,8;2;14;1984;0;0;2,64;4;https://www.cian.ru/sale/flat/267664241/
17830120;30;WAR;44;15,6;19;33;2023;1;0;2,62;1;https://www.cian.ru/sale/flat/300679431/
17844459;17;SEAR;53,7;26,8;13;29;2024;1;1;2,87;2;https://www.cian.ru/sale/flat/300575206/
17853150;10;SWAR;69,4;;3;14;2023;1;1;2,8;2;https://www.cian.ru/sale/flat/297413619/
17853649;21;NWAR;78,9;42;15;25;2022;1;0;2,72;3;https://www.cian.ru/sale/flat/300917766/
17881217;10;NAR;42,1;13,3;32;32;2023;1;0;2,72;1;https://www.cian.ru/sale/flat/270793740/
17899000;2;CAR;41,7;32,3;2;9;1964;0;0;2,5;2;https://www.cian.ru/sale/flat/300792289/
17900000;7;SAR;53,4;32,5;12;17;2002;0;0;2,64;2;https://www.cian.ru/sale/flat/295298480/
17900000;13;NAR;56,5;;7;17;1970;0;0;2,7;2;https://www.cian.ru/sale/flat/295832537/
17900000;4;SAR;59;;4;7;1957;0;0;3;2;https://www.cian.ru/sale/flat/300601422/
17900000;11;NEAR;39,49;15,3;6;31;2024;1;0;2,86;1;https://www.cian.ru/sale/flat/298408364/
17900000;15;SAR;35,2;12,3;5;16;2023;1;0;;1;https://www.cian.ru/sale/flat/295400535/
17900000;6;NEAR;40,79;19,4;4;23;2020;1;0;;1;https://www.cian.ru/sale/flat/294252498/
17900000;16;SAR;40,4;17;12;16;2022;0;0;2,7;1;https://www.cian.ru/sale/flat/300242556/
17900000;8;NWAR;35;14;3;33;2023;0;0;3;1;https://www.cian.ru/sale/flat/297550566/
17900000;8;WAR;40;18;14;31;;0;0;;1;https://www.cian.ru/sale/flat/300197753/
17900000;9;NAR;38,4;;15;17;2021;0;0;3,1;1;https://www.cian.ru/sale/flat/299563667/
17900000;3;SEAR;80,7;;1;9;1999;0;0;2,64;3;https://www.cian.ru/sale/flat/299556772/
17900000;4;SAR;63;48;9;9;1975;0;0;2,64;4;https://www.cian.ru/sale/flat/299572455/
17900000;6;SAR;112,1;;13;24;2023;0;0;;4;https://www.cian.ru/sale/flat/300645791/
17900000;12;SEAR;73,2;52,6;3;5;1959;0;0;;4;https://www.cian.ru/sale/flat/300198608/
17900000;4;SAR;63;48;9;9;1975;0;0;2,64;4;https://www.cian.ru/sale/flat/298664300/
17933958;2;EAR;38,04;20,2;15;20;2024;1;0;;1;https://www.cian.ru/sale/flat/297150997/
17948111;6;WAR;63,7;;13;25;2021;1;0;2,63;3;https://www.cian.ru/sale/flat/299449830/
17950000;15;NEAR;59,9;33,9;14;14;2003;0;0;2,74;2;https://www.cian.ru/sale/flat/295278167/
17950000;6;SAR;56,6;;15;21;2011;0;0;;2;https://www.cian.ru/sale/flat/295462972/
17950000;6;SWAR;39;18,6;6;25;2023;0;0;3,2;1;https://www.cian.ru/sale/flat/295315041/
17970000;20;NWAR;36;15;20;25;2022;0;0;2,8;1;https://www.cian.ru/sale/flat/300246480/
17990000;8;WAR;41,1;;27;41;;0;0;;2;https://www.cian.ru/sale/flat/298002960/
17990000;18;SEAR;65,1;;24;25;2022;0;0;2,62;2;https://www.cian.ru/sale/flat/300402728/
17990000;4;WAR;42,8;;4;5;1960;0;0;2,8;2;https://www.cian.ru/sale/flat/298783896/
17990000;8;SEAR;40;;24;30;2023;0;0;3,2;1;https://www.cian.ru/sale/flat/300775267/
17999900;12;NWAR;46,7;18;18;21;2022;0;1;3;1;https://www.cian.ru/sale/flat/293749407/
18000000;12;SWAR;42,6;21,2;6;28;2024;1;0;;2;https://www.cian.ru/sale/flat/294997110/
18000000;19;NAR;61,6;32,6;4;25;2023;0;0;2,7;2;https://www.cian.ru/sale/flat/300724209/
18000000;12;NAR;48,8;;5;6;1952;0;1;3,2;2;https://www.cian.ru/sale/flat/299520754/
18000000;5;NEAR;58;34;10;21;2023;0;0;2,75;2;https://www.cian.ru/sale/flat/299382631/
18000000;7;CAR;34,9;26,2;2;5;1941;0;0;2,9;2;https://www.cian.ru/sale/flat/296209444/
18000000;9;SWAR;55,1;35,2;2;8;;0;0;;2;https://www.cian.ru/sale/flat/292318097/
18000000;15;SWAR;45,1;;6;9;1964;0;0;2,64;2;https://www.cian.ru/sale/flat/295970933/
18000000;9;NWAR;37;11,3;20;32;;0;0;3,1;1;https://www.cian.ru/sale/flat/298830651/
18000000;19;SEAR;38,6;15,4;7;22;2023;1;0;;1;https://www.cian.ru/sale/flat/296248018/
18000000;13;SAR;38,8;;5;20;2024;1;0;3,15;1;https://www.cian.ru/sale/flat/300529477/
18000000;10;NEAR;38,1;13,7;7;52;2024;1;0;3,28;1;https://www.cian.ru/sale/flat/300734756/
18000000;8;SAR;40,3;11,6;3;9;2024;1;0;3;1;https://www.cian.ru/sale/flat/300680273/
18000000;5;NWAR;36,3;15;11;36;2022;0;0;2,75;1;https://www.cian.ru/sale/flat/298464053/
18000000;10;NAR;32,1;20;4;15;;0;1;;1;https://www.cian.ru/sale/flat/300540943/
18000000;12;NWAR;32;19;2;37;2018;0;1;3,2;1;https://www.cian.ru/sale/flat/299655895/
18000000;9;NWAR;37;11,3;20;32;;;;;1;https://www.cian.ru/sale/flat/298830651/
18000000;6;SAR;100;70;4;4;;0;1;4;4;https://www.cian.ru/sale/flat/294174791/
18000000;10;SEAR;63;46;2;9;;0;0;;4;https://www.cian.ru/sale/flat/292465322/
18018378;10;NAR;46,5;13,7;30;32;2023;1;0;2,72;1;https://www.cian.ru/sale/flat/296577488/
18022000;9;NEAR;43,6;;14;27;2022;1;0;;1;https://www.cian.ru/sale/flat/294033665/
18029400;16;NAR;59,7;29,7;7;15;2023;1;0;2,84;2;https://www.cian.ru/sale/flat/297033157/
18038615;10;NAR;42,5;13,5;32;32;2023;1;0;2,72;1;https://www.cian.ru/sale/flat/299906790/
18062500;4;WAR;42,5;13,3;11;29;2022;1;1;3;1;https://www.cian.ru/sale/flat/292026458/
18065482;27;SAR;58,6;25,6;23;23;2023;1;0;2,62;2;https://www.cian.ru/sale/flat/300726033/
18082940;30;WAR;41,4;12,7;32;34;2023;1;0;2,62;1;https://www.cian.ru/sale/flat/300679329/
18085704;29;WAR;42;11,7;3;33;2023;1;0;2,62;1;https://www.cian.ru/sale/flat/300679407/
18090016;24;WAR;41,5;14,6;5;21;2023;1;0;2,74;1;https://www.cian.ru/sale/flat/279592032/
18099000;14;SAR;35,4;;13;15;2023;1;0;;1;https://www.cian.ru/sale/flat/295991044/
18100000;12;NEAR;62,5;;2;17;2016;0;0;;2;https://www.cian.ru/sale/flat/299733844/
18100000;8;SAR;49,4;;15;22;1988;0;0;;2;https://www.cian.ru/sale/flat/300615971/
18100000;9;SAR;65;27,4;18;18;2011;0;0;2,9;3;https://www.cian.ru/sale/flat/300067867/
18105100;6;NWAR;53,3;32,2;12;16;1982;0;0;2,64;2;https://www.cian.ru/sale/flat/300398287/
18130000;7;NEAR;57,4;29,6;10;22;;0;0;2,85;2;https://www.cian.ru/sale/flat/299853615/
18150000;5;NWAR;52,2;;22;22;2022;0;1;;2;https://www.cian.ru/sale/flat/300015130/
18199000;11;NEAR;51,6;;5;32;2023;1;0;;2;https://www.cian.ru/sale/flat/299873243/
18200000;7;NEAR;54;35;3;5;1957;0;0;3;2;https://www.cian.ru/sale/flat/292565452/
18200000;8;NWAR;50;21;22;22;2022;0;0;;2;https://www.cian.ru/sale/flat/298346336/
18200000;14;EAR;58,8;32,5;16;24;2023;0;0;2,7;2;https://www.cian.ru/sale/flat/300640451/
18200000;7;NAR;38;11,7;13;15;;0;1;2,9;1;https://www.cian.ru/sale/flat/299024926/
18200000;22;SAR;35,6;12,5;11;15;2024;0;0;;1;https://www.cian.ru/sale/flat/299000581/
18200000;13;SWAR;96,4;60;1;10;1961;0;1;2,65;3;https://www.cian.ru/sale/flat/299430544/
18200000;6;SAR;112,1;;11;22;;0;0;;4;https://www.cian.ru/sale/flat/300640200/
18200000;16;SAR;77,3;50,8;3;14;1990;0;0;;4;https://www.cian.ru/sale/flat/288645420/
18200089;24;WAR;35,2;11;21;21;2023;1;0;3,87;1;https://www.cian.ru/sale/flat/286829765/
18211840;12;WAR;51,2;23,7;18;21;2023;1;0;2,7;2;https://www.cian.ru/sale/flat/299876157/
18250000;6;NWAR;50,3;;7;16;1987;0;0;;2;https://www.cian.ru/sale/flat/300504155/
18250000;4;WAR;42,2;13,5;14;21;2023;1;0;2,74;1;https://www.cian.ru/sale/flat/298396928/
18250000;9;SEAR;90,9;62;3;17;2013;0;0;2,64;4;https://www.cian.ru/sale/flat/292603829/
18270000;13;SEAR;40,6;29,3;10;10;2017;0;1;3,2;2;https://www.cian.ru/sale/flat/299928040/
18300000;5;NWAR;53,5;;9;22;2022;0;1;;2;https://www.cian.ru/sale/flat/297423245/
18300000;19;NWAR;42;28;9;18;2022;0;1;3;2;https://www.cian.ru/sale/flat/300747383/
18300000;19;SWAR;45,4;;5;9;;0;0;;2;https://www.cian.ru/sale/flat/300476400/
18300000;12;SAR;59;30;2;19;2015;0;0;;2;https://www.cian.ru/sale/flat/284528253/
18300000;12;CAR;38,7;20;13;14;2011;0;0;2,75;1;https://www.cian.ru/sale/flat/297215041/
18300000;14;WAR;37,7;11;7;27;2022;0;0;2,9;1;https://www.cian.ru/sale/flat/300836735/
18300000;12;SAR;64,6;44,2;11;12;1966;0;0;;3;https://www.cian.ru/sale/flat/298678425/
18300000;7;EAR;78;61,8;8;9;;0;0;2,7;4;https://www.cian.ru/sale/flat/300483653/
18328700;16;NAR;61,3;29,6;13;13;2023;1;0;2,84;2;https://www.cian.ru/sale/flat/297032833/
18343212;9;WAR;44,79;30,1;18;30;2023;1;0;3,3;2;https://www.cian.ru/sale/flat/299583584/
18350000;4;EAR;77;52,1;3;5;1960;0;0;2,95;3;https://www.cian.ru/sale/flat/298808963/
18350000;6;SAR;85,5;60,2;9;12;1976;0;0;2,65;4;https://www.cian.ru/sale/flat/299328201/
18359136;5;NWAR;72;44;18;22;2022;1;1;2,87;3;https://www.cian.ru/sale/flat/300985242/
18376470;7;NAR;46,3;13,4;11;32;2023;1;0;2,72;1;https://www.cian.ru/sale/flat/299906811/
18388406;10;WAR;63,7;;13;25;2021;1;0;2,63;3;https://www.cian.ru/sale/flat/300605454/
18400000;13;SAR;39,9;11;19;20;2024;1;0;2,9;1;https://www.cian.ru/sale/flat/298538613/
18400000;9;NWAR;35;17;6;33;2023;1;0;3,5;1;https://www.cian.ru/sale/flat/298231338/
18400000;8;SAR;46,3;17;2;28;;0;0;;1;https://www.cian.ru/sale/flat/300941020/
18400000;9;EAR;86,3;57,7;3;12;1985;0;0;2,7;4;https://www.cian.ru/sale/flat/298681334/
18424313;10;SEAR;53,9;;30;33;2023;1;0;2,72;2;https://www.cian.ru/sale/flat/300362073/
18432030;11;WAR;46,3;21,8;32;33;2023;1;0;2,62;2;https://www.cian.ru/sale/flat/293187689/
18437040;14;WAR;52,2;20,8;22;33;2023;1;0;2,7;2;https://www.cian.ru/sale/flat/286155220/
18450000;13;NEAR;55,9;;5;17;;0;0;;2;https://www.cian.ru/sale/flat/300052374/
18450000;;EAR;58;30;22;33;2024;0;0;;3;https://www.cian.ru/sale/flat/299860834/
18462000;15;WAR;52;27;10;29;2022;0;0;2,9;2;https://www.cian.ru/sale/flat/299762508/
18480000;7;NWAR;44,2;;6;11;2012;0;1;3;2;https://www.cian.ru/sale/flat/299984457/
18490000;20;SAR;21,5;15;23;28;2023;0;0;3;1;https://www.cian.ru/sale/flat/300218010/
18499000;12;NEAR;37,6;10,1;18;30;2024;1;0;3,15;1;https://www.cian.ru/sale/flat/297083311/
18500000;14;WAR;43,2;;3;25;2015;0;1;;2;https://www.cian.ru/sale/flat/289779311/
18500000;10;NAR;45;;5;5;1962;0;0;2,48;2;https://www.cian.ru/sale/flat/300427642/
18500000;15;SAR;40,6;;11;16;2023;0;0;;2;https://www.cian.ru/sale/flat/300032408/
18500000;9;NEAR;53,2;;8;25;2022;0;0;;2;https://www.cian.ru/sale/flat/299461037/
18500000;6;NEAR;57,3;;18;22;;0;0;;2;https://www.cian.ru/sale/flat/299856835/
18500000;14;SEAR;52,6;;6;14;1976;0;0;2,7;2;https://www.cian.ru/sale/flat/300112210/
18500000;12;NAR;38,3;;7;21;2023;0;1;3,13;2;https://www.cian.ru/sale/flat/299924004/
18500000;12;NEAR;53,1;31,5;16;17;2004;0;0;2,55;2;https://www.cian.ru/sale/flat/300733343/
18500000;8;WAR;42,6;;15;24;2024;1;0;;1;https://www.cian.ru/sale/flat/299463238/
18500000;18;SWAR;37,6;;17;47;2024;1;0;3,15;1;https://www.cian.ru/sale/flat/299740765/
18500000;2;SEAR;35,1;12;27;30;2021;0;0;3;1;https://www.cian.ru/sale/flat/297730158/
18500000;10;NWAR;41;;12;28;2022;0;0;3,02;1;https://www.cian.ru/sale/flat/298839224/
18500000;15;SAR;37;12;8;8;;;;;1;https://www.cian.ru/sale/flat/295930960/
18500000;7;WAR;73;50;5;5;;0;0;3;3;https://www.cian.ru/sale/flat/293454410/
18500000;4;NWAR;54,7;;3;5;1964;0;0;2,48;3;https://www.cian.ru/sale/flat/299595531/
18500000;17;NAR;73;53;5;5;1960;0;0;;3;https://www.cian.ru/sale/flat/300788549/
18500000;13;SEAR;80,1;48,7;5;12;1983;0;0;2,64;3;https://www.cian.ru/sale/flat/300733347/
18500000;9;WAR;62,6;48;4;9;1969;0;0;2,6;4;https://www.cian.ru/sale/flat/294650914/
18500000;16;SEAR;76,6;53,8;3;5;1958;0;0;3;4;https://www.cian.ru/sale/flat/300412066/
18500000;11;SEAR;90,7;;4;12;1984;0;0;2,7;4;https://www.cian.ru/sale/flat/297121259/
18500000;16;NEAR;73,8;51;3;12;1980;0;0;2,64;4;https://www.cian.ru/sale/flat/295849808/
18500000;22;SAR;74;54;2;9;1961;0;0;;4;https://www.cian.ru/sale/flat/282638614/
18523001;17;SEAR;41,3;12,3;22;30;2024;1;0;2,87;1;https://www.cian.ru/sale/flat/300575265/
18550000;17;NWAR;38,9;15,2;8;44;2023;1;0;;1;https://www.cian.ru/sale/flat/296284550/
18574202;23;SWAR;84,9;;2;21;2023;1;0;2,99;4;https://www.cian.ru/sale/flat/297569208/
18588577;19;SEAR;37,4;9,7;29;30;2024;1;0;2,87;1;https://www.cian.ru/sale/flat/300575567/
18600000;7;NWAR;56,6;;2;25;2014;0;0;2,75;2;https://www.cian.ru/sale/flat/291104285/
18600000;10;SAR;37,7;22,8;8;9;1964;0;0;2,6;2;https://www.cian.ru/sale/flat/297903197/
18600000;16;WAR;43,5;;13;21;2015;0;1;3;2;https://www.cian.ru/sale/flat/299757372/
18600000;11;NWAR;37,6;;37;53;2021;0;0;;1;https://www.cian.ru/sale/flat/295760765/
18600000;5;NWAR;38;;9;25;2023;0;0;3,1;1;https://www.cian.ru/sale/flat/294670793/
18603000;8;SAR;47,7;;3;9;1974;0;0;2,64;2;https://www.cian.ru/sale/flat/298726841/
18627000;14;WAR;52,5;20,8;28;33;2023;1;0;2,7;2;https://www.cian.ru/sale/flat/289149353/
18650000;20;SAR;44,3;;5;16;2023;1;0;3,15;2;https://www.cian.ru/sale/flat/300567987/
18652971;9;EAR;61,13;46,8;11;25;2024;1;1;2,8;3;https://www.cian.ru/sale/flat/300294332/
18688012;10;SEAR;51,4;;26;33;2023;1;0;2,72;2;https://www.cian.ru/sale/flat/300362060/
18690000;11;SEAR;85,6;57,1;3;12;;0;0;;4;https://www.cian.ru/sale/flat/293144686/
18700000;7;SEAR;48,4;21,4;15;27;2023;1;0;;2;https://www.cian.ru/sale/flat/296856934/
18700000;12;SAR;46;;13;24;2022;0;0;2,8;2;https://www.cian.ru/sale/flat/300445688/
18700000;6;WAR;53,1;27,7;18;32;2022;0;0;2,62;2;https://www.cian.ru/sale/flat/299482557/
18700000;;NAR;44,7;;3;22;2023;0;1;;2;https://www.cian.ru/sale/flat/299982265/
18700000;14;WAR;37,7;17,7;7;27;;0;0;;1;https://www.cian.ru/sale/flat/300110671/
18700000;;NAR;44,7;20;3;22;2023;0;1;;1;https://www.cian.ru/sale/flat/299969211/
18700000;17;SAR;36,5;10,2;16;46;;0;0;3;1;https://www.cian.ru/sale/flat/300499349/
18762218;17;SEAR;41,5;12,3;28;30;2024;1;0;2,87;1;https://www.cian.ru/sale/flat/300575270/
18770841;10;SEAR;51,6;;31;33;2023;1;0;2,72;2;https://www.cian.ru/sale/flat/300362081/
18799000;5;WAR;55;30;7;21;2023;1;0;;3;https://www.cian.ru/sale/flat/299812955/
18800000;8;NAR;47,6;30,8;10;35;2023;1;0;;2;https://www.cian.ru/sale/flat/300251772/
18800000;4;EAR;56,8;;2;12;1979;0;0;;2;https://www.cian.ru/sale/flat/294716867/
18800000;5;NWAR;60;10;18;24;2022;0;0;2,8;2;https://www.cian.ru/sale/flat/300787656/
18800000;15;NWAR;34,7;15,6;19;44;2023;1;0;3,6;1;https://www.cian.ru/sale/flat/298745465/
18800000;12;NEAR;34,2;;18;20;2021;0;1;;1;https://www.cian.ru/sale/flat/300241514/
18865980;10;NAR;46;13,4;32;32;2023;1;0;2,72;1;https://www.cian.ru/sale/flat/279400254/
18873388;24;WAR;43,2;13,6;8;21;2023;1;0;2,74;1;https://www.cian.ru/sale/flat/291534652/
18878400;9;NEAR;50,1;;12;27;2022;1;0;;1;https://www.cian.ru/sale/flat/294033379/
18888888;5;NAR;38,64;7;22;30;2018;0;0;2,8;1;https://www.cian.ru/sale/flat/300441246/
18900000;20;SWAR;42,6;26,7;10;42;2023;0;0;3;2;https://www.cian.ru/sale/flat/300368305/
18900000;2;NEAR;49,1;;17;18;;0;1;;2;https://www.cian.ru/sale/flat/300528739/
18900000;9;NWAR;35;25;8;33;2023;1;0;3,5;1;https://www.cian.ru/sale/flat/299132213/
18900000;11;SEAR;41,7;;5;26;2023;0;0;2,6;1;https://www.cian.ru/sale/flat/300832068/
18900000;4;SAR;41,7;15,9;23;26;2023;0;0;3;1;https://www.cian.ru/sale/flat/295736833/
18900000;7;CAR;33;16,7;8;12;1974;0;0;2,6;1;https://www.cian.ru/sale/flat/296836592/
18900000;12;SEAR;73,5;50,5;3;12;1984;0;0;2,6;4;https://www.cian.ru/sale/flat/297459059/
18914069;22;NWAR;65,6;20,3;3;25;2022;1;1;3;3;https://www.cian.ru/sale/flat/296357844/
18950000;5;NAR;64,1;;3;17;2015;0;0;2,75;2;https://www.cian.ru/sale/flat/299389260/
18963034;16;NAR;89,6;52;4;14;2023;1;0;2,84;4;https://www.cian.ru/sale/flat/297032899/
18972800;30;WAR;44;15,6;9;34;2023;1;0;2,62;1;https://www.cian.ru/sale/flat/300679308/
18973473;4;SWAR;87,3;;2;21;2023;1;0;2,99;3;https://www.cian.ru/sale/flat/297569207/
18982653;4;NWAR;39,36;11,7;48;52;2024;1;0;2,85;1;https://www.cian.ru/sale/flat/294936941/
18990000;7;SWAR;47;15,6;3;34;2023;0;0;3;1;https://www.cian.ru/sale/flat/300415453/
18990000;6;WAR;99,5;64;17;22;;0;0;;4;https://www.cian.ru/sale/flat/300345183/
18995000;14;SWAR;81;50;13;14;1992;0;0;2,7;3;https://www.cian.ru/sale/flat/296922765/
18999999;8;WAR;60;32;2;23;;0;0;;2;https://www.cian.ru/sale/flat/298382931/
18999999;5;SAR;63,9;43,6;6;9;1969;0;0;2,64;4;https://www.cian.ru/sale/flat/300348093/
19000000;11;SAR;53;38;13;17;2020;0;1;2,6;2;https://www.cian.ru/sale/flat/296314137/
19000000;3;SAR;53,3;;4;8;1960;0;0;2,7;2;https://www.cian.ru/sale/flat/300428385/
19000000;11;SEAR;49,6;16,3;9;22;2023;1;0;;1;https://www.cian.ru/sale/flat/296575731/
19000000;19;SEAR;34,6;12;12;14;2023;1;0;;1;https://www.cian.ru/sale/flat/300103650/
19000000;5;NWAR;35,5;15,2;7;23;2023;0;0;3,2;1;https://www.cian.ru/sale/flat/291807482/
19000000;8;NWAR;35;;3;32;2023;0;0;3;1;https://www.cian.ru/sale/flat/298159475/
19000000;;NWAR;43;22;19;22;;0;1;3;1;https://www.cian.ru/sale/flat/300397973/
19000000;8;NAR;47;20;35;35;2021;0;0;3;1;https://www.cian.ru/sale/flat/296780495/
19000000;9;WAR;40,6;17,7;12;16;;0;0;;1;https://www.cian.ru/sale/flat/300889564/
19000000;5;NWAR;38;;17;25;2023;0;0;3,1;1;https://www.cian.ru/sale/flat/300144568/
19000000;;SAR;110;52,8;2;18;2023;1;0;2,8;3;https://www.cian.ru/sale/flat/297118874/
19000000;8;CAR;47;30;5;6;;0;0;;3;https://www.cian.ru/sale/flat/300640756/
19000000;1;SEAR;71,8;51,9;5;5;1929;0;0;;4;https://www.cian.ru/sale/flat/294418297/
19027591;29;WAR;43,7;15,6;31;33;2023;1;0;2,62;1;https://www.cian.ru/sale/flat/300679191/
19080360;11;WAR;48,6;21,7;28;33;2023;1;0;2,62;2;https://www.cian.ru/sale/flat/291512784/
19081776;10;SEAR;56;;2;33;2023;1;0;2,72;2;https://www.cian.ru/sale/flat/300362033/
19113240;4;WAR;66,4;31,5;2;29;2022;1;1;3;2;https://www.cian.ru/sale/flat/286713661/
19162944;15;NAR;40,8;;35;36;2023;1;0;2,95;1;https://www.cian.ru/sale/flat/298317466/
19168200;10;SEAR;46;14,3;2;29;2022;1;0;2,87;1;https://www.cian.ru/sale/flat/300575274/
19200000;2;NAR;42,3;32,2;2;8;1960;0;0;2,65;2;https://www.cian.ru/sale/flat/299389518/
19200000;9;WAR;72,1;50,4;4;5;1954;0;0;3;3;https://www.cian.ru/sale/flat/300122099/
19200000;5;WAR;76;52;2;12;1983;0;0;2,64;4;https://www.cian.ru/sale/flat/294644665/
19250000;8;NAR;54;32,1;6;17;2007;0;0;;2;https://www.cian.ru/sale/flat/299235333/
19260000;19;WAR;57;40,2;6;10;;0;0;;3;https://www.cian.ru/sale/flat/300592453/
19267900;9;;48,7;;11;27;2022;1;0;;1;https://www.cian.ru/sale/flat/294033942/
19280000;14;WAR;45,3;;22;27;2022;1;0;;1;https://www.cian.ru/sale/flat/299256398/
19280443;16;NAR;85,7;48,2;5;14;2023;1;0;2,84;4;https://www.cian.ru/sale/flat/297033464/
19300000;8;EAR;57;36;3;6;1927;0;0;3,2;2;https://www.cian.ru/sale/flat/300654584/
19300000;4;EAR;80;43;10;11;2005;0;0;;3;https://www.cian.ru/sale/flat/294650660/
19328110;27;NEAR;42,1;12,7;5;14;2023;1;0;2,83;1;https://www.cian.ru/sale/flat/300918140/
19344758;7;SAR;47,6;;13;15;2022;1;0;2,7;1;https://www.cian.ru/sale/flat/300289659/
19350000;6;WAR;100,4;64,7;17;22;1988;0;0;2,64;4;https://www.cian.ru/sale/flat/291866313/
19350000;10;SWAR;92,6;63,7;5;9;;0;0;;4;https://www.cian.ru/sale/flat/300442688/
19383067;21;NWAR;85,4;39,1;6;24;2022;1;0;2,82;3;https://www.cian.ru/sale/flat/300917933/
19400000;5;NWAR;38;14;11;24;2023;1;0;3,15;1;https://www.cian.ru/sale/flat/298051122/
19400000;5;EAR;72,1;52;6;16;1968;0;0;2,65;4;https://www.cian.ru/sale/flat/298169684/
19400962;19;SEAR;41,4;13,1;23;30;2024;1;0;2,87;1;https://www.cian.ru/sale/flat/300575526/
19418339;6;NWAR;64,54;43,9;22;22;2022;1;1;3;2;https://www.cian.ru/sale/flat/297552658/
19427045;16;NAR;83,9;46,3;11;13;2023;1;0;2,84;3;https://www.cian.ru/sale/flat/297032835/
19431200;27;NEAR;45,4;13,3;10;14;2023;1;0;2,83;1;https://www.cian.ru/sale/flat/300918147/
19435000;13;NAR;54;33;3;5;1961;0;0;2,65;2;https://www.cian.ru/sale/flat/291968693/
19450000;15;SEAR;37;15;5;28;2021;0;0;3,2;1;https://www.cian.ru/sale/flat/295896231/
19458439;5;WAR;71,5;;7;25;2021;1;0;2,63;2;https://www.cian.ru/sale/flat/300605473/
19468778;30;WAR;51,4;22,7;4;33;2024;1;0;2,62;2;https://www.cian.ru/sale/flat/300679261/
19490000;9;CAR;52,7;21;5;7;2018;0;1;3,4;1;https://www.cian.ru/sale/flat/298068780/
19499999;;SWAR;47,2;17;3;42;;0;0;;1;https://www.cian.ru/sale/flat/296438200/
19500000;7;WAR;51;20,3;16;17;2023;1;0;;2;https://www.cian.ru/sale/flat/300488768/
19500000;19;SEAR;57,4;;10;11;2021;0;1;3;2;https://www.cian.ru/sale/flat/295669985/
19500000;10;NEAR;50;33,9;18;27;2022;0;0;3,2;2;https://www.cian.ru/sale/flat/299068142/
19500000;7;NWAR;60,9;;15;28;;0;0;3;2;https://www.cian.ru/sale/flat/300499251/
19500000;16;NWAR;39;12,5;2;6;2023;1;1;3,24;1;https://www.cian.ru/sale/flat/299370745/
19500000;6;SAR;42,3;;10;13;2024;1;0;2,65;1;https://www.cian.ru/sale/flat/300982132/
19500000;14;SAR;42,8;12,8;9;14;2023;1;0;;1;https://www.cian.ru/sale/flat/297333633/
19500000;8;CAR;35;18;7;9;1976;0;0;2,6;1;https://www.cian.ru/sale/flat/300225205/
19500000;8;WAR;36,9;;6;17;2022;0;0;3,12;1;https://www.cian.ru/sale/flat/295222259/
19500000;4;SEAR;80,6;48;5;14;2003;0;0;;3;https://www.cian.ru/sale/flat/298830650/
19500000;7;SEAR;84;56;7;8;1940;0;0;3,2;4;https://www.cian.ru/sale/flat/298902914/
19500000;4;NAR;83,9;54,3;5;14;1992;0;0;2,64;4;https://www.cian.ru/sale/flat/292686236/
19545610;10;SEAR;56,5;;29;33;2023;1;0;2,72;2;https://www.cian.ru/sale/flat/300362039/
19559584;2;EAR;47,09;18,6;2;20;2024;1;0;;2;https://www.cian.ru/sale/flat/297151036/
19570315;10;SEAR;57,9;;6;33;2023;1;0;2,72;2;https://www.cian.ru/sale/flat/300362053/
19573961;19;SEAR;41,5;13,1;28;30;2024;1;0;2,87;1;https://www.cian.ru/sale/flat/300575531/
19599000;12;NAR;81;57;4;12;1981;0;0;2,5;4;https://www.cian.ru/sale/flat/299586601/
19600000;9;SAR;103,5;53,4;10;20;2022;1;0;;3;https://www.cian.ru/sale/flat/291048126/
19601636;10;WAR;68,9;;4;25;2021;1;0;2,63;2;https://www.cian.ru/sale/flat/300889114/
19614228;;NWAR;41,9;;36;47;2023;1;0;3,05;1;https://www.cian.ru/sale/flat/296745558/
19654093;5;SAR;40,66;25,5;26;26;2023;1;0;2,87;2;https://www.cian.ru/sale/flat/284858726/
19678335;6;NAR;101,3;62,1;5;15;2023;1;0;2,84;4;https://www.cian.ru/sale/flat/297033401/
19690000;2;WAR;56,3;36,7;9;9;1977;0;0;;2;https://www.cian.ru/sale/flat/299518128/
19700000;26;NWAR;53,2;;5;21;2024;1;0;3;2;https://www.cian.ru/sale/flat/300283885/
19700000;7;WAR;50,2;30,3;3;17;1985;0;0;2,64;2;https://www.cian.ru/sale/flat/297303391/
19700000;10;NAR;50,5;15,9;27;44;;0;0;;2;https://www.cian.ru/sale/flat/296741786/
19700000;8;WAR;41,7;;24;24;2024;1;0;2,65;1;https://www.cian.ru/sale/flat/298277263/
19700000;20;SWAR;45,7;15,5;16;42;2023;0;0;3;1;https://www.cian.ru/sale/flat/300269721/
19700000;20;SWAR;42,7;13,2;10;42;2023;0;0;3;1;https://www.cian.ru/sale/flat/299323266/
19700000;13;WAR;33;;5;9;1962;0;0;3;1;https://www.cian.ru/sale/flat/300709125/
19700000;3;SWAR;91;66;5;10;1995;0;0;2,64;4;https://www.cian.ru/sale/flat/299708595/
19700000;6;SWAR;92,2;63,4;4;12;2000;0;0;2,64;4;https://www.cian.ru/sale/flat/294062823/
19730000;14;WAR;46,3;;23;27;2022;1;0;;1;https://www.cian.ru/sale/flat/299256404/
19748103;5;WAR;62,3;29,3;2;23;2023;1;0;2,73;2;https://www.cian.ru/sale/flat/298525426/
19750000;5;NWAR;53,4;;9;16;;0;0;;2;https://www.cian.ru/sale/flat/300449678/
19762560;;NWAR;43,8;;36;47;2023;1;0;3,05;1;https://www.cian.ru/sale/flat/296745561/
19764973;30;WAR;51,9;23,1;6;33;2024;1;0;2,62;2;https://www.cian.ru/sale/flat/300679268/
19789000;12;SWAR;56,5;32,1;9;17;1998;0;0;2,64;2;https://www.cian.ru/sale/flat/288255306/
19795000;4;EAR;51,61;20,7;21;29;2023;1;0;3;2;https://www.cian.ru/sale/flat/299292598/
19800000;10;NWAR;46;;9;26;2024;1;0;4,4;2;https://www.cian.ru/sale/flat/300567867/
19800000;15;SAR;50,5;26,1;12;22;2023;0;1;3;2;https://www.cian.ru/sale/flat/294564627/
19800000;10;NAR;61,6;;3;4;1958;0;0;3;2;https://www.cian.ru/sale/flat/300523406/
19800000;11;WAR;60;34;6;17;;0;0;2,7;2;https://www.cian.ru/sale/flat/300418102/
19800000;4;SAR;48,6;;18;23;2020;0;0;3;2;https://www.cian.ru/sale/flat/300794127/
19800000;8;NAR;61;36;17;22;2023;0;0;2,93;2;https://www.cian.ru/sale/flat/296923306/
19800000;11;CAR;31;;3;5;1958;0;0;2,85;1;https://www.cian.ru/sale/flat/294476646/
19821140;10;WAR;43,68;30,6;29;30;2023;1;0;3,3;2;https://www.cian.ru/sale/flat/298589269/
19821352;6;NAR;40,6;;3;33;2024;1;1;2,7;2;https://www.cian.ru/sale/flat/299401333/
19850000;8;SEAR;59,3;;30;33;2021;0;0;2,72;2;https://www.cian.ru/sale/flat/299184528/
19850000;11;EAR;57,1;;5;25;2020;0;0;2,8;2;https://www.cian.ru/sale/flat/300588052/
19869852;5;WAR;68,8;;9;25;2021;1;0;2,63;2;https://www.cian.ru/sale/flat/299449787/
19870358;8;NEAR;57,4;;3;22;2021;1;0;2,72;2;https://www.cian.ru/sale/flat/294768589/
19882837;29;WAR;48,9;21,1;29;33;2023;1;0;2,62;2;https://www.cian.ru/sale/flat/300679360/
19890000;14;WAR;92;48;25;25;2007;0;0;2,7;2;https://www.cian.ru/sale/flat/296709126/
19900000;4;SAR;49;32;7;17;2020;0;0;3;2;https://www.cian.ru/sale/flat/297994423/
19900000;5;CAR;42;;2;9;1968;0;0;2,6;2;https://www.cian.ru/sale/flat/300541952/
19900000;20;NWAR;45;;16;20;2023;0;0;;2;https://www.cian.ru/sale/flat/299985394/
19900000;20;NWAR;45;;8;20;2023;0;0;2,8;2;https://www.cian.ru/sale/flat/299967084/
19900000;9;SAR;74,6;37,9;8;15;;0;1;;3;https://www.cian.ru/sale/flat/298462127/
19921381;30;WAR;55,8;22,1;1;17;2024;1;0;3,3;1;https://www.cian.ru/sale/flat/300679182/
19932179;5;SWAR;40,3;;10;25;2024;1;0;3,17;1;https://www.cian.ru/sale/flat/294886650/
19950000;8;WAR;36;10;3;33;2022;0;0;2,6;1;https://www.cian.ru/sale/flat/294952977/
19950000;11;WAR;99,3;64;20;22;1988;0;0;2,64;4;https://www.cian.ru/sale/flat/299017679/
19980000;20;NWAR;39;16;5;25;2022;0;0;3;2;https://www.cian.ru/sale/flat/299615213/
19980000;18;SEAR;101;64;21;22;1996;0;0;2,66;4;https://www.cian.ru/sale/flat/299371010/
19990000;12;CAR;45,2;;4;8;1959;0;0;2,8;2;https://www.cian.ru/sale/flat/299595089/
19990000;5;NEAR;54,8;;3;8;1960;0;0;3;2;https://www.cian.ru/sale/flat/299501793/
19990000;3;NEAR;62;33;3;7;1957;0;0;3,2;2;https://www.cian.ru/sale/flat/299899135/
19990000;3;NAR;64,3;;3;6;1940;0;0;;2;https://www.cian.ru/sale/flat/300707176/
19990000;4;NWAR;58,5;32,9;17;17;;0;0;;2;https://www.cian.ru/sale/flat/296029218/
19990000;15;SEAR;34;20;6;28;2021;0;0;3;1;https://www.cian.ru/sale/flat/299108822/
19990000;19;SAR;49;11;2;29;2023;0;0;3;1;https://www.cian.ru/sale/flat/300176709/
19990000;7;SWAR;46,4;17,7;11;34;;0;0;3;1;https://www.cian.ru/sale/flat/296361605/
19999000;17;SAR;65,61;37,8;4;12;2024;1;0;;2;https://www.cian.ru/sale/flat/299855892/
19999000;10;SWAR;48,2;;8;8;1960;0;0;2,8;2;https://www.cian.ru/sale/flat/299293831/
19999000;8;WAR;99,8;64,4;2;22;1992;0;0;2,64;4;https://www.cian.ru/sale/flat/300059787/
19999900;;NWAR;48,6;18;19;21;2022;0;1;3;1;https://www.cian.ru/sale/flat/293743894/
19999999;16;SAR;54;;8;26;2024;1;0;;1;https://www.cian.ru/sale/flat/300620700/
19999999;11;SEAR;37,6;15,8;3;13;2023;1;0;;1;https://www.cian.ru/sale/flat/294354130/
20000000;14;SWAR;61;34,8;4;13;2023;1;0;;2;https://www.cian.ru/sale/flat/300006140/
20000000;4;NEAR;52,3;27,7;6;33;2023;1;0;;2;https://www.cian.ru/sale/flat/299601485/
20000000;5;WAR;45,5;;5;6;1961;0;0;2,7;2;https://www.cian.ru/sale/flat/300605744/
20000000;5;CAR;41;25,3;5;5;1961;0;0;2,7;2;https://www.cian.ru/sale/flat/300844237/
20000000;2;SEAR;52,5;30,5;8;14;1985;0;0;2,64;2;https://www.cian.ru/sale/flat/292659494/
20000000;7;CAR;45;31,4;5;9;;0;0;;2;https://www.cian.ru/sale/flat/300112199/
20000000;15;WAR;54;32;9;17;1986;0;0;2,64;2;https://www.cian.ru/sale/flat/300320333/
20000000;6;WAR;55,3;;2;54;2024;1;0;3;1;https://www.cian.ru/sale/flat/298623574/
20000000;5;NWAR;37,6;14,7;20;25;2023;1;0;;1;https://www.cian.ru/sale/flat/298839620/
20000000;9;NWAR;41,8;14,5;12;48;2022;0;0;3,1;1;https://www.cian.ru/sale/flat/299523717/
20000000;9;NWAR;41,3;15,2;12;48;2022;0;0;3,1;1;https://www.cian.ru/sale/flat/299523715/
20000000;;NWAR;42,4;15;18;48;2022;;;;1;https://www.cian.ru/sale/flat/292001549/
20000000;12;SEAR;74,7;43,9;3;17;1990;0;0;2,64;3;https://www.cian.ru/sale/flat/300752416/
20000000;8;WAR;67;50;5;9;;0;0;;4;https://www.cian.ru/sale/flat/301016139/
20000000;8;WAR;67;47;5;9;1968;0;0;2,5;4;https://www.cian.ru/sale/flat/300942055/
20000000;7;EAR;79;55,4;5;6;1927;0;0;3;4;https://www.cian.ru/sale/flat/297525115/
20000000;8;WAR;64;;5;9;1967;0;0;2,64;4;https://www.cian.ru/sale/flat/299062643/
20000000;5;SAR;97,7;62,1;17;18;2021;0;0;2,8;4;https://www.cian.ru/sale/flat/293891888/
20000000;6;SWAR;96,4;60;2;14;2002;0;0;2,64;4;https://www.cian.ru/sale/flat/291111348/
20004880;11;WAR;51,4;23,2;25;33;2023;1;0;2,62;2;https://www.cian.ru/sale/flat/297434006/
20018048;30;WAR;48,6;;27;33;2023;1;0;2,62;2;https://www.cian.ru/sale/flat/300679492/
20058305;16;NAR;90,7;54,1;13;14;2023;1;0;2,84;4;https://www.cian.ru/sale/flat/297032953/
20069280;12;WAR;54,3;20,2;20;21;2023;1;0;2,7;2;https://www.cian.ru/sale/flat/288566013/
20072275;7;SAR;38,5;;12;15;2022;1;0;2,7;1;https://www.cian.ru/sale/flat/299533279/
20087358;10;WAR;47,83;33,7;20;29;2023;1;0;3,3;2;https://www.cian.ru/sale/flat/297986195/
20115950;12;WAR;54,5;20,2;15;21;2023;1;0;2,7;2;https://www.cian.ru/sale/flat/274414262/
20128403;24;SAR;40,9;12,8;10;16;2023;1;0;3,15;1;https://www.cian.ru/sale/flat/293736482/
20150000;17;NAR;74,6;;7;12;2024;1;0;3;2;https://www.cian.ru/sale/flat/300110568/
20154060;12;WAR;49,8;35,6;20;21;2020;1;1;3,3;2;https://www.cian.ru/sale/flat/291690425/
20182750;9;NEAR;58,5;;3;27;2022;1;0;;2;https://www.cian.ru/sale/flat/294033761/
20196286;8;NEAR;58,4;;2;22;2021;1;0;2,72;2;https://www.cian.ru/sale/flat/294768587/
20200000;5;NWAR;38;14;11;23;;0;0;3,3;1;https://www.cian.ru/sale/flat/297298638/
20200000;6;NWAR;72,7;50,7;4;5;1959;0;0;3,1;3;https://www.cian.ru/sale/flat/296830257/
20257800;9;NEAR;51,2;;11;27;2022;1;0;;1;https://www.cian.ru/sale/flat/296010064/
20299959;5;NEAR;67,4;;2;33;2023;1;0;2,63;2;https://www.cian.ru/sale/flat/299449844/
20300000;12;NAR;45;28;7;14;1971;0;0;2,64;2;https://www.cian.ru/sale/flat/300813808/
20300000;8;SEAR;60,1;;8;20;2019;0;0;2,9;2;https://www.cian.ru/sale/flat/298820904/
20300000;4;;39;13,5;9;33;;0;0;3;1;https://www.cian.ru/sale/flat/300011239/
20300000;9;SAR;69,4;;17;23;2007;0;0;3;1;https://www.cian.ru/sale/flat/300814010/
20300000;20;SAR;64,7;49,7;14;16;;0;0;2,5;3;https://www.cian.ru/sale/flat/298879818/
20300000;6;NWAR;90,5;61,7;1;16;;0;0;2,8;4;https://www.cian.ru/sale/flat/298485891/
20300000;10;SAR;74,6;58,4;4;9;1965;0;0;2,64;4;https://www.cian.ru/sale/flat/292374663/
20300000;5;EAR;71,1;49,4;9;16;1968;0;0;2,64;4;https://www.cian.ru/sale/flat/297074040/
20301398;27;SAR;71,6;29,1;2;33;2023;1;0;2,62;2;https://www.cian.ru/sale/flat/300725137/
20303991;22;SAR;74,7;34,6;26;33;2023;1;0;2,62;3;https://www.cian.ru/sale/flat/300725246/
20349681;4;NWAR;43,98;14,7;49;52;2024;1;0;2,85;1;https://www.cian.ru/sale/flat/294936933/
20398240;4;EAR;55,43;27,2;19;29;2023;1;0;3;2;https://www.cian.ru/sale/flat/300687592/
20400000;10;CAR;53,6;30,5;7;12;2001;0;0;2,75;2;https://www.cian.ru/sale/flat/298598845/
20400000;9;NAR;77;45,1;5;12;2001;0;0;2,75;3;https://www.cian.ru/sale/flat/298575010/
20421075;5;SWAR;41;;12;25;2024;1;0;3,17;1;https://www.cian.ru/sale/flat/294550004/
20450000;5;EAR;76,1;55,1;4;14;2003;0;0;2,7;2;https://www.cian.ru/sale/flat/299034172/
20450000;13;SAR;43,09;;3;20;2024;1;0;3,9;1;https://www.cian.ru/sale/flat/298680296/
20463155;8;NAR;39,7;25,6;16;35;2023;1;0;3,1;2;https://www.cian.ru/sale/flat/298335378/
20490000;13;WAR;59;;11;17;1988;0;0;2,8;2;https://www.cian.ru/sale/flat/299121498/
20490000;9;SEAR;64;43;9;12;1980;0;0;2,6;3;https://www.cian.ru/sale/flat/299875840/
20493503;5;WAR;75,7;;10;25;2021;1;0;2,63;3;https://www.cian.ru/sale/flat/300605475/
20499990;20;SAR;40;11,1;13;48;2023;0;0;3;1;https://www.cian.ru/sale/flat/300422203/
20500000;13;SAR;47;13;7;20;2024;1;0;3,9;2;https://www.cian.ru/sale/flat/299287253/
20500000;4;NAR;61;24,2;11;17;2022;1;0;;2;https://www.cian.ru/sale/flat/259968915/
20500000;1;SWAR;57,8;33,2;3;25;2012;0;0;2,78;2;https://www.cian.ru/sale/flat/300622649/
20500000;8;WAR;46,3;;22;31;2022;0;0;;2;https://www.cian.ru/sale/flat/300662643/
20500000;20;NEAR;57,7;;2;22;2021;0;0;2,7;2;https://www.cian.ru/sale/flat/300569317/
20500000;3;EAR;78,4;42,1;4;6;1955;0;0;3;2;https://www.cian.ru/sale/flat/299432509/
20500000;10;NAR;55;40;6;12;1979;0;0;;2;https://www.cian.ru/sale/flat/300497889/
20500000;3;SWAR;54,5;32,6;5;8;;0;0;;2;https://www.cian.ru/sale/flat/298487950/
20500000;6;WAR;68,5;37,5;18;24;2018;0;0;2,65;2;https://www.cian.ru/sale/flat/298502665/
20500000;16;WAR;41,2;16,2;10;17;;0;0;;2;https://www.cian.ru/sale/flat/299166849/
20500000;19;NAR;59,6;;4;17;2011;0;0;2,74;2;https://www.cian.ru/sale/flat/300791931/
20500000;19;SEAR;43,7;14,2;5;14;2023;1;0;;1;https://www.cian.ru/sale/flat/297514531/
20500000;5;NEAR;61,6;35;2;22;2020;0;0;2,8;3;https://www.cian.ru/sale/flat/300720765/
20500000;5;SAR;109,88;;11;20;2023;0;0;;4;https://www.cian.ru/sale/flat/295436992/
20500000;8;WAR;67;53;5;9;1967;0;0;2,5;4;https://www.cian.ru/sale/flat/300889157/
20500000;3;SAR;70,4;;6;16;1970;0;0;2,64;4;https://www.cian.ru/sale/flat/274704893/
20500000;15;SWAR;87;;22;23;;0;0;3;4;https://www.cian.ru/sale/flat/299404883/
20535330;4;WAR;62,2;35,2;23;29;2022;1;1;3;2;https://www.cian.ru/sale/flat/290856466/
20560106;7;WAR;41;13,5;21;21;2023;1;0;3,87;1;https://www.cian.ru/sale/flat/279591937/
20588673;16;NWAR;61,7;;2;24;2024;1;0;3;2;https://www.cian.ru/sale/flat/300361489/
20600000;13;EAR;85,4;55,8;1;5;1955;0;0;3;4;https://www.cian.ru/sale/flat/298220641/
20605421;24;WAR;44,2;12;4;9;2023;1;0;2,74;1;https://www.cian.ru/sale/flat/287417996/
20606706;17;SEAR;58,2;21,8;2;29;2024;1;0;2,87;2;https://www.cian.ru/sale/flat/300575195/
20607312;30;WAR;51,3;20,7;25;33;2023;1;0;2,62;2;https://www.cian.ru/sale/flat/300679483/
20674751;19;NEAR;62,9;;25;33;2023;1;0;2,63;2;https://www.cian.ru/sale/flat/300439850/
20682606;11;NWAR;68,3;;1;24;2022;1;0;3;2;https://www.cian.ru/sale/flat/300361491/
20700000;10;SEAR;68;;5;14;1998;0;0;;2;https://www.cian.ru/sale/flat/288702404/
20700000;16;WAR;62,2;32,6;19;25;2018;0;0;2,8;2;https://www.cian.ru/sale/flat/299270701/
20700000;10;SEAR;48;18;13;23;2018;0;0;3;2;https://www.cian.ru/sale/flat/299093186/
20700000;19;SAR;34,5;13;3;8;2022;0;0;3,15;1;https://www.cian.ru/sale/flat/299002987/
20700000;17;NWAR;43;22;18;22;2022;0;1;3;1;https://www.cian.ru/sale/flat/297952059/
20708100;20;NEAR;63;;3;22;2021;1;0;2,79;2;https://www.cian.ru/sale/flat/295442241/
20727000;27;NEAR;47;24,4;20;22;2023;1;0;2,83;1;https://www.cian.ru/sale/flat/300918225/
20750050;4;WAR;61,3;38,8;19;29;2022;1;1;3;2;https://www.cian.ru/sale/flat/286250526/
20750600;8;NEAR;59,8;;6;22;2021;1;0;2,72;2;https://www.cian.ru/sale/flat/299527046/
20754949;25;WAR;50,8;22,5;2;33;2023;1;0;2,62;2;https://www.cian.ru/sale/flat/300679635/
20764307;7;SAR;49;;10;15;2022;1;0;2,7;1;https://www.cian.ru/sale/flat/300289638/
20790000;19;NWAR;60,2;46,4;6;12;1976;0;0;;3;https://www.cian.ru/sale/flat/300235601/
20800000;10;SWAR;82;;8;9;1997;0;0;2,64;3;https://www.cian.ru/sale/flat/300527453/
20800000;9;NEAR;95,9;58,8;8;22;1984;0;0;2,64;4;https://www.cian.ru/sale/flat/296572798/
20800000;12;NEAR;77,5;54,7;1;8;1960;0;0;3;4;https://www.cian.ru/sale/flat/300376768/
20800000;9;SWAR;100,7;60;14;22;1990;0;0;2,64;4;https://www.cian.ru/sale/flat/290609710/
20849617;5;SEAR;58,4;;2;33;2023;1;0;2,72;2;https://www.cian.ru/sale/flat/300439849/
20875420;27;NEAR;48,2;24,5;11;22;2023;1;0;2,83;1;https://www.cian.ru/sale/flat/300918081/
20878638;15;NAR;45,7;;21;36;2023;1;0;2,95;1;https://www.cian.ru/sale/flat/296215620/
20880000;6;CAR;45;32;6;8;1963;0;0;2,9;2;https://www.cian.ru/sale/flat/297532830/
20899000;6;NAR;58;47,2;32;33;2024;0;0;2,8;2;https://www.cian.ru/sale/flat/300522255/
20900000;10;NAR;46,1;;18;22;2022;0;1;2,8;2;https://www.cian.ru/sale/flat/300104948/
20900000;3;WAR;44;24;2;8;2020;0;0;;2;https://www.cian.ru/sale/flat/300539822/
20900000;18;SAR;39,2;;2;29;2022;0;0;3,5;1;https://www.cian.ru/sale/flat/284708774/
20900000;9;NAR;56,3;43,6;6;9;1970;0;0;2,5;3;https://www.cian.ru/sale/flat/297719132/
20900000;4;NEAR;67;44,8;2;7;1962;0;0;2,8;3;https://www.cian.ru/sale/flat/300288822/
20900000;7;SEAR;84,5;62,5;2;5;;0;0;3;4;https://www.cian.ru/sale/flat/289290608/
20900000;4;SEAR;92;;5;14;1997;0;0;2,7;4;https://www.cian.ru/sale/flat/300047621/
20934650;9;NEAR;52,9;;26;27;2022;1;0;;1;https://www.cian.ru/sale/flat/298655772/
20970000;8;WAR;48,4;;18;31;;0;0;;2;https://www.cian.ru/sale/flat/298378802/
20971595;6;SAR;39,4;15,4;10;15;2023;1;0;3,15;1;https://www.cian.ru/sale/flat/293204200/
20990000;8;CAR;38;18;4;7;1932;0;0;3;1;https://www.cian.ru/sale/flat/300745064/
20990000;9;NEAR;69,3;48,6;6;8;1956;0;0;3;3;https://www.cian.ru/sale/flat/297490071/
20998400;16;NWAR;38,6;14,3;9;23;2023;1;0;3,15;1;https://www.cian.ru/sale/flat/296524869/
20999000;9;SWAR;64;;3;5;1954;0;0;3,5;2;https://www.cian.ru/sale/flat/296368550/
20999999;8;WAR;40;20;10;43;2022;0;0;3,1;2;https://www.cian.ru/sale/flat/298161192/
20999999;5;NWAR;41,5;15,8;25;30;2023;1;0;;1;https://www.cian.ru/sale/flat/297766871/
21000000;9;SAR;51,6;11,2;13;28;2024;1;0;3;2;https://www.cian.ru/sale/flat/298566212/
21000000;9;NEAR;55;29;19;20;2019;1;0;;2;https://www.cian.ru/sale/flat/297093635/
21000000;17;SEAR;54;30;21;30;2024;1;0;;2;https://www.cian.ru/sale/flat/300528637/
21000000;16;NEAR;60,2;;14;58;2014;0;0;3,1;2;https://www.cian.ru/sale/flat/300199357/
21000000;13;SAR;60,9;;1;5;1910;0;0;;2;https://www.cian.ru/sale/flat/299715030/
21000000;5;SAR;58,2;;2;3;2022;0;1;;2;https://www.cian.ru/sale/flat/299978092/
21000000;7;SEAR;53;31;18;24;2022;0;0;2,8;2;https://www.cian.ru/sale/flat/298660598/
21000000;9;SAR;43;30;4;8;1962;0;0;2,64;2;https://www.cian.ru/sale/flat/299963406/
21000000;5;NWAR;37,2;15,7;32;43;2023;1;0;;1;https://www.cian.ru/sale/flat/296136248/
21000000;8;NWAR;34,7;17,1;3;33;2023;1;0;3,1;1;https://www.cian.ru/sale/flat/295049686/
21000000;5;NWAR;41;;10;43;2023;0;0;3,1;1;https://www.cian.ru/sale/flat/300144570/
21000000;17;NWAR;38,3;;2;28;2021;0;0;;1;https://www.cian.ru/sale/flat/297312651/
21000000;4;NWAR;55,7;20;2;19;;0;0;;1;https://www.cian.ru/sale/flat/300728418/
21000000;8;CAR;35;20;4;7;1932;0;0;3,15;1;https://www.cian.ru/sale/flat/297548827/
21000000;4;WAR;45;25;18;28;2021;0;0;3;1;https://www.cian.ru/sale/flat/300134952/
21000000;;NWAR;34;15;6;36;2023;0;0;3,05;1;https://www.cian.ru/sale/flat/298526069/
21000000;5;WAR;41;20;3;28;2022;0;0;3,12;1;https://www.cian.ru/sale/flat/299210533/
21000000;;NWAR;43;24;18;22;2022;0;1;;1;https://www.cian.ru/sale/flat/297558153/
21000000;18;SAR;59,5;;6;9;2024;1;0;;3;https://www.cian.ru/sale/flat/300821729/
21000000;16;EAR;71,2;40,3;3;25;2021;1;0;;3;https://www.cian.ru/sale/flat/292125908/
21000000;8;NEAR;66,5;45;4;9;1967;0;0;2,64;3;https://www.cian.ru/sale/flat/298845375/
21000000;9;SEAR;73;44,1;3;14;1995;0;0;2,64;3;https://www.cian.ru/sale/flat/299762885/
21000000;8;EAR;79,9;52;4;5;1956;0;0;3;3;https://www.cian.ru/sale/flat/298614396/
21000000;15;SAR;80,5;38,6;2;22;2002;0;0;;3;https://www.cian.ru/sale/flat/300466496/
21000000;10;SWAR;74;52;2;5;1960;0;0;2,7;3;https://www.cian.ru/sale/flat/300201630/
21000000;11;SAR;74,6;58,4;3;9;1965;0;0;2,64;4;https://www.cian.ru/sale/flat/298351444/
21000000;15;EAR;80;;5;5;1958;0;0;;4;https://www.cian.ru/sale/flat/281861374/
21000000;11;SEAR;92;62,7;1;14;1995;0;0;2,6;4;https://www.cian.ru/sale/flat/299229385/
21000000;12;NEAR;78;52;8;8;1960;0;0;3;4;https://www.cian.ru/sale/flat/293636204/
21000000;13;CAR;85;60;4;5;1931;0;0;3;4;https://www.cian.ru/sale/flat/300424910/
21000000;6;NEAR;103;64,6;22;22;2007;0;0;2,64;4;https://www.cian.ru/sale/flat/300364707/
21000000;2;NEAR;73;51;3;12;;0;0;;4;https://www.cian.ru/sale/flat/299653201/
21052800;4;CAR;33,2;8,8;2;9;1961;0;1;2,6;1;https://www.cian.ru/sale/flat/300957271/
21071107;8;NEAR;58,3;;12;22;2021;1;0;2,72;1;https://www.cian.ru/sale/flat/299527048/
21084012;16;NWAR;37,6;14,7;18;23;2023;1;0;3,15;1;https://www.cian.ru/sale/flat/297642475/
21091978;20;NEAR;64,2;;2;22;2021;1;0;2,79;2;https://www.cian.ru/sale/flat/294768594/
21100000;5;NWAR;37;15;6;29;;0;0;3;1;https://www.cian.ru/sale/flat/300281966/
21100000;7;SWAR;93,7;63,5;4;12;2001;0;0;;4;https://www.cian.ru/sale/flat/299028359/
21106809;2;;42,6;;14;25;2024;1;0;3,65;1;https://www.cian.ru/sale/flat/296330624/
21190000;6;CAR;34,1;17,4;2;9;1965;0;0;2,6;1;https://www.cian.ru/sale/flat/297062106/
21200000;5;SAR;91,4;56,2;2;18;2022;0;0;2,9;4;https://www.cian.ru/sale/flat/300597145/
21200000;10;SAR;89;;20;25;1986;0;0;2,64;4;https://www.cian.ru/sale/flat/296571004/
21225600;14;WAR;53,6;26,3;21;21;2023;1;0;2,62;2;https://www.cian.ru/sale/flat/270797354/
21230289;5;WAR;59,3;29,3;23;23;2023;1;0;2,73;2;https://www.cian.ru/sale/flat/298525427/
21250000;4;WAR;44,3;25,5;21;28;2021;0;0;3;1;https://www.cian.ru/sale/flat/299981252/
21278106;2;EAR;53,84;35,1;3;20;2024;1;0;;2;https://www.cian.ru/sale/flat/300122389/
21286000;5;WAR;70,6;37,7;9;25;2017;0;0;2,9;2;https://www.cian.ru/sale/flat/295931215/
21286313;12;WAR;49,8;;10;21;2020;1;1;3,3;2;https://www.cian.ru/sale/flat/292571125/
21300000;7;NAR;53,5;21,3;20;33;;0;0;;2;https://www.cian.ru/sale/flat/298223339/
21300000;5;NWAR;38,7;15,2;5;43;2023;1;0;;1;https://www.cian.ru/sale/flat/296439998/
21300000;14;SAR;42;25;2;7;2022;0;0;3,4;1;https://www.cian.ru/sale/flat/279019946/
21300000;5;NWAR;37,9;14;11;43;2023;0;0;;1;https://www.cian.ru/sale/flat/300300191/
21300000;16;NAR;80,1;52;2;5;1956;0;0;3,2;3;https://www.cian.ru/sale/flat/300342202/
21319625;2;NWAR;59,58;32,4;4;11;2012;0;1;3;2;https://www.cian.ru/sale/flat/296477468/
21322910;16;NAR;83,8;46,3;14;14;2023;1;0;2,84;3;https://www.cian.ru/sale/flat/297033466/
21349732;16;NAR;109,8;70;8;15;2023;1;0;2,84;4;https://www.cian.ru/sale/flat/297033138/
21350000;4;SAR;94;52,3;5;11;2020;0;0;2,8;3;https://www.cian.ru/sale/flat/295360323/
21350000;6;SAR;91,4;70;2;18;2023;0;0;;4;https://www.cian.ru/sale/flat/300547342/
21386800;12;NEAR;42,1;31,6;6;37;2024;1;0;3;1;https://www.cian.ru/sale/flat/298603491/
21399999;13;SEAR;71,3;40;20;26;2023;0;0;2,8;3;https://www.cian.ru/sale/flat/300502613/
21400000;12;NAR;83;56;12;14;;0;0;;3;https://www.cian.ru/sale/flat/299339387/
21400000;12;NAR;83;56;12;14;2004;0;0;2,8;3;https://www.cian.ru/sale/flat/300881872/
21400000;9;EAR;85,7;53;2;12;1985;0;0;2,64;4;https://www.cian.ru/sale/flat/294902568/
21400000;5;NEAR;80,5;56,8;2;12;1980;0;0;2,5;4;https://www.cian.ru/sale/flat/295388595/
21422419;10;WAR;79,3;;2;25;2021;1;0;2,63;3;https://www.cian.ru/sale/flat/300889107/
21438610;27;SAR;56,7;17;2;33;2023;1;0;2,68;1;https://www.cian.ru/sale/flat/300915387/
21500000;14;SEAR;68,7;26,3;10;16;2001;0;0;;2;https://www.cian.ru/sale/flat/300597303/
21500000;12;CAR;45,5;;5;8;1959;0;0;;2;https://www.cian.ru/sale/flat/298707597/
21500000;5;NWAR;46,3;;22;25;2023;0;0;;2;https://www.cian.ru/sale/flat/298324396/
21500000;10;SEAR;78,7;;7;7;1959;0;0;;2;https://www.cian.ru/sale/flat/299617369/
21500000;9;SAR;46;20;8;22;2023;1;0;;1;https://www.cian.ru/sale/flat/300706259/
21500000;5;CAR;36;19;6;14;1972;0;0;2,7;1;https://www.cian.ru/sale/flat/298275621/
21500000;5;SEAR;41;;13;23;2021;0;0;2,8;1;https://www.cian.ru/sale/flat/299382827/
21500000;5;CAR;40;19;6;14;1972;0;0;2,7;1;https://www.cian.ru/sale/flat/293420284/
21500000;10;NAR;31,2;;10;25;2020;0;1;3;1;https://www.cian.ru/sale/flat/299019109/
21500000;5;CAR;40;25;6;14;1972;0;0;;1;https://www.cian.ru/sale/flat/300572581/
21500000;2;NEAR;39,7;18;14;16;2018;0;0;3;1;https://www.cian.ru/sale/flat/299924739/
21500000;18;NWAR;55,8;25;11;17;2000;0;0;3,1;1;https://www.cian.ru/sale/flat/294716072/
21500000;7;SWAR;45,6;15,7;30;34;2024;0;0;3,26;1;https://www.cian.ru/sale/flat/299668666/
21500000;5;CAR;40;20;6;14;1972;0;0;2,7;1;https://www.cian.ru/sale/flat/300019395/
21500000;13;WAR;73,1;;16;17;1986;0;0;2,64;3;https://www.cian.ru/sale/flat/300068921/
21500000;4;NAR;77,8;51,2;6;7;1958;0;0;;3;https://www.cian.ru/sale/flat/297470489/
21500000;8;NWAR;75,5;46;3;22;2006;0;0;2,64;3;https://www.cian.ru/sale/flat/296559364/
21500000;10;EAR;94,2;64,3;10;12;2004;0;0;2,64;4;https://www.cian.ru/sale/flat/293392921/
21500000;5;SAR;101,2;64,7;10;18;2021;0;0;2,8;4;https://www.cian.ru/sale/flat/299296399/
21500000;14;NAR;100;73;1;5;1956;0;0;3;4;https://www.cian.ru/sale/flat/297960664/
21500000;5;SWAR;76,2;56,4;1;14;1994;0;0;2,6;4;https://www.cian.ru/sale/flat/299853880/
21500000;9;SEAR;94,3;64,3;1;7;1997;0;0;2,7;4;https://www.cian.ru/sale/flat/299253442/
21500000;12;NAR;75,7;51,8;1;14;;0;0;;4;https://www.cian.ru/sale/flat/300331487/
21500000;11;SEAR;94,2;69;2;5;;0;0;2,8;4;https://www.cian.ru/sale/flat/300870085/
21530000;4;SAR;37,7;13,1;16;43;2024;1;0;2,98;1;https://www.cian.ru/sale/flat/298169252/
21557020;27;SAR;35,5;12,2;15;15;2023;1;0;3,15;1;https://www.cian.ru/sale/flat/293204303/
21561195;22;SAR;75;33,7;17;23;2023;1;0;2,62;3;https://www.cian.ru/sale/flat/300725322/
21565260;20;NEAR;65,4;;8;22;2021;1;0;2,79;2;https://www.cian.ru/sale/flat/295442247/
21565260;6;NEAR;65,4;29,6;8;23;2021;0;0;2,8;2;https://www.cian.ru/sale/flat/300723349/
21600000;7;NAR;52;35;26;32;2023;0;0;;2;https://www.cian.ru/sale/flat/297477069/
21600630;;WAR;50,3;22,1;33;33;2023;1;0;2,62;2;https://www.cian.ru/sale/flat/300679347/
21625600;12;NEAR;43,6;32,7;2;37;2024;1;0;3;1;https://www.cian.ru/sale/flat/298603471/
21650000;2;SWAR;100;;10;22;1996;0;0;2,5;4;https://www.cian.ru/sale/flat/298220790/
21660000;13;CAR;38;23;2;10;;0;0;2,6;2;https://www.cian.ru/sale/flat/292808866/
21679509;20;NEAR;59,1;;5;22;2021;1;0;2,65;2;https://www.cian.ru/sale/flat/298401391/
21682800;10;WAR;76;;10;25;2021;1;0;2,63;3;https://www.cian.ru/sale/flat/299449821/
21700000;1;NEAR;44,8;16,5;6;23;2020;0;0;;1;https://www.cian.ru/sale/flat/298519482/
21700000;15;SWAR;86,8;42;16;23;2023;1;0;;3;https://www.cian.ru/sale/flat/300249188/
21700000;13;SWAR;74,5;52,8;1;4;1961;0;0;3,2;3;https://www.cian.ru/sale/flat/300796185/
21743843;17;SEAR;52,4;;10;29;2024;1;0;2,87;2;https://www.cian.ru/sale/flat/300575218/
21800000;4;SEAR;62,4;;17;19;2021;1;0;2,64;2;https://www.cian.ru/sale/flat/300752359/
21800000;5;NAR;58,4;;2;23;2022;0;0;3,1;2;https://www.cian.ru/sale/flat/298943436/
21800000;15;CAR;96,9;64,9;1;4;1917;0;0;4;2;https://www.cian.ru/sale/flat/295320468/
21800000;8;WAR;36,3;19;25;26;;0;0;;1;https://www.cian.ru/sale/flat/297951795/
21800000;5;WAR;63;;6;24;2017;0;0;2,9;1;https://www.cian.ru/sale/flat/297150066/
21800000;7;CAR;61,6;42,7;1;4;1929;0;0;2,8;4;https://www.cian.ru/sale/flat/300403416/
21809958;30;WAR;52,6;20,8;11;34;2023;1;0;2,62;2;https://www.cian.ru/sale/flat/300679303/
21835201;27;SAR;74,9;33,6;3;23;2023;1;0;2,62;3;https://www.cian.ru/sale/flat/300763058/
21871263;4;NWAR;39,73;11,7;39;52;2024;1;0;2,85;1;https://www.cian.ru/sale/flat/299067043/
21875716;10;SEAR;72,1;;29;33;2023;1;0;2,72;2;https://www.cian.ru/sale/flat/300362067/
21890000;4;EAR;55,91;40,6;24;29;2023;1;0;3;2;https://www.cian.ru/sale/flat/300523054/
21900000;5;NAR;54,7;;4;8;1958;0;0;3,2;2;https://www.cian.ru/sale/flat/300503865/
21900000;5;NAR;46,5;;11;24;;0;0;;2;https://www.cian.ru/sale/flat/272186797/
21900000;10;NAR;39;23;17;17;2022;0;0;3;2;https://www.cian.ru/sale/flat/299652366/
21900000;20;NWAR;67,2;;1;5;;0;0;3;2;https://www.cian.ru/sale/flat/298554181/
21900000;16;WAR;70;35;2;21;2016;0;1;3;2;https://www.cian.ru/sale/flat/298945993/
21900000;17;NWAR;55,4;;19;21;2023;0;0;3,1;2;https://www.cian.ru/sale/flat/298623531/
21900000;11;NEAR;60,6;37,7;14;17;2015;0;0;2,7;2;https://www.cian.ru/sale/flat/300292905/
21900000;14;SAR;52,7;13,9;2;5;2023;0;0;3,1;2;https://www.cian.ru/sale/flat/299779162/
21900000;3;NWAR;41,4;17;7;22;2020;0;0;3,1;1;https://www.cian.ru/sale/flat/300685195/
21900000;15;SEAR;50;20;24;30;2024;0;0;3;1;https://www.cian.ru/sale/flat/300155347/
21900000;11;SWAR;73,7;45,8;1;16;1968;0;0;2,6;3;https://www.cian.ru/sale/flat/299211098/
21900000;7;NWAR;71,3;45,5;6;7;1998;0;0;3;3;https://www.cian.ru/sale/flat/297537428/
21900000;24;EAR;78,2;60,8;1;9;;0;0;2,6;4;https://www.cian.ru/sale/flat/298780572/
21910757;8;NAR;44,2;28,5;16;35;2023;1;0;3,1;2;https://www.cian.ru/sale/flat/298334747/
21930000;12;EAR;73,1;41,2;8;25;2024;1;0;;3;https://www.cian.ru/sale/flat/300829188/
21931606;10;WAR;51,95;38,9;17;30;2023;1;0;3,3;2;https://www.cian.ru/sale/flat/297984331/
21950000;7;SWAR;47,5;14,8;4;34;2023;0;0;3,2;2;https://www.cian.ru/sale/flat/299187970/
21950000;19;SWAR;61,7;38,9;3;9;1958;0;0;3;2;https://www.cian.ru/sale/flat/293428779/
21950000;10;NWAR;37;;34;62;2022;0;0;3,1;1;https://www.cian.ru/sale/flat/300132043/
21950000;7;WAR;43;25;14;38;2021;;;;1;https://www.cian.ru/sale/flat/299224095/
21950000;11;SEAR;85,3;56,4;4;12;1987;0;0;2,7;4;https://www.cian.ru/sale/flat/294904766/
21950000;8;EAR;97,4;72,5;5;5;;0;0;;4;https://www.cian.ru/sale/flat/284683762/
21960000;12;WAR;72;45,2;7;21;2020;1;1;3,3;3;https://www.cian.ru/sale/flat/291690077/
21968491;24;SAR;41,8;13,7;7;16;2023;1;0;3,15;1;https://www.cian.ru/sale/flat/293736475/
21990000;10;NAR;66,7;34,4;18;32;2023;1;0;2,7;2;https://www.cian.ru/sale/flat/298338222/
21990000;10;WAR;40,7;16,6;3;11;;0;0;;1;https://www.cian.ru/sale/flat/299883785/
21999000;4;CAR;41,5;12;2;8;2009;0;0;;1;https://www.cian.ru/sale/flat/291907720/
21999000;8;SAR;55,4;30,4;6;15;2017;0;1;3;3;https://www.cian.ru/sale/flat/300440420/
22000000;18;SWAR;45,7;15,5;21;56;2023;1;0;;2;https://www.cian.ru/sale/flat/295267133/
22000000;9;NAR;46;;5;29;2022;0;0;3;2;https://www.cian.ru/sale/flat/299248131/
22000000;10;NAR;46;;20;22;;0;1;2,7;2;https://www.cian.ru/sale/flat/298802622/
22000000;4;NEAR;59,3;;6;10;1959;0;0;3,2;2;https://www.cian.ru/sale/flat/300875952/
22000000;17;NAR;43;12;5;27;2022;0;0;4,5;2;https://www.cian.ru/sale/flat/300569348/
22000000;5;CAR;40;;1;9;1966;0;0;;2;https://www.cian.ru/sale/flat/299790819/
22000000;7;EAR;52,2;;10;23;2022;0;0;3;2;https://www.cian.ru/sale/flat/298804856/
22000000;12;CAR;44,7;;8;11;2024;1;0;;1;https://www.cian.ru/sale/flat/300288765/
22000000;15;WAR;36;20;18;29;2020;0;0;3;1;https://www.cian.ru/sale/flat/295715281/
22000000;17;NWAR;38,3;;24;28;2021;0;0;;1;https://www.cian.ru/sale/flat/296403474/
22000000;4;SAR;50;;4;19;2020;0;0;3;1;https://www.cian.ru/sale/flat/300738237/
22000000;5;WAR;41;20;6;15;2022;0;0;3,2;1;https://www.cian.ru/sale/flat/294495712/
22000000;17;NAR;43;12;5;27;2022;0;0;2,9;1;https://www.cian.ru/sale/flat/300472192/
22000000;4;EAR;63,8;32,4;6;30;2021;0;0;2,8;3;https://www.cian.ru/sale/flat/299297482/
22000000;13;NEAR;70,2;44,6;2;14;1970;0;0;2,7;3;https://www.cian.ru/sale/flat/297304228/
22000000;4;NEAR;75;45;7;17;1986;0;0;;3;https://www.cian.ru/sale/flat/300572817/
22000000;4;SAR;80;35;8;33;2023;1;0;;4;https://www.cian.ru/sale/flat/295862283/
22000000;15;NEAR;87,6;52,3;10;12;1986;0;0;2,6;4;https://www.cian.ru/sale/flat/300472679/
22000000;11;WAR;100,8;64,2;19;22;1992;0;0;2,65;4;https://www.cian.ru/sale/flat/298806005/
22000000;5;SEAR;93;;2;7;1996;0;0;2,7;4;https://www.cian.ru/sale/flat/299575961/
22000000;7;SEAR;83,8;61,4;2;6;1929;0;0;;4;https://www.cian.ru/sale/flat/300200225/
22000000;10;NWAR;102;62;1;9;;0;0;3;4;https://www.cian.ru/sale/flat/299130037/
22000000;15;NAR;80;55;1;8;1954;0;0;;4;https://www.cian.ru/sale/flat/300096097/
22000000;5;NWAR;72;40;1;4;1957;0;0;2,65;4;https://www.cian.ru/sale/flat/297902949/
22040000;3;NWAR;48,9;;2;23;2024;1;0;3,1;1;https://www.cian.ru/sale/flat/298217137/
22100000;6;NWAR;53;25;2;8;;0;1;;2;https://www.cian.ru/sale/flat/298794336/
22100000;5;NWAR;45,2;;8;24;2023;0;0;;2;https://www.cian.ru/sale/flat/300834184/
22100000;5;NWAR;38,1;14,1;20;25;2023;1;0;;1;https://www.cian.ru/sale/flat/296440312/
22106448;24;WAR;48,2;13,4;1;9;2023;1;0;4,11;1;https://www.cian.ru/sale/flat/279900937/
22109864;25;SAR;44,3;16,8;13;14;2023;1;0;3,15;1;https://www.cian.ru/sale/flat/293204253/
22113000;9;NEAR;58,2;;3;27;2022;1;0;;1;https://www.cian.ru/sale/flat/294033768/
22123140;5;WAR;75,3;;9;25;2021;1;0;2,63;3;https://www.cian.ru/sale/flat/299449784/
22140000;14;NWAR;43,5;;5;44;2024;1;0;2,64;1;https://www.cian.ru/sale/flat/299943793/
22142467;20;NEAR;60,2;;7;22;2021;1;0;2,65;2;https://www.cian.ru/sale/flat/298401392/
22158500;16;NWAR;45,5;;4;6;2023;1;1;3,24;1;https://www.cian.ru/sale/flat/299370733/
22200000;12;NAR;86;60;14;17;2002;0;0;2,64;4;https://www.cian.ru/sale/flat/288573453/
22200000;5;SAR;114;81,6;15;17;;0;0;;4;https://www.cian.ru/sale/flat/291871848/
22224665;30;WAR;52,9;20,9;21;33;2023;1;0;2,62;2;https://www.cian.ru/sale/flat/300679426/
22233103;29;WAR;61,2;21,2;7;33;2023;1;0;2,62;2;https://www.cian.ru/sale/flat/300679410/
22236690;7;WAR;52,5;24,4;9;21;2023;1;0;2,74;2;https://www.cian.ru/sale/flat/276331298/
22262535;4;SEAR;65,7;46,9;2;30;;0;0;;3;https://www.cian.ru/sale/flat/298620957/
22290000;15;NWAR;54,4;;11;21;2023;0;0;3,1;2;https://www.cian.ru/sale/flat/297720778/
22300000;2;NAR;78;40;37;40;2010;0;0;3;2;https://www.cian.ru/sale/flat/295903328/
22300000;5;NEAR;88;47,5;21;21;2021;1;1;;3;https://www.cian.ru/sale/flat/290587665/
22300000;8;SEAR;57;;2;9;1966;0;0;2,5;3;https://www.cian.ru/sale/flat/300458230/
22300000;15;CAR;79,8;48,5;1;4;1917;0;0;4;4;https://www.cian.ru/sale/flat/287406394/
22301836;10;WAR;77,8;;25;25;2022;1;0;2,7;3;https://www.cian.ru/sale/flat/300614603/
22350000;;SWAR;46,8;;28;34;2023;;;;1;https://www.cian.ru/sale/flat/300190758/
22368254;19;SAR;46;27;3;12;2024;1;0;2,97;1;https://www.cian.ru/sale/flat/288141380/
22370745;5;WAR;79,1;;11;25;2021;1;0;2,63;3;https://www.cian.ru/sale/flat/300605463/
22399990;4;WAR;40,3;14,9;15;28;2022;0;0;3,12;1;https://www.cian.ru/sale/flat/289439918/
22400000;17;NWAR;64,3;41,1;6;8;1960;0;0;2,8;2;https://www.cian.ru/sale/flat/299482281/
22400000;5;NWAR;43,5;17,2;19;43;2023;1;0;;1;https://www.cian.ru/sale/flat/296098591/
22400000;12;NEAR;41,1;10;6;30;2024;1;0;3,25;1;https://www.cian.ru/sale/flat/293816918/
22400000;6;SEAR;99,1;64,3;21;22;1998;0;0;2,7;4;https://www.cian.ru/sale/flat/295854710/
22400000;6;SEAR;100,1;61,8;21;22;1997;0;0;2,66;4;https://www.cian.ru/sale/flat/292772683/
22450000;13;SAR;75;48;7;17;;0;0;;3;https://www.cian.ru/sale/flat/300820910/
22463285;4;SAR;42,4;;4;6;2023;1;0;3,15;1;https://www.cian.ru/sale/flat/300800423/
22464187;10;SEAR;74,4;33,7;32;33;2023;1;0;2,67;3;https://www.cian.ru/sale/flat/297433562/
22465177;10;SEAR;74,5;33,7;21;33;2023;1;0;2,67;3;https://www.cian.ru/sale/flat/295119105/
22499067;9;WAR;65,26;35,7;4;30;2023;1;0;3,3;3;https://www.cian.ru/sale/flat/297984252/
22500000;8;SEAR;64,1;;6;25;2018;0;0;3;2;https://www.cian.ru/sale/flat/300826022/
22500000;8;NAR;60;32;10;17;2015;0;0;2,74;2;https://www.cian.ru/sale/flat/297684810/
22500000;4;NAR;53;;22;24;2021;0;0;2,78;2;https://www.cian.ru/sale/flat/300316259/
22500000;11;SEAR;70;33,9;13;17;2009;0;0;2,64;2;https://www.cian.ru/sale/flat/300438771/
22500000;7;NEAR;45,15;;4;19;2020;0;1;3,25;2;https://www.cian.ru/sale/flat/299944236/
22500000;18;EAR;58;29,3;2;12;2012;0;0;2,9;2;https://www.cian.ru/sale/flat/299526673/
22500000;15;WAR;55;27,8;14;22;2008;0;0;2,64;2;https://www.cian.ru/sale/flat/300531670/
22500000;4;CAR;50;26,6;3;8;1941;0;0;3,5;2;https://www.cian.ru/sale/flat/298617996/
22500000;2;SAR;38;20;17;24;;0;1;2,7;2;https://www.cian.ru/sale/flat/300344494/
22500000;19;SEAR;50,6;17,6;2;22;2023;1;0;;1;https://www.cian.ru/sale/flat/300159318/
22500000;15;NWAR;45,1;15,2;2;13;2023;1;0;;1;https://www.cian.ru/sale/flat/298139761/
22500000;24;WAR;41,14;12,6;4;7;2024;1;0;;1;https://www.cian.ru/sale/flat/299605383/
22500000;7;WAR;38;;18;35;2021;0;0;3;1;https://www.cian.ru/sale/flat/299184972/
22500000;13;;37;;8;16;2022;0;0;3;1;https://www.cian.ru/sale/flat/300160132/
22500000;3;NAR;44;32;11;20;2022;0;0;3;1;https://www.cian.ru/sale/flat/300140948/
22500000;11;SAR;36,1;;8;10;2021;0;1;3;1;https://www.cian.ru/sale/flat/299463560/
22500000;19;SAR;61;39;9;10;2024;1;0;;3;https://www.cian.ru/sale/flat/298167191/
22500000;17;SAR;66;43;6;7;2024;1;0;;3;https://www.cian.ru/sale/flat/299916641/
22500000;;NWAR;76,7;43,7;10;22;;0;0;2,5;3;https://www.cian.ru/sale/flat/299253715/
22500000;6;SAR;83,6;44,7;23;25;;0;0;;3;https://www.cian.ru/sale/flat/299595703/
22500000;13;SEAR;98,5;74,8;4;5;1958;0;0;3;4;https://www.cian.ru/sale/flat/297376640/
22500000;12;SWAR;104;63;8;9;1997;0;0;2,7;4;https://www.cian.ru/sale/flat/299204668/
22500000;6;EAR;70,2;49;16;16;1968;0;0;2,64;4;https://www.cian.ru/sale/flat/299243105/
22500000;6;EAR;83,6;53,8;3;12;1986;0;0;2,65;4;https://www.cian.ru/sale/flat/300126325/
22500000;10;SEAR;108,2;73,7;3;7;;0;0;;4;https://www.cian.ru/sale/flat/253869063/
22500000;3;EAR;71,1;49,2;4;16;1967;0;0;2,64;4;https://www.cian.ru/sale/flat/289864992/
22500000;3;NWAR;84;54;2;14;1990;0;0;2,6;4;https://www.cian.ru/sale/flat/299604208/
22500000;5;SAR;95;57,8;11;20;2023;0;0;;4;https://www.cian.ru/sale/flat/300791418/
22500000;15;NWAR;107;;1;14;1998;0;0;2,64;4;https://www.cian.ru/sale/flat/295633880/
22553000;9;NEAR;62,1;;7;27;2022;1;0;;2;https://www.cian.ru/sale/flat/294033901/
22554105;7;;43,6;15,3;14;40;2023;1;0;3,15;1;https://www.cian.ru/sale/flat/293203928/
22567636;7;WAR;52,1;24,4;13;21;2023;1;0;2,74;2;https://www.cian.ru/sale/flat/285060532/
22617059;17;SEAR;52,6;24,2;27;29;2024;1;0;2,87;2;https://www.cian.ru/sale/flat/300575236/
22634700;9;NEAR;60,3;;16;27;2022;1;0;;2;https://www.cian.ru/sale/flat/294033466/
22652545;2;EAR;56,5;35,6;1;20;2024;1;0;;2;https://www.cian.ru/sale/flat/297151029/
22689200;12;NEAR;43,3;32,5;11;37;2024;1;0;3;1;https://www.cian.ru/sale/flat/298603598/
22700000;12;NAR;59,4;;3;7;1952;0;0;;2;https://www.cian.ru/sale/flat/300024861/
22700000;6;SAR;63,4;35,3;5;9;1958;0;0;3,15;2;https://www.cian.ru/sale/flat/287930198/
22700000;10;WAR;48,7;15,3;2;8;;0;0;;1;https://www.cian.ru/sale/flat/295466321/
22700000;3;SWAR;99;63,9;5;22;;0;0;;4;https://www.cian.ru/sale/flat/297544719/
22700000;2;SWAR;99,5;67,2;11;22;1996;0;0;;4;https://www.cian.ru/sale/flat/297648133/
22700000;10;NAR;77,2;55,1;1;6;;0;0;2,8;4;https://www.cian.ru/sale/flat/299295719/
22761335;26;NWAR;43,07;13,8;24;25;2024;1;0;3,02;1;https://www.cian.ru/sale/flat/299055563/
22790000;14;WAR;40;28;18;27;2022;0;0;3;2;https://www.cian.ru/sale/flat/297554191/
22800000;11;EAR;60,16;;6;20;2024;1;0;;2;https://www.cian.ru/sale/flat/287925540/
22800000;11;NWAR;48,4;15,8;5;21;2024;0;0;3,1;1;https://www.cian.ru/sale/flat/299499349/
22800000;8;NEAR;91;62,1;2;14;2004;0;0;;4;https://www.cian.ru/sale/flat/276376366/
22887920;17;NWAR;34,1;15,2;11;43;2023;1;0;3,15;1;https://www.cian.ru/sale/flat/296524855/
22900000;5;NWAR;46,2;24,9;18;24;2023;0;0;;2;https://www.cian.ru/sale/flat/292945698/
22900000;10;;43,1;;25;26;2022;0;0;3;2;https://www.cian.ru/sale/flat/300439091/
22900000;7;NAR;40;11;6;9;2019;0;1;3,1;2;https://www.cian.ru/sale/flat/291584973/
22900000;11;SWAR;60;32;3;17;2020;0;0;2,8;2;https://www.cian.ru/sale/flat/299853622/
22900000;10;NWAR;49;27;8;9;2015;0;1;;2;https://www.cian.ru/sale/flat/298734242/
22900000;14;WAR;75;46;14;16;1980;0;0;2,64;3;https://www.cian.ru/sale/flat/300273691/
22900000;12;WAR;75;46;14;16;1980;0;0;2,64;3;https://www.cian.ru/sale/flat/300348767/
22900000;12;WAR;75;;14;16;1960;0;0;;3;https://www.cian.ru/sale/flat/300209511/
22900000;8;NEAR;88,7;67;1;7;1958;0;0;3;4;https://www.cian.ru/sale/flat/300223125/
22900000;6;SWAR;116,6;71,6;2;14;;0;0;;4;https://www.cian.ru/sale/flat/297590641/
22900000;6;NAR;84,1;53,5;2;14;1997;0;0;2,65;4;https://www.cian.ru/sale/flat/300560728/
22950000;14;SAR;75,8;47;5;20;2009;0;0;2,78;3;https://www.cian.ru/sale/flat/299842929/
22950000;14;SEAR;98,4;62,6;2;22;1995;0;0;2,64;4;https://www.cian.ru/sale/flat/292322069/
22960000;12;NWAR;32,8;;15;36;2018;0;1;;1;https://www.cian.ru/sale/flat/296082953/
22968534;24;WAR;59,2;27,5;18;21;2023;1;0;2,74;2;https://www.cian.ru/sale/flat/296139344/
22990000;5;EAR;61;47;3;29;;0;0;;2;https://www.cian.ru/sale/flat/300393332/
22990000;15;NWAR;47,2;;9;13;2023;1;0;;1;https://www.cian.ru/sale/flat/299412868/
22990000;8;CAR;68,5;38,8;4;6;1914;0;0;3,2;3;https://www.cian.ru/sale/flat/299495945/
22995000;9;NEAR;52;;25;27;2022;1;0;;1;https://www.cian.ru/sale/flat/294554047/
22999999;6;WAR;91;62;4;17;1997;0;0;2,64;4;https://www.cian.ru/sale/flat/300807750/
23000000;5;WAR;61,9;;2;24;2004;0;0;2,78;2;https://www.cian.ru/sale/flat/298732812/
23000000;12;WAR;56,8;;12;22;2007;0;0;2,64;2;https://www.cian.ru/sale/flat/300698129/
23000000;11;SWAR;60,7;33,7;9;17;1999;0;0;2,64;2;https://www.cian.ru/sale/flat/300298593/
23000000;14;WAR;61,2;;3;21;2016;0;1;3;2;https://www.cian.ru/sale/flat/300162555/
23000000;7;CAR;39,5;;2;4;1917;0;0;3,3;2;https://www.cian.ru/sale/flat/300263028/
23000000;3;NWAR;44,6;20,2;2;9;2023;1;0;;1;https://www.cian.ru/sale/flat/299402407/
23000000;17;;49;15,7;4;36;2018;0;0;3,2;1;https://www.cian.ru/sale/flat/300836271/
23000000;15;NWAR;43,5;13,4;9;46;2022;0;0;3,2;1;https://www.cian.ru/sale/flat/299198123/
23000000;6;NEAR;50;;6;22;2020;0;0;3;1;https://www.cian.ru/sale/flat/288174193/
23000000;10;SAR;33;17,5;4;5;1934;0;0;2,8;1;https://www.cian.ru/sale/flat/300608412/
23000000;10;WAR;30;;3;52;2020;0;0;3;1;https://www.cian.ru/sale/flat/296959546/
23000000;4;WAR;37,4;;9;31;2022;0;0;3,1;1;https://www.cian.ru/sale/flat/299202447/
23000000;5;SEAR;99;69,8;3;5;1959;0;0;3;4;https://www.cian.ru/sale/flat/300667955/
23000000;4;SEAR;86;60;13;17;2002;0;0;2,7;4;https://www.cian.ru/sale/flat/300478020/
23000000;7;SWAR;95,5;61,6;5;12;2002;0;0;2,65;4;https://www.cian.ru/sale/flat/300949731/
23000000;12;SEAR;116;61;12;16;;0;0;2,8;4;https://www.cian.ru/sale/flat/290412928/
23000000;6;NAR;84;56,2;2;14;1997;0;0;2,64;4;https://www.cian.ru/sale/flat/299587002/
23000000;10;SEAR;92,9;64,3;6;9;;0;0;;4;https://www.cian.ru/sale/flat/294375510/
23000000;17;SWAR;100;66,4;3;9;;0;0;;4;https://www.cian.ru/sale/flat/299563876/
23000000;12;SAR;100,7;29;2;23;2005;0;0;;4;https://www.cian.ru/sale/flat/299249485/
23003481;7;WAR;53,8;24,4;5;21;2023;1;0;2,74;2;https://www.cian.ru/sale/flat/296577508/
23006706;25;SAR;42,4;16,3;13;14;2023;1;0;3,15;1;https://www.cian.ru/sale/flat/293204255/
23100000;6;WAR;59,7;43,6;7;9;1970;0;0;2,64;3;https://www.cian.ru/sale/flat/300431029/
23117099;10;WAR;58,98;33,5;29;30;2023;1;0;3,3;2;https://www.cian.ru/sale/flat/298589271/
23140963;4;EAR;60,37;37,9;6;29;2023;1;0;3;3;https://www.cian.ru/sale/flat/299292596/
23150000;12;WAR;62;30;9;12;2021;0;0;2,8;2;https://www.cian.ru/sale/flat/300092745/
23200000;10;NWAR;45,9;12,9;12;41;2024;1;0;;2;https://www.cian.ru/sale/flat/297369080/
23200000;12;SWAR;68,7;45,5;5;10;1960;0;0;;3;https://www.cian.ru/sale/flat/299721644/
23229662;2;EAR;55,21;38,3;10;20;2024;1;0;;2;https://www.cian.ru/sale/flat/297151021/
23232000;16;NWAR;44;23,8;3;6;2023;1;1;3,24;2;https://www.cian.ru/sale/flat/299370748/
23234767;19;SEAR;57,1;24,3;29;30;2024;1;0;2,87;2;https://www.cian.ru/sale/flat/300575590/
23250000;18;WAR;56,7;28,7;30;30;;0;0;3,3;2;https://www.cian.ru/sale/flat/299963315/
23250000;8;WAR;54;29;10;18;2007;0;0;;2;https://www.cian.ru/sale/flat/299141032/
23270466;10;WAR;56,04;37,2;23;29;2023;1;0;3,3;2;https://www.cian.ru/sale/flat/297984100/
23289218;12;NWAR;40,9;;3;32;2023;1;0;3;2;https://www.cian.ru/sale/flat/300425223/
23298643;5;WAR;42,52;;2;57;2024;1;0;2,9;1;https://www.cian.ru/sale/flat/282209329/
23300000;7;WAR;69,8;;6;25;2006;0;0;2,7;2;https://www.cian.ru/sale/flat/300034883/
23300000;11;SEAR;56,1;;8;27;2023;0;0;;2;https://www.cian.ru/sale/flat/286258865/
23300000;17;NWAR;55,25;26,4;2;5;2023;0;1;4;2;https://www.cian.ru/sale/flat/296563284/
23300000;6;WAR;40,3;;11;15;;0;0;;1;https://www.cian.ru/sale/flat/300698958/
23300000;6;NEAR;90;57;1;12;;0;0;2,64;4;https://www.cian.ru/sale/flat/300888910/
23300000;14;WAR;90;62;13;19;2013;0;0;2,8;4;https://www.cian.ru/sale/flat/298955932/
23300000;7;NAR;90,9;62;2;14;2008;0;0;2,64;4;https://www.cian.ru/sale/flat/297770178/
23352671;10;WAR;82,6;;15;25;2021;1;0;2,63;3;https://www.cian.ru/sale/flat/300605450/
23389904;5;NEAR;90,9;;1;33;2023;1;0;2,63;3;https://www.cian.ru/sale/flat/299449846/
23394666;6;SAR;43;29,5;11;15;2023;1;0;3,15;1;https://www.cian.ru/sale/flat/293204223/
23400000;17;SAR;66,02;;3;7;2024;1;0;;2;https://www.cian.ru/sale/flat/300304732/
23400000;16;CAR;42;;5;14;1973;0;0;2,64;1;https://www.cian.ru/sale/flat/300695623/
23423120;27;NEAR;60,4;15,6;6;22;2023;1;0;2,83;1;https://www.cian.ru/sale/flat/300918186/
23435000;13;SEAR;54,5;38;2;10;2017;0;1;3,2;3;https://www.cian.ru/sale/flat/299941813/
23465759;6;WAR;83;;15;25;2021;1;0;2,63;3;https://www.cian.ru/sale/flat/300889117/
23475144;2;EAR;61,6;;3;20;2024;1;0;;2;https://www.cian.ru/sale/flat/300122384/
23480000;13;NEAR;61,8;46,8;2;4;;0;1;;3;https://www.cian.ru/sale/flat/300865007/
23481000;9;NEAR;59,2;;11;27;2022;1;0;;1;https://www.cian.ru/sale/flat/296010071/
23490000;18;SWAR;69;46,1;7;8;1958;0;0;3,1;2;https://www.cian.ru/sale/flat/295719676/
23499000;14;WAR;50;;4;28;2019;0;1;3;2;https://www.cian.ru/sale/flat/291890575/
23500000;17;SEAR;50,5;25,1;3;3;2023;1;0;5,05;2;https://www.cian.ru/sale/flat/295408788/
23500000;5;NWAR;52,3;29,4;13;25;2023;1;0;;2;https://www.cian.ru/sale/flat/298473301/
23500000;4;CAR;70,8;24,7;9;19;2018;0;1;3;2;https://www.cian.ru/sale/flat/296600526/
23500000;14;NWAR;43,1;18,8;22;41;;0;0;;2;https://www.cian.ru/sale/flat/300663253/
23500000;24;NAR;65,6;27,8;15;33;2023;0;0;;2;https://www.cian.ru/sale/flat/300392188/
23500000;7;NWAR;44,4;15,2;9;13;2023;1;0;;1;https://www.cian.ru/sale/flat/297622443/
23500000;11;NEAR;42,2;10,7;9;38;2024;1;0;2,8;1;https://www.cian.ru/sale/flat/300184749/
23500000;5;NWAR;46,6;17,4;32;43;2023;1;0;;1;https://www.cian.ru/sale/flat/298474842/
23500000;18;SAR;40;14;38;40;2023;0;0;3,15;1;https://www.cian.ru/sale/flat/300027182/
23500000;7;CAR;41;20;8;17;2016;0;0;2,8;1;https://www.cian.ru/sale/flat/300738679/
23500000;16;NEAR;60;37;4;12;2022;0;0;2,7;3;https://www.cian.ru/sale/flat/297804958/
23500000;12;SWAR;86;55;19;24;2005;0;0;2,78;3;https://www.cian.ru/sale/flat/295212920/
23500000;15;NAR;107,2;79,9;11;12;1980;0;0;2,5;4;https://www.cian.ru/sale/flat/297201767/
23500000;;EAR;85;;3;5;;0;0;;4;https://www.cian.ru/sale/flat/300294427/
23500000;17;EAR;98;65;4;12;2004;0;0;;4;https://www.cian.ru/sale/flat/300817644/
23500000;3;SWAR;91;62;3;14;2002;0;0;2,64;4;https://www.cian.ru/sale/flat/299495787/
23500000;8;SWAR;90;60;1;5;1958;0;0;3;4;https://www.cian.ru/sale/flat/300521297/
23500000;17;NEAR;95,5;62,8;12;18;1996;0;0;;4;https://www.cian.ru/sale/flat/295978938/
23550000;9;NWAR;52;35;6;52;2022;0;0;3,1;2;https://www.cian.ru/sale/flat/300688271/
23551761;7;SAR;62,1;;11;15;2022;1;0;2,7;2;https://www.cian.ru/sale/flat/300289651/
23586571;25;SAR;37,4;12;16;16;2023;1;0;3,15;1;https://www.cian.ru/sale/flat/293203986/
23647219;5;NEAR;91,9;;2;33;2023;1;0;2,63;3;https://www.cian.ru/sale/flat/300673589/
23650000;11;NWAR;46,7;18;31;36;2020;0;0;3;1;https://www.cian.ru/sale/flat/298593226/
23650000;10;NAR;77,2;55,1;1;6;1950;0;0;2,8;4;https://www.cian.ru/sale/flat/299852972/
23654000;9;NEAR;62,7;;13;27;2022;1;0;;2;https://www.cian.ru/sale/flat/294033465/
23688668;17;SEAR;60,5;23,9;5;30;2024;1;0;2,87;2;https://www.cian.ru/sale/flat/300575251/
23700000;12;NEAR;55,5;25,9;3;48;2024;1;0;;2;https://www.cian.ru/sale/flat/289296396/
23700000;11;NAR;43;25;3;41;2021;0;0;3;2;https://www.cian.ru/sale/flat/297874677/
23700000;4;NWAR;40,9;;12;48;2023;0;0;;1;https://www.cian.ru/sale/flat/300948524/
23700000;4;NWAR;43;;21;49;2023;0;0;3,1;1;https://www.cian.ru/sale/flat/300553598/
23700000;9;EAR;72,74;32,8;25;33;2023;1;0;;3;https://www.cian.ru/sale/flat/299383269/
23700000;4;CAR;60,5;;6;10;1966;0;0;2,7;3;https://www.cian.ru/sale/flat/292752282/
23700000;12;SWAR;100;65;8;22;2007;0;0;;4;https://www.cian.ru/sale/flat/299486317/
23700000;12;SAR;88,7;61;6;6;1940;0;0;;4;https://www.cian.ru/sale/flat/277714089/
23700476;24;WAR;60,4;27,5;5;21;2023;1;0;2,74;2;https://www.cian.ru/sale/flat/294232255/
23711231;20;WAR;86;;9;25;2022;1;0;2,7;3;https://www.cian.ru/sale/flat/300614604/
23748680;4;SEAR;67,2;50;2;30;;0;0;;3;https://www.cian.ru/sale/flat/299771851/
23771000;9;NEAR;68,9;;4;27;2022;1;0;;2;https://www.cian.ru/sale/flat/294033454/
23790000;7;WAR;65,7;44;8;12;1973;0;0;;3;https://www.cian.ru/sale/flat/299492949/
23800000;10;NAR;50;35;4;5;1952;0;0;2,95;2;https://www.cian.ru/sale/flat/299297359/
23800000;9;;56,5;38,9;6;8;2022;0;1;5;2;https://www.cian.ru/sale/flat/299847408/
23800000;5;NWAR;46;;4;25;;0;1;;1;https://www.cian.ru/sale/flat/296844261/
23800000;20;SAR;65,3;32,1;9;24;2023;0;1;;3;https://www.cian.ru/sale/flat/300659450/
23800000;8;WAR;73;;5;17;1985;0;0;2,65;3;https://www.cian.ru/sale/flat/300401631/
23835564;8;SWAR;47,4;;20;25;2024;1;0;3,17;1;https://www.cian.ru/sale/flat/294650710/
23899990;8;NWAR;75;;9;16;1981;0;0;2,64;3;https://www.cian.ru/sale/flat/300681396/
23900000;4;NAR;47;;10;15;2016;0;1;3;2;https://www.cian.ru/sale/flat/300029184/
23900000;5;SAR;80;;3;24;2001;0;0;2,8;2;https://www.cian.ru/sale/flat/298090813/
23900000;10;NAR;46,8;;6;15;;0;1;;2;https://www.cian.ru/sale/flat/292809109/
23900000;11;NEAR;65;40;4;38;2015;0;0;3;2;https://www.cian.ru/sale/flat/293704749/
23900000;4;NWAR;42,6;;3;49;2023;0;0;3,1;2;https://www.cian.ru/sale/flat/297256144/
23900000;7;NWAR;54,6;;12;47;2023;0;0;3,1;2;https://www.cian.ru/sale/flat/299784765/
23900000;4;NWAR;54;12;16;30;2015;0;0;;2;https://www.cian.ru/sale/flat/297814123/
23900000;8;WAR;46;20;31;39;2022;0;0;3,1;1;https://www.cian.ru/sale/flat/298481387/
23900000;6;NAR;72;;12;26;;0;1;2,64;3;https://www.cian.ru/sale/flat/300567872/
23900000;12;SEAR;85,1;57,3;1;17;;0;0;;3;https://www.cian.ru/sale/flat/296187258/
23900000;5;SWAR;94,7;62,7;3;4;1999;0;0;2,64;4;https://www.cian.ru/sale/flat/292658999/
23900000;4;NEAR;78,6;;1;15;1969;0;0;;4;https://www.cian.ru/sale/flat/299698361/
23900000;5;SAR;82;69,1;2;5;1930;0;1;3,1;4;https://www.cian.ru/sale/flat/292666436/
23913372;7;WAR;60,7;26,7;9;21;2023;1;0;2,74;2;https://www.cian.ru/sale/flat/297464706/
23925840;14;WAR;76,1;34,8;22;33;2023;1;0;2,7;3;https://www.cian.ru/sale/flat/289214386/
23980000;10;NWAR;43;16;13;26;2022;0;0;3;2;https://www.cian.ru/sale/flat/300305357/
23981169;9;WAR;40,5;16,5;6;15;2022;1;0;3,12;1;https://www.cian.ru/sale/flat/298334392/
23990000;15;NWAR;48,1;25,3;5;30;2023;1;0;;2;https://www.cian.ru/sale/flat/292944249/
23990000;10;SEAR;100;63,7;18;22;1997;0;0;2,8;4;https://www.cian.ru/sale/flat/296942983/
23997000;5;SWAR;58;;7;8;1956;0;0;3;2;https://www.cian.ru/sale/flat/298905490/
24000000;9;CAR;51;32;6;6;;0;0;;2;https://www.cian.ru/sale/flat/294650908/
24000000;8;SEAR;64;34,2;15;29;2023;0;0;2,8;2;https://www.cian.ru/sale/flat/300813354/
24000000;17;WAR;45;;7;30;;0;0;;2;https://www.cian.ru/sale/flat/295331237/
24000000;3;NAR;50,5;25,5;4;5;1930;0;0;3,52;2;https://www.cian.ru/sale/flat/299842687/
24000000;3;NEAR;42;20;50;55;2024;1;0;;1;https://www.cian.ru/sale/flat/292941944/
24000000;17;NAR;44;11,8;9;27;2022;0;0;;1;https://www.cian.ru/sale/flat/300463313/
24000000;4;EAR;63,7;42,8;17;29;2023;1;0;;3;https://www.cian.ru/sale/flat/296523403/
24000000;12;NEAR;69;40;12;47;2018;0;1;3;3;https://www.cian.ru/sale/flat/296479803/
24000000;9;NEAR;101,2;69,2;1;12;1975;0;0;;4;https://www.cian.ru/sale/flat/297355119/
24000000;7;SAR;96;73,1;1;5;1957;0;0;;4;https://www.cian.ru/sale/flat/288928749/
24000000;11;SAR;78,6;;6;9;1959;0;0;2,75;4;https://www.cian.ru/sale/flat/300894688/
24000000;19;SEAR;104,9;63,6;2;23;;0;0;;4;https://www.cian.ru/sale/flat/297319991/
24000000;15;SWAR;91;57;17;25;1988;0;0;;4;https://www.cian.ru/sale/flat/255981916/
24018796;9;WAR;40,3;14,9;9;15;2022;1;0;3,12;2;https://www.cian.ru/sale/flat/298334379/
24092278;6;SAR;45,2;28,9;11;15;2023;1;0;3,15;1;https://www.cian.ru/sale/flat/293204179/
24133872;24;WAR;62;24,3;2;21;2023;1;0;2,74;2;https://www.cian.ru/sale/flat/297464716/
24161658;4;SAR;53,66;31,4;25;27;2023;1;0;2,87;2;https://www.cian.ru/sale/flat/292741936/
24192312;27;SAR;84,5;40,4;33;33;2023;1;0;2,62;3;https://www.cian.ru/sale/flat/300725129/
24192680;17;NWAR;34,9;15,7;26;43;2023;1;0;3,15;1;https://www.cian.ru/sale/flat/296524857/
24198300;12;NEAR;50,1;37,6;6;37;2024;1;0;3;1;https://www.cian.ru/sale/flat/298603495/
24200000;8;;56;32;2;7;1959;0;0;3;2;https://www.cian.ru/sale/flat/299726165/
24200000;9;NWAR;42;20;9;48;;0;0;;1;https://www.cian.ru/sale/flat/297511312/
24276515;7;SAR;61,3;;13;15;2022;1;0;2,7;2;https://www.cian.ru/sale/flat/300289672/
24293000;6;NEAR;142,9;90;8;8;;0;1;;4;https://www.cian.ru/sale/flat/299548876/
24300000;18;WAR;47,8;36,8;5;41;2024;1;0;4,2;2;https://www.cian.ru/sale/flat/289060145/
24300000;17;NAR;56;28,5;3;27;2022;0;0;3;2;https://www.cian.ru/sale/flat/300770612/
24300000;14;WAR;56,7;;8;28;2019;0;1;3;2;https://www.cian.ru/sale/flat/297903443/
24300000;13;NEAR;62;47;2;4;;0;1;;3;https://www.cian.ru/sale/flat/296403266/
24300000;3;NEAR;83,2;56,5;2;14;1988;0;0;2,64;4;https://www.cian.ru/sale/flat/299252485/
24300000;2;NEAR;85,3;61;5;14;1992;0;0;2,64;4;https://www.cian.ru/sale/flat/300833632/
24300000;4;NEAR;90;57;1;12;;0;0;;4;https://www.cian.ru/sale/flat/298197083/
24310000;9;CAR;37,4;;4;4;2024;1;1;;1;https://www.cian.ru/sale/flat/300978998/
24348516;8;SWAR;48,8;;19;25;2024;1;0;3,17;1;https://www.cian.ru/sale/flat/294650700/
24400000;5;NWAR;34,1;15,2;15;29;2023;1;0;;1;https://www.cian.ru/sale/flat/292879600/
24400000;14;NEAR;85,7;55,5;8;13;1988;0;0;2,6;4;https://www.cian.ru/sale/flat/300664536/
24419140;26;NWAR;59,6;23,2;21;25;2024;1;0;3,02;1;https://www.cian.ru/sale/flat/290853365/
24427658;6;SAR;47,9;32,4;11;15;2023;1;0;3,15;1;https://www.cian.ru/sale/flat/293204219/
24450000;9;NAR;65;34;2;9;1953;0;0;2,5;2;https://www.cian.ru/sale/flat/300682308/
24450000;12;NWAR;47,5;;14;23;;0;1;;2;https://www.cian.ru/sale/flat/299300790/
24492960;11;SWAR;46,6;;30;34;2023;1;0;3;2;https://www.cian.ru/sale/flat/300761742/
24499999;20;NWAR;48,3;25,3;17;30;2023;1;0;;2;https://www.cian.ru/sale/flat/297766869/
24500000;17;NWAR;49;25,7;12;29;2023;1;0;;2;https://www.cian.ru/sale/flat/293665844/
24500000;8;NAR;58,2;;2;8;1953;0;0;3;2;https://www.cian.ru/sale/flat/299421104/
24500000;14;SAR;66;;4;15;2022;0;0;3,1;2;https://www.cian.ru/sale/flat/299110408/
24500000;10;NWAR;45,3;;12;26;;0;0;;2;https://www.cian.ru/sale/flat/300154609/
24500000;19;WAR;68,9;;28;30;;0;0;;2;https://www.cian.ru/sale/flat/297942360/
24500000;12;EAR;60;40;5;20;2024;0;0;3;2;https://www.cian.ru/sale/flat/298341798/
24500000;5;NWAR;42,4;15,8;40;43;2023;1;0;;1;https://www.cian.ru/sale/flat/296400647/
24500000;6;WAR;36;;15;20;2021;0;0;3;1;https://www.cian.ru/sale/flat/299810301/
24500000;5;NAR;39,9;;15;24;2022;0;0;3,1;1;https://www.cian.ru/sale/flat/297841625/
24500000;6;WAR;36;;15;20;2021;0;0;3;1;https://www.cian.ru/sale/flat/299810301/
24500000;7;NEAR;85,6;51,6;7;22;2021;1;0;;3;https://www.cian.ru/sale/flat/300285754/
24500000;8;WAR;64,6;23,3;10;24;2024;1;0;;3;https://www.cian.ru/sale/flat/300741807/
24500000;9;SEAR;77,2;38;15;26;2023;1;0;;3;https://www.cian.ru/sale/flat/294966947/
24500000;7;NEAR;78,8;33,5;4;32;2024;0;0;2,75;3;https://www.cian.ru/sale/flat/299740434/
24500000;16;WAR;81,6;52,3;10;17;2000;0;0;2,75;3;https://www.cian.ru/sale/flat/299879025/
24500000;18;EAR;80;55;19;24;2021;0;0;2,9;3;https://www.cian.ru/sale/flat/300909618/
24500000;8;CAR;65;47;4;4;1926;0;0;3,1;3;https://www.cian.ru/sale/flat/298943876/
24500000;3;NEAR;98,1;65,1;5;22;1997;0;0;2,64;4;https://www.cian.ru/sale/flat/300845717/
24500000;7;SWAR;84;56;2;14;1999;0;0;2,64;4;https://www.cian.ru/sale/flat/275763531/
24520188;9;WAR;66;20,7;7;21;2023;1;0;2,74;2;https://www.cian.ru/sale/flat/297464730/
24520932;24;WAR;63,7;25,8;3;21;2023;1;0;2,74;2;https://www.cian.ru/sale/flat/284074576/
24600000;7;CAR;44,3;;6;9;1963;0;0;;2;https://www.cian.ru/sale/flat/300620282/
24600000;4;SWAR;72,8;44,2;2;25;2012;0;0;2,7;3;https://www.cian.ru/sale/flat/300346570/
24610900;16;NWAR;52,7;;3;6;2023;1;1;3,24;2;https://www.cian.ru/sale/flat/299370735/
24613169;5;WAR;42,23;;6;57;2024;1;0;2,9;1;https://www.cian.ru/sale/flat/272591258/
24674179;4;CAR;36,8;21,9;12;22;2022;1;0;3,25;2;https://www.cian.ru/sale/flat/298576230/
24700000;6;CAR;58,8;;1;6;1928;0;1;3;2;https://www.cian.ru/sale/flat/300590984/
24700000;10;NWAR;73,2;33,7;18;22;2022;0;0;3,1;2;https://www.cian.ru/sale/flat/292772892/
24700000;3;WAR;71;35,3;5;16;2015;0;1;3;2;https://www.cian.ru/sale/flat/297469165/
24700000;5;NWAR;40,6;26,5;6;29;2023;0;0;;1;https://www.cian.ru/sale/flat/296064946/
24700000;5;NAR;100;71,4;4;5;1957;0;0;3;4;https://www.cian.ru/sale/flat/298024340/
24700000;11;EAR;95,7;63,9;4;17;2003;0;0;2,65;4;https://www.cian.ru/sale/flat/298986140/
24700000;9;NEAR;94,7;54,5;6;24;1988;0;0;2,7;4;https://www.cian.ru/sale/flat/298903130/
24710400;29;EAR;78;32;29;33;2023;1;0;2,6;3;https://www.cian.ru/sale/flat/293402779/
24719029;8;NEAR;64;;7;22;2021;1;0;2,72;2;https://www.cian.ru/sale/flat/299527047/
24719029;15;NEAR;64;34;6;17;2021;0;0;2,8;2;https://www.cian.ru/sale/flat/299671114/
24765188;9;WAR;58;21,9;5;9;2023;1;0;2,74;2;https://www.cian.ru/sale/flat/288241596/
24773733;30;WAR;72,6;36,1;26;33;2024;1;0;2,62;3;https://www.cian.ru/sale/flat/300679223/
24800000;16;WAR;70;30;6;21;2016;0;1;3;2;https://www.cian.ru/sale/flat/297901346/
24800000;5;NWAR;58;;7;25;2022;0;1;;2;https://www.cian.ru/sale/flat/300664612/
24800000;6;CAR;56,1;;7;8;1959;0;0;2,8;2;https://www.cian.ru/sale/flat/299368217/
24800000;16;WAR;68,4;;6;25;2015;0;1;3;2;https://www.cian.ru/sale/flat/299125015/
24800000;10;NAR;63,2;35,3;8;16;1973;0;0;2,8;2;https://www.cian.ru/sale/flat/300218637/
24800000;15;;75;46;14;16;1982;0;0;;3;https://www.cian.ru/sale/flat/299857285/
24886560;17;NWAR;37,3;15,8;41;43;2023;1;0;3,15;1;https://www.cian.ru/sale/flat/292613394/
24900000;15;SAR;55;30;5;24;2024;0;1;3;2;https://www.cian.ru/sale/flat/300614009/
24900000;12;NEAR;53,3;;19;48;2017;0;0;3;2;https://www.cian.ru/sale/flat/297733145/
24900000;17;NAR;55;27;17;29;2022;0;0;3,1;2;https://www.cian.ru/sale/flat/300116445/
24900000;10;NWAR;73,2;33,7;20;22;2022;0;0;3,1;2;https://www.cian.ru/sale/flat/292730319/
24900000;1;NAR;64;35;24;37;2010;0;0;3;2;https://www.cian.ru/sale/flat/300058666/
24900000;;NWAR;49,7;;8;42;2018;0;1;3,2;2;https://www.cian.ru/sale/flat/298836589/
24900000;13;CAR;40,1;25,1;2;3;;0;1;4,7;2;https://www.cian.ru/sale/flat/299507088/
24900000;10;NWAR;43,5;15;2;13;2023;1;0;;1;https://www.cian.ru/sale/flat/298007869/
24900000;9;SAR;72,4;44,8;5;17;1996;0;0;2,64;3;https://www.cian.ru/sale/flat/299897129/
24900000;19;SAR;69;35;5;24;;0;1;;3;https://www.cian.ru/sale/flat/299294154/
24900000;14;NEAR;69;47;4;16;2018;0;0;3;3;https://www.cian.ru/sale/flat/297493495/
24900000;12;CAR;59,9;;3;19;;0;1;3,3;3;https://www.cian.ru/sale/flat/300733793/
24900000;13;EAR;93;62;1;12;2004;0;0;2,64;4;https://www.cian.ru/sale/flat/293819925/
24950000;8;CAR;39,8;12;7;11;2022;0;1;;1;https://www.cian.ru/sale/flat/299110205/
24960000;9;NAR;90;65,5;6;8;1956;0;0;3,2;4;https://www.cian.ru/sale/flat/297067770/
24990000;7;SEAR;64,5;32,2;5;17;;0;0;;2;https://www.cian.ru/sale/flat/300791839/
24990000;6;EAR;60;;5;9;2021;0;0;3;2;https://www.cian.ru/sale/flat/297941141/
24990000;;WAR;37,3;20;2;13;;0;0;3;1;https://www.cian.ru/sale/flat/299466433/
24999000;5;WAR;44;23;8;14;;0;0;;2;https://www.cian.ru/sale/flat/296263461/
24999000;19;WAR;70;;21;31;2023;0;0;;3;https://www.cian.ru/sale/flat/296641605/
25000000;15;SAR;51,5;;7;26;2024;1;0;2,87;2;https://www.cian.ru/sale/flat/298277252/
25000000;4;WAR;57,2;;23;30;2022;1;0;;2;https://www.cian.ru/sale/flat/296451009/
25000000;8;CAR;40;;6;12;1965;0;0;2,95;2;https://www.cian.ru/sale/flat/299520473/
25000000;10;NAR;46;22;11;22;2023;0;1;2,8;2;https://www.cian.ru/sale/flat/300158363/
25000000;7;CAR;40,1;;6;9;;0;0;2,6;2;https://www.cian.ru/sale/flat/300866936/
25000000;10;NWAR;45,3;;12;26;2022;0;0;3;2;https://www.cian.ru/sale/flat/300479650/
25000000;18;SEAR;64,2;;5;10;2021;0;0;2,8;2;https://www.cian.ru/sale/flat/298968849/
25000000;9;NAR;46,7;;2;29;2022;0;0;2,9;2;https://www.cian.ru/sale/flat/297990129/
25000000;12;NWAR;80;40,5;23;24;2012;0;0;;2;https://www.cian.ru/sale/flat/298758094/
25000000;10;NEAR;43;15;6;11;2022;0;0;3;1;https://www.cian.ru/sale/flat/297788340/
25000000;20;SWAR;48,2;;41;51;2010;0;0;3;1;https://www.cian.ru/sale/flat/300953502/
25000000;11;CAR;31,2;;5;9;1965;0;0;2,5;1;https://www.cian.ru/sale/flat/300245372/
25000000;14;SEAR;42;17,7;3;17;2018;0;0;;1;https://www.cian.ru/sale/flat/300573137/
25000000;4;NWAR;43,2;20;4;20;;0;0;;1;https://www.cian.ru/sale/flat/285973385/
25000000;14;SEAR;42;17,7;3;15;2018;0;0;2,8;1;https://www.cian.ru/sale/flat/300436978/
25000000;5;NWAR;50;25;7;25;;0;1;3,2;1;https://www.cian.ru/sale/flat/300670946/
25000000;9;NWAR;42,2;16;5;48;2022;0;0;2,9;1;https://www.cian.ru/sale/flat/296323378/
25000000;14;SWAR;71,9;44;5;13;2023;1;0;;3;https://www.cian.ru/sale/flat/300328456/
25000000;7;SAR;80;50;4;5;1957;0;0;3;3;https://www.cian.ru/sale/flat/298657571/
25000000;18;EAR;80;55;19;24;;0;0;;3;https://www.cian.ru/sale/flat/298871161/
25000000;6;NEAR;72;45;7;8;1955;0;0;3;3;https://www.cian.ru/sale/flat/299252539/
25000000;4;NEAR;88;;17;25;2020;0;1;2,85;4;https://www.cian.ru/sale/flat/300616140/
25000000;5;SEAR;72;47;23;25;2020;0;0;2,8;4;https://www.cian.ru/sale/flat/299964741/
25059645;5;WAR;39,3;;7;57;2024;1;0;2,9;1;https://www.cian.ru/sale/flat/299901666/
25066035;9;NEAR;74,2;;16;27;2022;1;0;;2;https://www.cian.ru/sale/flat/294033539/
25099552;27;SAR;40,1;14,4;15;15;2023;1;0;3,15;1;https://www.cian.ru/sale/flat/293204363/
25169281;30;;71,7;34,7;4;33;2024;1;0;2,62;3;https://www.cian.ru/sale/flat/300762622/
25178208;6;SAR;44;24,2;15;15;2023;1;0;3,15;2;https://www.cian.ru/sale/flat/293204091/
25180000;6;EAR;125,9;;3;5;1958;0;1;3,1;4;https://www.cian.ru/sale/flat/293073291/
25190000;16;EAR;92,7;58,7;17;17;;0;0;;4;https://www.cian.ru/sale/flat/294470974/
25200000;17;WAR;49;25;20;23;;0;0;;1;https://www.cian.ru/sale/flat/297827625/
25200000;16;EAR;94,5;58,8;15;17;;0;0;2,8;4;https://www.cian.ru/sale/flat/298222997/
25201418;22;SAR;40,3;15,2;21;21;2023;1;0;3;1;https://www.cian.ru/sale/flat/291543574/
25265285;9;WAR;56,99;35,5;29;29;2023;1;0;3,3;2;https://www.cian.ru/sale/flat/297986147/
25293037;2;EAR;65,57;;3;20;2024;1;0;;2;https://www.cian.ru/sale/flat/297151038/
25300000;17;NEAR;104;64,2;9;22;2006;0;0;2,64;4;https://www.cian.ru/sale/flat/297943051/
25300000;13;NAR;78,1;48;8;25;1989;0;0;2,7;4;https://www.cian.ru/sale/flat/301054255/
25308900;16;NWAR;54,9;;2;6;2023;1;1;3,24;1;https://www.cian.ru/sale/flat/299370775/
25313093;8;NAR;57,5;35,3;12;35;2023;1;0;3,1;3;https://www.cian.ru/sale/flat/298334724/
25333027;10;WAR;92,3;;9;25;2021;1;0;2,63;4;https://www.cian.ru/sale/flat/299449818/
25338760;4;CAR;46,2;16,4;10;10;2024;1;1;3;1;https://www.cian.ru/sale/flat/296548872/
25368000;;NWAR;56;;40;47;2023;1;0;3,05;2;https://www.cian.ru/sale/flat/296745634/
25375391;10;WAR;92,1;;6;25;2021;1;0;2,63;3;https://www.cian.ru/sale/flat/300889113/
25380160;21;SWAR;41,6;;23;42;2023;1;0;3;2;https://www.cian.ru/sale/flat/300712642/
25392000;11;NWAR;48;16,6;4;21;2023;1;0;3,1;1;https://www.cian.ru/sale/flat/300312697/
25400000;19;NEAR;87,6;53,7;1;11;1978;0;0;2,65;3;https://www.cian.ru/sale/flat/298879854/
25400000;6;SAR;92,2;66;4;10;;0;0;3;4;https://www.cian.ru/sale/flat/289102343/
25401000;9;NEAR;60,3;;26;27;2022;1;0;;1;https://www.cian.ru/sale/flat/294554061/
25440000;17;NWAR;42,4;;43;43;2023;1;0;;1;https://www.cian.ru/sale/flat/293124821/
25482420;10;SEAR;79,3;43,9;27;33;2023;1;0;2,67;3;https://www.cian.ru/sale/flat/289402671/
25482646;24;WAR;67;26,9;8;21;2023;1;0;2,74;2;https://www.cian.ru/sale/flat/286829755/
25490000;12;NEAR;89,3;50;17;25;2024;1;0;2,66;3;https://www.cian.ru/sale/flat/298576678/
25500000;14;NWAR;51,1;;36;41;2024;1;0;;2;https://www.cian.ru/sale/flat/297149385/
25500000;17;SAR;63,39;38,6;4;16;2024;1;0;2,5;2;https://www.cian.ru/sale/flat/298568717/
25500000;5;NWAR;56;29,6;2;23;2023;0;0;;2;https://www.cian.ru/sale/flat/299141046/
25500000;7;WAR;60;35;20;37;2021;0;0;3,1;2;https://www.cian.ru/sale/flat/300742288/
25500000;4;NWAR;67,8;;7;49;;0;0;;2;https://www.cian.ru/sale/flat/294999843/
25500000;7;NAR;42;26;8;9;1962;0;0;3;2;https://www.cian.ru/sale/flat/300719607/
25500000;;WAR;44,1;;1;14;;0;0;;1;https://www.cian.ru/sale/flat/300647525/
25500000;13;NAR;61;42;4;5;1958;0;0;3,1;3;https://www.cian.ru/sale/flat/300092552/
25500000;9;NAR;61,3;42,8;2;7;1936;0;0;3,1;3;https://www.cian.ru/sale/flat/300790349/
25500000;3;WAR;72,3;51,5;4;5;1961;0;0;2,65;3;https://www.cian.ru/sale/flat/300427615/
25500000;22;NAR;98;69;1;5;1956;0;0;3,1;4;https://www.cian.ru/sale/flat/299269383/
25500000;6;EAR;97;67;7;10;1938;0;0;3,2;4;https://www.cian.ru/sale/flat/298988029/
25500000;13;SEAR;104,8;65,9;6;12;1976;0;0;2,7;4;https://www.cian.ru/sale/flat/300589923/
25500000;15;SEAR;100;62;3;23;;0;0;;4;https://www.cian.ru/sale/flat/297130208/
25512000;10;NEAR;42,7;31,7;3;35;2022;0;0;3;2;https://www.cian.ru/sale/flat/299962045/
25543874;6;SWAR;47,6;;11;12;2024;1;0;3,17;2;https://www.cian.ru/sale/flat/294550031/
25554480;10;SEAR;79,5;43,9;29;33;2023;1;0;2,67;3;https://www.cian.ru/sale/flat/289402667/
25583515;4;WAR;87,8;55,1;6;15;2022;1;1;3;3;https://www.cian.ru/sale/flat/286250524/
25590000;6;WAR;65;31;2;17;2001;0;0;3,1;2;https://www.cian.ru/sale/flat/299370205/
25602975;9;NEAR;72;;17;27;2022;1;0;;2;https://www.cian.ru/sale/flat/294033541/
25616800;5;SWAR;41;;22;42;2024;1;0;3;2;https://www.cian.ru/sale/flat/300672629/
25631045;6;NAR;52,5;;3;33;2024;1;1;2,7;2;https://www.cian.ru/sale/flat/297684098/
25635150;9;NEAR;74,9;;21;27;2022;1;0;;2;https://www.cian.ru/sale/flat/296010083/
25645000;5;WAR;45;24;4;14;;0;0;;2;https://www.cian.ru/sale/flat/300192341/
25655724;27;SAR;74,4;46,3;2;33;2023;1;0;2,68;3;https://www.cian.ru/sale/flat/300915390/
25679385;10;WAR;90,4;;25;25;2022;1;0;2,7;3;https://www.cian.ru/sale/flat/300614602/
25690000;5;WAR;44,4;13,8;4;14;;0;0;;1;https://www.cian.ru/sale/flat/295274044/
25700000;5;SEAR;56;33;14;19;2012;0;0;3,1;2;https://www.cian.ru/sale/flat/300119880/
25700000;18;WAR;46;15;11;26;2021;0;0;3,1;1;https://www.cian.ru/sale/flat/299796767/
25705695;2;EAR;67,71;37,7;3;20;2024;1;0;;3;https://www.cian.ru/sale/flat/295461268/
25750000;18;SAR;86,6;55,1;32;33;2023;0;0;;4;https://www.cian.ru/sale/flat/297946515/
25778469;9;EAR;52,9;;3;16;2021;0;0;;2;https://www.cian.ru/sale/flat/296189151/
25790000;7;WAR;64,5;24,8;33;41;2022;0;0;3,1;2;https://www.cian.ru/sale/flat/297325651/
25800000;5;NWAR;49,3;;5;43;2023;0;0;3,1;2;https://www.cian.ru/sale/flat/296325203/
25800000;12;NAR;39;;6;22;;0;1;;1;https://www.cian.ru/sale/flat/300563521/
25800000;11;EAR;75,2;44;37;39;2020;0;0;2,8;3;https://www.cian.ru/sale/flat/299248003/
25800000;7;EAR;105;76,6;4;8;;0;0;;4;https://www.cian.ru/sale/flat/300747040/
25800000;10;SEAR;94;51;2;23;2014;0;0;2,8;4;https://www.cian.ru/sale/flat/297368633/
25846250;11;EAR;77,5;32,9;29;33;2024;1;0;2,6;3;https://www.cian.ru/sale/flat/270786655/
25850000;8;SEAR;79;56;4;12;2020;0;0;;4;https://www.cian.ru/sale/flat/300571384/
25856000;20;NEAR;80,8;;10;22;2021;1;0;2,79;3;https://www.cian.ru/sale/flat/296754087/
25868927;5;WAR;92;;6;25;2021;1;0;2,63;3;https://www.cian.ru/sale/flat/300605470/
25900000;4;SAR;47,2;;12;43;2024;1;0;3;2;https://www.cian.ru/sale/flat/298057811/
25900000;11;SWAR;57;;8;8;1958;0;0;2,8;2;https://www.cian.ru/sale/flat/299117204/
25900000;4;NWAR;55;30;4;22;2021;0;0;3;2;https://www.cian.ru/sale/flat/298802938/
25900000;20;NWAR;62;;7;20;2023;0;0;2,8;3;https://www.cian.ru/sale/flat/299945226/
25900000;12;CAR;75;46,3;15;16;1976;0;0;2,7;3;https://www.cian.ru/sale/flat/300331875/
25900000;7;SEAR;93,3;56;1;7;1958;0;0;3,07;3;https://www.cian.ru/sale/flat/300019723/
25900000;8;SEAR;80;40;4;12;2019;0;0;2,85;4;https://www.cian.ru/sale/flat/297453781/
25902163;5;WAR;47,07;;13;57;2024;1;0;2,9;1;https://www.cian.ru/sale/flat/283864415/
25910000;10;NEAR;42,7;;9;11;2022;0;0;3;2;https://www.cian.ru/sale/flat/298839555/
25950000;13;EAR;103,4;65,8;4;5;;0;0;3,1;4;https://www.cian.ru/sale/flat/288648912/
25983419;4;SAR;62,97;30,2;27;27;2023;1;0;2,87;2;https://www.cian.ru/sale/flat/284858665/
25990000;12;NEAR;62;36;15;20;2021;0;1;3,15;2;https://www.cian.ru/sale/flat/300269883/
25990000;5;SEAR;99,2;;18;21;1996;0;0;2,64;4;https://www.cian.ru/sale/flat/298526532/
26000000;3;CAR;64,4;;8;8;1908;0;0;3,1;2;https://www.cian.ru/sale/flat/298874180/
26000000;11;NEAR;45;34;13;17;2020;0;1;3,1;2;https://www.cian.ru/sale/flat/300858461/
26000000;5;CAR;48;;8;12;2018;0;1;;2;https://www.cian.ru/sale/flat/297244904/
26000000;11;SAR;73;;13;15;2022;0;0;3,1;2;https://www.cian.ru/sale/flat/295409684/
26000000;20;SAR;40;25,5;14;46;2023;0;0;;2;https://www.cian.ru/sale/flat/300575899/
26000000;4;CAR;48,8;;8;12;;0;1;;1;https://www.cian.ru/sale/flat/300318674/
26000000;3;NAR;51;26;18;32;2010;0;0;3;1;https://www.cian.ru/sale/flat/300069031/
26000000;19;SAR;40;15,2;13;29;2023;0;0;3;1;https://www.cian.ru/sale/flat/300678338/
26000000;5;WAR;45;30;4;14;2024;0;0;3,2;1;https://www.cian.ru/sale/flat/299579932/
26000000;17;SAR;61;26,6;18;24;2022;0;1;2,87;3;https://www.cian.ru/sale/flat/300368995/
26000000;8;CAR;81,6;52;4;17;2004;0;0;2,7;3;https://www.cian.ru/sale/flat/298681167/
26000000;3;NEAR;90,7;56,5;5;14;1988;0;0;;4;https://www.cian.ru/sale/flat/300839627/
26000000;11;SWAR;92;70;18;19;2016;0;0;2,7;4;https://www.cian.ru/sale/flat/293357587/
26000000;16;NWAR;80;;5;12;1979;0;0;2,5;4;https://www.cian.ru/sale/flat/299131007/
26000000;5;SAR;100;69,4;18;22;;0;0;;4;https://www.cian.ru/sale/flat/299163343/
26000000;10;NEAR;96,9;69,8;1;5;1956;0;0;3,1;4;https://www.cian.ru/sale/flat/301036479/
26000000;5;SAR;101;85,4;18;22;;0;0;;4;https://www.cian.ru/sale/flat/300476638/
26000000;3;SWAR;90;57;12;16;2001;0;0;2,75;4;https://www.cian.ru/sale/flat/296615476/
26000000;8;SEAR;103,6;66,8;4;8;1958;0;0;;4;https://www.cian.ru/sale/flat/283685882/
26000000;11;SWAR;100,1;58,3;4;4;1994;0;0;2,85;4;https://www.cian.ru/sale/flat/299267453/
26000000;7;SEAR;100,2;67,5;5;7;1956;0;0;4;4;https://www.cian.ru/sale/flat/299759148/
26000000;16;NAR;104;65;14;18;2004;0;0;2,74;4;https://www.cian.ru/sale/flat/300499070/
26000000;18;SWAR;75;55;1;14;;0;0;;4;https://www.cian.ru/sale/flat/300879980/
26000000;10;NWAR;110,1;66,4;10;10;1999;0;0;2,7;4;https://www.cian.ru/sale/flat/297548061/
26000000;8;NWAR;100;71,4;1;5;;0;0;;4;https://www.cian.ru/sale/flat/299293443/
26000000;6;SAR;90;;5;5;1930;0;0;3;4;https://www.cian.ru/sale/flat/300779635/
26000000;15;NAR;91,1;62;1;17;2000;0;0;2,6;4;https://www.cian.ru/sale/flat/299784538/
26020054;22;SAR;45,33;23,2;8;29;2023;1;0;3;2;https://www.cian.ru/sale/flat/296831921/
26051947;;WAR;59,9;23,6;32;33;2023;1;0;2,62;2;https://www.cian.ru/sale/flat/300679341/
26100000;10;SEAR;64;24,6;20;22;2023;1;0;;2;https://www.cian.ru/sale/flat/279714404/
26146930;2;EAR;70,46;46;2;20;2024;1;0;;3;https://www.cian.ru/sale/flat/299141828/
26161776;4;CAR;48;17,2;10;10;2024;1;1;3;1;https://www.cian.ru/sale/flat/296548867/
26178239;10;WAR;74,08;52,6;22;29;2023;1;0;3,3;3;https://www.cian.ru/sale/flat/297984103/
26200000;1;NAR;58;25,5;31;59;2021;0;0;2,9;2;https://www.cian.ru/sale/flat/295134014/
26205026;4;WAR;62,7;25,5;5;12;2022;1;1;3;2;https://www.cian.ru/sale/flat/298780527/
26240000;15;NWAR;46,4;;2;10;2023;1;0;;1;https://www.cian.ru/sale/flat/300299480/
26242560;2;EAR;65,28;;5;20;2024;1;0;;2;https://www.cian.ru/sale/flat/299859641/
26270000;27;WAR;44,6;13,8;8;14;2023;1;0;3;1;https://www.cian.ru/sale/flat/299262122/
26300000;12;WAR;70;31,6;17;33;2024;0;0;;2;https://www.cian.ru/sale/flat/297095339/
26301212;5;WAR;47,72;;7;57;2024;1;0;2,9;1;https://www.cian.ru/sale/flat/290790429/
26323740;14;WAR;81,7;33,8;26;33;2023;1;0;2,7;3;https://www.cian.ru/sale/flat/281170272/
26357000;9;NEAR;65,4;;27;27;2022;1;0;;2;https://www.cian.ru/sale/flat/294554070/
26379046;15;SAR;58,3;;10;24;2023;1;0;3,15;1;https://www.cian.ru/sale/flat/300761652/
26391850;30;WAR;73,4;37,5;33;34;2023;1;0;2,62;3;https://www.cian.ru/sale/flat/300679320/
26400000;5;NWAR;55,7;28,4;10;30;2023;1;0;;2;https://www.cian.ru/sale/flat/296062774/
26400000;8;WAR;50;15;11;20;;0;0;2,85;2;https://www.cian.ru/sale/flat/286012661/
26400000;2;CAR;39,4;;20;46;2024;1;1;2,64;1;https://www.cian.ru/sale/flat/300222041/
26400000;11;NEAR;100;64,7;11;18;1995;0;0;2,64;4;https://www.cian.ru/sale/flat/291134322/
26428000;9;NEAR;76,6;;2;27;2022;1;0;;2;https://www.cian.ru/sale/flat/294033495/
26442849;9;WAR;45,6;20,1;3;15;2022;1;0;3,12;1;https://www.cian.ru/sale/flat/298334390/
26480000;11;SAR;71,1;;4;15;;0;0;3,1;2;https://www.cian.ru/sale/flat/299068746/
26500000;6;CAR;65;25,8;2;12;1975;0;0;2,75;2;https://www.cian.ru/sale/flat/279246223/
26500000;12;NWAR;42,7;;11;21;2018;0;0;3;2;https://www.cian.ru/sale/flat/293044967/
26500000;20;SWAR;42;;12;42;2023;0;0;2,8;2;https://www.cian.ru/sale/flat/300822078/
26500000;4;WAR;45,67;;3;5;1962;0;0;2,8;2;https://www.cian.ru/sale/flat/298503716/
26500000;8;CAR;54;31;6;9;2006;0;0;2,7;2;https://www.cian.ru/sale/flat/300598940/
26500000;2;NEAR;70;36,6;2;16;2021;0;0;2,8;2;https://www.cian.ru/sale/flat/299478156/
26500000;9;CAR;50;33;7;15;;0;1;3,05;2;https://www.cian.ru/sale/flat/299284690/
26500000;12;SAR;59,1;;5;6;1934;0;0;2,8;2;https://www.cian.ru/sale/flat/293741013/
26500000;10;WAR;74;;4;17;1985;0;0;;3;https://www.cian.ru/sale/flat/300792268/
26500000;12;SWAR;72,3;45,4;8;9;2008;0;0;2,64;3;https://www.cian.ru/sale/flat/300773101/
26500000;19;SEAR;82,4;52;13;16;2023;0;0;2,7;3;https://www.cian.ru/sale/flat/299918587/
26500000;3;SEAR;110,3;69,1;8;17;1999;0;0;2,64;4;https://www.cian.ru/sale/flat/299052899/
26500000;8;NEAR;82,1;50;2;16;1978;0;0;2,64;4;https://www.cian.ru/sale/flat/300608049/
26500000;9;NEAR;100,4;64,6;11;18;;0;0;;4;https://www.cian.ru/sale/flat/285076882/
26500000;7;SWAR;82,7;53,6;19;24;2011;0;0;2,8;4;https://www.cian.ru/sale/flat/300426266/
26500000;6;WAR;81;53;28;32;2022;0;0;2,62;4;https://www.cian.ru/sale/flat/298754663/
26500000;7;SWAR;82,7;48;19;24;;0;0;;4;https://www.cian.ru/sale/flat/300194634/
26500000;7;SWAR;82,7;54;19;24;2011;0;0;2,9;4;https://www.cian.ru/sale/flat/300939763/
26501689;24;WAR;65,1;43,2;1;21;2023;1;0;4,11;2;https://www.cian.ru/sale/flat/295487321/
26550000;14;NWAR;35,4;;9;29;2021;0;1;3,2;1;https://www.cian.ru/sale/flat/300644939/
26551533;20;NEAR;76;;10;22;2021;1;0;2,79;3;https://www.cian.ru/sale/flat/295442234/
26558675;10;SWAR;104,5;44,2;6;14;2023;1;1;2,8;3;https://www.cian.ru/sale/flat/300624481/
26566750;12;WAR;89,3;38;2;21;2023;1;0;2,7;3;https://www.cian.ru/sale/flat/276703807/
26590000;19;SAR;78;53,3;2;7;1980;0;0;2,7;4;https://www.cian.ru/sale/flat/298811813/
26600000;11;EAR;70,26;;6;20;2024;1;0;;2;https://www.cian.ru/sale/flat/287925648/
26640000;11;NAR;95,6;64,4;4;5;;0;0;3,1;4;https://www.cian.ru/sale/flat/300265228/
26649000;;NWAR;56,7;;47;47;2023;1;0;3,05;2;https://www.cian.ru/sale/flat/296745635/
26650000;19;NWAR;49,4;;3;29;2023;1;0;;2;https://www.cian.ru/sale/flat/289557564/
26690000;8;SAR;71,3;;3;11;2024;1;0;;2;https://www.cian.ru/sale/flat/300575713/
26700000;16;NWAR;50,3;15,2;11;20;2015;0;0;2,7;2;https://www.cian.ru/sale/flat/300506281/
26700000;5;CAR;55,6;;2;6;;0;0;;2;https://www.cian.ru/sale/flat/300551119/
26700000;8;NAR;51,5;;8;12;2019;0;1;3,2;2;https://www.cian.ru/sale/flat/300860541/
26700000;8;WAR;50,4;16,3;3;28;2022;0;0;3,12;2;https://www.cian.ru/sale/flat/299580417/
26700000;13;NAR;103,3;64,1;20;22;;0;0;;4;https://www.cian.ru/sale/flat/300622410/
26700000;4;CAR;74;52,5;4;5;1959;0;0;3,2;4;https://www.cian.ru/sale/flat/300254550/
26723894;9;WAR;69,6;;7;21;2023;1;0;2,74;2;https://www.cian.ru/sale/flat/292213557/
26739900;2025;NWAR;37;13,5;29;29;2023;1;0;3,15;1;https://www.cian.ru/sale/flat/289786190/
26750000;7;WAR;72;41;3;43;2022;0;0;3,1;3;https://www.cian.ru/sale/flat/294615649/
26750000;12;NWAR;98,2;70,7;2;22;1999;0;0;2,66;4;https://www.cian.ru/sale/flat/296856201/
26760111;4;NWAR;64,08;33,1;47;52;2024;1;0;2,85;2;https://www.cian.ru/sale/flat/285042238/
26777340;19;SEAR;78,4;37,5;20;30;2024;1;0;2,87;3;https://www.cian.ru/sale/flat/300575558/
26790000;15;NEAR;82,3;64,7;5;20;2017;0;0;2,7;3;https://www.cian.ru/sale/flat/299454124/
26800000;11;SAR;52;;12;12;2022;0;0;4,5;2;https://www.cian.ru/sale/flat/300596715/
26800000;9;SAR;60,59;43,4;37;40;;0;0;;3;https://www.cian.ru/sale/flat/299166294/
26800000;5;NWAR;66,3;;6;25;2023;0;0;3,1;3;https://www.cian.ru/sale/flat/300738314/
26800000;13;WAR;101;65;3;25;;0;0;;4;https://www.cian.ru/sale/flat/296444221/
26864572;4;NWAR;64,52;33,1;45;52;2024;1;0;2,85;2;https://www.cian.ru/sale/flat/287511278/
26900000;9;WAR;50,1;;15;20;2022;0;0;;2;https://www.cian.ru/sale/flat/300191477/
26900000;16;WAR;70;;3;21;2015;0;1;2,85;2;https://www.cian.ru/sale/flat/297704867/
26900000;1;SWAR;55;35;20;22;2012;0;0;3,4;1;https://www.cian.ru/sale/flat/296147935/
26900000;14;SEAR;95,5;62;2;17;2005;0;0;2,64;4;https://www.cian.ru/sale/flat/300337493/
26900000;;WAR;91,1;62,1;5;17;;0;0;;4;https://www.cian.ru/sale/flat/287415733/
26978000;12;NEAR;57,4;43,1;11;37;2024;1;0;3;2;https://www.cian.ru/sale/flat/298603590/
26990000;5;SEAR;64;28;16;21;2023;1;0;;2;https://www.cian.ru/sale/flat/298113963/
26990000;4;WAR;70,5;47;3;8;1960;0;0;2,7;3;https://www.cian.ru/sale/flat/299573059/
26990000;15;NAR;120;70;2;13;;0;0;;4;https://www.cian.ru/sale/flat/295412313/
26993838;9;WAR;45,8;20,1;4;15;2022;1;0;3,12;2;https://www.cian.ru/sale/flat/298334391/
26995095;25;SAR;41,38;17,2;3;9;2023;1;0;3;1;https://www.cian.ru/sale/flat/291543569/
26999000;6;NWAR;57;30;15;16;2022;0;0;3;2;https://www.cian.ru/sale/flat/300693850/
27000000;5;NWAR;53,9;;23;23;2023;1;0;3,23;2;https://www.cian.ru/sale/flat/298988781/
27000000;5;NWAR;56,7;32,7;7;43;2023;1;0;;2;https://www.cian.ru/sale/flat/297879015/
27000000;5;NWAR;49,5;26,8;5;25;2023;1;0;;2;https://www.cian.ru/sale/flat/295279670/
27000000;8;SEAR;58;28;26;26;2023;1;0;;2;https://www.cian.ru/sale/flat/298461651/
27000000;12;NWAR;54;;21;24;2012;0;0;3,1;2;https://www.cian.ru/sale/flat/300142098/
27000000;15;SWAR;50;35;5;14;;0;1;;2;https://www.cian.ru/sale/flat/300421968/
27000000;5;NWAR;49,8;30,5;9;30;;0;0;;2;https://www.cian.ru/sale/flat/300843513/
27000000;5;NWAR;49,8;30,5;9;30;2023;0;0;3,2;2;https://www.cian.ru/sale/flat/297951633/
27000000;5;NWAR;49;30;9;30;;0;0;3,2;2;https://www.cian.ru/sale/flat/300354396/
27000000;9;NWAR;41,5;;17;33;2023;1;0;2,9;1;https://www.cian.ru/sale/flat/299943782/
27000000;6;CAR;36,2;22;8;17;1968;0;0;2;1;https://www.cian.ru/sale/flat/300812067/
27000000;9;NWAR;65,4;46;22;32;2024;1;0;3;3;https://www.cian.ru/sale/flat/300348115/
27000000;6;SAR;73;52;15;16;1982;0;0;2,64;3;https://www.cian.ru/sale/flat/299354605/
27000000;10;NWAR;63,5;;5;19;2023;0;0;2,9;3;https://www.cian.ru/sale/flat/300575961/
27000000;10;NEAR;78;45;2;35;2022;0;0;3,1;3;https://www.cian.ru/sale/flat/298346378/
27000000;4;NWAR;76,1;40,6;7;47;;0;0;;3;https://www.cian.ru/sale/flat/296751936/
27000000;9;SWAR;78,3;53,5;3;8;;0;0;;3;https://www.cian.ru/sale/flat/300548530/
27000000;13;NAR;78;56;5;17;2005;0;0;;4;https://www.cian.ru/sale/flat/300134635/
27000000;15;SEAR;105;;2;23;2005;0;0;2,64;4;https://www.cian.ru/sale/flat/300700624/
27000000;12;EAR;100;70;8;9;1956;0;0;3,2;4;https://www.cian.ru/sale/flat/297744152/
27000000;10;WAR;100,4;65;11;22;;0;0;;4;https://www.cian.ru/sale/flat/274529546/
27000000;2;NWAR;75;51,6;2;12;;0;0;;4;https://www.cian.ru/sale/flat/294782798/
27000000;10;EAR;95;;9;10;2004;0;0;2,64;4;https://www.cian.ru/sale/flat/298170350/
27000000;;NWAR;129;;6;23;2005;0;0;;4;https://www.cian.ru/sale/flat/289905417/
27000000;15;EAR;85,4;55,8;1;5;1955;0;0;;4;https://www.cian.ru/sale/flat/301076479/
27000000;7;NAR;109,5;76,3;6;8;1956;0;0;;4;https://www.cian.ru/sale/flat/296014019/
27000000;20;NAR;91;62,1;1;15;2000;0;0;2,6;4;https://www.cian.ru/sale/flat/297958646/
27000000;4;WAR;126;69;12;17;2003;0;0;2,7;4;https://www.cian.ru/sale/flat/295811839/
27000000;5;EAR;110;70,6;2;5;1953;0;0;3,2;4;https://www.cian.ru/sale/flat/299145889/
27000000;4;NAR;96,8;68,8;2;5;1956;0;0;3,2;4;https://www.cian.ru/sale/flat/300472649/
27000000;1;SWAR;100;59,4;1;17;2003;0;0;2,64;4;https://www.cian.ru/sale/flat/300968852/
27004194;30;WAR;76,5;34,5;30;34;2023;1;0;2,62;3;https://www.cian.ru/sale/flat/300679291/
27050593;24;SAR;42,14;17,2;10;29;2023;1;0;3;1;https://www.cian.ru/sale/flat/296831918/
27080000;4;NAR;99,6;71,2;3;5;1957;0;0;3,05;4;https://www.cian.ru/sale/flat/296566874/
27082583;2;EAR;83,34;62,2;1;20;2024;1;0;;3;https://www.cian.ru/sale/flat/297151027/
27200000;13;NEAR;101,8;63,6;21;22;;0;0;;4;https://www.cian.ru/sale/flat/299740534/
27200000;15;NWAR;80,2;52,6;2;12;;0;0;2,64;4;https://www.cian.ru/sale/flat/300574438/
27261998;5;WAR;49,27;;11;57;2024;1;0;2,9;1;https://www.cian.ru/sale/flat/299901667/
27281980;5;WAR;92,2;;9;25;2021;1;0;2,63;4;https://www.cian.ru/sale/flat/299449788/
27300000;8;NEAR;90;58;6;25;1968;0;0;2,8;4;https://www.cian.ru/sale/flat/297945043/
27332367;7;SAR;46,1;12,4;17;22;2023;1;0;3,15;1;https://www.cian.ru/sale/flat/293204368/
27344041;26;SAR;69,6;;9;13;2024;1;0;2,97;2;https://www.cian.ru/sale/flat/297055267/
27345000;14;SEAR;63;30;8;30;;0;0;2,8;2;https://www.cian.ru/sale/flat/299459113/
27361800;12;NWAR;48,6;17,2;14;21;2023;1;0;3,1;1;https://www.cian.ru/sale/flat/299168040/
27379000;8;WAR;47,2;12;2;31;2023;0;0;3;1;https://www.cian.ru/sale/flat/299207021/
27400000;4;NEAR;83,3;50;1;4;2015;0;0;3,3;3;https://www.cian.ru/sale/flat/284287955/
27400000;3;CAR;90;53;3;6;1938;0;0;3,2;3;https://www.cian.ru/sale/flat/300185601/
27400000;14;SWAR;100;57,3;17;25;1990;0;0;2,7;4;https://www.cian.ru/sale/flat/298494048/
27447668;5;SAR;65,55;34,4;26;26;2023;1;0;2,87;2;https://www.cian.ru/sale/flat/290283240/
27450000;7;CAR;54,8;35,7;2;8;;0;0;3,2;2;https://www.cian.ru/sale/flat/285582701/
27499900;20;SAR;57,7;23,2;8;46;2023;0;0;3;2;https://www.cian.ru/sale/flat/300662395/
27500000;5;NWAR;64;27,1;17;44;2023;1;0;;2;https://www.cian.ru/sale/flat/299303429/
27500000;13;SAR;63;24;2;20;2024;1;0;3,9;2;https://www.cian.ru/sale/flat/299605376/
27500000;19;NEAR;66;30,9;7;35;2023;0;0;3,1;2;https://www.cian.ru/sale/flat/300590078/
27500000;7;WAR;72;36;7;25;;0;0;2,9;2;https://www.cian.ru/sale/flat/299068349/
27500000;17;NAR;72;40;3;27;;0;0;;2;https://www.cian.ru/sale/flat/293847148/
27500000;18;WAR;48,9;15,8;4;36;2024;1;0;3,2;1;https://www.cian.ru/sale/flat/300607842/
27500000;9;WAR;50;25;12;21;;0;0;;1;https://www.cian.ru/sale/flat/293328305/
27500000;15;CAR;45;20;8;9;2014;0;1;;1;https://www.cian.ru/sale/flat/294833419/
27500000;11;NEAR;85,4;48;31;32;2023;1;0;;3;https://www.cian.ru/sale/flat/297677038/
27500000;5;WAR;74,4;;1;8;;0;0;;3;https://www.cian.ru/sale/flat/285287486/
27500000;6;WAR;81;53;28;32;2022;0;0;2,62;4;https://www.cian.ru/sale/flat/299303288/
27500000;11;NAR;90;70;6;7;1929;0;0;3;4;https://www.cian.ru/sale/flat/300603788/
27500000;13;SAR;89,3;;2;16;1983;0;0;;4;https://www.cian.ru/sale/flat/280196078/
27500000;12;NAR;67,3;48;1;5;1958;0;0;3;4;https://www.cian.ru/sale/flat/300431242/
27599663;2;SWAR;61,9;;7;25;2024;1;0;3,65;2;https://www.cian.ru/sale/flat/294886677/
27623332;7;NAR;66,1;40,9;2;8;2023;1;0;3,25;3;https://www.cian.ru/sale/flat/298334663/
27660000;28;WAR;44,6;13,8;13;14;2023;1;0;3;1;https://www.cian.ru/sale/flat/296277976/
27663447;5;NWAR;66,97;;39;52;2024;1;0;2,85;2;https://www.cian.ru/sale/flat/294936820/
27670000;5;NWAR;48,3;25,3;17;30;2024;1;0;3,2;2;https://www.cian.ru/sale/flat/299150234/
27697945;2;EAR;67,44;37,7;6;20;2024;1;0;;3;https://www.cian.ru/sale/flat/299141840/
27700000;7;CAR;48,1;;10;10;;0;0;;2;https://www.cian.ru/sale/flat/300440370/
27738753;30;WAR;73,5;37,3;23;33;2023;1;0;2,62;3;https://www.cian.ru/sale/flat/300679491/
27780000;5;WAR;68,8;48,6;4;5;1929;0;0;3;4;https://www.cian.ru/sale/flat/281954502/
27800000;18;WAR;46,9;;32;41;2024;1;0;3,25;2;https://www.cian.ru/sale/flat/298664674/
27800000;18;SEAR;106,5;65,6;9;23;2007;0;0;2,64;4;https://www.cian.ru/sale/flat/299152916/
27813044;4;NWAR;62,09;29,6;51;52;2024;1;0;2,85;2;https://www.cian.ru/sale/flat/285042234/
27883620;4;CAR;51,7;22,1;6;10;2024;1;1;3;1;https://www.cian.ru/sale/flat/295316322/
27900000;17;SWAR;93;63;3;8;;0;0;;3;https://www.cian.ru/sale/flat/299032781/
27900000;7;NEAR;120;85;23;24;1994;0;0;2,8;4;https://www.cian.ru/sale/flat/300610236/
27900000;3;SAR;100,6;58;22;22;1985;0;0;2,64;4;https://www.cian.ru/sale/flat/300949113/
27900000;8;SWAR;91,3;60;6;14;1991;0;0;2,65;4;https://www.cian.ru/sale/flat/292746615/
27931636;3;NWAR;49,3;19,7;4;19;2011;0;0;3;2;https://www.cian.ru/sale/flat/296473523/
27940000;27;WAR;44;14,2;12;14;2023;1;0;3;1;https://www.cian.ru/sale/flat/299262118/
27950000;7;NAR;82;65;4;6;;0;0;;4;https://www.cian.ru/sale/flat/300860178/
27962000;4;WAR;90,2;49,9;5;12;2022;1;1;3;3;https://www.cian.ru/sale/flat/295043457/
27970000;18;WAR;54,6;;15;41;2024;0;0;3,3;2;https://www.cian.ru/sale/flat/300016363/
27984400;5;SWAR;43;;35;42;2024;1;0;3;2;https://www.cian.ru/sale/flat/300672653/
27990000;12;NWAR;58;;7;21;;0;1;;2;https://www.cian.ru/sale/flat/300457892/
27990000;5;WAR;61,6;;22;42;2021;0;0;;2;https://www.cian.ru/sale/flat/295316100/
27990000;10;NAR;82,2;41,1;31;32;2023;1;0;2,75;3;https://www.cian.ru/sale/flat/294513406/
27999000;7;;43;;5;6;2016;0;1;3,1;2;https://www.cian.ru/sale/flat/300863009/
27999000;7;NAR;43;;5;6;;0;1;;1;https://www.cian.ru/sale/flat/293718260/
27999999;14;SEAR;86;;3;8;2019;0;0;2,8;4;https://www.cian.ru/sale/flat/291552965/
27999999;9;CAR;73,4;57,7;5;5;1932;0;0;3;4;https://www.cian.ru/sale/flat/299291660/
28000000;15;NWAR;65;32;3;13;2023;1;0;;2;https://www.cian.ru/sale/flat/298696548/
28000000;16;SAR;55,8;;2;21;2024;1;0;2,87;2;https://www.cian.ru/sale/flat/299659728/
28000000;19;SEAR;72,3;38,7;9;20;2023;1;0;3,1;2;https://www.cian.ru/sale/flat/295408791/
28000000;5;NWAR;60,9;;10;43;2023;0;0;;2;https://www.cian.ru/sale/flat/298003416/
28000000;11;NWAR;60,1;;2;17;2014;0;0;;2;https://www.cian.ru/sale/flat/299942097/
28000000;9;CAR;52,5;31,2;10;12;;0;0;;2;https://www.cian.ru/sale/flat/300477880/
28000000;10;NAR;61,4;;6;24;2007;0;0;3,1;2;https://www.cian.ru/sale/flat/297839099/
28000000;8;CAR;45;35;6;12;1970;0;0;2,5;2;https://www.cian.ru/sale/flat/300300975/
28000000;10;WAR;68,8;;32;33;2023;0;0;2,7;2;https://www.cian.ru/sale/flat/299027332/
28000000;7;CAR;45;15;6;10;2019;0;0;3;2;https://www.cian.ru/sale/flat/296904237/
28000000;18;NWAR;65,7;28,5;18;41;2021;1;0;;1;https://www.cian.ru/sale/flat/296739976/
28000000;18;WAR;50;30;15;20;2024;1;0;3,2;1;https://www.cian.ru/sale/flat/296522785/
28000000;3;WAR;50;30;16;23;;0;0;3;1;https://www.cian.ru/sale/flat/299141019/
28000000;;SAR;77;43,5;15;24;2022;0;0;2,7;3;https://www.cian.ru/sale/flat/300196050/
28000000;7;NWAR;76;46;3;16;1981;0;0;2,64;3;https://www.cian.ru/sale/flat/300651657/
28000000;9;NEAR;77;46;12;14;2010;0;0;2,65;3;https://www.cian.ru/sale/flat/299672279/
28000000;6;WAR;60;30;9;10;;0;0;2,65;3;https://www.cian.ru/sale/flat/300364688/
28000000;13;SWAR;81;46,6;6;14;2008;0;0;2,75;3;https://www.cian.ru/sale/flat/299325164/
28000000;15;WAR;61,2;;10;16;2018;0;1;3;3;https://www.cian.ru/sale/flat/298334197/
28000000;18;NAR;77;49,4;7;21;;0;1;;3;https://www.cian.ru/sale/flat/293036101/
28000000;3;NEAR;98,5;59;13;22;1997;0;0;2,64;4;https://www.cian.ru/sale/flat/298049834/
28000000;6;WAR;85,5;60,7;11;32;2022;0;0;2,62;4;https://www.cian.ru/sale/flat/299255382/
28000000;5;NAR;96,7;67,1;3;5;;0;0;3;4;https://www.cian.ru/sale/flat/300012231/
28000000;5;SEAR;100;63,6;3;17;2003;0;0;2,65;4;https://www.cian.ru/sale/flat/300616387/
28000000;11;CAR;80,9;56,4;8;8;1957;0;0;3,2;4;https://www.cian.ru/sale/flat/297372127/
28000000;5;WAR;68,8;48,9;4;5;1929;0;0;3;4;https://www.cian.ru/sale/flat/274996970/
28000000;15;NEAR;91;64;4;14;2006;0;0;2,65;4;https://www.cian.ru/sale/flat/300522057/
28070000;5;NWAR;64;28;13;29;2023;0;0;;3;https://www.cian.ru/sale/flat/300834187/
28100000;8;SEAR;60,6;27,7;8;24;2019;1;0;;2;https://www.cian.ru/sale/flat/295669650/
28141244;10;WAR;68,27;42,9;25;30;2023;1;0;3,3;3;https://www.cian.ru/sale/flat/297984309/
28162946;17;NAR;52,6;36,2;22;27;2022;0;0;3,1;2;https://www.cian.ru/sale/flat/296976502/
28174549;24;WAR;75,3;43,8;18;21;2023;1;0;2,74;2;https://www.cian.ru/sale/flat/292337487/
28198410;26;NWAR;71,8;31,2;3;25;2024;1;0;3,02;2;https://www.cian.ru/sale/flat/298401426/
28200000;15;EAR;99,4;;15;21;2022;0;1;3;3;https://www.cian.ru/sale/flat/300817839/
28200000;17;WAR;108;65,1;5;17;;0;0;;4;https://www.cian.ru/sale/flat/294765524/
28250000;4;WAR;63,9;38,8;20;28;2021;0;0;3;2;https://www.cian.ru/sale/flat/299941236/
28266000;18;WAR;47;;27;41;2024;1;0;3,25;2;https://www.cian.ru/sale/flat/300867229/
28300000;14;SAR;55;28;5;14;2022;0;0;3,1;2;https://www.cian.ru/sale/flat/300545062/
28300000;15;WAR;60;;22;29;2022;0;0;;3;https://www.cian.ru/sale/flat/297380955/
28300000;9;SWAR;92,7;64;2;17;2001;0;0;2,64;4;https://www.cian.ru/sale/flat/298283879/
28300000;11;SEAR;86;;2;9;2018;0;0;;4;https://www.cian.ru/sale/flat/300586877/
28300000;11;NAR;80;54;3;5;1957;0;0;3,2;4;https://www.cian.ru/sale/flat/296950596/
28302558;5;NWAR;58,39;;52;52;2024;1;0;2,85;2;https://www.cian.ru/sale/flat/285041610/
28335216;13;NAR;53,5;36,2;23;27;2022;1;0;3;2;https://www.cian.ru/sale/flat/271319286/
28335216;17;NAR;53,5;36,2;23;27;2022;0;0;3;2;https://www.cian.ru/sale/flat/294739592/
28341300;12;NWAR;50,7;18,2;11;21;2023;1;0;3,1;1;https://www.cian.ru/sale/flat/299168036/
28375022;5;SAR;69,7;;2;24;2023;1;0;3,15;2;https://www.cian.ru/sale/flat/300783117/
28400000;19;SEAR;105,7;64,4;14;23;2008;0;0;3;4;https://www.cian.ru/sale/flat/298170409/
28436974;17;NWAR;60;29,5;16;16;2024;1;0;3,02;2;https://www.cian.ru/sale/flat/292809866/
28498400;25;WAR;72,7;34,7;32;33;2023;1;0;2,62;3;https://www.cian.ru/sale/flat/300679627/
28500000;5;NWAR;59,5;28,8;14;44;2023;1;0;;2;https://www.cian.ru/sale/flat/295291741/
28500000;11;SEAR;69,8;29,3;13;22;2023;1;0;;2;https://www.cian.ru/sale/flat/297146596/
28500000;13;SWAR;122,7;42,1;7;8;2000;0;0;;2;https://www.cian.ru/sale/flat/298375248/
28500000;3;WAR;44;;14;28;2020;0;0;3;2;https://www.cian.ru/sale/flat/300617338/
28500000;1;NAR;60,5;;4;30;2021;0;0;3;2;https://www.cian.ru/sale/flat/300207271/
28500000;18;NWAR;50,5;;18;22;2023;0;0;;1;https://www.cian.ru/sale/flat/300914382/
28500000;14;NEAR;78,2;54,5;2;16;2023;0;0;2,65;3;https://www.cian.ru/sale/flat/298805434/
28500000;3;WAR;74;50,5;10;17;;0;0;;3;https://www.cian.ru/sale/flat/300384258/
28500000;12;NEAR;101,4;;19;22;1995;0;0;2,64;4;https://www.cian.ru/sale/flat/299181770/
28500000;6;SAR;98,7;63,4;3;22;1992;0;0;2,66;4;https://www.cian.ru/sale/flat/299479448/
28500000;3;CAR;76,5;54,7;7;7;1929;0;0;3,3;4;https://www.cian.ru/sale/flat/300744172/
28500000;5;NAR;82,5;56;4;8;1959;0;0;2,8;4;https://www.cian.ru/sale/flat/296773542/
28500000;6;SAR;98;64;3;22;1992;0;0;;4;https://www.cian.ru/sale/flat/298329410/
28500000;16;SWAR;95;60;14;22;1994;0;0;2,64;4;https://www.cian.ru/sale/flat/300458797/
28657590;11;SWAR;59,1;31,4;27;34;2023;1;0;3;2;https://www.cian.ru/sale/flat/300673465/
28676315;17;SEAR;77,9;38,2;22;29;2024;1;0;2,87;3;https://www.cian.ru/sale/flat/300575207/
28700000;20;SWAR;63;30;20;42;;0;0;;2;https://www.cian.ru/sale/flat/296594564/
28700000;9;EAR;60,3;;2;16;;0;0;3,4;2;https://www.cian.ru/sale/flat/292881456/
28700000;8;SAR;55,3;;3;16;2018;0;0;3;2;https://www.cian.ru/sale/flat/292520693/
28700000;1;NEAR;67;42,6;21;23;2020;0;0;3,1;3;https://www.cian.ru/sale/flat/300819799/
28711400;17;NWAR;44,5;16,8;39;43;2023;1;0;3,15;1;https://www.cian.ru/sale/flat/299742678/
28750000;11;SEAR;79;45,3;13;14;2012;0;0;;3;https://www.cian.ru/sale/flat/299964126/
28771200;19;NWAR;86,4;;3;4;2014;0;1;3;4;https://www.cian.ru/sale/flat/300094878/
28773800;16;NWAR;63,8;;2;6;2023;1;1;3,24;2;https://www.cian.ru/sale/flat/299370739/
28779047;5;NWAR;83,45;40,1;13;52;2024;1;0;2,85;3;https://www.cian.ru/sale/flat/294936799/
28800000;18;SAR;60;32;38;40;2023;0;0;3,2;2;https://www.cian.ru/sale/flat/299324414/
28800000;20;SWAR;66;28;8;42;;0;0;3;2;https://www.cian.ru/sale/flat/300771933/
28800000;5;NWAR;56,4;28,7;6;19;2022;0;0;3,1;2;https://www.cian.ru/sale/flat/280701152/
28800000;11;SAR;70;49,2;3;20;2023;1;0;;3;https://www.cian.ru/sale/flat/300133730/
28800000;15;NWAR;64;38,2;17;44;2023;1;0;3;3;https://www.cian.ru/sale/flat/298824506/
28807461;9;WAR;79,02;54,6;24;30;2023;1;0;3,3;3;https://www.cian.ru/sale/flat/297984160/
28827070;8;NAR;69,4;42,8;7;35;2023;1;0;3,1;3;https://www.cian.ru/sale/flat/298334722/
28890000;15;EAR;99,9;53,4;3;21;;0;1;;3;https://www.cian.ru/sale/flat/297191675/
28890000;15;WAR;103;61;5;7;1950;0;0;3,2;4;https://www.cian.ru/sale/flat/300098664/
28891281;27;SAR;47,1;19,2;15;15;2023;1;0;3,15;1;https://www.cian.ru/sale/flat/293204364/
28900000;9;SAR;61;25;18;22;2023;1;0;;2;https://www.cian.ru/sale/flat/300707095/
28900000;8;SAR;62,81;;14;22;2023;1;0;;2;https://www.cian.ru/sale/flat/299114283/
28900000;20;SAR;42,4;;19;48;2023;0;0;3;2;https://www.cian.ru/sale/flat/300165837/
28900000;2;WAR;71;;13;29;;0;1;;2;https://www.cian.ru/sale/flat/296471200/
28900000;8;WAR;50;;18;44;2022;0;0;3,1;2;https://www.cian.ru/sale/flat/299647198/
28900000;5;NWAR;65,6;;12;36;2021;0;0;3,2;2;https://www.cian.ru/sale/flat/298752696/
28900000;12;SEAR;88;50,1;4;9;2019;0;0;2,8;3;https://www.cian.ru/sale/flat/298462132/
28900000;19;NWAR;92,6;47;2;17;2017;0;0;2,8;3;https://www.cian.ru/sale/flat/299030863/
28900000;8;EAR;96;62;6;9;2023;0;0;2,8;4;https://www.cian.ru/sale/flat/297427817/
28900000;8;SAR;84,2;60,5;2;5;;0;0;;4;https://www.cian.ru/sale/flat/297457040/
28900000;7;NAR;135,8;89;1;8;1941;0;0;;4;https://www.cian.ru/sale/flat/289680630/
28965519;5;SWAR;62,7;;18;25;2024;1;0;3,17;3;https://www.cian.ru/sale/flat/296330609/
28990000;4;NWAR;55,1;;17;47;2023;0;0;3,1;2;https://www.cian.ru/sale/flat/300556401/
28990000;9;CAR;49,8;27,1;6;22;2024;0;0;3,25;2;https://www.cian.ru/sale/flat/297677928/
28990000;9;CAR;50;18;6;22;2021;0;0;4;1;https://www.cian.ru/sale/flat/286010224/
28999000;5;CAR;43,4;;5;7;1933;0;0;3,2;2;https://www.cian.ru/sale/flat/300542685/
29000000;11;SEAR;73,2;;11;20;2023;1;0;3;2;https://www.cian.ru/sale/flat/286679691/
29000000;7;SWAR;60,5;;7;34;2023;1;0;;2;https://www.cian.ru/sale/flat/296529745/
29000000;18;SAR;59,96;44,8;37;40;2023;1;0;3,15;2;https://www.cian.ru/sale/flat/299411849/
29000000;12;NEAR;63;35;31;47;2017;0;0;3;2;https://www.cian.ru/sale/flat/294868860/
29000000;20;SAR;66,3;39,2;11;17;2019;0;0;2,8;2;https://www.cian.ru/sale/flat/299349779/
29000000;13;CAR;51,8;33,8;2;14;;0;0;;2;https://www.cian.ru/sale/flat/291596233/
29000000;5;SAR;65,5;;12;27;;0;0;;2;https://www.cian.ru/sale/flat/296476464/
29000000;14;NWAR;62,7;;2;34;;0;1;;2;https://www.cian.ru/sale/flat/300527651/
29000000;20;NWAR;62;27;27;28;;0;0;3;2;https://www.cian.ru/sale/flat/298815515/
29000000;;NAR;48,7;;12;15;2019;0;1;3;2;https://www.cian.ru/sale/flat/298457044/
29000000;16;SEAR;70,6;;10;12;2020;0;0;2,8;2;https://www.cian.ru/sale/flat/300711703/
29000000;14;WAR;60;30;13;21;2016;0;1;3;2;https://www.cian.ru/sale/flat/298067858/
29000000;4;NAR;45;16;7;28;2023;1;0;;1;https://www.cian.ru/sale/flat/294589627/
29000000;13;NAR;40,1;;2;40;2021;0;0;3;1;https://www.cian.ru/sale/flat/299005437/
29000000;11;SEAR;73,2;41,3;11;20;2023;1;0;3;3;https://www.cian.ru/sale/flat/286679694/
29000000;19;SAR;82;45;11;25;2023;1;0;;3;https://www.cian.ru/sale/flat/298248906/
29000000;13;SEAR;75;;21;27;2017;1;0;;3;https://www.cian.ru/sale/flat/298664553/
29000000;13;NEAR;78,8;46;16;22;2010;0;0;2,7;3;https://www.cian.ru/sale/flat/300731032/
29000000;14;NWAR;62,7;;2;24;2021;0;1;3,2;3;https://www.cian.ru/sale/flat/300251626/
29000000;19;SAR;66,7;;15;23;2024;0;0;;3;https://www.cian.ru/sale/flat/300982113/
29000000;7;NEAR;75;47;5;14;2010;0;0;2,7;3;https://www.cian.ru/sale/flat/300821065/
29000000;13;NWAR;68;37;3;15;2024;0;0;3,02;3;https://www.cian.ru/sale/flat/300290083/
29000000;10;SEAR;73,2;41,3;11;20;2023;0;0;3;3;https://www.cian.ru/sale/flat/300301424/
29000000;5;SAR;100;69,4;3;5;1958;0;0;;4;https://www.cian.ru/sale/flat/294451935/
29000000;3;SWAR;100,9;65,4;17;22;1987;0;0;2,7;4;https://www.cian.ru/sale/flat/300469341/
29000000;14;SWAR;99,5;63,2;2;22;2012;0;0;2,78;4;https://www.cian.ru/sale/flat/298623372/
29000000;11;SWAR;129,1;68;4;4;1994;0;0;2,85;4;https://www.cian.ru/sale/flat/297875151/
29000000;4;SAR;92,4;53;6;16;2003;0;0;2,64;4;https://www.cian.ru/sale/flat/300094065/
29000000;10;SWAR;91;44;33;33;2019;0;0;2,7;4;https://www.cian.ru/sale/flat/290216223/
29000000;4;NEAR;87,7;51,6;3;17;2012;0;0;2,85;4;https://www.cian.ru/sale/flat/299113541/
29000000;6;NAR;81,1;57,8;2;9;1924;0;0;3,2;4;https://www.cian.ru/sale/flat/296313187/
29013160;20;SWAR;46,6;;37;42;2023;1;0;3;2;https://www.cian.ru/sale/flat/300712651/
29060395;4;CAR;42,5;;19;22;2022;1;0;3,25;2;https://www.cian.ru/sale/flat/298576274/
29078320;5;SWAR;63,2;;22;34;2023;1;0;3;2;https://www.cian.ru/sale/flat/300783447/
29092985;9;WAR;81,2;38,3;3;21;2023;1;0;2,74;3;https://www.cian.ru/sale/flat/279592143/
29142119;5;NWAR;66,4;25,8;2;20;2023;1;0;2,85;2;https://www.cian.ru/sale/flat/287511286/
29143191;9;WAR;73,7;30,5;8;9;2023;1;0;2,74;2;https://www.cian.ru/sale/flat/289800706/
29178803;6;SWAR;51,9;;9;12;2024;1;0;3,17;2;https://www.cian.ru/sale/flat/300451840/
29197000;13;SEAR;67,9;45;6;10;2017;0;1;3,2;3;https://www.cian.ru/sale/flat/300810553/
29200000;14;NWAR;65,3;28,6;36;41;2018;1;0;3,2;2;https://www.cian.ru/sale/flat/300702766/
29200000;12;NWAR;65,5;;32;41;;0;0;3,2;2;https://www.cian.ru/sale/flat/296284624/
29200000;7;WAR;72,2;;25;25;2023;0;0;;2;https://www.cian.ru/sale/flat/300109520/
29201900;19;SEAR;63,5;29,7;12;22;2023;1;0;3;2;https://www.cian.ru/sale/flat/300165804/
29208651;5;NWAR;82,48;40,7;28;52;2024;1;0;2,85;3;https://www.cian.ru/sale/flat/294936824/
29229156;30;WAR;76,3;34,5;26;33;2023;1;0;2,62;3;https://www.cian.ru/sale/flat/300679432/
29232000;17;NWAR;69,6;;4;5;2023;1;1;;3;https://www.cian.ru/sale/flat/300956043/
29239804;7;SAR;44,6;16,4;18;22;2023;1;0;3,15;1;https://www.cian.ru/sale/flat/293204369/
29270700;5;SWAR;66,6;;31;34;2023;1;0;3;2;https://www.cian.ru/sale/flat/300761715/
29293000;9;NEAR;78,1;;9;27;2022;1;0;;2;https://www.cian.ru/sale/flat/294033524/
29300000;5;CAR;44,4;;2;7;2017;0;1;3,2;2;https://www.cian.ru/sale/flat/296191963/
29300000;12;NWAR;52;20;5;19;2018;0;0;;2;https://www.cian.ru/sale/flat/298519060/
29300000;;NWAR;65,3;;23;41;2024;0;0;3,2;2;https://www.cian.ru/sale/flat/299936962/
29300000;14;NWAR;65,3;;23;44;2024;1;0;2,64;3;https://www.cian.ru/sale/flat/298664484/
29300000;12;NAR;111,2;79,8;16;19;2014;0;0;2,75;4;https://www.cian.ru/sale/flat/298835941/
29300000;7;SEAR;116;;2;8;1940;0;0;3,2;4;https://www.cian.ru/sale/flat/297396489/
29319176;4;CAR;53;17,2;5;10;2024;1;1;3;1;https://www.cian.ru/sale/flat/300483995/
29350000;8;NWAR;79,73;;3;8;2024;1;0;;2;https://www.cian.ru/sale/flat/300651675/
29354320;11;EAR;84,4;42,3;14;33;2023;1;0;2,6;3;https://www.cian.ru/sale/flat/293849324/
29359584;;NWAR;64,8;15,2;42;47;2023;1;0;3,05;2;https://www.cian.ru/sale/flat/296745601/
29400000;6;CAR;65,7;37,4;2;5;1939;0;0;2,7;3;https://www.cian.ru/sale/flat/299771692/
29412746;4;SAR;67,14;30,2;27;27;2023;1;0;2,87;2;https://www.cian.ru/sale/flat/292741946/
29438644;22;SAR;47,76;24,9;21;21;2023;1;0;3;2;https://www.cian.ru/sale/flat/291942937/
29440000;2;NAR;48,6;;3;8;2023;0;1;3,2;2;https://www.cian.ru/sale/flat/300661812/
29440000;2;NAR;47;28;3;8;2023;0;1;3,2;2;https://www.cian.ru/sale/flat/300662420/
29450000;2;NAR;47;;2;8;2023;0;1;;1;https://www.cian.ru/sale/flat/296779707/
29476161;10;WAR;44,7;15,7;24;28;2022;1;0;3,12;2;https://www.cian.ru/sale/flat/298334053/
29481400;5;SWAR;59,8;;32;34;2023;1;0;3;2;https://www.cian.ru/sale/flat/300800763/
29499000;9;WAR;54,9;38,9;18;24;2021;0;0;2,95;2;https://www.cian.ru/sale/flat/300734084/
29500000;18;NAR;52;35;11;15;2019;0;1;3,2;2;https://www.cian.ru/sale/flat/297535832/
29500000;18;SAR;63;30;14;22;;0;0;;2;https://www.cian.ru/sale/flat/298157721/
29500000;11;NEAR;62;39;7;21;2020;0;0;;2;https://www.cian.ru/sale/flat/281250233/
29500000;5;NWAR;61;37;14;43;2023;0;0;3,1;2;https://www.cian.ru/sale/flat/300143091/
29500000;10;SWAR;75;43,3;2;20;2023;0;0;3;3;https://www.cian.ru/sale/flat/300818798/
29500000;3;SWAR;75;46;15;17;2003;0;0;2,7;3;https://www.cian.ru/sale/flat/290431403/
29500000;14;WAR;86;56;12;14;2018;0;0;2,7;3;https://www.cian.ru/sale/flat/295108765/
29500000;13;NAR;83,6;65,3;2;5;1935;0;0;;4;https://www.cian.ru/sale/flat/299480630/
29500000;4;SAR;116;74;11;11;2016;0;0;2,7;4;https://www.cian.ru/sale/flat/295765722/
29500000;17;SEAR;82;50;28;30;2023;0;0;2,85;4;https://www.cian.ru/sale/flat/299020514/
29500415;5;SAR;67,61;43,5;25;27;2023;1;0;2,87;3;https://www.cian.ru/sale/flat/284858639/
29501209;15;NWAR;59,94;;3;54;2027;1;0;3;2;https://www.cian.ru/sale/flat/300397138/
29504877;6;NAR;86,1;;3;33;2024;1;1;2,7;4;https://www.cian.ru/sale/flat/297322993/
29504877;6;NAR;86,1;49,5;2;12;;0;0;;4;https://www.cian.ru/sale/flat/300755851/
29504877;6;NAR;86,1;49,5;3;12;;0;0;;4;https://www.cian.ru/sale/flat/298617209/
29519672;19;SAR;60,9;;5;10;2024;1;0;2,97;2;https://www.cian.ru/sale/flat/297791449/
29533860;11;EAR;84,6;42,4;19;33;2023;1;0;2,6;3;https://www.cian.ru/sale/flat/277929670/
29576436;6;SWAR;60,6;;2;12;2024;1;0;3,17;2;https://www.cian.ru/sale/flat/294550028/
29600000;15;NWAR;65,1;41,1;23;41;2024;1;0;3,2;2;https://www.cian.ru/sale/flat/298883973/
29603232;;NWAR;64,8;16,2;45;47;2023;1;0;3,05;2;https://www.cian.ru/sale/flat/296745609/
29612067;24;SAR;53,9;24,2;11;16;2023;1;0;3,15;2;https://www.cian.ru/sale/flat/293204034/
29638482;;NWAR;68,1;;23;47;2023;1;0;3,05;2;https://www.cian.ru/sale/flat/296745563/
29663214;4;NWAR;60,62;28,7;46;52;2024;1;0;2,85;2;https://www.cian.ru/sale/flat/299067050/
29700000;5;CAR;50;33,3;11;13;2022;1;1;3,4;2;https://www.cian.ru/sale/flat/286886774/
29705530;25;SAR;64,4;32,9;6;16;2022;1;0;3,15;2;https://www.cian.ru/sale/flat/293203840/
29709300;16;NWAR;59,3;;3;6;2023;1;1;3,24;2;https://www.cian.ru/sale/flat/299370743/
29734040;10;NAR;119,7;;8;10;2024;1;1;3,1;4;https://www.cian.ru/sale/flat/300282121/
29759589;25;SAR;64,2;32,9;7;16;2022;1;0;3,15;2;https://www.cian.ru/sale/flat/293203842/
29760000;20;NWAR;49;;26;29;2023;1;0;;2;https://www.cian.ru/sale/flat/289479415/
29765148;7;WAR;68,1;21,7;4;9;2023;1;0;2,74;2;https://www.cian.ru/sale/flat/290077041/
29775154;2;;80,79;61,4;10;20;2024;1;0;;3;https://www.cian.ru/sale/flat/297150985/
29775786;5;;72,1;;2;24;2023;1;0;3,15;2;https://www.cian.ru/sale/flat/300624695/
29780000;2;;42,1;13,5;9;21;;0;1;;1;https://www.cian.ru/sale/flat/299726123/
29790000;10;SWAR;172;93;9;9;2000;0;0;2,75;4;https://www.cian.ru/sale/flat/300968559/
29800000;15;NEAR;74,3;44,8;11;17;1993;0;0;;3;https://www.cian.ru/sale/flat/299542967/
29800000;6;CAR;73,1;;4;18;2017;0;1;3;3;https://www.cian.ru/sale/flat/298459097/
29831481;11;NEAR;58,9;;21;22;2024;1;0;3;2;https://www.cian.ru/sale/flat/296222973/
29862660;19;SEAR;67,1;30,3;21;22;2023;1;0;3;2;https://www.cian.ru/sale/flat/300165801/
29890000;14;CAR;45;15;26;35;2023;;;;1;https://www.cian.ru/sale/flat/297168961/
29890248;6;SWAR;62,6;;2;12;2024;1;0;3,17;2;https://www.cian.ru/sale/flat/294550025/
29900000;19;SEAR;75,8;;5;22;2023;1;0;3,2;2;https://www.cian.ru/sale/flat/299998412/
29900000;12;SWAR;54;;8;8;1958;0;0;3;2;https://www.cian.ru/sale/flat/299370562/
29900000;6;SWAR;72,7;;11;14;1996;0;0;3;2;https://www.cian.ru/sale/flat/298935091/
29900000;4;WAR;63;;11;24;2018;0;0;3;2;https://www.cian.ru/sale/flat/299300306/
29900000;8;WAR;56;;5;10;1941;0;0;3,2;2;https://www.cian.ru/sale/flat/299903271/
29900000;14;SWAR;37;;17;19;;0;1;3,2;1;https://www.cian.ru/sale/flat/297951595/
29900000;8;WAR;70;44;20;31;2021;0;0;3,1;3;https://www.cian.ru/sale/flat/281433717/
29900000;22;WAR;60,1;;8;30;;0;1;3;3;https://www.cian.ru/sale/flat/295331662/
29900000;7;WAR;90,1;65;9;9;;0;0;;4;https://www.cian.ru/sale/flat/297470820/
29900000;8;SWAR;96,2;62;1;17;1999;0;0;2,64;4;https://www.cian.ru/sale/flat/300147166/
29900000;13;NWAR;136;82;13;23;2005;0;0;3;4;https://www.cian.ru/sale/flat/293633931/
29900000;5;SWAR;97,3;67,2;14;16;1981;0;0;2,8;4;https://www.cian.ru/sale/flat/297793556/
29900000;9;CAR;74,1;52,8;3;5;1959;0;0;2,75;4;https://www.cian.ru/sale/flat/300253513/
29900000;13;NWAR;128;85;13;25;;0;0;3,1;4;https://www.cian.ru/sale/flat/286984938/
29900000;3;SEAR;108,4;69,1;6;17;1999;0;0;2,7;4;https://www.cian.ru/sale/flat/300266413/
29905514;7;SAR;62;27,8;13;40;2023;1;0;3,15;2;https://www.cian.ru/sale/flat/293203927/
29909640;19;SEAR;66,8;30,3;20;22;2023;1;0;3;2;https://www.cian.ru/sale/flat/300165800/
29917125;8;SWAR;65,5;;13;25;2024;1;0;3,17;2;https://www.cian.ru/sale/flat/294550051/
29925769;11;NWAR;64,7;30,1;3;20;2023;1;0;2,85;2;https://www.cian.ru/sale/flat/285041283/
29928000;19;NEAR;68,8;;3;22;2023;1;0;3;2;https://www.cian.ru/sale/flat/299702680/
29950000;14;CAR;43;;5;17;2023;0;0;3,1;2;https://www.cian.ru/sale/flat/299415534/
29950000;2;WAR;54,1;45,7;7;11;1959;0;0;2,87;2;https://www.cian.ru/sale/flat/294345287/
29950000;9;NAR;54;23,2;9;30;2020;0;0;2,8;2;https://www.cian.ru/sale/flat/298979328/
29950000;7;WAR;75;;20;25;2017;0;0;2,9;2;https://www.cian.ru/sale/flat/299971362/
29950000;7;NAR;70;;2;18;2018;0;1;;3;https://www.cian.ru/sale/flat/282555064/
29976267;11;NEAR;58,9;;22;22;2024;1;0;3;2;https://www.cian.ru/sale/flat/297261569/
29990000;20;SAR;59,4;24,1;23;28;2023;0;0;;2;https://www.cian.ru/sale/flat/300464106/
29990000;6;NAR;40,1;;2;6;2016;0;1;3,3;2;https://www.cian.ru/sale/flat/295663037/
29990000;19;NEAR;57;25;25;35;;0;0;;3;https://www.cian.ru/sale/flat/300176435/
29990000;12;CAR;61,2;;9;9;1970;0;0;;3;https://www.cian.ru/sale/flat/297470764/
29990000;8;WAR;72;50;4;31;2021;0;0;3,1;3;https://www.cian.ru/sale/flat/298752474/
29990000;9;WAR;81;54,9;18;20;;0;0;;4;https://www.cian.ru/sale/flat/298268379/
29990000;9;NEAR;103,7;68,7;2;6;1938;0;0;3;4;https://www.cian.ru/sale/flat/297346246/
29990000;;SEAR;101,6;66,5;9;22;;0;0;3;4;https://www.cian.ru/sale/flat/298522495/
29990000;12;CAR;85,1;56,3;1;9;1991;0;0;;4;https://www.cian.ru/sale/flat/299497692/
29999000;6;SAR;57,8;;3;14;1945;0;0;3;2;https://www.cian.ru/sale/flat/300155324/
29999000;5;WAR;77,5;46,1;21;23;2020;0;0;;3;https://www.cian.ru/sale/flat/299652106/
29999999;17;SAR;66,4;;14;46;2023;0;0;3;2;https://www.cian.ru/sale/flat/290996141/
29999999;13;NEAR;95,5;50;4;4;2020;0;1;3;4;https://www.cian.ru/sale/flat/296340831/
30000000;1;NAR;57;43,8;31;59;2021;0;0;2,8;2;https://www.cian.ru/sale/flat/300392335/
30000000;16;WAR;68;;12;21;2015;0;1;;2;https://www.cian.ru/sale/flat/282810221/
30000000;8;NAR;52;32;6;12;;0;1;3;2;https://www.cian.ru/sale/flat/296711017/
30000000;8;NAR;54;30;5;24;;0;0;;2;https://www.cian.ru/sale/flat/297833437/
30000000;18;WAR;61,1;;7;29;2020;0;0;3;2;https://www.cian.ru/sale/flat/300587382/
30000000;20;SAR;54,9;;2;24;2023;0;1;3;2;https://www.cian.ru/sale/flat/300321051/
30000000;7;CAR;50;35;9;9;1962;0;0;2,5;2;https://www.cian.ru/sale/flat/300558907/
30000000;10;SEAR;50;;4;13;2019;0;0;3,1;2;https://www.cian.ru/sale/flat/300811659/
30000000;5;CAR;55,7;;5;9;1966;0;0;2,7;2;https://www.cian.ru/sale/flat/300787917/
30000000;6;SWAR;78;;6;40;2012;0;0;;2;https://www.cian.ru/sale/flat/281049996/
30000000;1;NAR;57;27;15;59;2021;0;0;2,9;2;https://www.cian.ru/sale/flat/299061868/
30000000;9;CAR;56,1;;8;16;2015;0;0;2,8;2;https://www.cian.ru/sale/flat/299925097/
30000000;18;NWAR;50,8;17,2;7;13;2023;1;0;;1;https://www.cian.ru/sale/flat/294620343/
30000000;27;WAR;51,1;14,7;9;13;2023;1;0;3,13;1;https://www.cian.ru/sale/flat/296278116/
30000000;8;NAR;37,5;28,5;3;15;2020;0;1;3,1;1;https://www.cian.ru/sale/flat/300099173/
30000000;19;SEAR;70,5;;10;22;2023;1;0;;3;https://www.cian.ru/sale/flat/297676437/
30000000;18;WAR;66,9;29,9;5;14;2024;1;0;;3;https://www.cian.ru/sale/flat/300611466/
30000000;8;SEAR;79,7;42;6;11;2019;0;0;;3;https://www.cian.ru/sale/flat/287296776/
30000000;10;SAR;100,4;45,4;9;10;;0;0;;3;https://www.cian.ru/sale/flat/298020860/
30000000;8;SEAR;99,3;66;5;5;1937;0;0;3,2;4;https://www.cian.ru/sale/flat/261266017/
30000000;;WAR;94,3;60;20;31;2023;0;0;;4;https://www.cian.ru/sale/flat/298578355/
30000000;12;SWAR;91,8;;1;7;1958;0;0;3;4;https://www.cian.ru/sale/flat/297754597/
30000000;8;SEAR;98,7;62,9;10;22;1988;0;0;2,8;4;https://www.cian.ru/sale/flat/296684639/
30000000;11;SAR;100,4;45,4;9;10;;0;0;;4;https://www.cian.ru/sale/flat/298020862/
30000000;4;SWAR;97,7;59,8;16;22;1987;0;0;2,7;4;https://www.cian.ru/sale/flat/297359816/
30000000;12;NWAR;100,3;62;15;18;2006;0;0;3;4;https://www.cian.ru/sale/flat/299690554/
30000000;12;EAR;108,8;64;5;17;;0;0;;4;https://www.cian.ru/sale/flat/296403999/
30000000;10;NAR;71,8;50;6;7;;0;0;3,2;4;https://www.cian.ru/sale/flat/295787633/
30000000;2;CAR;92;61;6;7;1940;0;0;3,3;4;https://www.cian.ru/sale/flat/296500661/
30000000;4;SWAR;74,5;54;4;5;1957;0;0;;4;https://www.cian.ru/sale/flat/292142527/
30033280;19;NEAR;66,8;;14;22;2023;1;0;3;2;https://www.cian.ru/sale/flat/299702782/
30040000;;WAR;44,3;13,8;9;14;2023;1;0;3;1;https://www.cian.ru/sale/flat/299262076/
30048408;2;SWAR;65,6;;14;25;2024;1;0;3,65;2;https://www.cian.ru/sale/flat/298403133/
30057960;16;NWAR;46,3;;21;24;2023;1;0;3,15;2;https://www.cian.ru/sale/flat/270815678/
30064650;13;SWAR;62,7;37,4;24;32;2021;1;0;3,1;2;https://www.cian.ru/sale/flat/264100619/
30086103;7;SAR;61,2;29,8;26;40;2023;1;0;3,15;2;https://www.cian.ru/sale/flat/293736434/
30095214;5;SWAR;67,3;;19;25;2024;1;0;3,17;2;https://www.cian.ru/sale/flat/296330604/
30100000;8;NWAR;98,8;70;4;6;;0;0;2,8;4;https://www.cian.ru/sale/flat/293069600/
30115475;25;SAR;65,8;32,1;14;16;2022;1;0;3,15;2;https://www.cian.ru/sale/flat/293203827/
30179923;9;WAR;81,6;38,4;9;21;2023;1;0;2,74;3;https://www.cian.ru/sale/flat/279592142/
30200000;6;CAR;43,6;18,4;10;53;2023;0;0;3,05;1;https://www.cian.ru/sale/flat/300270365/
30200000;7;WAR;100;65;2;22;1984;0;0;2,64;4;https://www.cian.ru/sale/flat/300108387/
30224242;10;NAR;122,2;;10;10;2024;1;1;3,1;4;https://www.cian.ru/sale/flat/300282124/
30244500;;NWAR;71,5;;40;47;2023;1;0;3,05;2;https://www.cian.ru/sale/flat/296745638/
30250000;16;SWAR;100,5;64,5;17;22;1982;0;0;2,64;4;https://www.cian.ru/sale/flat/298782318/
30300000;16;NWAR;67,8;;29;43;2022;0;0;3,2;2;https://www.cian.ru/sale/flat/290883236/
30300000;10;NEAR;85;;13;14;1972;0;0;2,7;3;https://www.cian.ru/sale/flat/294720722/
30320640;;NWAR;72;43,7;41;47;2023;1;0;3,05;2;https://www.cian.ru/sale/flat/296745611/
30324294;17;NWAR;56,7;32,7;9;43;2023;1;0;3,15;2;https://www.cian.ru/sale/flat/292613306/
30349000;2;NAR;97,9;42,2;14;40;2010;0;0;3;2;https://www.cian.ru/sale/flat/294162444/
30349669;5;SAR;72,4;33,6;3;24;2023;1;0;3,15;2;https://www.cian.ru/sale/flat/300712697/
30377215;17;NWAR;61,3;37,8;16;43;2023;1;0;3,15;2;https://www.cian.ru/sale/flat/297642441/
30410378;7;SAR;61,3;29,8;31;40;2023;1;0;3,15;2;https://www.cian.ru/sale/flat/293203849/
30433508;4;SAR;72,6;;3;24;2023;1;0;3,15;2;https://www.cian.ru/sale/flat/300761683/
30439054;7;WAR;69,3;21,7;9;9;2023;1;0;2,74;2;https://www.cian.ru/sale/flat/289800707/
30440000;1;WAR;71;32;4;25;;0;0;3,1;2;https://www.cian.ru/sale/flat/293912931/
30450000;7;WAR;100;64;2;22;1984;0;0;2,64;4;https://www.cian.ru/sale/flat/298786251/
30454394;25;SAR;53,3;28,4;16;16;2023;1;0;3,15;2;https://www.cian.ru/sale/flat/293203988/
30490000;16;NWAR;46;30;30;43;2023;0;0;3;2;https://www.cian.ru/sale/flat/300520402/
30490000;8;WAR;54,7;;5;8;1958;0;0;3;2;https://www.cian.ru/sale/flat/296321957/
30490000;6;WAR;93,2;67;1;8;1957;0;0;3,2;4;https://www.cian.ru/sale/flat/294977748/
30500000;14;NWAR;68,3;;28;41;2024;1;0;;2;https://www.cian.ru/sale/flat/300866779/
30500000;16;NWAR;46;;30;46;2022;0;0;3,2;2;https://www.cian.ru/sale/flat/300575677/
30500000;8;NWAR;67;26,4;22;26;2023;0;0;3;2;https://www.cian.ru/sale/flat/300111482/
30500000;13;SWAR;48,8;24,9;9;26;2021;0;0;;1;https://www.cian.ru/sale/flat/299934509/
30500000;18;SAR;60;29;31;40;2023;0;0;;3;https://www.cian.ru/sale/flat/293569046/
30500000;20;SAR;69,4;39;24;24;2023;0;1;4;3;https://www.cian.ru/sale/flat/300376052/
30553120;2025;NWAR;48,1;25,3;8;29;2023;1;0;3,15;2;https://www.cian.ru/sale/flat/300359171/
30585500;11;SWAR;67;;32;34;2023;1;0;3;2;https://www.cian.ru/sale/flat/300713408/
30590812;27;SAR;87,7;42,6;2;33;2023;1;0;2,68;3;https://www.cian.ru/sale/flat/300915388/
30600000;9;NAR;56;16;16;24;2017;0;0;3,1;2;https://www.cian.ru/sale/flat/299435128/
30600000;17;WAR;71;48,6;4;25;2021;0;0;3,1;2;https://www.cian.ru/sale/flat/298749234/
30600000;8;NAR;42;;16;21;2020;0;0;3,1;1;https://www.cian.ru/sale/flat/299727973/
30600000;3;NAR;42;18;16;21;2020;0;0;3,1;1;https://www.cian.ru/sale/flat/300900853/
30620400;4;WAR;94,8;60,5;11;29;2022;1;1;3;4;https://www.cian.ru/sale/flat/286713653/
30637927;9;WAR;77,5;50,9;24;30;2023;1;0;3,3;3;https://www.cian.ru/sale/flat/297984204/
30679670;22;SAR;46,64;17,2;19;21;2023;1;0;3;1;https://www.cian.ru/sale/flat/298332731/
30690920;19;SEAR;69,4;29,3;19;22;2023;1;0;3;2;https://www.cian.ru/sale/flat/300583049/
30707300;2;SWAR;65;;2;25;2024;1;0;3,65;2;https://www.cian.ru/sale/flat/294550150/
30750000;;WAR;44,5;13,8;10;14;2023;1;0;3;1;https://www.cian.ru/sale/flat/299262078/
30756000;9;NEAR;82;;8;27;2022;1;0;;2;https://www.cian.ru/sale/flat/294033540/
30765892;4;CAR;57,5;20,6;3;10;2024;1;1;3;1;https://www.cian.ru/sale/flat/295316296/
30775875;5;WAR;46,02;;44;57;2024;1;0;2,9;1;https://www.cian.ru/sale/flat/297883607/
30798000;9;WAR;48;16;4;27;2022;0;0;3,1;2;https://www.cian.ru/sale/flat/298759023/
30800000;7;WAR;67;;33;41;2021;0;0;3,1;2;https://www.cian.ru/sale/flat/293892011/
30821708;22;SAR;52,48;28,7;3;29;2023;1;0;3;2;https://www.cian.ru/sale/flat/290542272/
30828160;4;SWAR;85,4;;18;24;2022;1;1;;2;https://www.cian.ru/sale/flat/294637306/
30865030;19;NEAR;70,1;;12;22;2023;1;0;3;2;https://www.cian.ru/sale/flat/299702693/
30869025;4;WAR;93,5;60,6;11;12;2022;1;1;3;4;https://www.cian.ru/sale/flat/289516350/
30879200;12;NEAR;63,8;47,9;11;37;2024;1;0;3;2;https://www.cian.ru/sale/flat/298603585/
30900000;2;NEAR;63,3;;7;15;2021;0;1;3;2;https://www.cian.ru/sale/flat/289970462/
30900000;25;WAR;47;24;4;26;;0;0;3,1;2;https://www.cian.ru/sale/flat/299951445/
30900000;15;NAR;41,9;26,9;12;41;;0;0;;1;https://www.cian.ru/sale/flat/297726343/
30900000;10;;62,3;28,5;4;15;2022;0;0;3,1;3;https://www.cian.ru/sale/flat/295772093/
30900000;20;NWAR;65;28;23;25;2022;0;0;;3;https://www.cian.ru/sale/flat/299649081/
30917340;2;NAR;67,6;34,6;10;21;2023;1;1;3,15;3;https://www.cian.ru/sale/flat/300229498/
30978000;14;WAR;79,3;48;26;27;2022;0;0;2,95;4;https://www.cian.ru/sale/flat/300507433/
30979903;5;CAR;69;35;10;14;1981;0;0;;2;https://www.cian.ru/sale/flat/295069648/
30990000;10;SWAR;72;48;8;8;1960;0;0;;3;https://www.cian.ru/sale/flat/300266387/
30990000;1;WAR;82,5;56;15;39;2022;0;0;3,1;3;https://www.cian.ru/sale/flat/299857029/
30990000;;NWAR;116,7;54,9;5;7;2003;0;0;3,05;4;https://www.cian.ru/sale/flat/277909011/
30997904;4;SEAR;67,7;50,5;14;30;;0;0;;3;https://www.cian.ru/sale/flat/300759046/
30999000;17;WAR;56,4;;27;41;2024;1;0;;2;https://www.cian.ru/sale/flat/300728987/
31000000;15;NWAR;70,6;;9;13;2023;1;0;;2;https://www.cian.ru/sale/flat/297095390/
31000000;8;NWAR;58,3;;4;12;2023;1;0;;2;https://www.cian.ru/sale/flat/297999260/
31000000;9;NWAR;72;29;3;21;2023;1;0;;2;https://www.cian.ru/sale/flat/300836686/
31000000;21;SAR;78,48;37,3;6;14;2024;1;0;;2;https://www.cian.ru/sale/flat/296389966/
31000000;7;WAR;46;26;14;24;2021;0;0;3,1;2;https://www.cian.ru/sale/flat/299655879/
31000000;18;WAR;49,6;;6;23;2020;0;0;3;2;https://www.cian.ru/sale/flat/300520944/
31000000;5;NAR;55,6;;16;24;2017;0;0;3,1;2;https://www.cian.ru/sale/flat/300007514/
31000000;10;WAR;58,5;29,1;4;25;2007;0;0;2,8;2;https://www.cian.ru/sale/flat/298572082/
31000000;7;SWAR;66,5;;26;34;2023;0;0;3;2;https://www.cian.ru/sale/flat/298322864/
31000000;26;WAR;46,5;25,1;18;25;;0;0;;2;https://www.cian.ru/sale/flat/299739632/
31000000;10;SWAR;43;;3;22;2020;0;0;;2;https://www.cian.ru/sale/flat/281277308/
31000000;16;NWAR;67,1;;11;43;;0;0;;2;https://www.cian.ru/sale/flat/293909175/
31000000;17;WAR;47;15;7;18;2022;0;0;3,1;1;https://www.cian.ru/sale/flat/297195040/
31000000;5;NWAR;59,4;35,7;14;43;2023;1;0;;3;https://www.cian.ru/sale/flat/297765120/
31000000;14;SAR;68;;3;14;2018;0;0;;3;https://www.cian.ru/sale/flat/295055352/
31000000;8;WAR;82,5;50;15;37;;0;0;;3;https://www.cian.ru/sale/flat/298483604/
31000000;3;CAR;71;52,2;1;4;;0;0;;4;https://www.cian.ru/sale/flat/297980242/
31000000;12;CAR;76,1;;1;5;1958;0;0;3;4;https://www.cian.ru/sale/flat/296561070/
31043096;4;SAR;59,1;;5;6;2023;1;0;3,15;2;https://www.cian.ru/sale/flat/300800419/
31044068;7;SAR;60,3;29,3;30;40;2023;1;0;3,15;2;https://www.cian.ru/sale/flat/293203948/
31073840;19;SEAR;63,2;29,7;22;22;2023;1;0;3;2;https://www.cian.ru/sale/flat/300165805/
31079570;6;NAR;103,2;;2;33;2024;1;1;2,7;3;https://www.cian.ru/sale/flat/298464071/
31079570;6;NAR;103,2;73;2;12;;0;0;;3;https://www.cian.ru/sale/flat/298617205/
31100000;7;NEAR;74,3;43;10;17;2010;0;0;2,74;3;https://www.cian.ru/sale/flat/300348071/
31116980;19;SEAR;91,4;41,1;13;30;2024;1;0;2,87;3;https://www.cian.ru/sale/flat/300575553/
31122705;19;SAR;63,3;;8;8;2024;1;0;2,97;2;https://www.cian.ru/sale/flat/298310713/
31137876;;NWAR;69,3;;34;47;2023;1;0;3,05;2;https://www.cian.ru/sale/flat/296745557/
31171960;19;SEAR;69,7;29,3;21;22;2023;1;0;3;2;https://www.cian.ru/sale/flat/300165822/
31200000;2;NEAR;51,3;;6;25;2021;1;1;;2;https://www.cian.ru/sale/flat/291247009/
31200000;12;;76,2;43;3;29;2024;1;0;3,15;3;https://www.cian.ru/sale/flat/299850452/
31200000;8;WAR;82,5;50;15;31;2021;0;0;3,1;3;https://www.cian.ru/sale/flat/298067788/
31200000;15;NWAR;97;63,5;3;5;;0;0;;4;https://www.cian.ru/sale/flat/288176588/
31200000;16;EAR;100;66;8;22;2006;0;0;2,7;4;https://www.cian.ru/sale/flat/300936817/
31243224;11;NWAR;73,8;35,6;18;19;2023;1;0;2,85;3;https://www.cian.ru/sale/flat/285041180/
31267474;5;WAR;58,48;;2;57;2024;1;0;2,9;2;https://www.cian.ru/sale/flat/290790439/
31296766;4;SEAR;93,8;50,4;2;30;;0;0;;4;https://www.cian.ru/sale/flat/286542382/
31300000;4;CAR;76,1;55,6;5;12;1965;0;0;2,64;4;https://www.cian.ru/sale/flat/300170073/
31324200;2025;NWAR;49,8;25,2;6;29;2023;1;0;3,15;2;https://www.cian.ru/sale/flat/289786200/
31345564;17;SEAR;90,6;44,4;12;30;2024;1;0;2,87;3;https://www.cian.ru/sale/flat/300575241/
31350680;19;SEAR;70,1;32,7;16;21;2023;1;0;3;2;https://www.cian.ru/sale/flat/300165810/
31374890;19;SEAR;70,9;32,7;14;21;2023;1;0;3;2;https://www.cian.ru/sale/flat/300165809/
31400000;7;WAR;71,3;;29;38;2021;0;0;3;3;https://www.cian.ru/sale/flat/299415131/
31400000;6;SWAR;96;64;3;17;2002;0;0;2,64;4;https://www.cian.ru/sale/flat/300386614/
31437720;5;SWAR;62,6;;32;34;2023;1;0;3;2;https://www.cian.ru/sale/flat/300673469/
31448757;5;WAR;56,77;;35;57;2024;1;0;2,9;1;https://www.cian.ru/sale/flat/282209266/
31470250;24;WAR;87,5;43,2;5;21;2023;1;0;2,74;3;https://www.cian.ru/sale/flat/297097522/
31500000;17;NWAR;60,3;35,3;17;44;2023;1;0;;2;https://www.cian.ru/sale/flat/295416267/
31500000;4;SAR;63,1;;7;42;2024;1;0;3;2;https://www.cian.ru/sale/flat/291004661/
31500000;1;NAR;47;;2;8;;0;1;3,28;2;https://www.cian.ru/sale/flat/297734703/
31500000;9;CAR;75;35;9;10;1933;0;0;;2;https://www.cian.ru/sale/flat/300539774/
31500000;7;CAR;54;34;3;5;1926;0;0;3,2;2;https://www.cian.ru/sale/flat/299673217/
31500000;12;SEAR;70;;2;27;2019;0;0;3,2;2;https://www.cian.ru/sale/flat/299577441/
31500000;15;SAR;66,4;;14;46;2023;0;0;;2;https://www.cian.ru/sale/flat/296690119/
31500000;4;SAR;63,1;;8;42;2023;0;0;3;2;https://www.cian.ru/sale/flat/300422113/
31500000;8;NAR;38,8;;2;21;2020;0;0;3,1;2;https://www.cian.ru/sale/flat/300029504/
31500000;8;WAR;77,5;;7;20;2020;0;0;3,1;2;https://www.cian.ru/sale/flat/297930843/
31500000;13;NAR;40,5;;9;42;2022;0;0;3,1;1;https://www.cian.ru/sale/flat/300584442/
31500000;2;NAR;47;19,9;2;17;2023;0;1;3,28;1;https://www.cian.ru/sale/flat/300577876/
31500000;10;NAR;40;;2;21;2020;0;0;3;1;https://www.cian.ru/sale/flat/273670298/
31500000;16;NAR;98,6;63,6;11;22;2007;0;0;2,8;3;https://www.cian.ru/sale/flat/293760884/
31500000;4;WAR;68,8;52;12;12;2022;0;1;3,6;3;https://www.cian.ru/sale/flat/296898956/
31500000;11;NWAR;92,6;;10;21;2020;0;0;3;3;https://www.cian.ru/sale/flat/297267996/
31500000;4;SEAR;106,5;73;6;6;;0;0;;4;https://www.cian.ru/sale/flat/300302895/
31500000;5;NWAR;77;57;36;36;;0;0;;4;https://www.cian.ru/sale/flat/299028984/
31500000;3;SWAR;96;45;16;16;2004;0;0;2,8;4;https://www.cian.ru/sale/flat/295855135/
31513160;5;SAR;76,67;52,6;24;26;2023;1;0;2,87;3;https://www.cian.ru/sale/flat/284858721/
31520784;10;NAR;74,1;;33;43;2023;1;0;4,2;2;https://www.cian.ru/sale/flat/272090911/
31525164;4;;73,4;;3;24;2023;1;0;3,15;2;https://www.cian.ru/sale/flat/300624681/
31535521;4;NEAR;75,8;;14;15;2021;1;1;;2;https://www.cian.ru/sale/flat/292035501/
31547360;16;NWAR;52,3;29,4;14;24;2023;1;0;3,15;2;https://www.cian.ru/sale/flat/292613405/
31560000;4;WAR;93,4;60;3;29;2022;1;1;;3;https://www.cian.ru/sale/flat/293723590/
31560000;10;WAR;99,2;71,2;2;5;1956;0;0;2,8;4;https://www.cian.ru/sale/flat/299671312/
31596373;10;NAR;74,1;;35;43;2023;1;0;4,2;2;https://www.cian.ru/sale/flat/293391924/
31600000;7;CAR;70;;8;9;2020;0;1;3,5;3;https://www.cian.ru/sale/flat/296712767/
31633073;24;SAR;64,2;32,4;11;16;2023;1;0;3,15;2;https://www.cian.ru/sale/flat/293204033/
31640000;4;NWAR;81,6;;14;47;2021;0;0;3,1;3;https://www.cian.ru/sale/flat/295154475/
31650000;15;WAR;50,8;14,7;8;14;2023;1;0;3;1;https://www.cian.ru/sale/flat/296277718/
31658683;5;SAR;73,2;;6;24;2023;1;0;3,15;2;https://www.cian.ru/sale/flat/300712731/
31686840;9;WAR;89,9;55,5;7;30;2023;1;0;3,3;3;https://www.cian.ru/sale/flat/299583573/
31697000;9;NEAR;87;;23;27;2022;1;0;;3;https://www.cian.ru/sale/flat/294033560/
31700000;13;CAR;69;;24;44;2018;0;1;3;3;https://www.cian.ru/sale/flat/296139192/
31700000;12;CAR;69;37;24;44;2018;0;1;3;3;https://www.cian.ru/sale/flat/290778903/
31701104;8;SWAR;68,3;;16;25;2024;1;0;3,17;2;https://www.cian.ru/sale/flat/298403126/
31727850;8;CAR;46,9;;13;13;2013;1;1;3,15;1;https://www.cian.ru/sale/flat/297286562/
31729560;19;SEAR;69,7;29,3;22;22;2023;1;0;3;2;https://www.cian.ru/sale/flat/300165826/
31735858;19;SEAR;91,6;41,1;24;30;2024;1;0;2,87;3;https://www.cian.ru/sale/flat/300575562/
31800000;4;NWAR;56;;25;47;2021;0;0;3,1;2;https://www.cian.ru/sale/flat/297561369/
31800000;11;WAR;46;;3;26;2021;0;0;3,1;2;https://www.cian.ru/sale/flat/282641368/
31845511;19;SAR;69,2;;2;12;2024;1;0;2,97;2;https://www.cian.ru/sale/flat/300228448/
31850000;15;WAR;58;36;7;25;2017;0;1;3;2;https://www.cian.ru/sale/flat/300840991/
31866943;4;SAR;63,86;40,5;26;26;2023;1;0;2,87;2;https://www.cian.ru/sale/flat/297878514/
31895498;4;NWAR;80,59;39,1;2;52;2024;1;0;2,85;3;https://www.cian.ru/sale/flat/299067053/
31900000;10;SEAR;69;32;3;14;2023;1;0;;2;https://www.cian.ru/sale/flat/300487108/
31900000;2;WAR;52,3;;5;9;1968;0;0;2,8;2;https://www.cian.ru/sale/flat/300338512/
31900000;12;NEAR;63,1;;2;22;2019;0;0;2,8;2;https://www.cian.ru/sale/flat/300061309/
31900000;13;SAR;51,3;;12;16;2023;0;0;3;2;https://www.cian.ru/sale/flat/300221231/
31900000;5;NWAR;56,2;28,9;12;29;2023;0;0;3;2;https://www.cian.ru/sale/flat/294247460/
31900000;11;WAR;54;30;5;10;1941;0;0;3,2;2;https://www.cian.ru/sale/flat/300635638/
31900000;9;CAR;60;42,7;5;5;1926;0;0;3;3;https://www.cian.ru/sale/flat/298880124/
31900000;8;WAR;78,6;55,6;7;29;2022;0;0;3,15;3;https://www.cian.ru/sale/flat/300777586/
31920000;5;WAR;133;80;14;24;2016;0;0;3;4;https://www.cian.ru/sale/flat/299990216/
31935265;5;WAR;57,97;;2;57;2024;1;0;2,9;2;https://www.cian.ru/sale/flat/282209334/
31945412;15;SAR;73,6;;4;24;2023;1;0;3,15;2;https://www.cian.ru/sale/flat/300761685/
31956600;5;SWAR;66,3;;24;34;2023;1;0;3;2;https://www.cian.ru/sale/flat/300800773/
31968800;12;NEAR;71,2;53,4;3;37;2024;1;0;3;2;https://www.cian.ru/sale/flat/298781520/
31990000;17;SWAR;78;50;7;8;1958;0;0;2,8;3;https://www.cian.ru/sale/flat/299237500/
31999000;4;WAR;84;33;7;31;2022;0;0;3,1;2;https://www.cian.ru/sale/flat/298161869/
31999440;16;NWAR;52,7;29,8;15;24;2023;1;0;3,15;2;https://www.cian.ru/sale/flat/296517754/
31999999;8;NEAR;95,5;50;4;4;2020;0;1;3;4;https://www.cian.ru/sale/flat/295020073/
32000000;9;WAR;48;30;3;9;2021;0;0;;2;https://www.cian.ru/sale/flat/300453414/
32000000;4;WAR;72;36,3;3;28;2021;0;0;3;2;https://www.cian.ru/sale/flat/300676856/
32000000;14;CAR;43,3;;16;51;;0;0;;2;https://www.cian.ru/sale/flat/299460337/
32000000;5;CAR;50;33;1;13;;0;0;;2;https://www.cian.ru/sale/flat/286767663/
32000000;2;SEAR;67;33,1;12;23;2021;0;0;3;2;https://www.cian.ru/sale/flat/300222335/
32000000;6;CAR;41,1;;8;11;2022;0;1;5,7;2;https://www.cian.ru/sale/flat/288694278/
32000000;5;NWAR;57,4;31,1;21;23;2023;0;0;3,2;2;https://www.cian.ru/sale/flat/291856643/
32000000;5;WAR;53;30;18;22;;0;0;3,1;2;https://www.cian.ru/sale/flat/294770486/
32000000;13;CAR;43,4;;12;15;2023;0;0;3,1;2;https://www.cian.ru/sale/flat/299020420/
32000000;5;WAR;45;20;19;23;2021;0;0;3,1;1;https://www.cian.ru/sale/flat/300931694/
32000000;19;SAR;44;17,5;9;9;2023;0;0;3,5;1;https://www.cian.ru/sale/flat/300477453/
32000000;5;NWAR;64;38,2;18;43;2023;1;0;;3;https://www.cian.ru/sale/flat/300873457/
32000000;7;CAR;68;46;9;9;1941;0;0;3;3;https://www.cian.ru/sale/flat/240713517/
32000000;7;CAR;70;;9;9;1957;0;0;3;3;https://www.cian.ru/sale/flat/293186399/
32000000;6;NAR;111,8;;2;6;1939;0;0;3,2;3;https://www.cian.ru/sale/flat/300646119/
32000000;12;SWAR;105,8;;1;18;2005;0;0;3;3;https://www.cian.ru/sale/flat/295066559/
32000000;5;NWAR;75,6;47,1;17;36;2021;0;0;3,08;3;https://www.cian.ru/sale/flat/297326583/
32000000;14;SAR;85;62,8;8;8;2022;0;0;3,7;3;https://www.cian.ru/sale/flat/300666401/
32000000;6;WAR;109,1;60;5;22;2017;0;0;2,85;4;https://www.cian.ru/sale/flat/300219455/
32000000;11;SWAR;111,9;75;14;17;1997;0;0;2,7;4;https://www.cian.ru/sale/flat/299207571/
32000000;6;CAR;81,6;57,2;1;5;;0;0;3;4;https://www.cian.ru/sale/flat/300912927/
32000000;12;WAR;95;55;8;16;1978;0;0;2,7;4;https://www.cian.ru/sale/flat/300158362/
32000000;5;NEAR;100;65;12;22;1990;0;0;2,64;4;https://www.cian.ru/sale/flat/293965333/
32000000;13;SWAR;108;72;2;10;1961;0;0;3;4;https://www.cian.ru/sale/flat/299087875/
32000000;5;WAR;100;;9;12;2017;0;0;;4;https://www.cian.ru/sale/flat/252511852/
32000000;21;NEAR;91,5;51,6;3;17;;0;0;2,7;4;https://www.cian.ru/sale/flat/294175023/
32000000;8;NAR;87,6;61,8;5;5;1936;0;0;3,2;4;https://www.cian.ru/sale/flat/295936287/
32000000;15;SWAR;100;64;16;22;;0;0;;4;https://www.cian.ru/sale/flat/300121501/
32022800;12;NEAR;71,8;53,9;2;37;2024;1;0;3;2;https://www.cian.ru/sale/flat/298603477/
32075050;5;WAR;56,77;;33;57;2024;1;0;2,9;2;https://www.cian.ru/sale/flat/295072445/
32107152;5;CAR;71,4;48,2;11;13;2022;1;1;3,4;2;https://www.cian.ru/sale/flat/286886807/
32139585;10;WAR;93,49;61,2;12;29;2023;1;0;3,3;3;https://www.cian.ru/sale/flat/298365016/
32160000;13;NAR;107,2;66,1;2;22;2010;0;0;3,1;3;https://www.cian.ru/sale/flat/292936310/
32200000;5;NWAR;57;37;3;29;;0;0;3,2;2;https://www.cian.ru/sale/flat/300709110/
32200000;19;WAR;79,7;45,9;17;54;2024;1;0;3,15;3;https://www.cian.ru/sale/flat/299559473/
32248627;2;EAR;85,88;66;7;20;2024;1;0;;3;https://www.cian.ru/sale/flat/297151003/
32251208;26;SAR;90,4;59;3;10;2024;1;0;2,97;3;https://www.cian.ru/sale/flat/297055270/
32253218;5;WAR;58,58;;2;57;2024;1;0;2,9;2;https://www.cian.ru/sale/flat/282209330/
32286900;19;SEAR;70,2;32,7;19;21;2023;1;0;3;2;https://www.cian.ru/sale/flat/300165808/
32293859;4;CAR;55,8;20,8;9;10;2024;1;1;3;1;https://www.cian.ru/sale/flat/295316301/
32300000;4;SAR;80;54;4;8;1958;0;0;3;3;https://www.cian.ru/sale/flat/296395448/
32300000;5;CAR;101,4;70,7;5;9;1958;0;0;;4;https://www.cian.ru/sale/flat/293117659/
32352998;5;NWAR;85,1;39,3;3;20;2023;1;0;2,85;3;https://www.cian.ru/sale/flat/291372583/
32354169;5;SWAR;70,3;;22;25;2024;1;0;3,17;2;https://www.cian.ru/sale/flat/294550013/
32357376;25;SAR;62,6;35,3;3;16;2023;1;0;3,15;2;https://www.cian.ru/sale/flat/293203991/
32392797;2;SWAR;69,4;;17;25;2024;1;0;3,65;2;https://www.cian.ru/sale/flat/296518951/
32400000;6;CAR;112;79,4;11;12;;0;0;2,6;4;https://www.cian.ru/sale/flat/300656284/
32400000;6;CAR;112;79,4;10;12;;0;0;2,6;4;https://www.cian.ru/sale/flat/300656306/
32417493;25;SAR;62,3;35,3;4;16;2023;1;0;3,15;2;https://www.cian.ru/sale/flat/293203993/
32450000;6;WAR;56,1;30,6;17;20;2021;0;0;3;2;https://www.cian.ru/sale/flat/299865767/
32463200;2;NAR;81,1;50,6;3;21;2023;1;1;3,15;3;https://www.cian.ru/sale/flat/298000766/
32474550;19;NEAR;74,5;;19;22;2023;1;0;3;2;https://www.cian.ru/sale/flat/299702854/
32490000;7;CAR;57,4;37,1;6;8;1933;0;0;3;3;https://www.cian.ru/sale/flat/297066005/
32500000;15;NAR;87,9;;2;34;2008;0;0;3;2;https://www.cian.ru/sale/flat/300643127/
32500000;12;WAR;57;;6;23;2009;0;0;3;2;https://www.cian.ru/sale/flat/297407466/
32500000;12;WAR;57;31;6;23;2009;0;0;2,8;2;https://www.cian.ru/sale/flat/299091687/
32500000;18;WAR;51,1;;14;26;2021;0;0;3;2;https://www.cian.ru/sale/flat/296828562/
32500000;6;CAR;63,2;35,9;3;5;1924;0;0;3;2;https://www.cian.ru/sale/flat/299987374/
32500000;1;NAR;90;65;2;15;2016;0;1;3;2;https://www.cian.ru/sale/flat/298943338/
32500000;2;NAR;50;;13;16;2023;0;1;;1;https://www.cian.ru/sale/flat/298220595/
32500000;12;NAR;40,4;20;9;41;;0;0;;1;https://www.cian.ru/sale/flat/294106758/
32500000;6;CAR;79;;3;4;1917;0;1;3,4;3;https://www.cian.ru/sale/flat/296768539/
32500000;9;NWAR;52;;30;58;;0;0;;3;https://www.cian.ru/sale/flat/300643505/
32500000;10;CAR;80;50;4;14;1984;0;0;2,64;3;https://www.cian.ru/sale/flat/289881261/
32500000;13;SEAR;100;62,8;2;5;;0;0;;4;https://www.cian.ru/sale/flat/300121495/
32563200;19;NEAR;76,8;57,6;2;32;2023;1;0;3;2;https://www.cian.ru/sale/flat/298828200/
32587200;12;NEAR;74,4;55,8;4;37;2024;1;0;3;2;https://www.cian.ru/sale/flat/298828171/
32610600;8;CAR;48,6;;12;13;2013;1;1;3,15;1;https://www.cian.ru/sale/flat/297286565/
32661696;4;SEAR;93,8;50,4;26;30;;0;0;;4;https://www.cian.ru/sale/flat/298984716/
32685120;19;NEAR;77,6;;7;22;2023;1;0;3;2;https://www.cian.ru/sale/flat/299702838/
32692246;4;CAR;60,6;19,8;10;10;2024;1;1;3;1;https://www.cian.ru/sale/flat/295316290/
32699793;4;SAR;73,87;50,5;24;26;2023;1;0;2,87;3;https://www.cian.ru/sale/flat/284858753/
32701895;6;WAR;63;30,1;12;28;2022;1;0;3,12;2;https://www.cian.ru/sale/flat/298334237/
32715700;4;WAR;95,8;60,5;19;29;2022;1;1;3;4;https://www.cian.ru/sale/flat/289516334/
32747909;5;WAR;61,15;;6;57;2024;1;0;2,9;2;https://www.cian.ru/sale/flat/272591263/
32749223;9;WAR;93,64;69,7;22;30;2023;1;0;3,3;4;https://www.cian.ru/sale/flat/297984298/
32750000;12;;83,5;52;3;14;1970;0;0;2,7;4;https://www.cian.ru/sale/flat/297088490/
32755835;4;CAR;56,6;19,7;9;10;2024;1;1;3;1;https://www.cian.ru/sale/flat/295316294/
32786819;5;WAR;59,86;;25;57;2024;1;0;2,9;2;https://www.cian.ru/sale/flat/295099517/
32800000;14;SWAR;48,73;;4;17;2024;1;0;3,05;2;https://www.cian.ru/sale/flat/298262006/
32800000;7;WAR;66;58;40;41;2023;0;0;3,1;3;https://www.cian.ru/sale/flat/300803592/
32810400;12;NEAR;75,6;56,7;2;37;2024;1;0;3;2;https://www.cian.ru/sale/flat/298828169/
32890000;8;WAR;86,1;52,2;20;35;;0;0;;3;https://www.cian.ru/sale/flat/298661948/
32890000;8;WAR;86;52;20;31;2021;0;0;3,1;3;https://www.cian.ru/sale/flat/300208657/
32895000;19;NEAR;77,4;58,1;2;32;2023;1;0;3;3;https://www.cian.ru/sale/flat/298603929/
32899942;7;WAR;91,7;39,1;7;21;2023;1;0;2,74;3;https://www.cian.ru/sale/flat/300346087/
32900000;5;WAR;49,2;;12;14;;0;0;;2;https://www.cian.ru/sale/flat/299460217/
32900000;5;WAR;49,2;;12;14;2023;0;0;3,2;2;https://www.cian.ru/sale/flat/300512089/
32900000;12;SEAR;88,9;55,4;6;9;1962;0;0;3;3;https://www.cian.ru/sale/flat/300668328/
32900000;8;WAR;86,5;52,2;20;39;2022;0;0;3,1;3;https://www.cian.ru/sale/flat/300661643/
32900000;12;NWAR;85,5;72,5;10;37;2018;0;1;3,2;3;https://www.cian.ru/sale/flat/298170119/
32900524;4;SAR;73,6;;5;24;2023;1;0;3,15;2;https://www.cian.ru/sale/flat/300712729/
32921279;2;SWAR;64,3;;25;25;2024;1;0;3,65;2;https://www.cian.ru/sale/flat/296747296/
32923968;2025;NWAR;70,4;35,7;19;29;2023;1;0;3,15;2;https://www.cian.ru/sale/flat/289786214/
32929000;12;NEAR;74,5;55,9;6;37;2024;1;0;3;2;https://www.cian.ru/sale/flat/298828174/
32930240;8;SWAR;69,9;;18;25;2024;1;0;3,17;2;https://www.cian.ru/sale/flat/294650709/
32950000;9;EAR;102,3;70,8;5;23;2022;0;0;3;4;https://www.cian.ru/sale/flat/297827675/
32964420;19;NEAR;78,9;;2;22;2023;1;0;3;2;https://www.cian.ru/sale/flat/299702726/
32990000;5;NWAR;65;39,4;40;44;2023;0;0;3,4;2;https://www.cian.ru/sale/flat/300192215/
32993222;15;SAR;73,7;;7;24;2023;1;0;3,15;2;https://www.cian.ru/sale/flat/300761655/
32995000;6;WAR;71;42,7;24;62;2024;1;0;3,1;3;https://www.cian.ru/sale/flat/300867232/
32995000;13;CAR;100,7;73,4;2;5;;0;0;3;4;https://www.cian.ru/sale/flat/286386336/
33000000;11;SEAR;61,5;;9;14;2023;1;0;;2;https://www.cian.ru/sale/flat/298918046/
33000000;16;NWAR;67,1;;11;41;;0;0;;2;https://www.cian.ru/sale/flat/300701528/
33000000;17;WAR;73,3;29,9;22;25;2021;0;0;3,1;2;https://www.cian.ru/sale/flat/299898801/
33000000;16;NWAR;56;;10;25;2015;0;0;3,1;2;https://www.cian.ru/sale/flat/299138346/
33000000;8;WAR;83,4;;21;30;;0;0;3;2;https://www.cian.ru/sale/flat/299714730/
33000000;12;NWAR;73,7;;13;23;;0;1;;2;https://www.cian.ru/sale/flat/299302048/
33000000;10;CAR;75,6;;1;4;1900;0;0;3,2;2;https://www.cian.ru/sale/flat/300114983/
33000000;10;CAR;78,1;;10;35;2023;0;0;3,1;2;https://www.cian.ru/sale/flat/297092086/
33000000;11;CAR;57,4;;5;15;;0;0;;2;https://www.cian.ru/sale/flat/292945866/
33000000;14;SAR;65;28,7;6;15;2023;0;0;3,4;2;https://www.cian.ru/sale/flat/299012452/
33000000;17;CAR;78;;7;7;2021;0;1;3,5;2;https://www.cian.ru/sale/flat/300234401/
33000000;5;NWAR;72,2;;4;44;2023;0;0;;3;https://www.cian.ru/sale/flat/298921999/
33000000;5;NWAR;72,2;47,2;4;30;;0;0;;3;https://www.cian.ru/sale/flat/300748700/
33000000;19;WAR;94;57;30;30;;0;0;;3;https://www.cian.ru/sale/flat/300855497/
33000000;4;NAR;105,3;64,8;20;24;;0;0;;4;https://www.cian.ru/sale/flat/295403279/
33000000;3;NWAR;100;64,3;20;22;1997;0;0;2,66;4;https://www.cian.ru/sale/flat/299101297/
33000000;9;NAR;82;55;3;8;1937;0;0;3,2;4;https://www.cian.ru/sale/flat/294978286/
33000000;10;NAR;91,1;66,6;3;8;1955;0;0;3,2;4;https://www.cian.ru/sale/flat/299573780/
33000000;8;EAR;85,1;54;2;8;1959;0;0;2,8;4;https://www.cian.ru/sale/flat/296606587/
33000000;18;SWAR;103;66;15;22;2005;0;0;2,64;4;https://www.cian.ru/sale/flat/295899413/
33000000;7;WAR;99;64,3;22;22;1991;0;0;2,7;4;https://www.cian.ru/sale/flat/300964967/
33000000;9;CAR;76;49,6;5;16;1975;0;0;2,7;4;https://www.cian.ru/sale/flat/297790207/
33000000;1;WAR;90;60;9;18;2007;0;0;2,7;4;https://www.cian.ru/sale/flat/298993791/
33000000;3;NAR;105,3;65;20;22;2021;0;0;2,9;4;https://www.cian.ru/sale/flat/300744705/
33000000;9;SAR;92,6;62;3;17;2005;0;0;2,64;4;https://www.cian.ru/sale/flat/300759807/
33058064;19;SAR;57,1;;6;6;2023;1;0;3,15;2;https://www.cian.ru/sale/flat/300761675/
33072000;17;NWAR;62,4;;14;43;2023;1;0;3,15;2;https://www.cian.ru/sale/flat/295305506/
33100000;10;WAR;62,7;30,1;4;11;;0;0;3,1;2;https://www.cian.ru/sale/flat/300593020/
33100000;12;WAR;106,7;58;3;25;2008;0;0;3,05;4;https://www.cian.ru/sale/flat/298435133/
33132600;12;NEAR;69,9;52,4;11;37;2024;1;0;3;3;https://www.cian.ru/sale/flat/298603595/
33140040;5;SWAR;71,2;;23;25;2024;1;0;3,17;2;https://www.cian.ru/sale/flat/294550017/
33200000;9;NWAR;52;;28;58;;0;0;;2;https://www.cian.ru/sale/flat/299151784/
33250000;6;WAR;62,9;32,9;10;28;2022;0;0;3,1;3;https://www.cian.ru/sale/flat/298614348/
33250000;6;WAR;63,3;33,2;15;28;2022;0;0;3,1;3;https://www.cian.ru/sale/flat/299363920/
33269000;9;NEAR;90,6;;2;27;2022;1;0;;3;https://www.cian.ru/sale/flat/294033706/
33273400;19;SEAR;71,8;;11;21;2023;1;0;3;2;https://www.cian.ru/sale/flat/300165818/
33281500;19;SEAR;73;35,7;6;11;2023;1;0;3,1;2;https://www.cian.ru/sale/flat/289428339/
33290000;14;NEAR;129;100;2;4;;0;1;;3;https://www.cian.ru/sale/flat/300115909/
33290901;7;SAR;64,5;31,4;12;40;2023;1;0;3,15;2;https://www.cian.ru/sale/flat/293203884/
33299000;4;WAR;112;74,2;3;8;1954;0;0;3;3;https://www.cian.ru/sale/flat/292548663/
33300000;16;SWAR;102;74;21;22;1982;0;0;2,64;4;https://www.cian.ru/sale/flat/298934924/
33359634;13;SWAR;78,1;;28;32;2021;1;0;3,1;2;https://www.cian.ru/sale/flat/264100219/
33376136;7;SAR;72,5;;19;24;2023;1;0;2,97;2;https://www.cian.ru/sale/flat/299606669/
33380220;8;NAR;86,8;57,2;7;35;2023;1;0;3,1;4;https://www.cian.ru/sale/flat/298334728/
33404761;5;NWAR;65,6;25,8;20;20;2023;1;0;2,85;2;https://www.cian.ru/sale/flat/285040949/
33444818;22;SAR;71,71;31,2;6;29;2023;1;0;3;2;https://www.cian.ru/sale/flat/296831923/
33454080;13;SWAR;88;50,6;1;32;2021;1;0;3,1;3;https://www.cian.ru/sale/flat/290914447/
33469130;7;SAR;64,4;31,4;16;40;2023;1;0;3,15;2;https://www.cian.ru/sale/flat/293203934/
33499000;14;NAR;63;31,8;9;26;2022;0;0;2,9;2;https://www.cian.ru/sale/flat/291207212/
33500000;16;NWAR;57,6;17,2;9;44;2023;1;0;;2;https://www.cian.ru/sale/flat/299643248/
33500000;5;WAR;44;22,2;10;14;;0;0;;2;https://www.cian.ru/sale/flat/300509012/
33500000;5;WAR;60;;7;8;1937;0;0;3,2;2;https://www.cian.ru/sale/flat/300542333/
33500000;13;NAR;63;29,7;2;12;;0;0;;2;https://www.cian.ru/sale/flat/298833137/
33500000;20;SAR;64;;18;48;2023;0;0;3,2;2;https://www.cian.ru/sale/flat/300289683/
33500000;6;WAR;73,5;;11;42;2021;0;0;3,5;3;https://www.cian.ru/sale/flat/297087836/
33500000;5;NWAR;69,1;;25;43;2023;0;0;3,1;3;https://www.cian.ru/sale/flat/300144557/
33500000;17;NEAR;82,1;47;10;11;2018;0;0;2,9;3;https://www.cian.ru/sale/flat/300371959/
33500000;13;WAR;70;42;12;22;2018;0;0;3;3;https://www.cian.ru/sale/flat/300329022/
33500000;1;NAR;67;45;5;58;2021;0;0;2,9;3;https://www.cian.ru/sale/flat/295005061/
33500000;2;SWAR;75;50;9;17;2003;0;0;2,8;3;https://www.cian.ru/sale/flat/279440853/
33500000;10;SWAR;115,2;75;31;33;2019;0;0;2,7;4;https://www.cian.ru/sale/flat/300156635/
33500000;10;SWAR;115,2;;31;33;2019;0;0;2,64;4;https://www.cian.ru/sale/flat/300708541/
33527660;19;SEAR;70,7;27,8;22;22;2023;1;0;3;2;https://www.cian.ru/sale/flat/300165820/
33629740;19;SEAR;75,1;31,6;22;22;2023;1;0;3;2;https://www.cian.ru/sale/flat/300165806/
33644405;4;CAR;45,8;22,7;15;22;2022;1;0;3,25;2;https://www.cian.ru/sale/flat/298576270/
33657084;2;EAR;83,98;41,8;16;20;2024;1;0;;3;https://www.cian.ru/sale/flat/300122386/
33700000;6;NAR;103,2;73;7;12;;0;0;2,8;4;https://www.cian.ru/sale/flat/299696166/
33748162;9;WAR;79,9;38,4;21;21;2023;1;0;3,87;3;https://www.cian.ru/sale/flat/283829227/
33786748;7;SAR;72,2;;23;24;2023;1;0;2,97;2;https://www.cian.ru/sale/flat/288141331/
33800000;16;EAR;90,8;45,7;2;30;2013;0;0;2,9;3;https://www.cian.ru/sale/flat/293313393/
33800000;5;NEAR;95,2;57,7;20;23;2008;0;0;2,95;3;https://www.cian.ru/sale/flat/299921587/
33800000;10;SEAR;97,4;41,5;13;27;2023;0;0;3,1;3;https://www.cian.ru/sale/flat/300435709/
33800000;10;SEAR;97,4;55,7;13;27;2023;0;0;3,1;4;https://www.cian.ru/sale/flat/299562271/
33804798;5;NWAR;70,58;29,7;43;52;2024;1;0;2,85;2;https://www.cian.ru/sale/flat/299067078/
33847838;22;SAR;68,8;;26;26;2023;1;0;3;2;https://www.cian.ru/sale/flat/292741926/
33854660;16;NWAR;55,3;28,8;15;24;2023;1;0;3,15;2;https://www.cian.ru/sale/flat/289786070/
33870474;4;CAR;49,8;27,2;7;22;2022;1;0;3,25;2;https://www.cian.ru/sale/flat/298576259/
33900000;7;CAR;82,01;;41;51;2024;1;0;3,1;2;https://www.cian.ru/sale/flat/299320399/
33900000;7;CAR;42;30;2;5;1935;0;0;2,8;2;https://www.cian.ru/sale/flat/300639293/
33900000;17;NWAR;58;;3;23;2018;0;0;2,8;3;https://www.cian.ru/sale/flat/300342262/
33900000;12;NWAR;90;55;2;24;2012;0;0;3,1;3;https://www.cian.ru/sale/flat/298474271/
33900000;10;CAR;88,2;65,9;6;6;1933;0;0;3;4;https://www.cian.ru/sale/flat/300437445/
33900000;5;CAR;100;70;3;9;;0;0;;4;https://www.cian.ru/sale/flat/299255100/
33944456;5;SAR;97,24;63,2;2;5;2023;1;0;2,87;4;https://www.cian.ru/sale/flat/295828406/
33950000;8;CAR;64;37;2;7;1949;0;0;3,2;2;https://www.cian.ru/sale/flat/291808973/
33990000;15;NWAR;120;71,6;11;14;1998;0;0;2,7;4;https://www.cian.ru/sale/flat/300153176/
33996062;9;WAR;101,97;77,1;17;30;2023;1;0;3,3;3;https://www.cian.ru/sale/flat/297984234/
33999000;7;WAR;100,6;64,9;21;22;1997;0;0;2,64;4;https://www.cian.ru/sale/flat/299668650/
34000000;18;NWAR;65;32;5;13;2023;1;0;;2;https://www.cian.ru/sale/flat/298696354/
34000000;4;WAR;68;;21;21;2023;1;0;;2;https://www.cian.ru/sale/flat/300685589/
34000000;2;CAR;87;40;35;35;;0;0;;2;https://www.cian.ru/sale/flat/293521736/
34000000;8;NAR;69;30;10;35;2021;0;0;3;2;https://www.cian.ru/sale/flat/300783591/
34000000;26;WAR;51;26;12;25;;0;0;;2;https://www.cian.ru/sale/flat/299954766/
34000000;15;WAR;66,5;;2;22;2015;0;0;3;2;https://www.cian.ru/sale/flat/300350306/
34000000;20;SAR;66;;8;48;2023;0;0;;2;https://www.cian.ru/sale/flat/300290726/
34000000;19;NEAR;105,02;;19;20;2024;1;1;2,87;3;https://www.cian.ru/sale/flat/299689002/
34000000;12;EAR;107,3;60,1;18;29;;0;0;3;3;https://www.cian.ru/sale/flat/300103086/
34000000;11;NAR;77,5;37,3;8;19;;0;0;3,1;3;https://www.cian.ru/sale/flat/300247583/
34000000;5;NWAR;69,5;30;14;25;2022;0;1;;3;https://www.cian.ru/sale/flat/300750672/
34000000;8;SEAR;114;;14;16;2023;1;1;;4;https://www.cian.ru/sale/flat/296588298/
34000000;6;NAR;111,8;;2;6;1939;0;0;3,2;4;https://www.cian.ru/sale/flat/299290458/
34000000;5;NEAR;107,8;68,6;4;6;2020;0;0;2,8;4;https://www.cian.ru/sale/flat/297772107/
34000000;11;NAR;95,8;60,8;6;7;;0;0;;4;https://www.cian.ru/sale/flat/281289715/
34000000;7;WAR;101,4;64,6;22;22;1997;0;0;2,64;4;https://www.cian.ru/sale/flat/300381555/
34000000;7;WAR;86,3;65,8;2;5;1928;0;0;3;4;https://www.cian.ru/sale/flat/300895732/
34000000;13;SAR;90,5;;6;8;1960;0;0;3;4;https://www.cian.ru/sale/flat/294421713/
34000000;;WAR;103;;2;27;;0;0;3,5;4;https://www.cian.ru/sale/flat/286233532/
34000000;14;CAR;100;66,5;28;36;2019;0;0;3,1;4;https://www.cian.ru/sale/flat/300658821/
34001079;23;SAR;73,3;36,2;3;11;2024;1;0;3,1;2;https://www.cian.ru/sale/flat/299472253/
34025200;19;NEAR;70,3;52,7;10;32;2023;1;0;3;2;https://www.cian.ru/sale/flat/298828189/
34029996;19;SAR;67,3;;4;6;2023;1;0;3,15;2;https://www.cian.ru/sale/flat/300761672/
34030297;6;NAR;99,4;67,2;3;12;;0;0;;3;https://www.cian.ru/sale/flat/300755855/
34061400;10;WAR;74,67;50,8;28;30;2023;1;0;3,3;3;https://www.cian.ru/sale/flat/299583590/
34068000;12;NWAR;66,8;;10;21;2023;1;0;3,1;2;https://www.cian.ru/sale/flat/299168071/
34068750;5;SWAR;62,5;;5;42;2023;1;0;3;3;https://www.cian.ru/sale/flat/300800479/
34073243;20;SAR;66,03;28,3;8;46;2023;1;0;3;2;https://www.cian.ru/sale/flat/299093542/
34085000;14;SWAR;85;;10;23;2022;1;0;;2;https://www.cian.ru/sale/flat/283749013/
34088748;6;NAR;99,4;;6;33;2024;1;1;2,7;3;https://www.cian.ru/sale/flat/291201836/
34100000;13;SWAR;84,4;54,4;9;16;1987;0;0;;4;https://www.cian.ru/sale/flat/300331618/
34100453;20;SAR;66;29,9;8;46;2023;1;0;3;2;https://www.cian.ru/sale/flat/299093558/
34102720;17;NWAR;63,2;33,8;24;43;2023;1;0;3,15;2;https://www.cian.ru/sale/flat/293914112/
34112000;;NWAR;83,2;;36;47;2023;1;0;3,05;3;https://www.cian.ru/sale/flat/296745560/
34200000;8;NEAR;67,5;;14;23;2020;0;0;2,8;2;https://www.cian.ru/sale/flat/300510683/
34200000;5;EAR;84,5;52;7;12;1978;0;0;2,7;3;https://www.cian.ru/sale/flat/299071763/
34200000;7;WAR;96;60;31;37;2021;0;0;3;4;https://www.cian.ru/sale/flat/277629088/
34300000;8;CAR;62,3;47,3;5;11;2022;0;1;3,2;3;https://www.cian.ru/sale/flat/300116271/
34335474;22;SAR;92,78;31,9;2;17;2023;1;0;3;2;https://www.cian.ru/sale/flat/294939321/
34371540;2025;NWAR;56,7;29,4;14;29;2023;1;0;3,15;2;https://www.cian.ru/sale/flat/296524893/
34398000;19;NEAR;75,6;56,7;11;32;2023;1;0;3;2;https://www.cian.ru/sale/flat/298828193/
34400000;10;SEAR;115,2;78;21;25;2023;0;0;2,8;4;https://www.cian.ru/sale/flat/301051968/
34400000;8;SEAR;109,6;56,6;15;32;2023;0;0;3;4;https://www.cian.ru/sale/flat/291280712/
34420000;14;WAR;79,3;;26;27;2022;1;0;;3;https://www.cian.ru/sale/flat/299256402/
34430052;5;SAR;88,63;49,7;4;27;2023;1;0;2,87;3;https://www.cian.ru/sale/flat/284858630/
34434514;19;SAR;68,1;;4;6;2023;1;0;3,15;2;https://www.cian.ru/sale/flat/300672487/
34450000;18;EAR;83,8;;19;19;2012;0;0;3,2;3;https://www.cian.ru/sale/flat/298418671/
34499000;5;CAR;101,4;70,7;5;12;1958;0;0;3,5;4;https://www.cian.ru/sale/flat/293149098/
34499999;5;CAR;82;65;3;5;1906;0;0;3,5;4;https://www.cian.ru/sale/flat/294695049/
34500000;16;NWAR;64,4;31,9;15;20;2024;1;0;3;2;https://www.cian.ru/sale/flat/295449152/
34500000;7;WAR;57,5;;13;20;2021;0;0;2,9;2;https://www.cian.ru/sale/flat/297957053/
34500000;8;NAR;51,3;;6;12;;0;1;3,15;2;https://www.cian.ru/sale/flat/300423966/
34500000;6;WAR;57;30;6;8;;0;0;3;2;https://www.cian.ru/sale/flat/300661833/
34500000;12;SAR;80,7;41;5;17;2023;1;0;;3;https://www.cian.ru/sale/flat/290335517/
34500000;4;SWAR;94;;12;24;;0;1;2,72;3;https://www.cian.ru/sale/flat/296378038/
34500000;15;NAR;87;60;15;34;;0;0;;3;https://www.cian.ru/sale/flat/297893636/
34500000;13;NAR;91,6;56,7;8;8;1940;0;0;3,2;4;https://www.cian.ru/sale/flat/295415977/
34500000;5;SAR;109;55;18;24;2000;0;0;2,8;4;https://www.cian.ru/sale/flat/300478717/
34500000;4;SAR;102;72,2;12;17;2013;0;0;3;4;https://www.cian.ru/sale/flat/299038281/
34500000;9;NWAR;143,5;;8;15;2005;0;0;3,1;4;https://www.cian.ru/sale/flat/299187265/
34500000;4;SAR;102;72,2;12;17;2013;0;0;3;4;https://www.cian.ru/sale/flat/300525047/
34504350;16;NWAR;55,5;;18;24;2023;1;0;3,15;2;https://www.cian.ru/sale/flat/291506160/
34510079;6;WAR;63;31,3;11;28;2022;1;0;3,12;2;https://www.cian.ru/sale/flat/298334272/
34511400;12;NEAR;74,7;;16;37;2024;1;0;3;2;https://www.cian.ru/sale/flat/298828156/
34550099;19;WAR;99,6;;14;30;2023;1;0;;3;https://www.cian.ru/sale/flat/292086495/
34561246;22;SAR;70,59;32,4;21;21;2023;1;0;3;2;https://www.cian.ru/sale/flat/289000790/
34569705;8;NWAR;88,7;46,1;2;19;2023;1;0;2,85;3;https://www.cian.ru/sale/flat/285041395/
34585280;6;NWAR;70,1;32,7;3;13;2023;1;0;3,1;2;https://www.cian.ru/sale/flat/296760316/
34608756;9;NAR;81,4;50,7;25;29;2022;1;0;3,4;3;https://www.cian.ru/sale/flat/297462084/
34700000;16;SAR;78,8;33,2;22;26;2024;1;0;3;3;https://www.cian.ru/sale/flat/298516007/
34700000;9;CAR;94,8;67,8;4;5;1959;0;0;;4;https://www.cian.ru/sale/flat/300633273/
34702349;4;CAR;58,8;18,5;9;10;2024;1;1;3;1;https://www.cian.ru/sale/flat/299291726/
34729435;4;CAR;71,1;;7;10;2024;1;1;3;2;https://www.cian.ru/sale/flat/300483970/
34755337;10;WAR;95,34;62;10;30;2023;1;0;3,3;4;https://www.cian.ru/sale/flat/297984334/
34783321;6;WAR;62,6;31,3;15;28;2022;1;0;3,12;3;https://www.cian.ru/sale/flat/298334283/
34785711;20;SAR;66,5;28,6;11;46;2023;1;0;3;2;https://www.cian.ru/sale/flat/299093537/
34800000;6;WAR;61;30;26;40;2021;0;0;3;2;https://www.cian.ru/sale/flat/297470012/
34800000;7;NAR;91;;35;35;;0;0;3;4;https://www.cian.ru/sale/flat/300818719/
34900000;19;SEAR;65,7;;4;22;2023;1;0;5,05;2;https://www.cian.ru/sale/flat/298189601/
34900000;10;CAR;63,5;37,5;8;9;1963;0;0;2,85;2;https://www.cian.ru/sale/flat/300836718/
34900000;9;NEAR;90;;2;6;2017;0;1;;2;https://www.cian.ru/sale/flat/297952301/
34900000;3;CAR;56;;5;6;1958;0;0;2,85;2;https://www.cian.ru/sale/flat/300542619/
34900000;10;CAR;48;42;6;6;2008;0;1;3;2;https://www.cian.ru/sale/flat/284041011/
34900000;16;SWAR;73,4;;7;9;1959;0;0;3;3;https://www.cian.ru/sale/flat/300824489/
34900000;10;NAR;102;62;4;17;2002;0;0;;4;https://www.cian.ru/sale/flat/300396455/
34937106;25;SAR;71,19;34,4;4;9;2023;1;0;3;2;https://www.cian.ru/sale/flat/297102396/
34980000;14;WAR;100;;6;9;1972;0;0;2,64;4;https://www.cian.ru/sale/flat/298127662/
34990000;17;CAR;74,5;;7;7;1956;0;1;3,45;2;https://www.cian.ru/sale/flat/300331950/
34990000;13;CAR;43,3;;16;53;2023;0;0;;1;https://www.cian.ru/sale/flat/297089420/
34990000;3;CAR;98,5;40,2;3;4;1907;0;0;3,4;3;https://www.cian.ru/sale/flat/300561784/
34990000;10;CAR;83,4;55,2;4;5;1820;0;0;3,5;3;https://www.cian.ru/sale/flat/300567591/
34990000;12;NEAR;62;30;15;18;2021;0;1;;3;https://www.cian.ru/sale/flat/298378867/
35000000;12;NAR;67,6;26,2;12;27;2022;0;0;3;2;https://www.cian.ru/sale/flat/300074947/
35000000;11;CAR;50;30;10;14;1978;0;0;2,7;2;https://www.cian.ru/sale/flat/291451402/
35000000;5;WAR;72,5;29,6;18;25;2021;0;0;3,1;2;https://www.cian.ru/sale/flat/279618463/
35000000;6;CAR;70,8;;2;14;1998;0;0;2,8;2;https://www.cian.ru/sale/flat/300553173/
35000000;10;SWAR;77,9;43,2;14;14;2009;0;0;3;2;https://www.cian.ru/sale/flat/299205698/
35000000;7;SAR;52;;2;2;2023;0;1;6,5;2;https://www.cian.ru/sale/flat/300425124/
35000000;15;WAR;45;;5;14;;0;0;3,6;2;https://www.cian.ru/sale/flat/284806741/
35000000;17;SWAR;60,3;36,4;4;8;1958;0;0;3;2;https://www.cian.ru/sale/flat/299233853/
35000000;6;CAR;52,8;;4;9;1940;0;0;3,2;2;https://www.cian.ru/sale/flat/299153424/
35000000;8;NAR;65,1;;19;20;2023;0;0;2,7;2;https://www.cian.ru/sale/flat/300607713/
35000000;9;WAR;66;29;3;8;1946;0;0;3,2;2;https://www.cian.ru/sale/flat/300754226/
35000000;15;CAR;69,7;;11;15;2022;1;0;;3;https://www.cian.ru/sale/flat/295660430/
35000000;4;WAR;89;65;29;29;;0;1;4;3;https://www.cian.ru/sale/flat/290871147/
35000000;11;WAR;81;59;1;15;1943;0;0;3,2;3;https://www.cian.ru/sale/flat/298264674/
35000000;12;CAR;95;65;3;15;2000;0;1;;3;https://www.cian.ru/sale/flat/300871845/
35000000;5;WAR;66,3;44,8;2;14;;0;0;;3;https://www.cian.ru/sale/flat/300509133/
35000000;14;SAR;66,8;28,6;5;7;2022;0;0;;3;https://www.cian.ru/sale/flat/291358498/
35000000;1;NAR;99,2;58,4;13;18;2003;0;0;3,1;3;https://www.cian.ru/sale/flat/299448022/
35000000;17;CAR;71,7;44,7;19;21;2008;0;0;3,1;3;https://www.cian.ru/sale/flat/298012743/
35000000;11;NAR;145;;3;17;1998;0;0;3,1;4;https://www.cian.ru/sale/flat/297215015/
35000000;11;NAR;145;;3;17;1998;0;0;3,1;4;https://www.cian.ru/sale/flat/297164603/
35000000;15;NAR;115,2;63;12;22;2002;0;0;2,75;4;https://www.cian.ru/sale/flat/300522984/
35000000;9;SAR;90;55;4;4;;0;1;6;4;https://www.cian.ru/sale/flat/284973700/
35000000;10;NAR;145;98;3;17;1998;0;0;3,1;4;https://www.cian.ru/sale/flat/297216793/
35000000;14;WAR;101;65;4;22;2006;0;0;;4;https://www.cian.ru/sale/flat/295734236/
35000000;19;SAR;84,5;45;4;11;2024;0;0;2,87;4;https://www.cian.ru/sale/flat/299147135/
35000000;9;NAR;101;60;9;9;1968;0;0;2,64;4;https://www.cian.ru/sale/flat/300226639/
35000000;;NWAR;115;84;3;14;2003;0;0;3;4;https://www.cian.ru/sale/flat/300502013/
35000000;6;SWAR;100;65;2;19;2013;0;0;2,78;4;https://www.cian.ru/sale/flat/296920103/
35000000;12;SAR;128;70;10;25;2021;0;0;2,8;4;https://www.cian.ru/sale/flat/297156456/
35000000;6;SWAR;100,1;63,8;21;25;1986;0;0;2,64;4;https://www.cian.ru/sale/flat/297540103/
35000000;18;SWAR;84,4;62,8;4;10;1957;0;0;3;4;https://www.cian.ru/sale/flat/300959671/
35000000;11;SEAR;131;88,4;5;7;1937;0;0;3,2;4;https://www.cian.ru/sale/flat/300547322/
35000000;21;NWAR;100;60,3;4;18;2021;0;0;;4;https://www.cian.ru/sale/flat/293692987/
35000000;10;NWAR;127;69,5;6;10;2004;0;0;3;4;https://www.cian.ru/sale/flat/299680815/
35000000;18;WAR;99,7;64,5;19;27;2023;0;0;3,1;4;https://www.cian.ru/sale/flat/291358506/
35026650;19;NEAR;84,3;;2;22;2023;1;0;3;2;https://www.cian.ru/sale/flat/299702862/
35059500;19;NEAR;79,5;59,6;2;32;2023;1;0;3;2;https://www.cian.ru/sale/flat/298828208/
35100000;12;SWAR;101,4;52,6;2;46;2024;1;0;3,15;3;https://www.cian.ru/sale/flat/300118783/
35124125;5;WAR;63,52;;13;57;2024;1;0;2,9;2;https://www.cian.ru/sale/flat/283864418/
35127607;4;CAR;69,6;;7;10;2024;1;1;3;2;https://www.cian.ru/sale/flat/300483969/
35147910;7;CAR;88,09;;10;41;2024;0;0;;4;https://www.cian.ru/sale/flat/297669809/
35158818;7;SAR;69,8;32,3;4;40;2023;1;0;3,15;2;https://www.cian.ru/sale/flat/293203914/
35189400;19;NEAR;78,9;59,2;3;32;2023;1;0;3;2;https://www.cian.ru/sale/flat/298828204/
35191800;16;NWAR;68,6;24,3;4;6;2023;1;1;3,24;2;https://www.cian.ru/sale/flat/299370767/
35235420;16;NWAR;59,1;31,3;7;24;2023;1;0;3,15;2;https://www.cian.ru/sale/flat/296524861/
35273186;4;SEAR;83;41,3;6;30;;0;0;;4;https://www.cian.ru/sale/flat/298984715/
35300000;5;WAR;87,3;64,9;2;8;1937;0;0;;4;https://www.cian.ru/sale/flat/299516756/
35311520;20;SWAR;66,4;28,1;14;42;2023;1;0;3;3;https://www.cian.ru/sale/flat/300761877/
35320672;6;WAR;62,6;30,1;20;28;2022;1;0;3,12;3;https://www.cian.ru/sale/flat/298334244/
35355960;10;WAR;62,2;29,1;5;28;2022;1;0;3,12;3;https://www.cian.ru/sale/flat/298334015/
35359547;10;WAR;61,4;29,1;11;28;2022;1;0;3,12;3;https://www.cian.ru/sale/flat/298334028/
35378435;6;NAR;103,2;73;4;12;;0;0;;3;https://www.cian.ru/sale/flat/300755853/
35399500;;NWAR;85,3;41,1;39;47;2023;1;0;3,05;3;https://www.cian.ru/sale/flat/296745590/
35417235;2;EAR;86,6;67,1;19;20;2024;1;0;;3;https://www.cian.ru/sale/flat/300122381/
35423560;8;NAR;91,1;59,9;26;35;2023;1;0;3,1;4;https://www.cian.ru/sale/flat/298334760/
35450000;8;WAR;98;73;22;39;;0;0;;4;https://www.cian.ru/sale/flat/300004178/
35460018;10;SWAR;152,2;71,4;2;2;2023;1;1;2,8;4;https://www.cian.ru/sale/flat/297413644/
35467058;17;NWAR;73,5;35,7;9;43;2023;1;0;3,15;2;https://www.cian.ru/sale/flat/295217122/
35485181;9;WAR;98,34;62,7;21;30;2023;1;0;3,3;4;https://www.cian.ru/sale/flat/297984163/
35490000;13;NAR;40,1;20;20;41;;0;0;;1;https://www.cian.ru/sale/flat/300393598/
35490000;4;CAR;90;65;3;6;1927;0;0;3;3;https://www.cian.ru/sale/flat/300539725/
35500000;15;SAR;88,1;;2;14;2023;1;0;;2;https://www.cian.ru/sale/flat/297131672/
35500000;3;NWAR;65,7;;4;21;2023;1;0;;2;https://www.cian.ru/sale/flat/296272028/
35500000;5;CAR;45,5;;2;7;;0;1;3,4;2;https://www.cian.ru/sale/flat/282592114/
35500000;4;WAR;67;35;23;27;2008;0;0;3;2;https://www.cian.ru/sale/flat/294517249/
35500000;7;WAR;55;35;9;9;2006;0;0;3;2;https://www.cian.ru/sale/flat/299865063/
35500000;25;NWAR;66;;22;24;2012;0;0;;2;https://www.cian.ru/sale/flat/288162001/
35500000;7;WAR;82;55,5;3;5;1957;0;0;3;3;https://www.cian.ru/sale/flat/292152839/
35500000;10;NEAR;98;56;4;11;2022;0;0;3;3;https://www.cian.ru/sale/flat/298085132/
35500000;10;NEAR;98;56;4;11;;0;0;;3;https://www.cian.ru/sale/flat/293837893/
35500000;20;SWAR;86,7;;23;42;2023;0;0;3,3;4;https://www.cian.ru/sale/flat/298784070/
35500000;10;NEAR;98;66;4;11;;0;0;;4;https://www.cian.ru/sale/flat/293909122/
35500000;9;WAR;105;82;9;26;;0;0;;4;https://www.cian.ru/sale/flat/295206138/
35500000;20;SWAR;82;;23;42;;0;0;3;4;https://www.cian.ru/sale/flat/299847616/
35503300;10;SWAR;151,4;61,6;1;2;2023;1;1;2,8;4;https://www.cian.ru/sale/flat/297413652/
35520737;7;SAR;63,4;36,2;17;22;2023;1;0;3,15;2;https://www.cian.ru/sale/flat/293204415/
35562728;27;SAR;71,3;43,8;11;15;2023;1;0;3,15;2;https://www.cian.ru/sale/flat/298084416/
35582265;4;WAR;110,9;63,3;11;12;2022;1;1;3;4;https://www.cian.ru/sale/flat/286250298/
35600769;4;SEAR;83;41,3;9;30;;0;0;;4;https://www.cian.ru/sale/flat/299773793/
35625000;11;NWAR;75;33;12;21;2023;1;0;3,1;2;https://www.cian.ru/sale/flat/299167971/
35627582;11;NWAR;91;39,6;2;20;2023;1;0;2,85;3;https://www.cian.ru/sale/flat/299067088/
35650000;7;NWAR;82,3;;17;32;2015;0;0;3;4;https://www.cian.ru/sale/flat/294869822/
35673165;9;NEAR;129,3;;8;27;2022;1;0;;3;https://www.cian.ru/sale/flat/294033612/
35693772;5;NWAR;90,8;39,8;8;20;2023;1;0;2,85;3;https://www.cian.ru/sale/flat/295023246/
35700000;10;NEAR;69;47,4;8;27;2022;0;0;2,9;2;https://www.cian.ru/sale/flat/300429608/
35700000;11;CAR;54,5;23;12;14;1975;0;0;3;1;https://www.cian.ru/sale/flat/300136415/
35700000;19;SAR;68;51;7;18;;0;1;;3;https://www.cian.ru/sale/flat/296282404/
35700000;12;CAR;70,6;41,5;6;11;1955;0;0;3,2;3;https://www.cian.ru/sale/flat/300525625/
35711586;25;SAR;64,5;36,3;11;14;2023;1;0;3,15;2;https://www.cian.ru/sale/flat/293204284/
35744481;7;NAR;80,3;53,4;6;8;2023;1;0;3,25;3;https://www.cian.ru/sale/flat/298334678/
35800000;5;WAR;79,5;38,8;3;20;2024;1;0;;2;https://www.cian.ru/sale/flat/293099912/
35800000;6;CAR;111;79,5;6;12;1972;0;0;2,48;4;https://www.cian.ru/sale/flat/292003209/
35800250;19;SEAR;71,9;;21;21;2023;1;0;3;2;https://www.cian.ru/sale/flat/300165821/
35850000;9;NAR;109,8;63,6;12;24;2005;0;0;2,9;3;https://www.cian.ru/sale/flat/299201357/
35857780;16;NWAR;57,4;31,1;20;24;2023;1;0;3,15;2;https://www.cian.ru/sale/flat/288376245/
35863000;9;NEAR;110,2;;5;27;2022;1;0;;3;https://www.cian.ru/sale/flat/294033884/
35900000;19;SEAR;75,4;;21;22;2023;1;0;3,1;2;https://www.cian.ru/sale/flat/298189600/
35900000;11;WAR;46,2;;9;15;2022;0;0;2,95;2;https://www.cian.ru/sale/flat/300660152/
35900000;10;WAR;100,4;73;12;24;2016;0;0;3;3;https://www.cian.ru/sale/flat/295220185/
35900000;8;WAR;64;38;20;31;;0;0;;3;https://www.cian.ru/sale/flat/298985344/
35900000;27;SAR;135;64;3;15;2012;0;0;2,7;4;https://www.cian.ru/sale/flat/299308468/
35907200;19;NEAR;78,4;58,8;9;32;2023;1;0;3;2;https://www.cian.ru/sale/flat/298828231/
35948850;10;SWAR;153,3;55,8;1;2;2023;1;1;2,8;4;https://www.cian.ru/sale/flat/297413649/
35955570;19;NEAR;91,7;;2;22;2023;1;0;3;2;https://www.cian.ru/sale/flat/299702708/
35957040;5;WAR;62,95;;37;57;2024;1;0;2,9;2;https://www.cian.ru/sale/flat/295099522/
35990000;2;CAR;70;45;7;7;1917;0;0;3;2;https://www.cian.ru/sale/flat/298576741/
35999999;11;CAR;69,1;38,4;5;11;1961;0;0;3,1;2;https://www.cian.ru/sale/flat/299060776/
36000000;5;NWAR;70,3;25,6;16;29;2023;1;0;;2;https://www.cian.ru/sale/flat/300868161/
36000000;4;CAR;63;30;38;52;2019;0;0;3;2;https://www.cian.ru/sale/flat/300143306/
36000000;;CAR;53,6;31,6;7;8;;0;0;3,3;2;https://www.cian.ru/sale/flat/300421699/
36000000;7;WAR;62,5;;30;37;2021;0;0;;2;https://www.cian.ru/sale/flat/297912278/
36000000;5;WAR;69;30;3;14;2023;0;0;3,1;3;https://www.cian.ru/sale/flat/299050567/
36000000;7;WAR;62,5;;30;35;2021;0;0;;3;https://www.cian.ru/sale/flat/298296722/
36000000;2;WAR;100,2;69,4;8;16;1999;0;0;3;4;https://www.cian.ru/sale/flat/299465716/
36000000;14;EAR;85;50;2;12;1975;0;0;2,8;4;https://www.cian.ru/sale/flat/284492252/
36000000;20;SWAR;86,7;;23;42;;0;0;;4;https://www.cian.ru/sale/flat/296687659/
36000000;17;WAR;100;;10;15;1998;0;0;2,64;4;https://www.cian.ru/sale/flat/300833437/
36000000;7;CAR;90,4;62;2;10;1940;0;0;3,2;4;https://www.cian.ru/sale/flat/301080368/
36000000;6;CAR;105,2;70,1;4;6;1912;0;0;3,2;4;https://www.cian.ru/sale/flat/300556982/
36000000;9;EAR;104,5;72;7;23;2022;0;0;3;4;https://www.cian.ru/sale/flat/299681642/
36000000;5;NAR;100;68;2;9;1924;0;0;3,2;4;https://www.cian.ru/sale/flat/289200563/
36000000;4;SAR;137,1;70;11;17;2006;0;0;2,8;4;https://www.cian.ru/sale/flat/299828417/
36074830;7;SAR;68,3;31,9;11;40;2023;1;0;3,15;2;https://www.cian.ru/sale/flat/293203923/
36100000;9;NAR;92,1;;13;24;2021;0;0;3,1;4;https://www.cian.ru/sale/flat/297307400/
36121000;;NWAR;88,1;;39;47;2023;1;0;3,05;3;https://www.cian.ru/sale/flat/297864057/
36130440;16;NWAR;59,7;31,9;11;24;2023;1;0;3,15;2;https://www.cian.ru/sale/flat/289786100/
36167338;2;EAR;99,36;76,2;1;20;2024;1;0;;4;https://www.cian.ru/sale/flat/297151034/
36202562;5;WAR;65,19;;24;57;2024;1;0;2,9;2;https://www.cian.ru/sale/flat/283161400/
36206400;16;NWAR;79,4;27,5;3;6;2023;1;1;3,24;3;https://www.cian.ru/sale/flat/299370749/
36318342;5;WAR;61,6;;12;57;2024;1;0;2,9;2;https://www.cian.ru/sale/flat/282209287/
36334000;11;NWAR;74;31,5;8;21;2023;1;0;3,1;2;https://www.cian.ru/sale/flat/299168022/
36342383;10;WAR;95,5;56,3;28;30;2023;1;0;3,3;3;https://www.cian.ru/sale/flat/297984338/
36360000;14;WAR;111,6;51;18;27;2022;0;0;2,95;4;https://www.cian.ru/sale/flat/300574549/
36363081;9;NEAR;132;;2;27;2022;1;0;;3;https://www.cian.ru/sale/flat/294033888/
36390000;8;WAR;66,4;30,6;2;8;2022;0;0;3,1;3;https://www.cian.ru/sale/flat/299166254/
36413082;6;SAR;59,9;;6;6;2023;1;0;3,15;2;https://www.cian.ru/sale/flat/300712718/
36490000;9;NWAR;139,2;96;3;8;2002;0;0;2,85;4;https://www.cian.ru/sale/flat/299724448/
36490000;10;CAR;88;61;5;6;;0;0;;4;https://www.cian.ru/sale/flat/294301130/
36500000;6;WAR;67;27,7;7;28;2022;0;0;3,12;2;https://www.cian.ru/sale/flat/297510568/
36500000;13;CAR;56,2;;3;7;2018;0;1;;2;https://www.cian.ru/sale/flat/300705208/
36500000;8;WAR;66;;29;35;2021;0;0;3,1;2;https://www.cian.ru/sale/flat/298874919/
36500000;9;NWAR;51,8;;40;48;2022;0;0;2,9;2;https://www.cian.ru/sale/flat/294614240/
36500000;15;NAR;76;;9;10;1957;0;0;3;3;https://www.cian.ru/sale/flat/299543745/
36500000;12;NEAR;138;100;47;59;2015;0;0;3,05;3;https://www.cian.ru/sale/flat/295722404/
36500000;9;WAR;98;61,7;7;35;2023;0;0;3,15;4;https://www.cian.ru/sale/flat/295222347/
36500000;2;WAR;77,1;55;3;11;1959;0;0;3;4;https://www.cian.ru/sale/flat/300502994/
36521600;12;NEAR;80,8;60,6;4;37;2024;1;0;3;3;https://www.cian.ru/sale/flat/298603482/
36565705;13;NAR;73,3;44,8;6;27;2022;1;0;3;3;https://www.cian.ru/sale/flat/281670118/
36600000;5;SAR;96,37;63,2;3;5;2023;1;0;2,87;4;https://www.cian.ru/sale/flat/293289984/
36660947;23;SAR;73,5;36,2;5;11;2024;1;0;3,1;2;https://www.cian.ru/sale/flat/299226744/
36700000;5;WAR;53;34,3;20;22;2021;0;0;;2;https://www.cian.ru/sale/flat/297078194/
36740000;27;WAR;68,8;24,6;8;14;2023;1;0;3;2;https://www.cian.ru/sale/flat/299262124/
36790000;;SAR;100,4;69,7;4;8;1941;0;0;3,1;4;https://www.cian.ru/sale/flat/297494509/
36800000;8;NWAR;70;37;20;33;2023;0;0;2,95;2;https://www.cian.ru/sale/flat/298882407/
36800000;8;CAR;57,4;;9;11;2022;0;1;3,15;3;https://www.cian.ru/sale/flat/298324864/
36800000;9;NAR;108,9;78,8;3;6;1938;0;0;3,17;4;https://www.cian.ru/sale/flat/300890336/
36841600;19;NEAR;92,8;;4;22;2023;1;0;3;2;https://www.cian.ru/sale/flat/299702711/
36885600;19;NEAR;87,2;65,4;2;32;2023;1;0;3;3;https://www.cian.ru/sale/flat/298604114/
36899999;8;CAR;75;57;10;11;;0;1;;4;https://www.cian.ru/sale/flat/300392005/
36900000;10;WAR;60,3;;27;31;2007;0;0;;2;https://www.cian.ru/sale/flat/300748311/
36900000;17;NAR;87,2;;2;7;1952;0;0;3;3;https://www.cian.ru/sale/flat/300493250/
36900000;13;CAR;69,6;40;36;44;2018;0;1;3;3;https://www.cian.ru/sale/flat/300797525/
36950000;2;CAR;94,5;62,5;3;7;;0;0;3,2;4;https://www.cian.ru/sale/flat/295787645/
36955135;16;NWAR;66,7;43,5;12;23;2023;1;0;3,15;3;https://www.cian.ru/sale/flat/289786015/
36988700;5;WAR;70;50;3;14;;0;0;;3;https://www.cian.ru/sale/flat/300396676/
36990000;12;CAR;96;62;3;17;;0;0;;4;https://www.cian.ru/sale/flat/297753749/
37000000;18;WAR;58,6;42,5;38;41;2024;1;0;3,1;2;https://www.cian.ru/sale/flat/294256822/
37000000;7;EAR;79;33;4;11;2016;0;0;3;2;https://www.cian.ru/sale/flat/300484470/
37000000;8;CAR;49;;9;9;1964;0;0;2,7;2;https://www.cian.ru/sale/flat/296723055/
37000000;12;SWAR;122,4;;1;18;2005;0;0;3;2;https://www.cian.ru/sale/flat/298795838/
37000000;10;SAR;63;41,9;12;20;2020;0;0;3,15;2;https://www.cian.ru/sale/flat/298792032/
37000000;7;NAR;83;45;9;11;2019;0;1;;2;https://www.cian.ru/sale/flat/300742336/
37000000;5;NAR;76,7;;9;48;2019;0;1;3,1;2;https://www.cian.ru/sale/flat/300194456/
37000000;6;CAR;65;40;2;8;1931;0;0;3;2;https://www.cian.ru/sale/flat/300539730/
37000000;8;NAR;60;35;13;24;2020;0;0;3;2;https://www.cian.ru/sale/flat/300692511/
37000000;8;NWAR;68,2;;25;33;;0;0;;2;https://www.cian.ru/sale/flat/298615837/
37000000;12;CAR;43,6;14;4;13;;0;0;;1;https://www.cian.ru/sale/flat/296311040/
37000000;18;WAR;74,3;47,8;15;20;2024;1;0;3,2;3;https://www.cian.ru/sale/flat/299464154/
37000000;7;WAR;78;50;26;37;2021;0;0;3,1;3;https://www.cian.ru/sale/flat/300966659/
37000000;12;NWAR;115;68,5;1;19;2019;0;0;3,2;3;https://www.cian.ru/sale/flat/300415407/
37000000;10;SEAR;79;44;22;23;2018;0;0;3;3;https://www.cian.ru/sale/flat/300366951/
37000000;12;WAR;80;55;2;23;;0;0;3;3;https://www.cian.ru/sale/flat/300866682/
37000000;17;SWAR;114,7;65;12;24;2003;0;0;3;3;https://www.cian.ru/sale/flat/300590290/
37000000;4;SWAR;122,4;;1;18;2005;0;0;;4;https://www.cian.ru/sale/flat/264085166/
37000000;14;CAR;109,2;67;5;16;1999;0;0;2,74;4;https://www.cian.ru/sale/flat/299509263/
37000000;4;NWAR;154;;12;14;2005;0;0;3;4;https://www.cian.ru/sale/flat/294949577/
37000000;12;NWAR;115;;2;42;2018;0;0;3,2;4;https://www.cian.ru/sale/flat/301005976/
37000000;7;NEAR;116,8;63,4;18;32;2023;0;0;;4;https://www.cian.ru/sale/flat/300595851/
37041877;8;NAR;100,4;65,2;26;35;2023;1;0;3,1;4;https://www.cian.ru/sale/flat/298334764/
37044000;9;NEAR;91,9;;21;27;2022;1;0;;3;https://www.cian.ru/sale/flat/296010089/
37047354;4;SAR;74;;4;6;2023;1;0;3,15;2;https://www.cian.ru/sale/flat/300800420/
37061335;7;NAR;107,4;75,3;2;8;2023;1;0;3,25;4;https://www.cian.ru/sale/flat/298334644/
37080000;12;NWAR;72;28,5;17;21;2023;1;0;3,1;2;https://www.cian.ru/sale/flat/299168058/
37100000;7;NAR;106,1;;19;25;2018;0;0;2,8;4;https://www.cian.ru/sale/flat/300436862/
37145181;9;WAR;103,16;57,9;25;30;2023;1;0;3,3;3;https://www.cian.ru/sale/flat/297984171/
37160243;15;SAR;73,6;;20;24;2023;1;0;3,15;2;https://www.cian.ru/sale/flat/300761665/
37190220;16;NWAR;60,6;32,4;16;24;2023;1;0;3,15;2;https://www.cian.ru/sale/flat/289497969/
37200000;13;;105;78;2;5;1934;0;0;3,5;4;https://www.cian.ru/sale/flat/284682898/
37235850;13;SWAR;75,3;35,8;24;32;2021;1;0;3,1;2;https://www.cian.ru/sale/flat/295063263/
37250000;8;NAR;50;30;6;27;2018;0;0;3,2;2;https://www.cian.ru/sale/flat/299203624/
37252800;19;NEAR;93,6;;5;22;2023;1;0;3;2;https://www.cian.ru/sale/flat/299702715/
37305032;4;CAR;71,1;;8;10;2024;1;1;3;2;https://www.cian.ru/sale/flat/295316285/
37320000;16;NWAR;71;;13;22;2019;0;0;;3;https://www.cian.ru/sale/flat/300191522/
37331749;11;NWAR;109,7;59,6;2;20;2023;1;0;2,85;4;https://www.cian.ru/sale/flat/289732534/
37336181;5;SWAR;74,7;;25;25;2024;1;0;3,17;3;https://www.cian.ru/sale/flat/296720216/
37352000;19;NEAR;81,2;60,9;11;32;2023;1;0;3;2;https://www.cian.ru/sale/flat/298828235/
37355500;19;NEAR;82,1;61,6;12;32;2023;1;0;3;3;https://www.cian.ru/sale/flat/298604030/
37359208;11;NWAR;108,6;59,6;6;20;2023;1;0;2,85;4;https://www.cian.ru/sale/flat/295023249/
37389096;22;SAR;66,86;35,5;19;21;2023;1;0;3;2;https://www.cian.ru/sale/flat/297102397/
37403070;23;SAR;82,9;45;7;16;2022;1;0;3,15;3;https://www.cian.ru/sale/flat/293203813/
37450000;5;CAR;78;40;10;12;2019;0;1;3,2;2;https://www.cian.ru/sale/flat/299640966/
37453000;9;NEAR;122,7;;11;27;2022;1;0;;3;https://www.cian.ru/sale/flat/296010091/
37457257;4;SEAR;83;41,3;13;30;;0;0;;4;https://www.cian.ru/sale/flat/299771863/
37500000;15;WAR;45;;11;14;2023;0;0;3;2;https://www.cian.ru/sale/flat/299847046/
37500000;8;EAR;80;32,8;11;13;2017;0;0;3;2;https://www.cian.ru/sale/flat/300019726/
37500000;12;SWAR;93,4;52,6;5;22;2008;0;0;3;2;https://www.cian.ru/sale/flat/300658528/
37500000;13;NEAR;66,4;;37;47;2017;0;0;;2;https://www.cian.ru/sale/flat/299232358/
37500000;11;NWAR;59;28,3;14;24;;0;0;3,1;2;https://www.cian.ru/sale/flat/299717407/
37500000;14;NWAR;68;30;2;24;2022;0;0;;2;https://www.cian.ru/sale/flat/292008027/
37500000;5;NWAR;91;;10;25;2023;0;0;3,1;3;https://www.cian.ru/sale/flat/299566213/
37500000;13;NAR;84;44;14;26;;0;0;;3;https://www.cian.ru/sale/flat/299384370/
37500000;7;CAR;115;80;6;8;1941;0;0;3;4;https://www.cian.ru/sale/flat/298822261/
37585483;10;WAR;62,7;30,1;15;28;2022;1;0;3,4;2;https://www.cian.ru/sale/flat/298334112/
37590000;11;NWAR;71,6;;12;21;2023;1;0;3,1;2;https://www.cian.ru/sale/flat/299167968/
37620000;16;NWAR;68,4;;6;6;2023;1;1;3,24;2;https://www.cian.ru/sale/flat/299370723/
37650214;13;NWAR;79,36;36,8;14;15;2024;1;0;3,02;2;https://www.cian.ru/sale/flat/299960727/
37656492;25;SAR;75,4;33,3;3;11;2024;1;0;3,1;2;https://www.cian.ru/sale/flat/299226757/
37666040;16;NWAR;65,2;35,5;18;24;2023;1;0;3,15;2;https://www.cian.ru/sale/flat/289786106/
37691396;23;;85,1;41,6;6;11;2024;1;0;3,1;3;https://www.cian.ru/sale/flat/299226742/
37697265;25;;81,3;50,3;9;16;2022;1;0;3,15;3;https://www.cian.ru/sale/flat/299971500/
37700000;18;WAR;57,7;21,3;23;29;2020;0;0;3,2;2;https://www.cian.ru/sale/flat/300530825/
37729120;5;CAR;68;46,5;10;13;2022;1;1;3,4;3;https://www.cian.ru/sale/flat/286886778/
37770000;;WAR;67,2;24,8;10;14;2023;1;0;3;2;https://www.cian.ru/sale/flat/299262051/
37800000;8;WAR;64;30;20;39;2022;0;0;;2;https://www.cian.ru/sale/flat/300015723/
37867200;9;NWAR;117,6;;4;48;2022;1;1;3,1;4;https://www.cian.ru/sale/flat/299805146/
37900000;9;CAR;42,9;25,2;2;4;1894;0;0;;2;https://www.cian.ru/sale/flat/299932467/
37900000;2;SEAR;85,1;49,7;7;23;2021;0;0;3;3;https://www.cian.ru/sale/flat/300225395/
37900000;5;NWAR;81;;23;25;2023;0;0;3,1;3;https://www.cian.ru/sale/flat/297879693/
37900000;13;WAR;76;;12;51;2020;0;0;3;3;https://www.cian.ru/sale/flat/298534723/
37900000;15;NAR;97,4;64,4;7;34;;0;0;3;3;https://www.cian.ru/sale/flat/299250618/
37900000;14;WAR;114;76,4;12;24;2022;0;0;3,3;4;https://www.cian.ru/sale/flat/295927514/
37902598;5;NWAR;76,09;40,8;51;52;2024;1;0;2,85;3;https://www.cian.ru/sale/flat/299067084/
37912000;9;NEAR;124,7;;3;27;2022;1;0;;3;https://www.cian.ru/sale/flat/294033814/
37948000;11;NWAR;71,6;;13;21;2023;1;0;3,1;2;https://www.cian.ru/sale/flat/299167972/
37950000;14;SAR;83;40;7;16;2023;1;0;;3;https://www.cian.ru/sale/flat/300045805/
37950000;7;CAR;73,2;;2;4;1898;0;0;3;4;https://www.cian.ru/sale/flat/300545043/
37950043;7;SAR;59,3;25,7;18;22;2023;1;0;3,15;2;https://www.cian.ru/sale/flat/293356259/
37989000;5;WAR;67,1;46;9;14;;0;0;;3;https://www.cian.ru/sale/flat/300978032/
37990000;10;WAR;78;;40;51;2020;0;0;3;3;https://www.cian.ru/sale/flat/300342112/
37990000;5;WAR;67;;9;14;;0;0;;3;https://www.cian.ru/sale/flat/300647527/
37990000;10;WAR;78;45;40;52;2020;0;0;3,1;3;https://www.cian.ru/sale/flat/298985935/
37999000;10;CAR;81;55;5;6;1939;0;0;3,1;3;https://www.cian.ru/sale/flat/296713094/
38000000;5;WAR;67;40;9;14;2021;0;0;;2;https://www.cian.ru/sale/flat/295773203/
38000000;9;CAR;60;;1;9;1969;0;0;2,75;2;https://www.cian.ru/sale/flat/300270099/
38000000;;WAR;70;35;25;52;2020;0;0;3,1;2;https://www.cian.ru/sale/flat/297264053/
38000000;5;WAR;70,2;;3;14;2021;0;0;;2;https://www.cian.ru/sale/flat/284538862/
38000000;5;WAR;68,7;;3;14;;0;0;3,3;2;https://www.cian.ru/sale/flat/299165562/
38000000;13;NAR;64;20;3;20;2020;0;0;3,1;2;https://www.cian.ru/sale/flat/292414471/
38000000;7;CAR;75;;2;6;2012;0;1;2,9;2;https://www.cian.ru/sale/flat/297997064/
38000000;5;CAR;61,3;;11;12;2019;0;1;3,4;1;https://www.cian.ru/sale/flat/292989536/
38000000;18;CAR;40;23;10;21;2019;0;0;3,2;1;https://www.cian.ru/sale/flat/299242742/
38000000;5;CAR;47;;62;78;;0;1;3,2;1;https://www.cian.ru/sale/flat/300512672/
38000000;3;NAR;92;60;27;27;;0;0;;3;https://www.cian.ru/sale/flat/299519498/
38000000;5;WAR;67;46;9;14;;0;0;3,45;3;https://www.cian.ru/sale/flat/300377324/
38000000;13;WAR;70;;25;52;2020;0;0;3;3;https://www.cian.ru/sale/flat/298529940/
38000000;2;WAR;94,7;56,8;23;25;2017;0;0;2,55;3;https://www.cian.ru/sale/flat/300433218/
38000000;28;WAR;72;50;3;14;2023;0;0;3,2;3;https://www.cian.ru/sale/flat/294618539/
38000000;6;CAR;80;50;4;6;1907;0;0;3,5;3;https://www.cian.ru/sale/flat/300539721/
38000000;5;WAR;67;29,1;9;14;2023;0;0;;3;https://www.cian.ru/sale/flat/297078401/
38000000;19;SAR;83;45;7;13;2021;0;0;3,1;3;https://www.cian.ru/sale/flat/291677170/
38000000;8;NAR;82;;8;12;2019;0;1;3,2;3;https://www.cian.ru/sale/flat/300001026/
38000000;11;NWAR;82,5;49;36;53;2022;0;0;3,1;3;https://www.cian.ru/sale/flat/299557531/
38000000;17;NAR;92;50;26;27;2022;0;0;4,5;4;https://www.cian.ru/sale/flat/299335099/
38000000;15;NAR;120;90;16;34;;0;0;3;4;https://www.cian.ru/sale/flat/298984673/
38000000;11;SEAR;108;75;6;7;1937;0;0;3,3;4;https://www.cian.ru/sale/flat/300352085/
38013800;19;NEAR;81,4;61,1;18;32;2023;1;0;3;3;https://www.cian.ru/sale/flat/298604046/
38042644;13;NWAR;85,4;35,7;21;25;2022;1;0;3,02;2;https://www.cian.ru/sale/flat/290752573/
38051387;6;WAR;64,3;27,8;15;28;2022;1;0;3,12;3;https://www.cian.ru/sale/flat/298334277/
38074939;7;NAR;110,8;66,4;2;8;2023;1;0;3,25;4;https://www.cian.ru/sale/flat/298334668/
38144962;22;SAR;54,57;29,3;27;29;2023;1;0;3;2;https://www.cian.ru/sale/flat/292100453/
38150000;15;SAR;66,3;34,2;12;12;2023;1;0;;2;https://www.cian.ru/sale/flat/284150755/
38190000;5;WAR;114;;3;14;2023;1;0;3,1;4;https://www.cian.ru/sale/flat/283162218/
38197066;15;;93,9;;2;24;2023;1;0;3,15;3;https://www.cian.ru/sale/flat/300953301/
38200000;8;SWAR;75,4;40,5;4;24;2015;0;0;2,7;3;https://www.cian.ru/sale/flat/300122634/
38220240;16;NWAR;65,2;35,5;23;24;2023;1;0;3,15;2;https://www.cian.ru/sale/flat/288331709/
38248472;22;SAR;53,57;29,3;26;29;2023;1;0;3;2;https://www.cian.ru/sale/flat/284859215/
38304730;9;WAR;93,8;46;6;9;2023;1;0;2,74;3;https://www.cian.ru/sale/flat/288241593/
38324000;;NWAR;87,1;;47;47;2023;1;0;3,05;3;https://www.cian.ru/sale/flat/296745621/
38335900;12;NWAR;73,3;32,6;13;21;2023;1;0;3,1;2;https://www.cian.ru/sale/flat/299168060/
38352000;6;WAR;75,2;51,8;33;41;2021;1;0;3,5;2;https://www.cian.ru/sale/flat/294196808/
38392500;;CAR;82,43;30,6;22;30;2019;1;0;3,1;2;https://www.cian.ru/sale/flat/293376102/
38400000;16;WAR;74,4;40;3;41;2024;1;0;;3;https://www.cian.ru/sale/flat/300097422/
38464000;9;NEAR;115,4;;16;27;2022;1;0;;3;https://www.cian.ru/sale/flat/294035010/
38465513;13;NWAR;85,8;36,6;22;25;2022;1;0;3,02;2;https://www.cian.ru/sale/flat/290752583/
38500000;28;WAR;68,7;35,5;3;14;;0;0;;2;https://www.cian.ru/sale/flat/300509121/
38500000;12;SWAR;120,3;;2;18;2005;0;0;3;2;https://www.cian.ru/sale/flat/270457452/
38500000;12;NWAR;78,2;23,4;29;33;;0;0;3,1;2;https://www.cian.ru/sale/flat/297744464/
38500000;11;NEAR;75,5;33,5;8;19;2022;0;0;3,25;2;https://www.cian.ru/sale/flat/300561404/
38500000;;WAR;68,7;35,5;3;14;2021;0;0;;3;https://www.cian.ru/sale/flat/298946861/
38526976;4;SAR;93,6;49,8;2;19;2024;1;0;;3;https://www.cian.ru/sale/flat/291650434/
38593441;10;NAR;86;;43;43;2023;1;0;4,2;3;https://www.cian.ru/sale/flat/270240488/
38610969;22;SAR;53,57;29,3;28;29;2023;1;0;3;2;https://www.cian.ru/sale/flat/292100457/
38665705;12;NWAR;82,7;38,1;3;33;2023;1;0;2,9;4;https://www.cian.ru/sale/flat/296774483/
38700000;2;SAR;46;14,5;8;13;2019;0;0;3,15;1;https://www.cian.ru/sale/flat/299186158/
38700000;13;WAR;78;;40;51;2020;0;0;3;3;https://www.cian.ru/sale/flat/298534726/
38700000;17;NAR;136;79,7;9;22;2002;0;0;3;3;https://www.cian.ru/sale/flat/292686416/
38732684;17;SEAR;99,3;54,4;19;30;2024;1;0;2,87;4;https://www.cian.ru/sale/flat/300575246/
38800000;6;WAR;97,6;68,2;30;56;2024;1;0;3,15;4;https://www.cian.ru/sale/flat/300437395/
38801000;9;NEAR;114,4;;2;27;2022;1;0;;3;https://www.cian.ru/sale/flat/294033576/
38806600;12;NWAR;74,2;33,1;9;21;2023;1;0;3,1;2;https://www.cian.ru/sale/flat/299168072/
38810000;27;WAR;66,9;24,8;9;14;2023;1;0;3;2;https://www.cian.ru/sale/flat/299262105/
38894000;5;WAR;68,9;35,5;7;14;;0;0;;2;https://www.cian.ru/sale/flat/300509136/
38900000;19;SAR;72,49;;13;29;2022;0;0;2,64;2;https://www.cian.ru/sale/flat/298734321/
38900000;14;NWAR;79;27,9;8;24;;0;0;3,2;3;https://www.cian.ru/sale/flat/296394216/
38900000;7;SAR;114;;1;17;1999;0;0;;4;https://www.cian.ru/sale/flat/296126529/
38924165;17;SEAR;99,5;54,4;21;30;2024;1;0;2,87;4;https://www.cian.ru/sale/flat/300575247/
38945280;2025;NWAR;70,4;35,7;22;29;2023;1;0;3,15;2;https://www.cian.ru/sale/flat/272153501/
38950000;12;NAR;65,1;;16;27;2022;0;0;3,15;3;https://www.cian.ru/sale/flat/295612021/
38951100;13;SWAR;76,6;45,8;2;32;2021;1;0;3,1;2;https://www.cian.ru/sale/flat/264099911/
38999000;19;SAR;95;47;8;13;2021;0;0;3;4;https://www.cian.ru/sale/flat/294168433/
38999999;10;WAR;107;64;10;14;1976;0;0;3,3;4;https://www.cian.ru/sale/flat/296785000/
39000000;16;SAR;52;29;3;5;1956;0;0;3,1;2;https://www.cian.ru/sale/flat/297935793/
39000000;18;WAR;74;43;7;16;;0;0;;2;https://www.cian.ru/sale/flat/290825191/
39000000;11;NWAR;84;;11;38;2015;0;0;3,13;2;https://www.cian.ru/sale/flat/299461628/
39000000;1;NAR;74;52;2;15;;0;1;3;2;https://www.cian.ru/sale/flat/296485274/
39000000;;NAR;74;52;2;15;;0;1;;2;https://www.cian.ru/sale/flat/300539841/
39000000;15;WAR;87,2;;8;22;2005;0;0;3;2;https://www.cian.ru/sale/flat/293510493/
39000000;13;WAR;65;43;4;11;;0;0;;2;https://www.cian.ru/sale/flat/300526496/
39000000;5;WAR;68,4;;12;14;;0;0;;3;https://www.cian.ru/sale/flat/300831375/
39000000;19;SAR;88,2;34,7;8;13;2022;0;0;3,3;3;https://www.cian.ru/sale/flat/294302005/
39000000;19;NAR;148;100;8;28;2017;0;1;3,1;3;https://www.cian.ru/sale/flat/297326360/
39007217;22;SAR;66,86;35,5;21;21;2023;1;0;3;2;https://www.cian.ru/sale/flat/291543572/
39134583;16;NAR;74,7;43,1;16;26;2022;1;0;3;3;https://www.cian.ru/sale/flat/298148454/
39220000;27;WAR;68,8;29,8;9;13;2023;1;0;3,13;2;https://www.cian.ru/sale/flat/296278100/
39223840;19;SEAR;78,2;26,7;3;13;2023;1;0;3;3;https://www.cian.ru/sale/flat/300207697/
39230730;17;NWAR;66,6;40,4;38;43;2023;1;0;3,15;3;https://www.cian.ru/sale/flat/299021632/
39299000;6;CAR;87,2;65,6;4;6;1934;0;0;3;4;https://www.cian.ru/sale/flat/300054167/
39300000;11;NWAR;57,4;;24;24;;0;0;;2;https://www.cian.ru/sale/flat/299509241/
39300000;11;NWAR;58;29;24;24;2020;0;0;;2;https://www.cian.ru/sale/flat/300862129/
39303176;4;CAR;81,4;37,7;7;10;2024;1;1;3;2;https://www.cian.ru/sale/flat/300483965/
39350000;15;WAR;112;74,7;25;29;;0;0;;3;https://www.cian.ru/sale/flat/300919558/
39400000;3;CAR;39,4;;49;66;2020;1;1;3,9;1;https://www.cian.ru/sale/flat/300449724/
39414200;4;EAR;101,9;;1;29;2023;1;0;3;3;https://www.cian.ru/sale/flat/298378519/
39428650;22;SAR;68,44;32,5;20;21;2023;1;0;3;2;https://www.cian.ru/sale/flat/289909097/
39461999;4;WAR;110;52,6;19;29;2021;0;0;3,3;3;https://www.cian.ru/sale/flat/300209992/
39492363;7;NAR;119,8;76,9;2;8;2023;1;0;3,25;4;https://www.cian.ru/sale/flat/298334654/
39500000;9;CAR;55,7;;22;22;;0;0;3,45;2;https://www.cian.ru/sale/flat/293069620/
39500000;18;WAR;60,9;;17;28;2019;0;1;3,3;2;https://www.cian.ru/sale/flat/295656889/
39500000;18;SAR;65,6;;14;40;2023;0;0;3,1;2;https://www.cian.ru/sale/flat/300780912/
39500000;11;SEAR;79;;3;29;2022;0;0;3;3;https://www.cian.ru/sale/flat/299619257/
39500000;6;WAR;103;60;15;17;2001;0;0;3,2;3;https://www.cian.ru/sale/flat/299143204/
39500000;15;WAR;85;54;2;21;2015;0;0;3;3;https://www.cian.ru/sale/flat/300726658/
39500000;5;NAR;87,6;50,6;2;24;2019;0;0;2,8;3;https://www.cian.ru/sale/flat/300927460/
39500000;14;SAR;70,8;47;2;6;2021;0;0;3,3;3;https://www.cian.ru/sale/flat/298748592/
39500000;7;CAR;83,9;;20;53;2019;0;0;3;3;https://www.cian.ru/sale/flat/293186412/
39500000;13;WAR;119;;12;24;2009;0;0;3;4;https://www.cian.ru/sale/flat/292883762/
39500000;10;WAR;121;71,1;2;14;2006;0;0;2,64;4;https://www.cian.ru/sale/flat/298449196/
39500000;2;SWAR;100,2;62,1;22;22;2003;0;0;2,7;4;https://www.cian.ru/sale/flat/299132048/
39509400;16;NWAR;81,8;27,5;4;6;2023;1;1;3,24;3;https://www.cian.ru/sale/flat/299370759/
39580323;6;WAR;73,5;;9;28;2022;1;0;3,12;2;https://www.cian.ru/sale/flat/298334214/
39584600;4;EAR;105,25;;1;29;2023;1;0;3;4;https://www.cian.ru/sale/flat/298378515/
39597215;22;SAR;86,02;38,8;13;14;2023;1;0;3;2;https://www.cian.ru/sale/flat/291897545/
39640000;28;WAR;67,3;24,8;13;14;2021;1;0;3;2;https://www.cian.ru/sale/flat/296277988/
39655200;19;NEAR;80,6;60,5;27;32;2023;1;0;3;2;https://www.cian.ru/sale/flat/298828249/
39859000;28;WAR;68,9;35,5;7;12;;0;0;;2;https://www.cian.ru/sale/flat/295131192/
39862929;4;SEAR;93,8;50,4;7;30;;0;0;;4;https://www.cian.ru/sale/flat/299773789/
39872400;16;NWAR;89,4;;3;6;2023;1;1;3,24;3;https://www.cian.ru/sale/flat/299370738/
39890881;10;WAR;110,34;66,6;21;29;2023;1;0;3,3;3;https://www.cian.ru/sale/flat/297984090/
39900000;13;NWAR;63,5;;13;36;;0;0;3;2;https://www.cian.ru/sale/flat/299528147/
39900000;10;WAR;84;;5;28;2022;0;0;3,12;2;https://www.cian.ru/sale/flat/299465756/
39900000;;WAR;77;32;47;52;;0;0;;2;https://www.cian.ru/sale/flat/289119692/
39900000;5;CAR;95;;5;7;;0;0;;3;https://www.cian.ru/sale/flat/299710715/
39900000;18;WAR;78,18;28;23;41;2023;0;0;3,25;3;https://www.cian.ru/sale/flat/300051782/
39900000;4;EAR;96,4;57,4;12;20;2017;0;0;;3;https://www.cian.ru/sale/flat/299296109/
39900000;11;NWAR;87;50;9;36;;0;0;;3;https://www.cian.ru/sale/flat/300276907/
39900000;5;NEAR;105;80;22;22;1989;0;0;2,64;4;https://www.cian.ru/sale/flat/298249754/
39949508;23;SWAR;165,6;62,9;21;21;2023;1;0;2,99;4;https://www.cian.ru/sale/flat/296862789/
39980000;28;WAR;70,6;48,9;8;14;;0;0;;2;https://www.cian.ru/sale/flat/299879107/
39988700;5;WAR;68;41;1;14;;0;0;;3;https://www.cian.ru/sale/flat/300771490/
39990000;8;CAR;66,5;;2;7;;0;0;3;2;https://www.cian.ru/sale/flat/300653804/
39990000;11;SWAR;80;53;7;8;1956;0;0;;3;https://www.cian.ru/sale/flat/300539856/
39990000;10;NWAR;96,5;59,9;27;55;2022;0;0;3;4;https://www.cian.ru/sale/flat/299289763/
39999999;27;WAR;68,7;;6;13;;0;0;;3;https://www.cian.ru/sale/flat/300509005/
40000000;5;CAR;55,7;;8;9;1954;0;0;3,2;2;https://www.cian.ru/sale/flat/300884456/
40000000;12;CAR;44,5;;4;17;2023;0;0;3,8;2;https://www.cian.ru/sale/flat/295800676/
40000000;12;WAR;69;36;7;14;2022;0;0;3,13;2;https://www.cian.ru/sale/flat/298973366/
40000000;15;WAR;75;35;7;22;;0;0;;2;https://www.cian.ru/sale/flat/287929947/
40000000;12;NWAR;69,5;;30;37;2018;0;1;3,2;2;https://www.cian.ru/sale/flat/289779246/
40000000;5;WAR;69;35,6;7;14;2021;0;0;;2;https://www.cian.ru/sale/flat/291104201/
40000000;5;CAR;55,7;;8;9;1954;0;0;2,95;2;https://www.cian.ru/sale/flat/300818414/
40000000;5;WAR;69;35,5;7;14;2022;0;0;;2;https://www.cian.ru/sale/flat/300071776/
40000000;5;CAR;55,7;;8;9;1954;0;0;;2;https://www.cian.ru/sale/flat/300652339/
40000000;8;;67;35;2;14;1939;0;0;3,2;2;https://www.cian.ru/sale/flat/296439826/
40000000;16;NWAR;80;;4;6;2023;1;1;3,24;3;https://www.cian.ru/sale/flat/299370773/
40000000;5;NWAR;67,8;31,8;3;13;2023;1;0;;3;https://www.cian.ru/sale/flat/294555391/
40000000;18;WAR;77;34,5;10;25;;0;0;;3;https://www.cian.ru/sale/flat/300640749/
40000000;4;SWAR;77;49,8;4;9;1956;0;0;3;3;https://www.cian.ru/sale/flat/300821462/
40000000;17;NEAR;128;89;8;59;2015;0;0;3,05;3;https://www.cian.ru/sale/flat/300653895/
40000000;11;NEAR;109;;11;38;2015;0;0;3;3;https://www.cian.ru/sale/flat/297834603/
40000000;15;SWAR;106;;5;15;;0;0;2,8;3;https://www.cian.ru/sale/flat/293186402/
40000000;3;WAR;91,7;;23;28;2020;0;0;3;3;https://www.cian.ru/sale/flat/300681399/
40000000;15;WAR;86,1;58,6;8;21;2015;0;0;3;3;https://www.cian.ru/sale/flat/297256737/
40000000;7;CAR;89,3;53;21;32;2019;0;0;;3;https://www.cian.ru/sale/flat/292665474/
40000000;9;SWAR;120;;7;23;2017;0;0;2,8;4;https://www.cian.ru/sale/flat/298049866/
40029615;11;NWAR;108,3;59,6;20;20;2023;1;0;2,85;4;https://www.cian.ru/sale/flat/291372559/
40063560;8;NAR;113,1;71,6;26;35;2023;1;0;3,1;4;https://www.cian.ru/sale/flat/298334701/
40080000;9;NEAR;119,1;;20;27;2022;1;0;;3;https://www.cian.ru/sale/flat/298655839/
40081000;10;NEAR;74,5;55,9;12;34;2022;1;0;3,05;3;https://www.cian.ru/sale/flat/298604118/
40096000;9;NEAR;110,6;;21;27;2022;1;0;;3;https://www.cian.ru/sale/flat/294034014/
40110707;25;SAR;70,28;35,3;16;16;2023;1;0;3;2;https://www.cian.ru/sale/flat/294939307/
40200000;12;NWAR;92,4;45;11;33;2024;0;0;3;4;https://www.cian.ru/sale/flat/300150104/
40216907;5;;97;;2;24;2023;1;0;3,15;3;https://www.cian.ru/sale/flat/300712741/
40259120;25;SEAR;84,8;25,3;9;26;2023;1;0;3,1;3;https://www.cian.ru/sale/flat/298028375/
40280000;5;NWAR;76;;3;15;2023;0;0;3;3;https://www.cian.ru/sale/flat/299561961/
40329450;4;WAR;123,9;72,8;23;29;2022;1;1;3;4;https://www.cian.ru/sale/flat/289516347/
40331596;27;SAR;71,2;43,8;15;15;2023;1;0;3,15;2;https://www.cian.ru/sale/flat/298084417/
40338000;6;WAR;97,2;40,5;2;41;2021;1;0;3,5;3;https://www.cian.ru/sale/flat/287405283/
40420000;28;WAR;69,2;26,3;13;14;2021;1;0;3;2;https://www.cian.ru/sale/flat/296277987/
40424357;5;WAR;79,23;;2;57;2024;1;0;2,9;3;https://www.cian.ru/sale/flat/290790426/
40480000;9;CAR;50,6;35;3;4;2024;1;1;;3;https://www.cian.ru/sale/flat/300979493/
40500000;8;CAR;82,2;40;13;33;2023;1;0;2,9;4;https://www.cian.ru/sale/flat/298324727/
40548707;15;SWAR;160,5;40,5;21;21;2023;1;0;2,99;4;https://www.cian.ru/sale/flat/296862790/
40584440;25;SAR;86,1;48,8;5;16;2023;1;0;3,15;3;https://www.cian.ru/sale/flat/293204006/
40600000;8;CAR;68;40;10;11;;0;0;5,15;2;https://www.cian.ru/sale/flat/299967437/
40600000;4;WAR;64;41;12;31;2021;0;0;2,8;3;https://www.cian.ru/sale/flat/300103623/
40600000;14;WAR;87;55;6;9;2022;0;0;3,1;4;https://www.cian.ru/sale/flat/298527240/
40601100;12;NEAR;96,9;72,7;8;37;2024;1;0;3;3;https://www.cian.ru/sale/flat/298603539/
40670000;10;SWAR;116,2;70,8;12;14;2023;1;1;2,8;2;https://www.cian.ru/sale/flat/297680757/
40750000;5;WAR;88,3;62,3;6;27;2022;0;0;3;4;https://www.cian.ru/sale/flat/291026042/
40799069;25;SAR;84,51;37,6;8;12;2023;1;0;3;2;https://www.cian.ru/sale/flat/285359326/
40800000;22;SAR;99;50,5;9;12;2022;0;0;3;3;https://www.cian.ru/sale/flat/295678960/
40811432;4;CAR;83;47,3;10;10;2024;1;1;3;2;https://www.cian.ru/sale/flat/296548834/
40813500;19;NEAR;89,7;67,3;11;32;2023;1;0;3;3;https://www.cian.ru/sale/flat/298603970/
40850000;11;NWAR;98,4;54;10;21;2024;0;0;3,1;3;https://www.cian.ru/sale/flat/299502656/
40877000;5;CAR;77,3;;8;12;2018;0;1;;3;https://www.cian.ru/sale/flat/297176349/
40900000;6;CAR;41;;3;5;2021;0;1;3,4;2;https://www.cian.ru/sale/flat/292133929/
40900000;4;NAR;65,9;43,8;4;10;2022;0;1;3,3;2;https://www.cian.ru/sale/flat/299694108/
40900000;5;NWAR;81;48,5;23;25;2023;1;0;;3;https://www.cian.ru/sale/flat/293779965/
40900000;5;WAR;119,8;60,5;14;32;2024;1;0;;3;https://www.cian.ru/sale/flat/287440558/
40900000;6;WAR;84;59;8;18;2021;0;0;3,1;3;https://www.cian.ru/sale/flat/299294217/
40903500;12;NEAR;100,5;75,4;4;37;2024;1;0;3;3;https://www.cian.ru/sale/flat/298603484/
40938547;4;SWAR;159,7;;23;23;2023;1;0;2,99;4;https://www.cian.ru/sale/flat/297569209/
40950000;12;CAR;73,4;;9;11;1954;0;0;3,2;2;https://www.cian.ru/sale/flat/295999831/
40971691;6;WAR;90,1;50,4;2;28;2022;1;0;3,12;3;https://www.cian.ru/sale/flat/298334316/
40999999;;NAR;102,9;;19;25;;0;0;;2;https://www.cian.ru/sale/flat/299143787/
41000000;3;CAR;62;;22;78;2020;0;1;3,9;2;https://www.cian.ru/sale/flat/298073324/
41000000;7;WAR;68,4;47,5;2;16;2006;0;0;;2;https://www.cian.ru/sale/flat/300810444/
41000000;12;NAR;64;;5;6;2015;0;1;3,4;2;https://www.cian.ru/sale/flat/300868989/
41000000;18;NWAR;82,3;;19;30;2023;1;0;;3;https://www.cian.ru/sale/flat/295009593/
41000000;25;WAR;101;49;11;28;;0;0;;3;https://www.cian.ru/sale/flat/298483713/
41000000;9;CAR;93;45;6;7;2019;0;1;4,8;3;https://www.cian.ru/sale/flat/296302630/
41000000;19;WAR;90;;10;31;2023;0;0;;3;https://www.cian.ru/sale/flat/299108008/
41000000;12;WAR;84,5;44,6;48;52;2021;0;0;3,1;3;https://www.cian.ru/sale/flat/294618564/
41000000;7;WAR;74,7;;10;26;2021;0;0;3,2;3;https://www.cian.ru/sale/flat/295852514/
41000000;7;NAR;75,7;40;7;17;2018;0;1;2,95;3;https://www.cian.ru/sale/flat/300822553/
41000000;14;SWAR;118,5;70;15;18;1987;0;0;2,66;4;https://www.cian.ru/sale/flat/300397367/
41000000;5;CAR;94,3;57;4;4;1874;0;0;3;4;https://www.cian.ru/sale/flat/300612898/
41000000;18;NWAR;150;80;1;17;2000;0;0;3,1;4;https://www.cian.ru/sale/flat/294737347/
41007509;9;WAR;79;36,3;3;15;2022;1;0;3,12;3;https://www.cian.ru/sale/flat/298334356/
41120100;13;SWAR;85,4;55,9;32;32;2021;1;0;3,1;3;https://www.cian.ru/sale/flat/284846985/
41186555;17;SAR;81,37;40,6;13;18;2023;1;0;3,02;3;https://www.cian.ru/sale/flat/299093535/
41194092;4;SAR;97,1;61,4;3;19;2024;1;0;;4;https://www.cian.ru/sale/flat/269373168/
41200980;21;SWAR;83,1;;24;42;2023;1;0;3;4;https://www.cian.ru/sale/flat/300800474/
41215500;18;SWAR;64,5;;32;32;2021;1;0;3,1;2;https://www.cian.ru/sale/flat/296009966/
41215500;13;SWAR;64,5;;23;32;2021;1;0;3,1;2;https://www.cian.ru/sale/flat/264100710/
41240000;;WAR;68,5;24,6;9;14;2023;1;0;3;2;https://www.cian.ru/sale/flat/299262053/
41280000;28;WAR;67;24,8;13;14;2023;1;0;3;2;https://www.cian.ru/sale/flat/296277962/
41305307;4;CAR;86,5;50,8;3;10;2024;1;1;3;2;https://www.cian.ru/sale/flat/295316278/
41320668;25;SAR;73,2;46,2;11;14;2023;1;0;3,15;2;https://www.cian.ru/sale/flat/293204283/
41481601;10;WAR;76,4;32,8;15;28;2022;1;0;3,4;3;https://www.cian.ru/sale/flat/298334172/
41499000;4;SWAR;124,4;66,6;18;22;2004;0;0;2,8;4;https://www.cian.ru/sale/flat/299687502/
41500000;14;CAR;68;30,7;4;6;2023;0;0;3,1;2;https://www.cian.ru/sale/flat/298723575/
41500000;16;NWAR;64,2;;9;41;;0;0;;2;https://www.cian.ru/sale/flat/299509244/
41500000;14;CAR;70,3;;12;27;2023;0;0;3;2;https://www.cian.ru/sale/flat/299429352/
41500000;6;CAR;55;;4;22;;0;0;3,1;2;https://www.cian.ru/sale/flat/299250573/
41500000;5;NWAR;67,2;27,2;10;13;2023;1;0;3,25;3;https://www.cian.ru/sale/flat/295873965/
41500000;15;SAR;86;48;10;11;;0;0;;3;https://www.cian.ru/sale/flat/295731821/
41500000;7;EAR;78;;9;13;2016;0;0;;3;https://www.cian.ru/sale/flat/299342352/
41500000;10;NWAR;83;48,7;41;53;2022;0;0;3,1;3;https://www.cian.ru/sale/flat/297047647/
41500000;14;SAR;93;50;13;15;2022;0;0;;3;https://www.cian.ru/sale/flat/295184215/
41500000;5;NWAR;77,5;30;15;36;2021;0;0;2,95;3;https://www.cian.ru/sale/flat/300613814/
41500000;12;;120;67;11;44;2011;0;0;3,1;4;https://www.cian.ru/sale/flat/298089913/
41553600;10;NEAR;78,7;59;12;34;2022;1;0;3,05;3;https://www.cian.ru/sale/flat/298604126/
41600000;17;CAR;104,3;78;9;17;2000;0;0;2,6;4;https://www.cian.ru/sale/flat/299098431/
41606500;6;NAR;96,2;;14;25;2022;1;0;2,85;3;https://www.cian.ru/sale/flat/300755280/
41670000;6;CAR;46;;3;5;;0;1;;1;https://www.cian.ru/sale/flat/290522992/
41670000;6;CAR;46,3;32;3;5;;0;1;3,1;1;https://www.cian.ru/sale/flat/287688964/
41741000;10;NEAR;67;50,3;3;34;2022;1;0;3;2;https://www.cian.ru/sale/flat/300648031/
41750000;8;WAR;75,9;;10;36;2022;0;0;3,1;2;https://www.cian.ru/sale/flat/300111253/
41785200;5;SWAR;87,6;;24;42;2023;1;0;3;4;https://www.cian.ru/sale/flat/301046659/
41847000;16;NWAR;87;39;6;6;2023;1;1;3,24;3;https://www.cian.ru/sale/flat/299370769/
41856080;5;WAR;114,8;;13;14;2023;1;0;3,1;4;https://www.cian.ru/sale/flat/290241485/
41900000;8;WAR;71;32;9;39;2021;0;0;3,1;2;https://www.cian.ru/sale/flat/300858774/
41900000;5;WAR;70;56;11;14;;0;0;;3;https://www.cian.ru/sale/flat/298504143/
41900000;6;CAR;85;;16;16;1973;0;0;2,8;3;https://www.cian.ru/sale/flat/298977068/
41990000;12;NAR;56,9;;39;41;2021;0;0;3,1;2;https://www.cian.ru/sale/flat/300618922/
41990000;5;SAR;61,7;;1;2;2022;0;1;3,3;3;https://www.cian.ru/sale/flat/295670405/
41990000;7;SEAR;115,6;;4;30;2012;0;0;3;3;https://www.cian.ru/sale/flat/294966171/
42000000;3;CAR;62;;16;78;2020;0;1;3,9;2;https://www.cian.ru/sale/flat/294452835/
42000000;5;NWAR;76,3;;10;23;;0;0;3,2;2;https://www.cian.ru/sale/flat/300327999/
42000000;10;NWAR;80;45;2;22;2019;0;0;2,8;2;https://www.cian.ru/sale/flat/294659263/
42000000;3;CAR;80;;15;85;2016;0;1;3;2;https://www.cian.ru/sale/flat/300599248/
42000000;11;NAR;82,6;;2;7;2018;0;1;;2;https://www.cian.ru/sale/flat/298256924/
42000000;8;SWAR;107,8;68;31;34;2023;1;0;;3;https://www.cian.ru/sale/flat/296485610/
42000000;5;SAR;82,3;;8;16;2018;0;1;3;3;https://www.cian.ru/sale/flat/295175915/
42000000;11;CAR;88,4;;3;19;2018;0;1;;3;https://www.cian.ru/sale/flat/274529656/
42000000;12;CAR;88,4;;3;19;2018;0;1;3;3;https://www.cian.ru/sale/flat/295729701/
42000000;4;WAR;77;;6;15;;0;0;3;3;https://www.cian.ru/sale/flat/300695923/
42000000;15;NWAR;88;;11;46;2021;0;1;3;3;https://www.cian.ru/sale/flat/298261357/
42000000;1;CAR;73,4;58;5;5;1910;0;0;;3;https://www.cian.ru/sale/flat/300539828/
42000000;4;WAR;113;;4;41;2021;0;0;3,2;3;https://www.cian.ru/sale/flat/291789707/
42000000;14;NWAR;87;50;23;41;2023;0;0;3;3;https://www.cian.ru/sale/flat/300063062/
42000000;8;NAR;113;71,6;35;35;2023;0;0;3,1;4;https://www.cian.ru/sale/flat/300181346/
42000000;4;NEAR;105;70;22;22;1989;0;0;2,75;4;https://www.cian.ru/sale/flat/289198876/
42000000;12;NAR;118,3;82,1;12;16;2004;0;0;2,8;4;https://www.cian.ru/sale/flat/300596531/
42013200;16;NWAR;94,2;28,8;4;6;2023;1;1;3,24;3;https://www.cian.ru/sale/flat/299370766/
42100000;1;WAR;79,3;;7;21;2014;0;0;3;2;https://www.cian.ru/sale/flat/300614137/
42190811;19;SAR;94,8;;2;6;2023;1;0;3,15;3;https://www.cian.ru/sale/flat/300783103/
42230000;10;WAR;51,3;33,7;15;32;2024;1;1;;2;https://www.cian.ru/sale/flat/299758707/
42235890;24;SAR;86;47;6;16;2023;1;0;3,15;3;https://www.cian.ru/sale/flat/293204030/
42280840;5;SWAR;88,9;;27;34;2023;1;0;3;4;https://www.cian.ru/sale/flat/301068513/
42301000;9;NEAR;125,7;;15;27;2022;1;0;;3;https://www.cian.ru/sale/flat/298655856/
42304966;4;NEAR;77,7;;15;15;2021;1;1;;2;https://www.cian.ru/sale/flat/292035517/
42351088;10;WAR;116,11;69,3;30;30;2023;1;0;3,3;4;https://www.cian.ru/sale/flat/297984371/
42353550;4;WAR;123,3;72,9;21;29;2022;1;1;3;4;https://www.cian.ru/sale/flat/286250528/
42355106;4;CAR;81,4;37,7;9;10;2024;1;1;3;2;https://www.cian.ru/sale/flat/300483962/
42388700;5;WAR;72;50;10;14;;0;0;;3;https://www.cian.ru/sale/flat/300388988/
42399562;25;SAR;83,7;37,2;12;12;2023;1;0;3;2;https://www.cian.ru/sale/flat/291543571/
42477783;23;SAR;98,8;47,6;2;11;2024;1;0;3,1;3;https://www.cian.ru/sale/flat/300577186/
42495024;27;SAR;88;53;3;15;2023;1;0;3,15;2;https://www.cian.ru/sale/flat/293204334/
42495337;10;WAR;116,64;70,2;24;29;2023;1;0;3,3;3;https://www.cian.ru/sale/flat/297986178/
42500000;1;NAR;83,6;32,5;7;7;1953;0;0;;2;https://www.cian.ru/sale/flat/300321398/
42500000;28;WAR;77;26;9;14;;0;0;;2;https://www.cian.ru/sale/flat/299059831/
42500000;13;CAR;62;25;33;44;2018;0;0;;2;https://www.cian.ru/sale/flat/300776785/
42500000;5;WAR;123;60;23;24;2017;0;0;2,8;3;https://www.cian.ru/sale/flat/300865008/
42500000;8;SWAR;129;;4;16;2001;0;0;2,75;4;https://www.cian.ru/sale/flat/295812492/
42600618;6;SAR;73,1;;6;6;2023;1;0;3,15;2;https://www.cian.ru/sale/flat/300783106/
42606300;2;NAR;77,8;;21;21;2023;1;1;3,15;2;https://www.cian.ru/sale/flat/298000720/
42633654;5;SWAR;81,2;;24;25;2024;1;0;3,17;3;https://www.cian.ru/sale/flat/300451855/
42665922;27;SAR;82,7;;5;15;2023;1;0;3,15;2;https://www.cian.ru/sale/flat/293356235/
42690247;4;NEAR;103,1;;15;15;2021;1;1;;3;https://www.cian.ru/sale/flat/292035505/
42700000;27;WAR;68,2;25,9;11;13;2023;1;0;3,13;2;https://www.cian.ru/sale/flat/296278092/
42700000;6;WAR;82,9;36,5;11;13;2022;0;0;3,1;2;https://www.cian.ru/sale/flat/300113796/
42700000;6;WAR;82,9;36,5;11;13;2022;0;0;3,1;3;https://www.cian.ru/sale/flat/295684586/
42700000;17;NAR;118;70;2;18;;0;0;;4;https://www.cian.ru/sale/flat/299027780/
42800000;2;CAR;61;27;13;21;2024;0;1;;3;https://www.cian.ru/sale/flat/299237057/
42812228;4;SAR;97,95;66,8;27;27;2023;1;0;2,87;3;https://www.cian.ru/sale/flat/292263385/
42849350;19;SEAR;68,5;31,1;14;14;2023;1;0;3;2;https://www.cian.ru/sale/flat/300165814/
42855959;5;SAR;99,55;68,4;27;27;2023;1;0;2,87;3;https://www.cian.ru/sale/flat/292741980/
42900000;19;WAR;70,5;29,2;4;25;2021;0;0;;2;https://www.cian.ru/sale/flat/300422045/
42965711;6;WAR;81,7;36,6;5;28;2022;1;0;3,12;3;https://www.cian.ru/sale/flat/298334198/
43000000;3;CAR;61;;4;10;2019;0;1;3,2;2;https://www.cian.ru/sale/flat/299504834/
43000000;13;NAR;69;45;2;5;;0;0;3,1;2;https://www.cian.ru/sale/flat/300742961/
43000000;2;NAR;68;40;4;14;;0;1;;2;https://www.cian.ru/sale/flat/298881471/
43000000;14;WAR;86,7;;5;28;2019;0;1;3;2;https://www.cian.ru/sale/flat/297044865/
43000000;11;WAR;120,5;66,6;2;11;1998;0;0;3,1;3;https://www.cian.ru/sale/flat/297786925/
43000000;10;NWAR;97,9;58,9;41;53;2022;0;0;3,1;3;https://www.cian.ru/sale/flat/297047642/
43000000;10;WAR;136;108;6;6;;0;1;;3;https://www.cian.ru/sale/flat/298882148/
43000000;7;WAR;76;;13;26;2021;0;0;3,1;3;https://www.cian.ru/sale/flat/291456629/
43000000;9;WAR;98,6;50,7;6;8;2021;0;0;3,1;3;https://www.cian.ru/sale/flat/291960356/
43000000;26;WAR;77;46;13;26;2021;0;0;3,1;3;https://www.cian.ru/sale/flat/294216008/
43000000;8;WAR;97,2;;14;25;2024;1;0;2,65;4;https://www.cian.ru/sale/flat/300754108/
43000000;14;;87;70;34;47;;0;0;2,8;4;https://www.cian.ru/sale/flat/292699755/
43000000;5;WAR;109;65;30;39;2022;0;0;3,1;4;https://www.cian.ru/sale/flat/297859382/
43000000;9;WAR;98;;6;25;;0;0;3,1;4;https://www.cian.ru/sale/flat/298970418/
43028880;2;NAR;81,6;51,4;20;21;2023;1;1;3,15;3;https://www.cian.ru/sale/flat/298000735/
43065000;16;NWAR;82,5;27,5;6;6;2023;1;1;3,24;3;https://www.cian.ru/sale/flat/299370762/
43073190;18;WAR;96,1;33,2;18;36;2024;1;0;3,2;3;https://www.cian.ru/sale/flat/299261498/
43076039;4;SAR;99,9;;3;24;2023;1;0;3,15;3;https://www.cian.ru/sale/flat/300800428/
43157704;3;NEAR;109,7;82,3;37;58;2015;1;0;;2;https://www.cian.ru/sale/flat/299129928/
43161758;9;WAR;87,9;51;3;15;2022;1;0;3,12;3;https://www.cian.ru/sale/flat/298334358/
43199570;16;NWAR;73,4;48;14;24;2023;1;0;3,15;3;https://www.cian.ru/sale/flat/293710891/
43340026;4;CAR;67,9;40,5;12;22;2022;1;0;3,25;3;https://www.cian.ru/sale/flat/298576264/
43341568;6;WAR;81,4;36,6;3;28;2022;1;0;3,12;3;https://www.cian.ru/sale/flat/298334195/
43350000;19;NAR;170;90;16;29;;0;1;;4;https://www.cian.ru/sale/flat/293443964/
43500000;11;SWAR;66,7;;6;18;2011;0;0;3;2;https://www.cian.ru/sale/flat/298381829/
43500000;9;CAR;57,2;;4;12;1970;0;0;;2;https://www.cian.ru/sale/flat/300542646/
43500000;15;SAR;142,9;70,2;2;33;2011;0;0;2,8;4;https://www.cian.ru/sale/flat/295854360/
43500000;2;CAR;110,4;;2;7;1916;0;0;4;4;https://www.cian.ru/sale/flat/297301329/
43524000;6;CAR;80,6;;4;4;1917;0;1;4;3;https://www.cian.ru/sale/flat/294599592/
43600000;1;WAR;80;58,3;12;25;2014;0;0;3;2;https://www.cian.ru/sale/flat/300346168/
43600000;5;CAR;90,3;;3;3;1901;0;0;3,5;2;https://www.cian.ru/sale/flat/298324517/
43608000;19;NEAR;94,8;71,1;5;32;2023;1;0;3;3;https://www.cian.ru/sale/flat/298604111/
43690000;22;NAR;95;;19;20;2022;0;0;3;3;https://www.cian.ru/sale/flat/298666298/
43700000;27;WAR;71,4;25,9;12;14;2023;1;0;3;2;https://www.cian.ru/sale/flat/299262101/
43730000;14;WAR;111,4;;25;27;2022;1;0;;3;https://www.cian.ru/sale/flat/299256400/
43768290;9;WAR;115,41;82;26;29;2023;1;0;3,3;4;https://www.cian.ru/sale/flat/297986145/
43800000;11;NAR;64;40;15;15;;0;0;3;2;https://www.cian.ru/sale/flat/299030814/
43800000;8;SAR;97,53;46;14;22;2023;1;0;;3;https://www.cian.ru/sale/flat/299112394/
43800000;4;NWAR;82;;23;49;2023;0;0;;3;https://www.cian.ru/sale/flat/299433410/
43800000;18;WAR;76;50;13;26;;0;0;;3;https://www.cian.ru/sale/flat/297908676/
43847699;6;CAR;78,23;56,8;13;14;;0;0;;3;https://www.cian.ru/sale/flat/299773785/
43900000;11;NEAR;102,7;52,1;9;12;2022;1;0;3,25;3;https://www.cian.ru/sale/flat/300750641/
43900000;7;;86,6;;12;18;2018;0;0;3,1;3;https://www.cian.ru/sale/flat/298519143/
43900000;5;WAR;106;;31;39;2022;0;0;3,1;4;https://www.cian.ru/sale/flat/298534731/
43900000;5;NEAR;86,6;43;4;14;;0;0;;4;https://www.cian.ru/sale/flat/292405596/
43900653;6;SAR;75,3;53,2;15;15;2023;1;0;3,15;3;https://www.cian.ru/sale/flat/293204073/
43906720;10;NAR;104;;33;43;2023;1;0;4,2;3;https://www.cian.ru/sale/flat/287735663/
43950000;21;SAR;95,4;53;28;46;2023;0;0;2,9;4;https://www.cian.ru/sale/flat/300662400/
43950000;20;SAR;95,3;53;28;46;2023;0;0;;4;https://www.cian.ru/sale/flat/297366232/
44000000;13;NAR;59;15,5;12;12;2023;1;0;;2;https://www.cian.ru/sale/flat/290431235/
44000000;15;WAR;87,5;;15;22;2012;0;0;;2;https://www.cian.ru/sale/flat/300842155/
44000000;11;CAR;53,6;;28;29;2022;0;0;;2;https://www.cian.ru/sale/flat/300660827/
44000000;11;CAR;66,7;;12;23;2021;0;0;3,2;2;https://www.cian.ru/sale/flat/300337781/
44000000;10;CAR;80;53;4;5;1928;0;0;;2;https://www.cian.ru/sale/flat/300539707/
44000000;16;WAR;70;31;13;21;;0;0;;2;https://www.cian.ru/sale/flat/294965189/
44000000;12;SAR;94,2;;2;41;;0;0;3;2;https://www.cian.ru/sale/flat/293675485/
44000000;8;;74;;19;41;2022;1;0;;3;https://www.cian.ru/sale/flat/300962201/
44000000;7;NAR;67;40;3;19;;0;0;3;3;https://www.cian.ru/sale/flat/299569505/
44000000;4;NWAR;82;;29;49;2023;0;0;;3;https://www.cian.ru/sale/flat/299226829/
44000000;7;WAR;75;;10;26;2021;0;0;3,2;3;https://www.cian.ru/sale/flat/292246278/
44000000;28;WAR;70;;2;14;;0;0;3,6;3;https://www.cian.ru/sale/flat/286552260/
44000000;2;NAR;92;60;41;59;;0;0;3;4;https://www.cian.ru/sale/flat/300664263/
44000000;16;WAR;140;98;12;22;2012;0;0;3;4;https://www.cian.ru/sale/flat/299847767/
44000000;10;SEAR;96,3;66,5;3;9;2019;0;0;3;4;https://www.cian.ru/sale/flat/299869126/
44000000;10;CAR;102,5;;3;4;1930;0;0;3,4;4;https://www.cian.ru/sale/flat/298004713/
44040000;;WAR;68,8;24,6;13;14;2023;1;0;3;2;https://www.cian.ru/sale/flat/299262055/
44072325;25;SAR;69,1;25,6;9;16;2023;1;0;3,15;2;https://www.cian.ru/sale/flat/293203965/
44096000;19;NEAR;106;79,5;3;32;2023;1;0;3;3;https://www.cian.ru/sale/flat/298603960/
44234611;6;SAR;83,2;38,6;8;15;2023;1;0;3,15;3;https://www.cian.ru/sale/flat/293204083/
44287025;4;NEAR;111;;11;15;2021;1;1;;2;https://www.cian.ru/sale/flat/292035481/
44300000;27;WAR;108,6;65,1;25;28;2022;0;0;;3;https://www.cian.ru/sale/flat/298378425/
44300000;18;WAR;75;50;10;26;;0;0;;3;https://www.cian.ru/sale/flat/299655341/
44424100;10;WAR;87,4;32,9;12;28;2022;1;0;3,12;3;https://www.cian.ru/sale/flat/298334143/
44444000;17;NWAR;65,6;34,1;34;43;2023;1;0;3,15;2;https://www.cian.ru/sale/flat/295745235/
44472124;10;WAR;118,73;71,8;29;29;2023;1;0;3,3;3;https://www.cian.ru/sale/flat/297984122/
44496400;3;CAR;39,8;;65;66;2020;1;1;3,9;1;https://www.cian.ru/sale/flat/300449719/
44500000;10;CAR;69;;43;44;2018;0;0;;2;https://www.cian.ru/sale/flat/267439381/
44500000;7;SWAR;81;56;20;40;2012;0;0;3;3;https://www.cian.ru/sale/flat/299078813/
44500000;10;CAR;56,5;;7;7;1900;0;1;3,7;3;https://www.cian.ru/sale/flat/300005747/
44500000;10;NWAR;106,8;66,3;11;53;2022;0;0;3;4;https://www.cian.ru/sale/flat/287728087/
44568079;25;SAR;67,3;26,4;9;16;2023;1;0;3,15;2;https://www.cian.ru/sale/flat/293204012/
44568912;4;SAR;104,99;67,4;25;26;2023;1;0;2,87;3;https://www.cian.ru/sale/flat/284858743/
44700000;12;NAR;81,9;41,5;6;12;2005;0;0;3;2;https://www.cian.ru/sale/flat/300705607/
44700000;16;NWAR;61,2;;35;37;;0;0;3,1;2;https://www.cian.ru/sale/flat/297210375/
44702800;11;NWAR;98,9;53,4;8;21;2023;1;0;3,1;3;https://www.cian.ru/sale/flat/299168023/
44715100;12;NEAR;90,7;68;3;37;2024;1;0;3;3;https://www.cian.ru/sale/flat/298603447/
44796518;10;NWAR;113;68,1;10;11;2022;1;0;3,02;4;https://www.cian.ru/sale/flat/290752384/
44871473;8;SWAR;71,4;;22;25;2024;1;0;3,17;3;https://www.cian.ru/sale/flat/300451833/
44900000;9;CAR;50;;1;5;2020;0;1;3,4;2;https://www.cian.ru/sale/flat/296575726/
44900000;2;CAR;66,2;;11;21;2023;1;1;3,15;3;https://www.cian.ru/sale/flat/298808405/
44900000;11;NEAR;104;;11;20;2022;0;0;;3;https://www.cian.ru/sale/flat/300882669/
44900000;18;EAR;134,7;77,8;1;6;1951;0;0;3,3;4;https://www.cian.ru/sale/flat/298451321/
44902000;5;WAR;81;54;6;14;;0;0;;3;https://www.cian.ru/sale/flat/298830282/
44990000;16;WAR;86,7;;3;26;2000;0;0;3,1;2;https://www.cian.ru/sale/flat/300814017/
44999000;9;CAR;50;;1;6;2020;1;1;;2;https://www.cian.ru/sale/flat/299046325/
45000000;13;CAR;62;25;33;44;2018;0;0;;2;https://www.cian.ru/sale/flat/300020020/
45000000;9;CAR;50;;1;6;;0;1;3,5;2;https://www.cian.ru/sale/flat/299369805/
45000000;3;CAR;61;;15;78;2020;0;1;3,9;2;https://www.cian.ru/sale/flat/298560309/
45000000;7;NAR;90,6;;4;23;2007;0;0;3;2;https://www.cian.ru/sale/flat/294511036/
45000000;1;CAR;51;;8;21;2016;0;1;;2;https://www.cian.ru/sale/flat/298381402/
45000000;11;NWAR;71;36;8;36;;0;0;;2;https://www.cian.ru/sale/flat/299414368/
45000000;5;WAR;70;;12;13;;0;0;3;2;https://www.cian.ru/sale/flat/299354171/
45000000;13;CAR;45;;3;7;2020;0;1;3;2;https://www.cian.ru/sale/flat/299914914/
45000000;5;CAR;75;55;58;78;2020;0;1;3,9;2;https://www.cian.ru/sale/flat/299778855/
45000000;17;SEAR;95;;7;22;2023;1;0;;3;https://www.cian.ru/sale/flat/298915276/
45000000;7;WAR;70,4;54;4;26;2021;1;0;3,3;3;https://www.cian.ru/sale/flat/290284647/
45000000;12;CAR;107;;5;22;2021;0;0;;3;https://www.cian.ru/sale/flat/294311449/
45000000;7;NAR;68,9;46;6;17;2019;0;1;3,1;3;https://www.cian.ru/sale/flat/300749281/
45000000;8;NWAR;95,9;43;7;29;2008;0;0;3;3;https://www.cian.ru/sale/flat/289914568/
45000000;17;SEAR;95;;7;22;;0;0;;3;https://www.cian.ru/sale/flat/298915380/
45000000;15;NWAR;85,8;;28;37;;0;1;;3;https://www.cian.ru/sale/flat/289857578/
45000000;17;CAR;79;;15;20;;0;0;;3;https://www.cian.ru/sale/flat/293456282/
45000000;9;WAR;101,1;47;6;27;2023;0;0;3,1;3;https://www.cian.ru/sale/flat/286172939/
45000000;16;NWAR;100;75;1;19;;0;0;;3;https://www.cian.ru/sale/flat/300346511/
45000000;19;WAR;114;67,7;21;31;2023;0;0;3;4;https://www.cian.ru/sale/flat/300072056/
45000000;10;NWAR;108,2;;11;58;2021;0;0;3;4;https://www.cian.ru/sale/flat/296325192/
45000000;15;WAR;155,4;110;3;22;2005;0;1;3,3;4;https://www.cian.ru/sale/flat/299738469/
45000000;12;NEAR;126;;22;59;2015;0;0;3,05;4;https://www.cian.ru/sale/flat/292607901/
45000000;10;NWAR;105,6;64;11;53;2022;0;0;3,1;4;https://www.cian.ru/sale/flat/287551063/
45000000;6;WAR;108;;8;27;2022;0;0;6,36;4;https://www.cian.ru/sale/flat/295768868/
45000000;4;WAR;140;63;21;25;2000;0;0;3,2;4;https://www.cian.ru/sale/flat/299152549/
45000000;15;SEAR;111;64;12;28;2021;0;0;3,1;4;https://www.cian.ru/sale/flat/300068008/
45000000;7;WAR;109,1;80;3;5;1936;0;0;;4;https://www.cian.ru/sale/flat/300539752/
45000000;5;WAR;140;122;21;26;2000;0;0;3;4;https://www.cian.ru/sale/flat/288434405/
45140000;15;WAR;68,7;25,1;11;14;2023;1;0;3;2;https://www.cian.ru/sale/flat/296277589/
45188021;12;NWAR;83,6;38,1;16;33;2023;1;0;2,9;4;https://www.cian.ru/sale/flat/297460664/
45190740;5;SWAR;93,1;;30;34;2023;1;0;3;4;https://www.cian.ru/sale/flat/300800772/
45200000;13;SAR;87;49;3;7;2023;0;0;;3;https://www.cian.ru/sale/flat/297841539/
45269400;12;NEAR;108,3;81,2;13;37;2024;1;0;3;4;https://www.cian.ru/sale/flat/298603455/
45278000;5;WAR;72;41;2;14;;0;0;;3;https://www.cian.ru/sale/flat/300192347/
45335090;8;NWAR;114,5;38,5;25;26;2024;1;0;3,02;2;https://www.cian.ru/sale/flat/290752475/
45340500;16;NWAR;90,5;;3;6;2023;1;1;3,24;2;https://www.cian.ru/sale/flat/299370728/
45357109;4;NEAR;79,7;;15;15;2021;1;1;;2;https://www.cian.ru/sale/flat/292035528/
45370600;12;NEAR;90,2;67,7;8;37;2024;1;0;3;3;https://www.cian.ru/sale/flat/270707641/
45384090;24;SAR;97,7;37,3;19;28;2024;1;0;3;3;https://www.cian.ru/sale/flat/299226420/
45412576;24;SAR;95,4;50,8;23;28;2024;1;0;3,1;3;https://www.cian.ru/sale/flat/299226467/
45500000;9;WAR;70;;20;24;2021;0;0;2,95;3;https://www.cian.ru/sale/flat/298223333/
45500000;4;CAR;71;46;3;6;1913;0;0;3;4;https://www.cian.ru/sale/flat/298637776/
45800000;10;WAR;78;32;36;53;;0;0;;2;https://www.cian.ru/sale/flat/297716380/
45800000;15;WAR;78;;36;52;2020;0;0;3;3;https://www.cian.ru/sale/flat/298534728/
45800000;6;SAR;97,1;;2;7;1940;0;0;3;3;https://www.cian.ru/sale/flat/298324265/
45800000;7;NWAR;102,7;70;9;11;2012;0;0;3;4;https://www.cian.ru/sale/flat/300386394/
45812800;19;NEAR;109,6;82,2;4;32;2023;1;0;3;3;https://www.cian.ru/sale/flat/298604099/
45823834;10;WAR;134,39;73,5;29;29;2023;1;0;3,3;4;https://www.cian.ru/sale/flat/299583586/
45830000;15;WAR;68,7;25,1;12;14;2023;1;0;3;2;https://www.cian.ru/sale/flat/296277602/
45849000;19;NEAR;98,6;74;10;32;2023;1;0;3;3;https://www.cian.ru/sale/flat/298603990/
45892379;7;SAR;89,8;39,4;18;22;2023;1;0;3,15;3;https://www.cian.ru/sale/flat/293204381/
45900000;2;CAR;65;42;4;8;1902;0;0;3;2;https://www.cian.ru/sale/flat/296565916/
45900000;15;NAR;120;80;10;34;;0;0;3;3;https://www.cian.ru/sale/flat/292643004/
45900000;6;WAR;81,9;36,6;11;13;2022;0;0;3,12;3;https://www.cian.ru/sale/flat/295093034/
45900000;5;SWAR;132;85;5;14;1988;0;0;2,9;4;https://www.cian.ru/sale/flat/300734410/
45966010;9;WAR;129,76;82,6;29;30;2023;1;0;3,3;4;https://www.cian.ru/sale/flat/297984127/
45976295;4;SAR;95;66,4;4;19;2024;1;0;;4;https://www.cian.ru/sale/flat/258098112/
45983645;17;NWAR;71,9;41,2;33;43;2023;1;0;3,15;3;https://www.cian.ru/sale/flat/294685038/
45990000;17;SWAR;86;46,3;8;15;1957;0;0;3;3;https://www.cian.ru/sale/flat/300074477/
46000000;10;CAR;63;21;5;14;2013;0;0;;1;https://www.cian.ru/sale/flat/266304398/
46000000;15;WAR;46,4;;8;11;2020;0;0;3,3;1;https://www.cian.ru/sale/flat/300549135/
46000000;7;WAR;75;47;9;25;;0;0;;3;https://www.cian.ru/sale/flat/295713890/
46000000;7;NEAR;103;52,1;8;19;2022;1;0;;3;https://www.cian.ru/sale/flat/292607783/
46000000;10;SAR;95,1;55,9;17;18;2007;0;0;2,75;3;https://www.cian.ru/sale/flat/300425115/
46000000;10;NWAR;108,5;64,3;41;53;2022;0;0;3,1;3;https://www.cian.ru/sale/flat/299895032/
46000000;12;SWAR;113,4;76;6;18;2005;0;0;3;3;https://www.cian.ru/sale/flat/269129840/
46000000;12;WAR;147;86;6;15;1994;0;0;3;4;https://www.cian.ru/sale/flat/296309335/
46000000;10;NWAR;108,5;64,3;41;53;2022;0;0;3,1;4;https://www.cian.ru/sale/flat/297047636/
46100000;13;CAR;61,5;36,5;2;8;2021;0;1;;2;https://www.cian.ru/sale/flat/289806244/
46100000;15;NAR;140;;16;30;;0;0;;4;https://www.cian.ru/sale/flat/236086724/
46117927;10;WAR;122,71;80,4;26;29;2023;1;0;3,3;4;https://www.cian.ru/sale/flat/297986183/
46125000;17;NWAR;102,5;;2;5;2023;1;1;;3;https://www.cian.ru/sale/flat/300956037/
46268100;16;NWAR;90,9;;3;6;2023;1;1;3,24;3;https://www.cian.ru/sale/flat/299370736/
46270858;19;SAR;94,3;;4;6;2023;1;0;3,15;3;https://www.cian.ru/sale/flat/300800421/
46280000;8;WAR;75;26,6;10;14;2023;1;0;3;2;https://www.cian.ru/sale/flat/298893326/
46304360;6;WAR;93,2;43,6;2;28;2022;1;0;3,12;4;https://www.cian.ru/sale/flat/298334262/
46426500;4;WAR;162,9;55;10;15;2022;1;1;3;3;https://www.cian.ru/sale/flat/291982902/
46440000;14;NAR;86;47;3;27;2022;0;0;3;3;https://www.cian.ru/sale/flat/300509067/
46490000;13;NAR;75;41;4;41;;0;0;;2;https://www.cian.ru/sale/flat/295896670/
46500000;13;NAR;74,7;;4;37;2021;0;0;;2;https://www.cian.ru/sale/flat/300670564/
46500000;7;CAR;44,27;;3;5;2021;0;1;3;2;https://www.cian.ru/sale/flat/289462347/
46500000;7;CAR;44,27;;3;5;;0;1;;2;https://www.cian.ru/sale/flat/297422422/
46500000;6;CAR;44;;3;5;2021;0;1;3,4;2;https://www.cian.ru/sale/flat/294650795/
46500000;11;NWAR;70;35;3;24;;0;0;;2;https://www.cian.ru/sale/flat/300610100/
46500000;15;CAR;86;65;4;11;1956;0;0;;3;https://www.cian.ru/sale/flat/300539706/
46500000;5;NWAR;142,6;70;18;25;2007;0;0;3;3;https://www.cian.ru/sale/flat/300872415/
46500000;9;CAR;121;62;2;13;1980;0;0;2,6;3;https://www.cian.ru/sale/flat/293938241/
46500000;;NWAR;96;;2;46;2020;0;0;3,2;3;https://www.cian.ru/sale/flat/299011495/
46500000;8;SWAR;95,6;68,5;3;8;1954;0;0;3,1;4;https://www.cian.ru/sale/flat/291924489/
46510000;;CAR;111,95;47,1;4;35;2023;1;0;3,1;3;https://www.cian.ru/sale/flat/293376079/
46545000;19;NEAR;107;80,3;2;32;2023;1;0;3;3;https://www.cian.ru/sale/flat/270707517/
46551206;7;SAR;93,9;43,8;14;22;2023;1;0;3,15;3;https://www.cian.ru/sale/flat/293204378/
46731480;4;SAR;97,8;61,4;3;19;2024;1;0;;4;https://www.cian.ru/sale/flat/258097986/
46750000;10;WAR;104;52;6;15;2023;0;0;3,1;3;https://www.cian.ru/sale/flat/299769502/
46750090;5;NWAR;110,9;51,9;20;20;2023;1;0;2,85;4;https://www.cian.ru/sale/flat/295023244/
46855074;18;SWAR;74,2;;23;32;2021;1;0;3,1;2;https://www.cian.ru/sale/flat/296009970/
46855074;13;SWAR;74,2;35,1;23;32;2021;1;0;3,1;2;https://www.cian.ru/sale/flat/294207287/
46860800;19;NEAR;104,6;78,5;2;32;2023;1;0;3;3;https://www.cian.ru/sale/flat/275155902/
46892000;12;NEAR;128;;49;59;2015;0;0;3,05;3;https://www.cian.ru/sale/flat/289413929/
46897080;24;SAR;95,4;50,8;25;28;2024;1;0;3,1;3;https://www.cian.ru/sale/flat/299226471/
46898000;5;WAR;73;44;11;14;;0;0;;3;https://www.cian.ru/sale/flat/296263456/
46899000;5;WAR;72,9;;11;12;;0;0;;3;https://www.cian.ru/sale/flat/300650911/
46899000;5;WAR;73;51;3;12;;0;0;;3;https://www.cian.ru/sale/flat/299059642/
46900000;5;;98,6;;7;12;;0;1;4,5;2;https://www.cian.ru/sale/flat/293381153/
46900000;5;;98,6;;7;10;2020;0;1;3,1;2;https://www.cian.ru/sale/flat/288718489/
46900000;5;WAR;72,9;;11;14;;0;0;3,4;3;https://www.cian.ru/sale/flat/295336586/
46900000;7;NAR;77,9;45;14;28;2021;0;0;3,1;3;https://www.cian.ru/sale/flat/300792895/
46912824;8;SWAR;85,2;;5;25;2024;1;0;3,17;3;https://www.cian.ru/sale/flat/294550053/
46930475;12;NWAR;66,98;33,2;13;32;2023;1;0;3;2;https://www.cian.ru/sale/flat/300011576/
46939600;12;NEAR;95,6;71,7;33;37;2024;1;0;3;3;https://www.cian.ru/sale/flat/272494182/
46966924;5;WAR;83,89;;44;57;2024;1;0;2,9;2;https://www.cian.ru/sale/flat/290418618/
46968827;10;WAR;80,5;33,3;12;28;2022;1;0;3,12;3;https://www.cian.ru/sale/flat/298334147/
46971708;10;NWAR;99,9;60,5;26;26;2022;1;0;3,02;3;https://www.cian.ru/sale/flat/290753555/
46990000;5;CAR;85,87;;36;51;2022;0;0;3,1;3;https://www.cian.ru/sale/flat/296462468/
46990000;13;WAR;100;62,5;5;11;;0;0;;3;https://www.cian.ru/sale/flat/294206691/
47000000;11;SWAR;95;47;11;24;2018;0;0;3,08;2;https://www.cian.ru/sale/flat/297552348/
47000000;15;WAR;47;;8;11;2020;0;0;3,3;2;https://www.cian.ru/sale/flat/300299710/
47000000;18;NWAR;72,2;;19;44;2023;1;0;;3;https://www.cian.ru/sale/flat/298578210/
47000000;14;SAR;79,5;56,5;4;5;1957;0;0;2,8;3;https://www.cian.ru/sale/flat/298604697/
47000000;4;NEAR;128;;14;58;2014;0;0;;3;https://www.cian.ru/sale/flat/246930837/
47000000;6;WAR;101,5;80;2;7;2006;0;0;3,1;3;https://www.cian.ru/sale/flat/300922355/
47000000;8;CAR;83,6;;7;15;1997;0;0;2,75;3;https://www.cian.ru/sale/flat/299564852/
47000000;2;EAR;115;64;10;10;2003;0;0;3,5;4;https://www.cian.ru/sale/flat/300138207/
47000000;11;SEAR;120;70;7;13;;0;0;3,2;4;https://www.cian.ru/sale/flat/296078113/
47000000;5;WAR;144;;19;27;2004;0;0;3;4;https://www.cian.ru/sale/flat/300612059/
47021400;19;NEAR;103,8;77,9;11;32;2023;1;0;3;3;https://www.cian.ru/sale/flat/270707497/
47034078;24;SAR;97,2;42,7;22;28;2024;1;0;3;3;https://www.cian.ru/sale/flat/299226413/
47041200;8;CAR;71,6;66,6;35;51;2023;1;0;3;2;https://www.cian.ru/sale/flat/300331468/
47080000;17;NWAR;85,6;;5;5;2023;1;1;;3;https://www.cian.ru/sale/flat/300956047/
47200000;14;WAR;95;50;8;16;2018;0;1;3;3;https://www.cian.ru/sale/flat/299859415/
47253007;24;SAR;96,5;40,4;26;28;2024;1;0;3,1;3;https://www.cian.ru/sale/flat/299226478/
47337000;10;NEAR;93;69,8;11;34;2022;1;0;3,1;3;https://www.cian.ru/sale/flat/298604128/
47412705;2025;NWAR;83,1;50,3;20;29;2023;1;0;3,15;3;https://www.cian.ru/sale/flat/295745237/
47450000;13;NAR;60;;2;37;2021;0;0;;2;https://www.cian.ru/sale/flat/299414804/
47500000;;CAR;70,8;35,2;3;5;;0;0;3;2;https://www.cian.ru/sale/flat/299948643/
47500000;6;CAR;52;29,7;2;6;1978;0;0;;2;https://www.cian.ru/sale/flat/300731423/
47500000;13;NWAR;103;60;9;36;2020;0;0;3,2;3;https://www.cian.ru/sale/flat/300952530/
47500000;5;WAR;75;41,6;4;14;;0;0;3,2;3;https://www.cian.ru/sale/flat/300422156/
47500000;6;SAR;127,2;87,9;2;16;2023;0;0;;4;https://www.cian.ru/sale/flat/300295612/
47550000;8;WAR;75;26,6;13;14;2023;1;0;3;2;https://www.cian.ru/sale/flat/296277850/
47660280;5;SWAR;102,1;;19;34;2023;1;0;3;4;https://www.cian.ru/sale/flat/301047102/
47676600;13;SWAR;121,5;52,3;3;32;2021;1;0;3,1;3;https://www.cian.ru/sale/flat/264100277/
47692700;5;SWAR;95,5;;22;34;2023;1;0;3;3;https://www.cian.ru/sale/flat/300761729/
47697617;10;WAR;125,18;82,2;29;29;2023;1;0;3,3;4;https://www.cian.ru/sale/flat/297986192/
47701200;10;NEAR;93,9;70,4;11;34;2022;1;0;3,1;3;https://www.cian.ru/sale/flat/298604132/
47708400;10;NEAR;95,8;71,9;11;34;2022;1;0;3,1;3;https://www.cian.ru/sale/flat/298604122/
47710052;5;SAR;109,07;66,8;26;27;2023;1;0;2,87;3;https://www.cian.ru/sale/flat/292263382/
47800000;;WAR;73;57;9;14;;0;0;3,4;3;https://www.cian.ru/sale/flat/294997017/
47809400;7;NWAR;91,6;49,2;2;15;2023;1;0;3,23;3;https://www.cian.ru/sale/flat/299578036/
47884780;24;SAR;94,2;45,4;16;16;2023;1;0;3,15;3;https://www.cian.ru/sale/flat/293204024/
47925000;13;SWAR;125;54,2;2;32;2021;1;0;3,1;3;https://www.cian.ru/sale/flat/290914438/
47950000;11;NEAR;108;;13;20;2022;0;0;;3;https://www.cian.ru/sale/flat/298515260/
47992104;19;;99,5;;2;6;2023;1;0;3,15;3;https://www.cian.ru/sale/flat/300712712/
47999990;4;WAR;76,4;;27;34;2022;0;0;3,1;3;https://www.cian.ru/sale/flat/299173427/
48000000;17;WAR;64,4;19,3;10;34;2024;1;1;;2;https://www.cian.ru/sale/flat/299405481/
48000000;17;WAR;64,4;41,7;10;34;2023;0;1;3,2;2;https://www.cian.ru/sale/flat/299341036/
48000000;3;WAR;65;;7;14;1955;0;0;3,2;2;https://www.cian.ru/sale/flat/298754084/
48000000;16;NWAR;73,4;;8;19;;0;0;;2;https://www.cian.ru/sale/flat/300439382/
48000000;8;CAR;65;;7;14;1939;0;0;3,2;2;https://www.cian.ru/sale/flat/294645886/
48000000;18;WAR;80;42;19;28;2011;0;0;3;2;https://www.cian.ru/sale/flat/300305064/
48000000;3;WAR;67;50;7;14;1955;0;0;;2;https://www.cian.ru/sale/flat/300539733/
48000000;8;EAR;110;59,1;13;22;;0;0;;3;https://www.cian.ru/sale/flat/299138596/
48000000;11;NWAR;82;;7;38;2015;0;0;3,13;3;https://www.cian.ru/sale/flat/295969470/
48000000;10;NWAR;103,4;53,3;4;14;2023;1;0;;4;https://www.cian.ru/sale/flat/295967581/
48000000;5;WAR;220;113;4;25;2000;0;0;3;4;https://www.cian.ru/sale/flat/299540611/
48000000;11;CAR;76;;4;5;1926;0;0;3,2;4;https://www.cian.ru/sale/flat/299525140/
48000000;3;WAR;125;84;2;28;2021;0;0;3;4;https://www.cian.ru/sale/flat/298434619/
48014477;19;SAR;105;63;6;11;2024;1;0;2,97;3;https://www.cian.ru/sale/flat/288141395/
48042000;12;SWAR;141,3;82,8;29;31;;0;0;3,1;4;https://www.cian.ru/sale/flat/299093729/
48060207;5;SAR;110,5;;3;24;2023;1;0;3,15;3;https://www.cian.ru/sale/flat/300783116/
48066147;7;SAR;86,5;39,2;19;22;2023;1;0;3,15;3;https://www.cian.ru/sale/flat/293204417/
48168000;19;NEAR;111,5;83,6;11;32;2023;1;0;3;3;https://www.cian.ru/sale/flat/275156027/
48170405;7;SAR;93,1;44,8;29;40;2023;1;0;3,15;3;https://www.cian.ru/sale/flat/293203870/
48186080;19;SEAR;90,4;33,2;12;13;2023;1;0;3;3;https://www.cian.ru/sale/flat/300127746/
48217808;6;SAR;86,1;47,5;15;15;2023;1;0;3,15;3;https://www.cian.ru/sale/flat/293204095/
48223003;10;WAR;103;53,9;2;28;2022;1;0;3,12;4;https://www.cian.ru/sale/flat/298334117/
48276199;4;;101,1;;2;6;2023;1;0;3,15;3;https://www.cian.ru/sale/flat/300712720/
48374600;;CAR;99,78;29,8;36;51;2019;1;0;3,1;2;https://www.cian.ru/sale/flat/293376108/
48424200;8;SWAR;87;;19;25;2024;1;0;3,17;3;https://www.cian.ru/sale/flat/296330621/
48446580;19;SEAR;84,6;42,4;13;14;2023;1;0;3;3;https://www.cian.ru/sale/flat/300165816/
48500000;6;CAR;53,5;;51;78;2020;0;1;3,9;2;https://www.cian.ru/sale/flat/300606832/
48500000;5;NWAR;83,5;50;23;43;2023;0;0;3,1;3;https://www.cian.ru/sale/flat/300059837/
48500000;17;CAR;90,8;54,1;13;23;2008;0;0;3,1;3;https://www.cian.ru/sale/flat/300818689/
48500000;5;CAR;81;49,4;1;5;1905;0;0;3,5;4;https://www.cian.ru/sale/flat/299118069/
48549600;13;SWAR;122,6;36,2;5;32;2021;1;0;3,1;3;https://www.cian.ru/sale/flat/264100295/
48553400;19;NEAR;110,6;83;9;32;2023;1;0;3;3;https://www.cian.ru/sale/flat/275155915/
48600000;;SAR;96,5;43;34;48;2023;0;0;3,3;3;https://www.cian.ru/sale/flat/290020370/
48657600;11;SWAR;98,1;;24;34;2023;1;0;3;4;https://www.cian.ru/sale/flat/300800760/
48680580;5;SWAR;89,8;;31;34;2023;1;0;3;3;https://www.cian.ru/sale/flat/300783442/
48700000;3;WAR;81,6;;23;39;2022;0;0;3,1;3;https://www.cian.ru/sale/flat/300759720/
48726508;9;WAR;100,2;54,2;7;15;2022;1;0;3,12;4;https://www.cian.ru/sale/flat/298334395/
48728325;16;NWAR;91,5;53,6;15;23;2023;1;0;3,15;3;https://www.cian.ru/sale/flat/289786031/
48740000;8;WAR;77,6;;13;14;2023;1;0;3;2;https://www.cian.ru/sale/flat/296277857/
48759256;6;WAR;83,8;34,1;25;28;2022;1;0;3,12;3;https://www.cian.ru/sale/flat/298334250/
48800000;13;NAR;72;42;16;40;2021;0;0;3,1;2;https://www.cian.ru/sale/flat/300445049/
48800000;6;CAR;118;40;7;14;2022;0;1;3,4;3;https://www.cian.ru/sale/flat/299795305/
48800000;1;NAR;67;47;8;15;;0;1;;3;https://www.cian.ru/sale/flat/297129399/
48918870;27;NEAR;126,7;70,4;4;22;2023;1;0;2,83;4;https://www.cian.ru/sale/flat/300918253/
48984168;17;NWAR;76,6;42,6;2;43;2023;1;0;3,15;3;https://www.cian.ru/sale/flat/292613228/
48986250;18;WAR;87,5;25,3;36;36;2024;1;0;3,2;3;https://www.cian.ru/sale/flat/299121972/
49000000;8;WAR;77,4;27,4;12;14;2023;1;0;3;2;https://www.cian.ru/sale/flat/298893334/
49000000;2;CAR;52,7;;5;8;2022;0;1;3;2;https://www.cian.ru/sale/flat/296060032/
49000000;19;WAR;123,3;;11;24;2009;0;0;3;2;https://www.cian.ru/sale/flat/299061784/
49000000;2;CAR;52,7;;5;8;2022;0;1;3;2;https://www.cian.ru/sale/flat/296060032/
49000000;6;CAR;80;49,2;5;5;1891;0;0;;3;https://www.cian.ru/sale/flat/300539729/
49000000;6;WAR;96,9;;8;8;1945;0;0;3,2;3;https://www.cian.ru/sale/flat/299374465/
49000000;12;SWAR;113,6;72,3;19;28;2009;0;0;3;3;https://www.cian.ru/sale/flat/299531732/
49000000;18;WAR;102;;16;22;2020;0;0;3;4;https://www.cian.ru/sale/flat/299654107/
49000000;15;NAR;150;80;3;32;2008;0;0;3,1;4;https://www.cian.ru/sale/flat/300371954/
49000000;11;SWAR;91;64,1;4;8;1956;0;0;3;4;https://www.cian.ru/sale/flat/300342326/
49000000;8;EAR;129,11;72,7;2;22;2009;0;0;3;4;https://www.cian.ru/sale/flat/289686269/
49064750;8;SWAR;87,5;;20;25;2024;1;0;3,17;3;https://www.cian.ru/sale/flat/300451831/
49100000;15;CAR;55,7;;4;21;2017;0;0;3,2;2;https://www.cian.ru/sale/flat/298977332/
49190080;19;SEAR;85,6;29,2;13;13;2023;1;0;3;3;https://www.cian.ru/sale/flat/300127745/
49222656;27;SAR;106,6;74,9;5;15;2023;1;0;3,15;3;https://www.cian.ru/sale/flat/293637037/
49263500;8;WAR;75,79;;6;11;2024;1;0;3;3;https://www.cian.ru/sale/flat/286545629/
49490000;6;WAR;106,9;51,6;6;13;2022;0;0;3,1;4;https://www.cian.ru/sale/flat/289558809/
49500000;3;NEAR;80;;50;55;2024;1;0;;3;https://www.cian.ru/sale/flat/292941932/
49500000;14;NWAR;98,2;58,2;18;19;;0;0;3,2;3;https://www.cian.ru/sale/flat/296064943/
49500000;18;WAR;103,1;;12;28;2011;0;0;3;3;https://www.cian.ru/sale/flat/299059095/
49500000;12;NWAR;86,5;64;21;36;;0;1;;3;https://www.cian.ru/sale/flat/299611000/
49500000;5;CAR;87,1;;2;4;1932;0;0;;3;https://www.cian.ru/sale/flat/300016466/
49656907;4;NEAR;123,4;;11;15;2021;1;1;;3;https://www.cian.ru/sale/flat/294702843/
49700000;13;SAR;130;80;28;33;;0;0;;4;https://www.cian.ru/sale/flat/296564081/
49760000;27;WAR;91,8;40,9;7;14;2023;1;0;3;3;https://www.cian.ru/sale/flat/299262107/
49798312;2;SWAR;96,4;;21;25;2024;1;0;3,65;3;https://www.cian.ru/sale/flat/296747293/
49800000;13;SWAR;123,9;79;16;32;2019;0;0;3,2;3;https://www.cian.ru/sale/flat/300466773/
49800000;2;NAR;67,8;36;10;16;2023;0;1;3,1;3;https://www.cian.ru/sale/flat/297999736/
49800000;17;WAR;90;60;7;17;2021;0;0;3;4;https://www.cian.ru/sale/flat/299957020/
49812523;6;WAR;107;54,8;5;28;2022;1;0;3,12;4;https://www.cian.ru/sale/flat/298334313/
49856500;;CAR;113,69;53,9;8;14;2019;1;0;3,1;4;https://www.cian.ru/sale/flat/293376105/
49875587;12;CAR;65,2;38,6;5;9;2021;1;1;3,6;1;https://www.cian.ru/sale/flat/298329518/
49881989;4;CAR;83,9;53,3;3;22;2022;1;0;3,25;3;https://www.cian.ru/sale/flat/298576221/
49900000;8;NAR;65;30;8;24;2022;0;0;3;3;https://www.cian.ru/sale/flat/300214839/
49900000;8;NAR;65;;8;24;2022;0;0;3,1;3;https://www.cian.ru/sale/flat/299169888/
49900000;8;NAR;65;;8;21;;0;0;;3;https://www.cian.ru/sale/flat/300509461/
49900000;10;NWAR;82,3;;20;57;2022;0;0;3,1;3;https://www.cian.ru/sale/flat/300776748/
49900000;7;SEAR;113;89;7;30;2012;0;0;3;4;https://www.cian.ru/sale/flat/298340818/
49900000;14;NAR;126;74;6;34;;0;0;3;4;https://www.cian.ru/sale/flat/292912365/
49900000;17;NWAR;123;;6;31;2019;0;0;3,1;4;https://www.cian.ru/sale/flat/291209565/
49900000;14;SAR;102,5;;10;18;;0;0;;4;https://www.cian.ru/sale/flat/298558458/
49932900;12;NWAR;98,1;56;18;21;2023;1;0;3,1;3;https://www.cian.ru/sale/flat/299168046/
49950000;5;WAR;236;;2;25;2000;0;0;3;3;https://www.cian.ru/sale/flat/298804262/
49950000;5;WAR;236;;2;26;2001;0;0;;4;https://www.cian.ru/sale/flat/251638114/
49990000;3;CAR;55;30;6;6;2014;0;1;4;1;https://www.cian.ru/sale/flat/297235603/
50000000;11;CAR;77;56;2;3;1895;0;0;3,8;2;https://www.cian.ru/sale/flat/300812063/
50000000;3;CAR;105;;15;85;2016;0;1;3;2;https://www.cian.ru/sale/flat/300301168/
50000000;8;;48;;2;6;1977;0;0;2,7;2;https://www.cian.ru/sale/flat/295356616/
50000000;13;WAR;98;68;7;41;2024;1;0;;3;https://www.cian.ru/sale/flat/293779870/
50000000;5;WAR;70,2;;10;14;2023;0;0;3,13;3;https://www.cian.ru/sale/flat/294265604/
50000000;5;NWAR;83,5;48,7;28;44;2023;0;0;;3;https://www.cian.ru/sale/flat/298834128/
50000000;3;CAR;81;;8;8;1910;0;0;3,4;3;https://www.cian.ru/sale/flat/300006012/
50000000;3;CAR;81;66;8;8;;0;0;;3;https://www.cian.ru/sale/flat/300539749/
50000000;9;WAR;112;72;9;22;;0;0;;3;https://www.cian.ru/sale/flat/299024391/
50000000;9;WAR;86;;15;23;2015;0;0;3;3;https://www.cian.ru/sale/flat/299328640/
50000000;12;NAR;115;;8;23;2008;0;0;3;3;https://www.cian.ru/sale/flat/296811013/
50000000;10;SWAR;162;87;6;15;1996;0;0;;4;https://www.cian.ru/sale/flat/168785643/
50000000;20;SAR;97;;34;46;2023;0;0;3;4;https://www.cian.ru/sale/flat/300989897/
50000000;8;WAR;109,2;62;32;39;;0;0;3,1;4;https://www.cian.ru/sale/flat/300664215/
50000000;20;SAR;110;43,6;37;46;2023;0;0;3,2;4;https://www.cian.ru/sale/flat/300368969/
50000000;12;NWAR;93;60;16;19;2018;0;0;3,1;4;https://www.cian.ru/sale/flat/298549610/
50100000;12;CAR;59,9;;6;9;2021;1;1;;1;https://www.cian.ru/sale/flat/291744422/
50142000;;CAR;107,37;46,9;17;18;2023;1;0;3,1;3;https://www.cian.ru/sale/flat/293376073/
50157494;22;SAR;95,33;46,1;14;26;2023;1;0;3;3;https://www.cian.ru/sale/flat/288867475/
50211907;12;CAR;62,4;38,9;5;9;2021;1;1;3,6;1;https://www.cian.ru/sale/flat/298329516/
50230694;11;NEAR;106,1;;22;22;2024;1;0;3;3;https://www.cian.ru/sale/flat/299765618/
50240000;27;WAR;91,5;46,1;6;13;2023;1;0;3,13;3;https://www.cian.ru/sale/flat/296278120/
50266949;11;NEAR;104,6;;21;22;2024;1;0;3;3;https://www.cian.ru/sale/flat/300611005/
50284439;6;WAR;106,3;59,3;6;28;2022;1;0;3,12;4;https://www.cian.ru/sale/flat/298334233/
50359257;27;SAR;109,9;80;5;15;2023;1;0;3,15;3;https://www.cian.ru/sale/flat/293736507/
50372662;9;CAR;138,8;;2;30;2020;1;0;3,2;4;https://www.cian.ru/sale/flat/300285570/
50380000;;CAR;100;48,9;30;51;2023;1;0;3,1;4;https://www.cian.ru/sale/flat/293376098/
50400000;3;CAR;72;;47;78;2019;0;1;3,9;2;https://www.cian.ru/sale/flat/296593210/
50407380;9;EAR;96,9;76,6;4;16;2021;0;0;;4;https://www.cian.ru/sale/flat/296471511/
50418495;4;CAR;85,5;52,5;5;22;2022;1;0;3,25;3;https://www.cian.ru/sale/flat/298576223/
50480000;;WAR;70,3;25,2;12;14;2023;1;0;3;2;https://www.cian.ru/sale/flat/299262044/
50499999;5;WAR;95,7;;8;14;;0;0;;4;https://www.cian.ru/sale/flat/300509153/
50500000;10;NWAR;96,5;58,8;26;58;2022;0;0;3;4;https://www.cian.ru/sale/flat/300568709/
50600000;10;WAR;103;;3;25;2005;0;0;3;3;https://www.cian.ru/sale/flat/296703405/
50784952;22;SAR;82,27;32,1;15;16;2023;1;0;3;2;https://www.cian.ru/sale/flat/290542282/
50806724;14;CAR;49,2;30,5;2;9;2021;1;0;3,6;1;https://www.cian.ru/sale/flat/298329420/
50820000;28;WAR;72,9;27,9;12;13;2023;1;0;3,58;2;https://www.cian.ru/sale/flat/296277900/
50864200;;CAR;113,89;59,3;12;35;2023;1;0;3,1;3;https://www.cian.ru/sale/flat/293376081/
50894634;6;CAR;60,4;;2;7;1914;0;0;3;2;https://www.cian.ru/sale/flat/277370296/
50900000;10;NWAR;121;90;2;6;;0;0;;3;https://www.cian.ru/sale/flat/296403911/
50908916;7;SAR;85,3;44,7;24;40;2023;1;0;3,15;3;https://www.cian.ru/sale/flat/293203944/
50936201;10;WAR;100,3;50,9;14;28;2022;1;0;3,12;4;https://www.cian.ru/sale/flat/298334109/
50962200;21;SWAR;94,2;;28;42;2023;1;0;3;4;https://www.cian.ru/sale/flat/300800475/
51000000;17;WAR;51,3;;11;34;2024;1;1;;2;https://www.cian.ru/sale/flat/299744201/
51000000;5;NAR;70,1;;23;24;2023;0;0;3;2;https://www.cian.ru/sale/flat/300512095/
51000000;3;CAR;105,3;58,7;4;5;;0;0;;2;https://www.cian.ru/sale/flat/298908021/
51000000;8;NAR;83;64;3;36;2021;0;0;3,2;3;https://www.cian.ru/sale/flat/295139426/
51000000;8;WAR;84,8;44;16;39;2022;0;0;;3;https://www.cian.ru/sale/flat/300843917/
51000000;15;SAR;100;;5;9;1940;0;0;3;3;https://www.cian.ru/sale/flat/300006000/
51000000;10;CAR;75,6;43,8;7;9;1946;0;0;3,2;3;https://www.cian.ru/sale/flat/297675648/
51000000;17;NWAR;128;90;25;31;2019;0;0;3,1;3;https://www.cian.ru/sale/flat/299893202/
51000000;5;NAR;70;31;23;24;2023;0;0;3;3;https://www.cian.ru/sale/flat/300436382/
51000000;7;SAR;100,8;60;9;22;2023;1;0;;4;https://www.cian.ru/sale/flat/291917483/
51000000;4;WAR;84,8;52;16;39;2022;0;0;2,9;4;https://www.cian.ru/sale/flat/299738263/
51000000;28;WAR;91,5;;10;14;;0;0;;4;https://www.cian.ru/sale/flat/300509151/
51000000;13;NAR;100,6;;5;8;1940;0;0;3,2;4;https://www.cian.ru/sale/flat/299658488/
51061106;10;WAR;96,9;52,1;14;28;2022;1;0;3,12;4;https://www.cian.ru/sale/flat/298334037/
51076223;24;SAR;101,47;54,2;5;12;2023;1;0;3;3;https://www.cian.ru/sale/flat/299911117/
51076299;27;SAR;107,9;62,6;11;15;2023;1;0;3,15;3;https://www.cian.ru/sale/flat/300444159/
51100000;3;CAR;73;;37;78;2019;0;1;3,9;2;https://www.cian.ru/sale/flat/296702605/
51132480;13;SWAR;108,7;55,4;27;32;2021;1;0;3,1;3;https://www.cian.ru/sale/flat/264144805/
51140277;7;SAR;85,2;44,7;28;40;2023;1;0;3,15;3;https://www.cian.ru/sale/flat/297678055/
51142400;7;NWAR;77,9;30,4;14;15;2023;1;0;3,23;2;https://www.cian.ru/sale/flat/295343738/
51165641;9;WAR;103,2;53,8;15;15;2022;1;0;3,4;4;https://www.cian.ru/sale/flat/298334403/
51180000;;WAR;70,2;25,2;13;14;2023;1;0;3;2;https://www.cian.ru/sale/flat/299262043/
51216400;;CAR;117,24;55,7;12;35;2023;1;0;3,1;4;https://www.cian.ru/sale/flat/293376084/
51300000;14;NWAR;124,4;77,6;5;7;;0;0;3;4;https://www.cian.ru/sale/flat/293739181/
51420600;13;SWAR;117,6;58,9;27;32;2021;1;0;3,1;3;https://www.cian.ru/sale/flat/264100213/
51480000;6;CAR;114,4;;3;18;2017;0;1;3;3;https://www.cian.ru/sale/flat/297045342/
51500000;13;CAR;69,4;;39;44;2018;0;1;3;2;https://www.cian.ru/sale/flat/300768152/
51500000;;NAR;78;;4;15;2018;0;1;3;2;https://www.cian.ru/sale/flat/293548696/
51500000;14;WAR;96;;3;16;2018;0;1;3;3;https://www.cian.ru/sale/flat/300396734/
51500000;1;NAR;125;;16;18;2002;0;0;;3;https://www.cian.ru/sale/flat/297173722/
51500000;15;SAR;102,3;59;4;21;2023;0;0;3;4;https://www.cian.ru/sale/flat/295805048/
51504000;14;SWAR;139,2;;19;23;2022;1;0;;4;https://www.cian.ru/sale/flat/283750191/
51584345;6;WAR;105,9;58;7;28;2022;1;0;3,12;4;https://www.cian.ru/sale/flat/298334342/
51624000;11;NWAR;95,6;;9;21;2022;1;1;3;3;https://www.cian.ru/sale/flat/299220701/
51642900;18;SWAR;83,7;;25;32;2021;1;0;3,1;3;https://www.cian.ru/sale/flat/292522995/
51734400;17;NWAR;80;42,6;6;43;2023;1;0;3,15;3;https://www.cian.ru/sale/flat/292613234/
51900000;6;CAR;60,9;;4;13;;0;1;;1;https://www.cian.ru/sale/flat/291376553/
51980000;28;WAR;92;40,9;10;14;2023;1;0;3;3;https://www.cian.ru/sale/flat/296277975/
51983138;24;SAR;93,2;45,2;16;16;2023;1;0;3,15;3;https://www.cian.ru/sale/flat/293204020/
51990000;11;EAR;176;130;7;19;2003;0;0;2,7;4;https://www.cian.ru/sale/flat/290247663/
52000000;20;CAR;85;;6;22;2004;0;0;;2;https://www.cian.ru/sale/flat/294267190/
52000000;5;CAR;60;47;45;78;2020;0;1;3,5;2;https://www.cian.ru/sale/flat/299990588/
52000000;9;CAR;50,75;;3;21;2023;0;0;;2;https://www.cian.ru/sale/flat/299812154/
52000000;13;NAR;69,3;;3;5;2021;0;0;;2;https://www.cian.ru/sale/flat/300861926/
52000000;19;CAR;85;50;6;22;;0;0;;2;https://www.cian.ru/sale/flat/293949943/
52000000;9;CAR;51;;3;20;;0;0;3,1;2;https://www.cian.ru/sale/flat/300661218/
52000000;7;CAR;53,35;;4;21;;0;0;;2;https://www.cian.ru/sale/flat/300571814/
52000000;5;WAR;69,23;;3;13;;0;0;3;2;https://www.cian.ru/sale/flat/297131630/
52000000;9;CAR;51;;3;21;2022;0;0;3;2;https://www.cian.ru/sale/flat/300822469/
52000000;9;CAR;51;;3;21;;0;0;;2;https://www.cian.ru/sale/flat/297459147/
52000000;7;CAR;51;;3;21;;0;0;;2;https://www.cian.ru/sale/flat/300650875/
52000000;9;CAR;50,8;15,3;3;21;;0;0;3;1;https://www.cian.ru/sale/flat/299054058/
52000000;8;CAR;41;27;12;21;2021;0;0;3,2;1;https://www.cian.ru/sale/flat/300369462/
52000000;11;NEAR;103;52;3;20;2022;0;0;;3;https://www.cian.ru/sale/flat/300571581/
52000000;2;SAR;92;54;9;12;;0;0;2,8;3;https://www.cian.ru/sale/flat/300464111/
52000000;5;NWAR;83,5;48,7;25;44;;0;0;;3;https://www.cian.ru/sale/flat/298973379/
52000000;11;NAR;70,6;46;9;36;2021;0;0;;3;https://www.cian.ru/sale/flat/300861931/
52000000;8;CAR;100;60;5;10;1930;0;0;3,2;3;https://www.cian.ru/sale/flat/300852360/
52000000;3;CAR;106,9;;9;85;2016;0;1;3;3;https://www.cian.ru/sale/flat/298475730/
52000000;5;CAR;62,5;;3;10;2000;0;0;;3;https://www.cian.ru/sale/flat/300727469/
52000000;9;WAR;139;93;3;22;2006;0;0;3,1;4;https://www.cian.ru/sale/flat/300991643/
52000000;9;CAR;101;73;3;9;1937;0;0;;4;https://www.cian.ru/sale/flat/300539859/
52000000;8;WAR;105,6;58;12;28;;0;0;;4;https://www.cian.ru/sale/flat/299601548/
52000000;4;NEAR;160;90;3;4;2015;0;0;3,3;4;https://www.cian.ru/sale/flat/297135718/
52000000;15;NAR;117;85;9;34;;0;0;;4;https://www.cian.ru/sale/flat/300146140/
52025537;6;WAR;96,8;47,3;17;28;2022;1;0;3,12;4;https://www.cian.ru/sale/flat/298334292/
52040000;27;WAR;92,1;30,3;11;13;2023;1;0;3,13;2;https://www.cian.ru/sale/flat/296278125/
52147800;5;WAR;89,91;;22;57;2024;1;0;2,9;3;https://www.cian.ru/sale/flat/295072442/
52251760;7;NWAR;76,4;29,6;14;15;2023;1;0;3,23;2;https://www.cian.ru/sale/flat/299578034/
52260000;27;WAR;91,2;46,1;8;13;2023;1;0;3,13;3;https://www.cian.ru/sale/flat/296278119/
52294482;13;SWAR;127,8;75,3;2;32;2021;1;0;3,1;3;https://www.cian.ru/sale/flat/276222596/
52308436;19;SAR;98,7;;4;6;2023;1;0;3,15;3;https://www.cian.ru/sale/flat/300761673/
52500000;17;WAR;64;32;15;32;2023;0;1;3;2;https://www.cian.ru/sale/flat/300555057/
52598808;5;SWAR;124,4;;21;25;2024;1;0;3,17;4;https://www.cian.ru/sale/flat/294550010/
52600000;4;SAR;65,8;;4;19;2018;0;0;3,1;2;https://www.cian.ru/sale/flat/295807939/
52648461;22;SAR;97,43;52,5;14;14;2023;1;0;3;3;https://www.cian.ru/sale/flat/284859237/
52679547;5;NWAR;111,6;51,9;11;20;2023;1;0;2,85;4;https://www.cian.ru/sale/flat/299067135/
52708069;25;SAR;101,8;60,8;3;16;2023;1;0;3,15;4;https://www.cian.ru/sale/flat/293204000/
52800000;11;CAR;143;;11;30;2022;0;0;3;4;https://www.cian.ru/sale/flat/299673926/
52900000;14;NWAR;80;42;10;24;;0;0;3;3;https://www.cian.ru/sale/flat/294159233/
52900000;7;SWAR;121,9;;33;34;;0;0;3,55;4;https://www.cian.ru/sale/flat/299382102/
52971000;5;WAR;100;;2;14;;0;0;;4;https://www.cian.ru/sale/flat/300509161/
52990000;13;NAR;83,67;65,4;5;12;2023;0;0;;3;https://www.cian.ru/sale/flat/299606888/
52990000;13;NAR;85,7;39;5;12;2023;0;0;3,2;3;https://www.cian.ru/sale/flat/299603765/
53000000;27;WAR;92;30,3;12;13;2023;1;0;3,13;2;https://www.cian.ru/sale/flat/296278123/
53000000;7;CAR;55,1;;7;9;1964;0;0;2,7;2;https://www.cian.ru/sale/flat/295451385/
53000000;8;CAR;41;27;4;21;;0;0;3,2;2;https://www.cian.ru/sale/flat/293905913/
53000000;11;WAR;68,4;25,1;9;13;2022;0;0;2,9;2;https://www.cian.ru/sale/flat/300503296/
53000000;8;WAR;86,2;51,2;14;33;2022;0;0;3;3;https://www.cian.ru/sale/flat/300096069/
53000000;11;CAR;143,5;66,7;11;29;2023;0;0;;3;https://www.cian.ru/sale/flat/291778194/
53000000;13;NAR;94;70;14;20;2020;0;1;3,1;3;https://www.cian.ru/sale/flat/284613296/
53000000;11;NEAR;93,6;48;4;9;2019;0;0;3,25;3;https://www.cian.ru/sale/flat/299789718/
53000000;13;NAR;94;60;14;20;;0;1;2,9;3;https://www.cian.ru/sale/flat/272037601/
53000000;20;SAR;87;40;6;18;2021;0;0;3;3;https://www.cian.ru/sale/flat/297079276/
53000000;19;EAR;92;68;5;19;;0;0;;4;https://www.cian.ru/sale/flat/298562985/
53000000;9;WAR;102,2;;10;25;;0;0;3;4;https://www.cian.ru/sale/flat/294770491/
53000000;9;WAR;102,5;52,8;10;25;2021;0;0;3,1;4;https://www.cian.ru/sale/flat/291962765/
53000000;5;WAR;126,4;82;22;41;2021;0;0;3,1;4;https://www.cian.ru/sale/flat/300160923/
53000000;10;CAR;114;67;5;5;1917;0;0;3,2;4;https://www.cian.ru/sale/flat/295882572/
53006200;12;NEAR;107,3;80,5;34;37;2024;1;0;3;4;https://www.cian.ru/sale/flat/279448978/
53119241;4;SAR;93;;6;6;2023;1;0;3,15;3;https://www.cian.ru/sale/flat/300783108/
53300000;12;SWAR;161,3;88;3;18;2005;0;0;3,1;3;https://www.cian.ru/sale/flat/300545035/
53321754;6;WAR;105,4;58;8;28;2022;1;0;3,12;4;https://www.cian.ru/sale/flat/298334349/
53335324;7;SAR;98;44,8;14;22;2023;1;0;3,15;3;https://www.cian.ru/sale/flat/293204412/
53361734;5;WAR;85,06;;10;57;2024;1;0;2,9;3;https://www.cian.ru/sale/flat/282209319/
53400000;13;CAR;73,4;;5;7;2020;0;1;3;3;https://www.cian.ru/sale/flat/292723695/
53428603;25;SAR;101,7;52,5;13;14;2023;1;0;3,15;3;https://www.cian.ru/sale/flat/293204247/
53500000;6;CAR;62;43;10;79;;0;1;;2;https://www.cian.ru/sale/flat/297875183/
53500000;9;WAR;104;;27;50;2020;0;0;;4;https://www.cian.ru/sale/flat/278682454/
53500000;16;NWAR;104;76;11;43;2023;0;0;3,2;4;https://www.cian.ru/sale/flat/299612515/
53500000;6;WAR;124;68;22;22;;0;0;;4;https://www.cian.ru/sale/flat/299644512/
53500000;4;NWAR;144,8;57,6;11;17;2011;0;0;2,9;4;https://www.cian.ru/sale/flat/300014509/
53539200;5;CAR;97,5;56,1;12;13;2022;1;1;3,4;3;https://www.cian.ru/sale/flat/286886795/
53552811;24;SAR;99,73;50,7;12;12;2023;1;0;3;3;https://www.cian.ru/sale/flat/288867477/
53578900;24;SAR;109,1;55,3;6;16;2023;1;0;3,15;4;https://www.cian.ru/sale/flat/294639078/
53621667;5;SWAR;125,4;;22;25;2024;1;0;3,17;4;https://www.cian.ru/sale/flat/294550011/
53639200;;CAR;117,64;61,4;22;35;2023;1;0;3,1;3;https://www.cian.ru/sale/flat/293376089/
53643330;27;SAR;113,1;61,5;12;15;2023;1;0;3,15;3;https://www.cian.ru/sale/flat/293204301/
53671000;12;NEAR;152,5;89;27;27;2022;0;0;3,1;4;https://www.cian.ru/sale/flat/294391961/
53673733;3;NWAR;109,22;;5;16;2011;0;0;;4;https://www.cian.ru/sale/flat/288597258/
53677375;5;WAR;92,15;;29;57;2024;1;0;2,9;3;https://www.cian.ru/sale/flat/295045959/
53777997;4;CAR;84,1;53,3;11;22;2022;1;0;3,25;3;https://www.cian.ru/sale/flat/298576228/
53809097;23;SAR;79,1;36,1;7;11;2024;1;0;3,1;2;https://www.cian.ru/sale/flat/299226753/
53892000;10;WAR;124,75;87,9;24;24;2021;1;0;2,95;4;https://www.cian.ru/sale/flat/289309646/
53900000;8;NAR;74,5;30,3;13;24;;0;0;;3;https://www.cian.ru/sale/flat/294166436/
53950000;8;WAR;72,6;;9;13;2023;1;0;3;2;https://www.cian.ru/sale/flat/296278129/
53999000;10;CAR;113,6;76;5;6;1914;0;0;;4;https://www.cian.ru/sale/flat/300539704/
53999000;10;CAR;113,5;78;5;6;1914;0;0;3,2;4;https://www.cian.ru/sale/flat/300054825/
53999000;10;CAR;113;76;5;6;1914;0;0;3,2;4;https://www.cian.ru/sale/flat/294305168/
54000000;8;CAR;41;27;6;21;;0;0;3,2;2;https://www.cian.ru/sale/flat/298842311/
54000000;3;CAR;91;;21;85;2016;0;1;3;2;https://www.cian.ru/sale/flat/293372855/
54000000;4;NAR;75,3;;13;16;2022;0;1;3,2;2;https://www.cian.ru/sale/flat/296351713/
54000000;9;CAR;54,2;;12;26;;0;1;4;2;https://www.cian.ru/sale/flat/295468288/
54000000;11;CAR;50;32,5;5;6;1909;0;0;3,03;2;https://www.cian.ru/sale/flat/300112218/
54000000;7;CAR;54;30;4;21;2023;0;0;3,1;1;https://www.cian.ru/sale/flat/298922993/
54000000;;NAR;83,5;;4;12;2023;0;0;4,1;3;https://www.cian.ru/sale/flat/299521451/
54000000;13;EAR;122,7;72,5;5;15;1997;0;0;2,8;4;https://www.cian.ru/sale/flat/299143002/
54000000;;WAR;140;85;7;21;;0;0;;4;https://www.cian.ru/sale/flat/299051337/
54000000;9;SAR;100;;17;17;2022;0;0;5,65;4;https://www.cian.ru/sale/flat/294661892/
54000000;18;WAR;97;70;12;41;2024;0;0;;4;https://www.cian.ru/sale/flat/295715724/
54023883;12;NWAR;86,54;37,5;2;32;2023;1;0;4,3;4;https://www.cian.ru/sale/flat/300689261/
54074186;11;NEAR;103,2;;11;19;2022;1;0;3,25;3;https://www.cian.ru/sale/flat/294160713/
54100000;11;NAR;108;;7;24;2021;0;0;3,25;4;https://www.cian.ru/sale/flat/299517592/
54122479;5;WAR;102,15;;44;57;2024;1;0;2,9;3;https://www.cian.ru/sale/flat/283864398/
54204855;6;WAR;106,8;51,6;10;28;2022;1;0;3,12;4;https://www.cian.ru/sale/flat/298334225/
54250000;6;CAR;85,4;35,4;13;14;2023;0;1;4,1;2;https://www.cian.ru/sale/flat/286431969/
54407937;24;SAR;127,99;59,2;1;12;2023;1;0;3;3;https://www.cian.ru/sale/flat/288391324/
54500000;10;CAR;63;;5;6;1911;0;0;3;3;https://www.cian.ru/sale/flat/300794598/
54500000;12;SWAR;139,9;78,8;19;28;2009;0;0;;4;https://www.cian.ru/sale/flat/299495105/
54520000;27;WAR;95,8;41,4;9;13;2023;1;0;3,13;3;https://www.cian.ru/sale/flat/296278072/
54606240;7;SAR;93,6;43,8;21;22;2023;1;0;3,15;3;https://www.cian.ru/sale/flat/293204383/
54750000;11;SAR;85;47;10;14;2018;0;0;3,2;4;https://www.cian.ru/sale/flat/298340542/
54840000;;WAR;92;40,9;9;14;2023;1;0;3;3;https://www.cian.ru/sale/flat/299262070/
54883872;10;WAR;92,1;39,5;28;28;2022;1;0;3,4;4;https://www.cian.ru/sale/flat/298334082/
54890000;19;CAR;60;40;3;16;;0;0;3,25;2;https://www.cian.ru/sale/flat/298805764/
54890000;19;CAR;60;45;3;16;;0;0;3,25;3;https://www.cian.ru/sale/flat/298558213/
54900000;8;CAR;65;;3;9;;0;0;3,8;2;https://www.cian.ru/sale/flat/296673873/
54900000;10;CAR;103,3;74,6;2;6;1911;0;0;3,3;4;https://www.cian.ru/sale/flat/299742141/
54900000;10;CAR;105;68,7;2;6;;0;0;3,3;4;https://www.cian.ru/sale/flat/294825433/
54934949;9;CAR;153,7;;3;30;2020;1;0;3,2;4;https://www.cian.ru/sale/flat/300285573/
54990000;7;CAR;115,2;57,5;7;11;1991;0;0;3;3;https://www.cian.ru/sale/flat/300539731/
54990000;7;CAR;115,2;;7;11;1991;0;0;3;3;https://www.cian.ru/sale/flat/300005990/
54990000;6;CAR;127,5;100;5;5;1902;0;0;3,2;4;https://www.cian.ru/sale/flat/300539713/
54998000;3;CAR;51,4;;34;66;2020;1;1;3,9;1;https://www.cian.ru/sale/flat/298855594/
54999999;11;NAR;110;70;9;24;2021;0;0;3,2;4;https://www.cian.ru/sale/flat/298323140/
55000000;8;CAR;41;27;7;21;;0;0;3,2;2;https://www.cian.ru/sale/flat/298842309/
55000000;5;CAR;61;38;3;13;;0;1;3;2;https://www.cian.ru/sale/flat/293598385/
55000000;8;CAR;61,4;;3;9;1913;0;0;3;2;https://www.cian.ru/sale/flat/297766719/
55000000;11;NWAR;82;45;28;48;2016;0;0;;2;https://www.cian.ru/sale/flat/298650795/
55000000;3;WAR;87;66,7;20;21;2014;0;0;3;2;https://www.cian.ru/sale/flat/299846528/
55000000;5;WAR;69;30;11;14;2021;0;0;;2;https://www.cian.ru/sale/flat/298199191/
55000000;17;WAR;65;60;13;39;;0;1;3;3;https://www.cian.ru/sale/flat/300625212/
55000000;13;NAR;71;24;20;37;2021;0;0;3,1;3;https://www.cian.ru/sale/flat/300512818/
55000000;6;WAR;100,2;;10;15;;0;0;;3;https://www.cian.ru/sale/flat/300876020/
55000000;12;WAR;100;68;15;28;2020;0;0;3;3;https://www.cian.ru/sale/flat/299516283/
55000000;4;WAR;83;;22;31;2022;0;0;3,1;3;https://www.cian.ru/sale/flat/296710178/
55000000;6;SWAR;150;;24;30;2011;0;0;3;3;https://www.cian.ru/sale/flat/300286298/
55000000;7;SWAR;114;69;4;22;2004;0;0;3;3;https://www.cian.ru/sale/flat/299316746/
55000000;13;WAR;158,3;105,8;18;28;1999;0;0;3;3;https://www.cian.ru/sale/flat/299097872/
55000000;11;CAR;74,4;50;5;12;1957;0;0;;3;https://www.cian.ru/sale/flat/298976152/
55000000;6;WAR;100,2;;9;15;;0;0;;3;https://www.cian.ru/sale/flat/300876023/
55000000;12;WAR;121;;7;17;2023;1;0;2,8;4;https://www.cian.ru/sale/flat/298805457/
55000000;12;CAR;95;;1;6;1957;0;0;2,7;4;https://www.cian.ru/sale/flat/300005949/
55000000;12;WAR;176,5;132,6;12;15;2004;0;0;3;4;https://www.cian.ru/sale/flat/296310154/
55000000;12;NWAR;129;;37;40;2003;0;0;3;4;https://www.cian.ru/sale/flat/301065795/
55000000;28;WAR;98;;6;14;;0;0;;4;https://www.cian.ru/sale/flat/300509019/
55000000;20;SAR;110;43,6;36;46;2023;0;0;3,2;4;https://www.cian.ru/sale/flat/300662405/
55172107;5;WAR;87,76;;16;57;2024;1;0;2,9;3;https://www.cian.ru/sale/flat/282209293/
55300000;9;CAR;82,2;;3;18;2006;0;0;3,1;2;https://www.cian.ru/sale/flat/294035690/
55334473;12;NAR;72,1;;32;41;2023;1;0;3,1;2;https://www.cian.ru/sale/flat/297177676/
55413954;13;SWAR;127,9;75,2;4;32;2021;1;0;3,1;3;https://www.cian.ru/sale/flat/264099928/
55420000;28;WAR;91,6;38,8;13;14;2023;1;0;3;3;https://www.cian.ru/sale/flat/296277970/
55485000;19;NEAR;135;101,3;2;32;2023;1;0;3;3;https://www.cian.ru/sale/flat/275156015/
55500000;7;SEAR;140;85;19;30;2012;0;0;3;3;https://www.cian.ru/sale/flat/300490460/
55501000;9;NEAR;136,7;;27;27;2022;1;0;;4;https://www.cian.ru/sale/flat/294554130/
55603297;27;SAR;106,3;74,9;12;15;2023;1;0;3,15;3;https://www.cian.ru/sale/flat/293204330/
55610000;27;WAR;97,9;38,4;9;14;2023;1;0;3;3;https://www.cian.ru/sale/flat/299262102/
55620985;17;SAR;99,43;45,4;25;28;2023;1;0;3;4;https://www.cian.ru/sale/flat/299093565/
55631270;27;;109,9;80;6;15;2023;1;0;3,15;3;https://www.cian.ru/sale/flat/293204327/
55721773;27;SAR;112,2;77;5;15;2023;1;0;3,15;3;https://www.cian.ru/sale/flat/293736511/
55777000;14;SWAR;134,7;;17;23;2022;1;0;;4;https://www.cian.ru/sale/flat/283750509/
55801770;10;WAR;100,5;54,3;11;28;2022;1;0;3,4;4;https://www.cian.ru/sale/flat/298334150/
55802800;;CAR;117,64;61,4;32;35;2023;1;0;3,1;3;https://www.cian.ru/sale/flat/293376093/
55900000;10;CAR;71;;7;7;1900;0;1;3,7;3;https://www.cian.ru/sale/flat/300005751/
55902000;;NWAR;133,1;;43;47;2023;1;0;3,05;4;https://www.cian.ru/sale/flat/296745632/
56000000;3;CAR;86;66;27;85;;0;1;;2;https://www.cian.ru/sale/flat/300862090/
56000000;2;CAR;105,9;;7;10;1998;0;0;3,1;2;https://www.cian.ru/sale/flat/292930320/
56000000;2;CAR;72;;54;95;2017;0;1;;2;https://www.cian.ru/sale/flat/299326657/
56000000;6;CAR;125,7;100;5;5;1902;0;0;3,2;3;https://www.cian.ru/sale/flat/290383734/
56000000;17;NAR;111;78;4;17;2016;0;0;3;3;https://www.cian.ru/sale/flat/300669448/
56000000;10;SWAR;94,3;60;5;23;2018;0;0;3,08;3;https://www.cian.ru/sale/flat/297774449/
56000000;5;WAR;98,07;39;12;14;2023;1;0;3,13;4;https://www.cian.ru/sale/flat/298568723/
56000000;5;WAR;95,7;;6;14;;0;0;;4;https://www.cian.ru/sale/flat/300509154/
56000000;14;WAR;109;65;15;16;2018;0;1;;4;https://www.cian.ru/sale/flat/299389195/
56000000;12;WAR;106,4;;16;28;2022;0;0;3,12;4;https://www.cian.ru/sale/flat/289021840/
56000000;10;SAR;99,8;69,4;7;8;;0;0;;4;https://www.cian.ru/sale/flat/300539694/
56026000;11;NWAR;102,8;51,5;14;21;2023;1;0;3,1;3;https://www.cian.ru/sale/flat/299168026/
56064540;2;CAR;124;;4;6;1926;0;0;3,2;4;https://www.cian.ru/sale/flat/292789448/
56095999;15;SWAR;180;;6;10;1997;0;0;3;4;https://www.cian.ru/sale/flat/298865617/
56175200;12;NWAR;98,9;46,9;21;21;2023;1;0;3,1;3;https://www.cian.ru/sale/flat/300312693/
56275162;13;SWAR;128,9;74,5;5;32;2021;1;0;3,1;3;https://www.cian.ru/sale/flat/295358667/
56455320;4;EAR;114,5;;2;3;1950;0;1;3,22;3;https://www.cian.ru/sale/flat/298748491/
56500000;14;SAR;108;67,8;4;14;2022;0;0;3,2;4;https://www.cian.ru/sale/flat/291358501/
56500000;15;NAR;116,4;77,9;5;14;2006;0;0;3;4;https://www.cian.ru/sale/flat/290195787/
56572045;17;SAR;100,24;45,9;28;28;2023;1;0;3;4;https://www.cian.ru/sale/flat/299093562/
56649789;10;NWAR;123,3;69,2;26;26;2022;1;0;3,02;4;https://www.cian.ru/sale/flat/297129051/
56950000;6;SAR;107;63,8;10;22;2008;0;0;2,85;4;https://www.cian.ru/sale/flat/300961655/
57000000;7;CAR;131,6;;9;9;;0;1;;2;https://www.cian.ru/sale/flat/293612862/
57000000;6;CAR;118,8;;3;9;2012;0;1;3;2;https://www.cian.ru/sale/flat/286046754/
57000000;3;CAR;46,3;;2;3;1917;0;1;3,2;2;https://www.cian.ru/sale/flat/297947020/
57000000;7;CAR;131,6;;9;9;;0;1;;2;https://www.cian.ru/sale/flat/292013288/
57000000;8;CAR;74,4;55;2;9;1965;0;0;;3;https://www.cian.ru/sale/flat/300607754/
57000000;19;NWAR;99;;2;19;2018;0;0;3,05;3;https://www.cian.ru/sale/flat/288895889/
57000000;6;CAR;91,9;60,7;7;10;;0;0;;3;https://www.cian.ru/sale/flat/299880315/
57000000;5;CAR;97;60;8;8;1989;0;0;2,8;4;https://www.cian.ru/sale/flat/299562910/
57000000;11;NWAR;105;64;36;36;;0;0;;4;https://www.cian.ru/sale/flat/300989808/
57093500;19;NEAR;128,3;96,2;12;32;2023;1;0;3;4;https://www.cian.ru/sale/flat/298604026/
57165000;17;NWAR;111;;5;5;2023;1;1;;3;https://www.cian.ru/sale/flat/300956045/
57333827;7;SAR;114,7;75,7;27;40;2023;1;0;3,15;4;https://www.cian.ru/sale/flat/293203905/
57380000;9;WAR;190,5;147;7;14;2013;0;0;3;4;https://www.cian.ru/sale/flat/263705047/
57400000;9;WAR;194,3;121;8;13;2013;0;0;3,3;4;https://www.cian.ru/sale/flat/297083103/
57448380;10;WAR;127,38;88,8;24;24;2021;1;0;2,95;4;https://www.cian.ru/sale/flat/290887878/
57500000;9;WAR;122,1;82;20;24;2021;0;0;2,95;3;https://www.cian.ru/sale/flat/299944783/
57500000;9;NWAR;114,1;53,7;45;58;2022;0;0;3,1;3;https://www.cian.ru/sale/flat/300571585/
57500000;3;CAR;86,6;;9;9;1938;0;0;3;3;https://www.cian.ru/sale/flat/293806073/
57500000;15;NWAR;119;74;11;16;2018;0;0;2,9;4;https://www.cian.ru/sale/flat/288720122/
57500000;16;NWAR;119;;11;16;2019;0;0;2,8;4;https://www.cian.ru/sale/flat/293144498/
57500000;11;SAR;115;60,7;9;10;2022;0;0;3,1;4;https://www.cian.ru/sale/flat/299012448/
57558600;10;WAR;129,2;87,1;24;24;2021;1;0;2,95;4;https://www.cian.ru/sale/flat/276788271/
57568448;27;SAR;112;77;13;15;2023;1;0;3,15;3;https://www.cian.ru/sale/flat/293204360/
57572282;24;SAR;114,09;60,5;8;12;2023;1;0;3;3;https://www.cian.ru/sale/flat/299911113/
57600000;;WAR;68,4;25,9;14;14;2023;1;0;3;2;https://www.cian.ru/sale/flat/299262052/
57630000;27;WAR;69,6;;14;14;2023;1;0;3;2;https://www.cian.ru/sale/flat/299262098/
57900000;12;SWAR;96;;4;23;2018;0;0;3,08;3;https://www.cian.ru/sale/flat/299335798/
57900000;17;SAR;85;;46;46;2023;0;0;4,2;3;https://www.cian.ru/sale/flat/300095364/
57900000;14;NEAR;100;50;3;15;2019;0;0;3,1;3;https://www.cian.ru/sale/flat/299524863/
57950000;15;WAR;89;63;12;26;2021;0;0;3,2;4;https://www.cian.ru/sale/flat/300813408/
57980208;5;SAR;126,11;81,7;26;26;2023;1;0;2,87;4;https://www.cian.ru/sale/flat/289090596/
57990000;10;CAR;73;40;8;16;2012;0;0;3;2;https://www.cian.ru/sale/flat/300393539/
58000000;7;CAR;76;;1;9;1985;0;0;3;2;https://www.cian.ru/sale/flat/292142942/
58000000;6;CAR;73;;5;8;;0;0;3,4;2;https://www.cian.ru/sale/flat/300005835/
58000000;11;CAR;73;;8;14;2013;0;0;3;2;https://www.cian.ru/sale/flat/290497931/
58000000;13;WAR;72;28;9;15;;0;0;3;1;https://www.cian.ru/sale/flat/300859548/
58000000;5;EAR;127;;4;12;1978;0;0;;4;https://www.cian.ru/sale/flat/299343512/
58000000;15;WAR;132,6;;5;10;1997;0;0;3;4;https://www.cian.ru/sale/flat/298130815/
58000000;16;NWAR;110,9;65,6;25;40;2020;0;0;3,2;4;https://www.cian.ru/sale/flat/300220278/
58000000;7;EAR;220,9;115,9;16;19;;0;0;3;4;https://www.cian.ru/sale/flat/295787399/
58010000;15;WAR;95,4;37,9;8;14;2023;1;0;3;3;https://www.cian.ru/sale/flat/296277504/
58024630;7;NWAR;91,3;49,2;14;15;2023;1;0;3,23;3;https://www.cian.ru/sale/flat/299578035/
58048837;12;CAR;127,45;;10;23;2022;1;0;3,2;3;https://www.cian.ru/sale/flat/300285627/
58055217;25;SAR;102,35;51,8;2;9;2023;1;0;3;3;https://www.cian.ru/sale/flat/294939311/
58200000;4;NAR;85;40;13;17;2023;0;1;;3;https://www.cian.ru/sale/flat/300930910/
58232083;27;SAR;113,5;61,5;8;15;2023;1;0;3,15;3;https://www.cian.ru/sale/flat/293736491/
58273567;11;NEAR;107,4;;13;19;2022;1;0;3,25;3;https://www.cian.ru/sale/flat/294160692/
58274886;25;SAR;98,23;53,3;16;16;2023;1;0;3;3;https://www.cian.ru/sale/flat/295715179/
58298000;7;CAR;56,6;;3;21;;0;0;;2;https://www.cian.ru/sale/flat/297313098/
58300000;7;CAR;56,6;;3;21;2023;0;0;3;2;https://www.cian.ru/sale/flat/300194618/
58310000;7;CAR;68,6;;6;7;;0;0;;2;https://www.cian.ru/sale/flat/294445366/
58400000;9;NAR;54,4;;4;9;2019;0;0;3,2;2;https://www.cian.ru/sale/flat/300018901/
58411680;25;SEAR;123,9;35,8;14;26;2023;1;0;3,1;4;https://www.cian.ru/sale/flat/298028575/
58497000;11;NWAR;114,7;;9;21;2022;1;1;3;4;https://www.cian.ru/sale/flat/299220699/
58500000;13;SWAR;87,2;;13;18;;0;0;3,1;2;https://www.cian.ru/sale/flat/299342288/
58500000;13;NAR;91;62;16;37;2021;0;0;;3;https://www.cian.ru/sale/flat/300588173/
58500000;17;WAR;142,6;86;18;25;2021;0;0;;4;https://www.cian.ru/sale/flat/300326991/
58600000;7;CAR;56,58;;3;21;2023;0;0;;2;https://www.cian.ru/sale/flat/296838582/
58630000;27;WAR;95,8;38,9;12;13;2023;1;0;3,13;3;https://www.cian.ru/sale/flat/296278073/
58700000;11;NAR;123;91;20;36;2023;0;1;3;4;https://www.cian.ru/sale/flat/293449159/
58800000;20;SWAR;162;65;38;48;;0;0;;3;https://www.cian.ru/sale/flat/298163639/
58800000;20;SWAR;162;;38;51;2010;0;0;3;3;https://www.cian.ru/sale/flat/297707010/
58800000;;WAR;96,1;;8;14;;0;0;;4;https://www.cian.ru/sale/flat/300509157/
58900000;8;CAR;100;70;3;6;1917;0;0;3,45;4;https://www.cian.ru/sale/flat/299882357/
59000000;8;NAR;90,6;;2;27;2018;0;0;3,2;2;https://www.cian.ru/sale/flat/293729302/
59000000;6;CAR;62;40;12;78;2020;0;1;3,9;2;https://www.cian.ru/sale/flat/300479741/
59000000;6;CAR;61;29;12;79;2019;0;1;;2;https://www.cian.ru/sale/flat/298308357/
59000000;12;WAR;76;;15;51;;0;0;;3;https://www.cian.ru/sale/flat/293515367/
59000000;10;SWAR;174;100;7;16;2001;0;0;3;4;https://www.cian.ru/sale/flat/273384095/
59000000;10;NWAR;107;;30;53;2022;0;0;3;4;https://www.cian.ru/sale/flat/298457776/
59000000;12;SWAR;173;;7;16;2001;0;0;3,14;4;https://www.cian.ru/sale/flat/297117691/
59000000;5;WAR;91,1;;4;14;;0;0;;4;https://www.cian.ru/sale/flat/300682749/
59150000;15;WAR;95,7;37,9;9;14;2023;1;0;3;3;https://www.cian.ru/sale/flat/296277540/
59304935;23;SAR;131,8;68,4;2;11;2024;1;0;3,1;4;https://www.cian.ru/sale/flat/299226754/
59500000;17;NAR;81,7;53,1;3;40;;0;0;;2;https://www.cian.ru/sale/flat/298562397/
59549326;4;SAR;131,01;84;27;27;2023;1;0;2,87;4;https://www.cian.ru/sale/flat/289090590/
59605000;12;NEAR;91,7;68,8;35;37;2024;1;0;4,1;3;https://www.cian.ru/sale/flat/300463321/
59680000;8;WAR;96,1;56,6;9;14;2023;1;0;3;3;https://www.cian.ru/sale/flat/296277862/
59880000;11;NAR;122;90;22;36;2023;0;1;3;4;https://www.cian.ru/sale/flat/293449686/
59900000;9;WAR;86;40;14;21;;0;0;2,8;2;https://www.cian.ru/sale/flat/299500448/
59900000;11;SWAR;96,9;59;17;21;;0;0;3,1;3;https://www.cian.ru/sale/flat/293224687/
59900000;3;WAR;138,9;;2;22;2006;0;0;3;4;https://www.cian.ru/sale/flat/298887700/
59900000;4;WAR;135,1;70,9;25;28;2021;0;0;3;4;https://www.cian.ru/sale/flat/299930308/
59900000;13;WAR;145;;4;32;;0;0;;4;https://www.cian.ru/sale/flat/299646637/
59900000;12;WAR;145;100;4;32;;0;0;;4;https://www.cian.ru/sale/flat/292319823/
59900000;3;CAR;139,3;103,4;3;8;1915;0;0;3,6;4;https://www.cian.ru/sale/flat/300966491/
59921196;11;NEAR;107,6;;15;19;2022;1;0;3,25;3;https://www.cian.ru/sale/flat/294160691/
59990000;12;NEAR;166;95;12;59;2015;0;0;3,05;3;https://www.cian.ru/sale/flat/296422373/
59990000;10;NEAR;167;103,7;12;59;2015;0;0;3,05;3;https://www.cian.ru/sale/flat/295915324/
59990000;10;NWAR;108,6;;38;58;2021;0;0;3;4;https://www.cian.ru/sale/flat/296325197/
59990000;5;NWAR;110;49;27;29;2023;0;0;3;4;https://www.cian.ru/sale/flat/299730748/
60000000;6;CAR;78,2;;69;78;2020;0;1;3,9;2;https://www.cian.ru/sale/flat/300754142/
60000000;9;CAR;64,5;36,4;4;21;2023;0;0;3,2;2;https://www.cian.ru/sale/flat/299519415/
60000000;5;CAR;60;;12;13;2016;0;1;3;2;https://www.cian.ru/sale/flat/295436831/
60000000;6;;60;;12;13;;0;1;;1;https://www.cian.ru/sale/flat/293370044/
60000000;6;CAR;60;;12;13;2016;0;1;3;1;https://www.cian.ru/sale/flat/289242301/
60000000;9;CAR;49,3;36,3;2;11;;0;0;;1;https://www.cian.ru/sale/flat/292945725/
60000000;3;NAR;120,8;;9;16;2004;0;0;3,1;3;https://www.cian.ru/sale/flat/297948203/
60000000;16;NWAR;97;34;6;36;2018;0;0;3;3;https://www.cian.ru/sale/flat/300074475/
60000000;8;NWAR;98,3;62;5;23;2006;0;0;3,1;3;https://www.cian.ru/sale/flat/300191551/
60000000;5;WAR;113,5;60,5;21;25;2021;0;0;3,1;3;https://www.cian.ru/sale/flat/299244990/
60000000;8;NAR;128;99;22;23;2008;0;0;3;3;https://www.cian.ru/sale/flat/300590779/
60000000;8;NAR;128;;22;23;;0;0;2,9;3;https://www.cian.ru/sale/flat/298211319/
60000000;14;NWAR;137;;40;41;2024;0;0;3,2;4;https://www.cian.ru/sale/flat/300524480/
60000000;5;CAR;131,2;92,6;6;8;1912;0;0;;4;https://www.cian.ru/sale/flat/297549619/
60000000;5;WAR;200;123;9;21;2000;0;0;3;4;https://www.cian.ru/sale/flat/285823542/
60000000;9;CAR;101,7;;4;6;1914;0;0;3,2;4;https://www.cian.ru/sale/flat/293990998/
60000000;7;NAR;100;;12;18;2018;0;0;3,1;4;https://www.cian.ru/sale/flat/300818196/
60000000;9;NWAR;121,9;79;40;48;2021;0;0;;4;https://www.cian.ru/sale/flat/300300021/
60500000;4;CAR;92;19,8;24;85;;0;1;;1;https://www.cian.ru/sale/flat/296576457/
60500000;;NAR;125;;15;25;;0;1;;3;https://www.cian.ru/sale/flat/285995089/
60500000;17;SAR;115;75;4;16;2023;0;0;3;4;https://www.cian.ru/sale/flat/300685418/
60617646;23;SAR;129,7;68,7;3;11;2024;1;0;3,1;4;https://www.cian.ru/sale/flat/299319064/
60709446;9;WAR;110,6;67,8;9;15;2022;1;0;3,12;3;https://www.cian.ru/sale/flat/298334381/
61000000;7;CAR;58,54;;3;15;;0;0;;2;https://www.cian.ru/sale/flat/300650872/
61000000;10;CAR;82;56;4;14;2013;0;0;;2;https://www.cian.ru/sale/flat/294622192/
61000000;16;NWAR;96;33;14;36;2018;0;0;;3;https://www.cian.ru/sale/flat/298973372/
61050000;12;WAR;122,1;81,8;21;21;2020;1;1;3,3;3;https://www.cian.ru/sale/flat/271161278/
61104000;11;CAR;127,3;;20;25;2021;0;0;3;4;https://www.cian.ru/sale/flat/289899682/
61168111;25;SAR;102,83;52;6;9;2023;1;0;3;3;https://www.cian.ru/sale/flat/299945328/
61200000;7;CAR;53,31;;10;21;;0;0;;2;https://www.cian.ru/sale/flat/300508737/
61248000;11;CAR;127,6;67;22;22;2022;0;0;;3;https://www.cian.ru/sale/flat/295092045/
61276548;5;WAR;111,28;;48;57;2024;1;0;2,9;3;https://www.cian.ru/sale/flat/283864447/
61300000;6;WAR;129,1;72,3;2;11;2022;0;0;3,1;4;https://www.cian.ru/sale/flat/291881729/
61850000;5;WAR;102;;3;18;2021;0;0;3,1;4;https://www.cian.ru/sale/flat/295817937/
61950000;6;NAR;85,8;;11;11;2019;0;0;3,2;4;https://www.cian.ru/sale/flat/300005882/
62000000;3;CAR;76,1;;34;78;2020;0;0;3,9;2;https://www.cian.ru/sale/flat/294212104/
62000000;16;NWAR;84;63;12;19;;0;0;;3;https://www.cian.ru/sale/flat/297119000/
62000000;16;NAR;130;72;16;30;;0;0;;3;https://www.cian.ru/sale/flat/293623280/
62000000;10;NWAR;130;;30;38;2000;0;0;3;3;https://www.cian.ru/sale/flat/295064729/
62000000;9;EAR;130;71;5;7;2001;0;0;3;3;https://www.cian.ru/sale/flat/300117215/
62000000;16;SWAR;110;77;17;17;;0;0;;3;https://www.cian.ru/sale/flat/300478268/
62000000;13;NWAR;117;;9;24;2020;0;0;3,2;3;https://www.cian.ru/sale/flat/300283089/
62000000;4;CAR;110;;4;6;1912;0;0;3,5;4;https://www.cian.ru/sale/flat/297624203/
62000000;13;EAR;117;56;14;20;1997;0;0;2,8;4;https://www.cian.ru/sale/flat/297851975/
62290000;4;CAR;80,1;54,3;7;9;1940;0;0;3,1;3;https://www.cian.ru/sale/flat/298863230/
62500000;27;WAR;74,4;27,6;14;14;2023;1;0;3;2;https://www.cian.ru/sale/flat/299262084/
62544720;21;SWAR;123,9;;39;42;2023;1;0;3;4;https://www.cian.ru/sale/flat/300800483/
62560000;;WAR;97,9;38,4;11;14;2023;1;0;3;3;https://www.cian.ru/sale/flat/299262045/
62580000;10;NWAR;104,3;;25;58;2022;0;0;3,1;3;https://www.cian.ru/sale/flat/300552585/
62589000;2;NAR;67,3;;3;15;2023;1;1;;2;https://www.cian.ru/sale/flat/300397913/
62629672;15;SAR;136,1;;18;24;2023;1;0;3,15;4;https://www.cian.ru/sale/flat/300800410/
62694000;13;SWAR;116,1;50,7;32;32;2021;1;0;3,1;3;https://www.cian.ru/sale/flat/290914466/
62749314;22;SAR;106,82;53,8;8;29;2023;1;0;3;3;https://www.cian.ru/sale/flat/293801361/
62890000;8;WAR;104,5;64;3;15;2022;0;0;3,1;3;https://www.cian.ru/sale/flat/300576939/
62990000;2;CAR;53;38;3;8;2022;0;1;3;2;https://www.cian.ru/sale/flat/300645726/
63000000;6;CAR;83;49;35;78;;0;1;;2;https://www.cian.ru/sale/flat/300577056/
63000000;10;CAR;73;38,8;4;16;2012;0;0;3;2;https://www.cian.ru/sale/flat/296382222/
63000000;7;CAR;53,31;;10;21;;0;0;;2;https://www.cian.ru/sale/flat/300650870/
63000000;21;WAR;112,5;49,9;15;18;2020;0;0;3;3;https://www.cian.ru/sale/flat/298273658/
63000000;8;CAR;168;118,9;4;5;1917;0;0;3,75;3;https://www.cian.ru/sale/flat/296644413/
63000000;5;NWAR;99,3;34,8;9;15;2023;1;0;3,25;4;https://www.cian.ru/sale/flat/295873970/
63000000;10;WAR;107;;12;52;2020;0;0;3;4;https://www.cian.ru/sale/flat/295361194/
63000000;6;WAR;115,3;59;6;23;2012;0;0;3;4;https://www.cian.ru/sale/flat/300793867/
63000000;3;CAR;107;57;2;8;1906;0;0;3,2;4;https://www.cian.ru/sale/flat/300469640/
63000000;13;NAR;116,4;43;17;20;;0;1;3,1;4;https://www.cian.ru/sale/flat/299651522/
63040000;6;CAR;67;40;4;7;2017;0;1;2,9;2;https://www.cian.ru/sale/flat/300421853/
63162203;4;SAR;111,7;;6;6;2023;1;0;3,15;4;https://www.cian.ru/sale/flat/300800418/
63250000;17;WAR;68,2;;17;34;2024;0;1;3,1;2;https://www.cian.ru/sale/flat/300028754/
63325606;25;SAR;108,28;52,5;10;12;2023;1;0;3;3;https://www.cian.ru/sale/flat/291805479/
63390000;27;WAR;95,6;36,7;10;14;2023;1;0;3;3;https://www.cian.ru/sale/flat/300358979/
63391680;10;WAR;146,74;100,7;24;24;2021;1;0;2,95;4;https://www.cian.ru/sale/flat/289309643/
63400000;11;CAR;126,8;;20;29;2021;0;0;3;3;https://www.cian.ru/sale/flat/288640297/
63400823;7;SAR;114,4;75,7;32;40;2023;1;0;3,15;4;https://www.cian.ru/sale/flat/293539858/
63500000;5;NWAR;99,9;35,5;9;15;2023;1;0;3,25;3;https://www.cian.ru/sale/flat/295873966/
63500000;11;NEAR;118,5;70,1;18;19;2022;0;0;3,25;4;https://www.cian.ru/sale/flat/299157073/
63500000;5;NWAR;116,2;60;28;29;2023;0;0;3,1;4;https://www.cian.ru/sale/flat/300059830/
63500000;5;CAR;75;;5;8;;0;0;3,7;4;https://www.cian.ru/sale/flat/300299099/
63551039;12;NAR;82,1;;32;41;2023;1;0;3,1;3;https://www.cian.ru/sale/flat/297177679/
63600000;5;WAR;95;60;13;14;2021;0;0;3,1;4;https://www.cian.ru/sale/flat/298357161/
63620156;12;CAR;140,45;;18;23;2022;1;0;3,2;4;https://www.cian.ru/sale/flat/300285639/
63650000;5;WAR;95,3;52;13;14;2022;0;0;3,6;3;https://www.cian.ru/sale/flat/300329202/
63650000;5;WAR;95,3;60;13;14;;0;0;;4;https://www.cian.ru/sale/flat/300930250/
63790000;8;WAR;96,2;42;13;14;2023;1;0;3;3;https://www.cian.ru/sale/flat/296277869/
63800000;7;CAR;91,8;57;2;8;1964;0;0;3;3;https://www.cian.ru/sale/flat/300812059/
63800000;11;CAR;127,6;;22;29;2021;0;0;3;3;https://www.cian.ru/sale/flat/292721084/
63800000;7;CAR;92;;2;8;1964;0;0;;3;https://www.cian.ru/sale/flat/299023289/
63990000;15;WAR;122;76;15;22;;0;0;3,1;3;https://www.cian.ru/sale/flat/300563314/
64000000;3;CAR;92;;41;78;2020;0;1;3,9;3;https://www.cian.ru/sale/flat/294368903/
64000000;4;WAR;125;;25;28;2021;0;0;3;4;https://www.cian.ru/sale/flat/300745573/
64061073;20;SAR;114,43;48,5;34;46;2023;1;0;3;3;https://www.cian.ru/sale/flat/299093541/
64108534;9;CAR;69,8;;4;8;1941;0;0;3,2;2;https://www.cian.ru/sale/flat/286620187/
64200000;5;CAR;60;20;11;13;2016;0;1;;2;https://www.cian.ru/sale/flat/300422135/
64400000;2;CAR;92;;21;78;2020;0;1;;3;https://www.cian.ru/sale/flat/277524492/
64404508;8;SWAR;135,8;;21;25;2024;1;0;3,17;4;https://www.cian.ru/sale/flat/300451832/
64460000;8;WAR;98,7;42,1;10;14;2023;1;0;3;3;https://www.cian.ru/sale/flat/296278232/
64575410;9;CAR;156,4;;8;30;2020;1;0;3,2;4;https://www.cian.ru/sale/flat/300285584/
64641379;25;SAR;98,48;53,3;12;16;2023;1;0;3;3;https://www.cian.ru/sale/flat/296227934/
64670000;15;WAR;91,6;39,1;8;14;2023;1;0;3;3;https://www.cian.ru/sale/flat/296277803/
64700000;7;WAR;120;;18;24;2003;0;0;3;4;https://www.cian.ru/sale/flat/300661681/
64704000;3;CAR;67,4;;45;66;2020;1;1;3,9;2;https://www.cian.ru/sale/flat/300449722/
64764098;4;CAR;105,9;64,7;19;22;2022;1;0;3,25;4;https://www.cian.ru/sale/flat/298576251/
64817232;10;WAR;143,29;89,1;24;24;2021;1;0;2,95;4;https://www.cian.ru/sale/flat/289309640/
64890000;;WAR;72,9;26,6;14;14;2023;1;0;3;2;https://www.cian.ru/sale/flat/299262035/
64990000;17;WAR;146,8;;22;25;2022;0;0;3,1;4;https://www.cian.ru/sale/flat/299569914/
64999000;14;WAR;90;60;13;28;;0;0;3;3;https://www.cian.ru/sale/flat/295856465/
65000000;10;CAR;49;;3;6;2022;0;1;;2;https://www.cian.ru/sale/flat/292267406/
65000000;10;WAR;118;81;9;29;;0;1;;3;https://www.cian.ru/sale/flat/297626307/
65000000;12;WAR;163;;22;23;1999;0;0;3;3;https://www.cian.ru/sale/flat/296833235/
65000000;5;CAR;116;70;6;12;2019;0;1;3,2;3;https://www.cian.ru/sale/flat/298948266/
65000000;10;CAR;75;40;7;13;;0;0;3,1;3;https://www.cian.ru/sale/flat/299025951/
65000000;18;WAR;122;;20;36;2024;1;0;;4;https://www.cian.ru/sale/flat/300484947/
65000000;14;NWAR;127,3;80,8;13;13;2008;0;0;3,1;4;https://www.cian.ru/sale/flat/298341609/
65000000;5;CAR;120;72;5;12;2000;0;0;3;4;https://www.cian.ru/sale/flat/300657224/
65000000;11;CAR;151;70;18;29;2022;0;0;2,95;4;https://www.cian.ru/sale/flat/301045598/
65000000;6;WAR;136;78;9;40;2007;0;0;;4;https://www.cian.ru/sale/flat/274016706/
65000000;7;NWAR;127,3;86;13;13;2013;0;0;3;4;https://www.cian.ru/sale/flat/298465471/
65000000;6;WAR;135;94;9;40;2012;0;0;;4;https://www.cian.ru/sale/flat/281239665/
65000000;5;CAR;115;;6;12;2018;0;1;3;4;https://www.cian.ru/sale/flat/300023599/
65000000;10;CAR;105;;6;8;;0;0;3,2;4;https://www.cian.ru/sale/flat/300073769/
65000000;5;CAR;100;;1;4;1917;0;0;3,5;4;https://www.cian.ru/sale/flat/299789215/
65000000;;WAR;140;110;5;8;1967;0;0;;4;https://www.cian.ru/sale/flat/300539844/
65000000;5;WAR;95;;13;14;2021;0;0;3,1;4;https://www.cian.ru/sale/flat/298343428/
65000000;2;CAR;110;70;3;5;1899;0;0;3,5;4;https://www.cian.ru/sale/flat/295990566/
65200000;1;NAR;104;74;3;15;;0;1;3;3;https://www.cian.ru/sale/flat/296470579/
65234000;6;CAR;50,18;;10;21;2023;1;0;;2;https://www.cian.ru/sale/flat/298468511/
65470000;15;WAR;92,2;30,3;13;14;2023;1;0;3;2;https://www.cian.ru/sale/flat/296277489/
65500000;1;CAR;72,9;;79;95;2017;0;1;3,5;2;https://www.cian.ru/sale/flat/299746602/
65500000;6;WAR;105;70;14;23;;0;0;3,1;3;https://www.cian.ru/sale/flat/300199062/
65500000;7;CAR;117;;5;9;2013;0;1;3;3;https://www.cian.ru/sale/flat/300749905/
65500000;10;NWAR;108;;16;57;2022;0;0;3,1;4;https://www.cian.ru/sale/flat/300759218/
65781840;17;NWAR;81,6;47,1;12;43;2023;1;0;3,15;3;https://www.cian.ru/sale/flat/292613350/
65954432;8;SWAR;137,6;;22;25;2024;1;0;3,17;4;https://www.cian.ru/sale/flat/294842886/
65966145;25;SAR;114,98;62,1;7;16;2023;1;0;3;3;https://www.cian.ru/sale/flat/295715174/
66000000;10;NAR;110;70;4;57;;0;0;;2;https://www.cian.ru/sale/flat/299914021/
66000000;10;NAR;110;;4;57;2006;0;0;3,15;2;https://www.cian.ru/sale/flat/297845963/
66000000;6;CAR;71,8;;30;75;2019;0;1;3;2;https://www.cian.ru/sale/flat/299639948/
66000000;17;WAR;64,9;16;11;34;2023;0;1;;3;https://www.cian.ru/sale/flat/300394700/
66000000;8;CAR;103;;13;13;;0;1;5,5;3;https://www.cian.ru/sale/flat/283279109/
66000000;5;WAR;161,6;;5;25;2014;0;0;3;3;https://www.cian.ru/sale/flat/289978007/
66040000;8;WAR;98,7;42,1;13;14;2023;1;0;3;3;https://www.cian.ru/sale/flat/296277893/
66442792;24;SAR;118,45;60,1;7;12;2023;1;0;3;3;https://www.cian.ru/sale/flat/294939317/
66500000;18;WAR;98;58,9;18;25;2021;0;0;;3;https://www.cian.ru/sale/flat/294361246/
66500000;9;CAR;68;50;3;28;2022;0;0;;3;https://www.cian.ru/sale/flat/299880493/
66500000;14;SWAR;113,7;;4;13;1960;0;0;3;4;https://www.cian.ru/sale/flat/300829275/
66500400;3;CAR;60,4;;65;66;2020;1;1;3,9;2;https://www.cian.ru/sale/flat/298051609/
66540000;28;WAR;102,2;42,5;5;12;2021;1;0;3,58;3;https://www.cian.ru/sale/flat/296277982/
66545614;9;CAR;143,5;;18;30;2020;1;0;3,2;4;https://www.cian.ru/sale/flat/300285594/
66800000;5;CAR;78;61;3;6;2021;0;1;;3;https://www.cian.ru/sale/flat/292939347/
67000000;5;WAR;110;60;15;25;2021;0;0;3;3;https://www.cian.ru/sale/flat/300864943/
67000000;18;WAR;125;76,8;15;20;2024;1;0;3,2;4;https://www.cian.ru/sale/flat/296524128/
67000000;18;WAR;123;76,8;15;20;2024;1;0;3,2;4;https://www.cian.ru/sale/flat/300943913/
67000000;13;WAR;180,1;160;28;30;1998;0;0;3,5;4;https://www.cian.ru/sale/flat/269500879/
67000000;12;WAR;200;;28;30;1999;0;0;3;4;https://www.cian.ru/sale/flat/298684212/
67000000;16;NWAR;105;;27;46;2022;0;0;3,2;4;https://www.cian.ru/sale/flat/300251495/
67000000;4;WAR;128;72;5;22;2019;0;0;3,1;4;https://www.cian.ru/sale/flat/298116334/
67000990;17;NWAR;82,6;48,1;16;43;2023;1;0;3,15;3;https://www.cian.ru/sale/flat/292613266/
67011840;16;NWAR;110,8;74;19;23;2023;1;0;3,15;4;https://www.cian.ru/sale/flat/297642477/
67149075;13;SWAR;172,5;69,2;23;32;2021;1;0;3,1;3;https://www.cian.ru/sale/flat/264100194/
67186665;17;NWAR;81,9;45,9;12;43;2023;1;0;3,15;3;https://www.cian.ru/sale/flat/295828299/
67200000;2;CAR;96;;25;78;2020;0;1;;2;https://www.cian.ru/sale/flat/279687277/
67200000;3;CAR;96;;16;78;2020;0;1;3,9;2;https://www.cian.ru/sale/flat/293129658/
67200000;2;CAR;96;;28;78;2020;0;1;;3;https://www.cian.ru/sale/flat/278675890/
67490000;1;CAR;88;55;2;5;1912;0;0;;3;https://www.cian.ru/sale/flat/300539718/
67490000;7;CAR;124;70;5;6;1910;0;0;3,6;3;https://www.cian.ru/sale/flat/300005946/
67499000;1;CAR;88;48;2;5;1912;0;0;3,2;3;https://www.cian.ru/sale/flat/300427220/
67500000;12;NAR;75;40;37;41;2020;0;0;;2;https://www.cian.ru/sale/flat/300393603/
67500000;10;NWAR;106,1;18,3;49;58;2022;0;0;;1;https://www.cian.ru/sale/flat/300752525/
67500000;6;SAR;114,7;83;19;22;2008;0;0;3;3;https://www.cian.ru/sale/flat/299603108/
67500000;1;CAR;88;;2;5;;0;0;3,2;3;https://www.cian.ru/sale/flat/298956116/
67500000;1;CAR;88;48;2;5;1912;0;0;3;3;https://www.cian.ru/sale/flat/297681232/
67500000;12;SWAR;204,2;;3;18;2005;0;0;3;4;https://www.cian.ru/sale/flat/300687422/
67500000;4;SWAR;113,4;;14;18;2005;0;0;;4;https://www.cian.ru/sale/flat/263171085/
67500000;9;SWAR;178;100;6;33;2004;0;0;3;4;https://www.cian.ru/sale/flat/295357955/
67593955;10;WAR;148,07;105,1;24;24;2021;1;0;2,95;4;https://www.cian.ru/sale/flat/276788269/
67675000;6;CAR;66,2;51,2;5;7;;0;1;;2;https://www.cian.ru/sale/flat/300702719/
67800000;9;NEAR;130;88,4;3;14;2002;0;0;3;3;https://www.cian.ru/sale/flat/300836809/
67800000;18;NWAR;131,1;;20;21;2023;1;0;;4;https://www.cian.ru/sale/flat/297760200/
67810000;9;NEAR;169,1;;27;27;2022;1;0;;4;https://www.cian.ru/sale/flat/294554136/
67919040;16;NWAR;100,8;57,8;23;24;2023;1;0;3,15;4;https://www.cian.ru/sale/flat/289786113/
67980000;10;NAR;115;60;3;57;2006;0;0;3,15;3;https://www.cian.ru/sale/flat/298116885/
67980000;10;NAR;115;;5;57;2006;0;0;3,15;3;https://www.cian.ru/sale/flat/293977589/
67982727;13;SWAR;173,9;69,6;24;32;2021;1;0;3,1;3;https://www.cian.ru/sale/flat/264100201/
67990000;10;NAR;115;;3;57;2006;0;0;3,15;3;https://www.cian.ru/sale/flat/295950251/
68000000;6;CAR;64;40;4;5;;0;1;;2;https://www.cian.ru/sale/flat/294624973/
68000000;16;CAR;65,1;48,1;4;20;;0;0;;2;https://www.cian.ru/sale/flat/299722529/
68000000;4;CAR;107,6;;50;75;2013;0;1;;2;https://www.cian.ru/sale/flat/297675248/
68000000;7;NAR;122,3;;6;6;2016;0;1;6;2;https://www.cian.ru/sale/flat/295277285/
68000000;6;CAR;64,1;;4;5;2021;0;1;3,3;2;https://www.cian.ru/sale/flat/300299599/
68000000;4;CAR;92;82;31;85;2015;0;1;3,2;2;https://www.cian.ru/sale/flat/300820868/
68000000;4;WAR;59,2;20;6;12;;0;0;;1;https://www.cian.ru/sale/flat/300702934/
68000000;18;NWAR;110;58;8;18;2015;0;0;3,1;3;https://www.cian.ru/sale/flat/297992165/
68000000;2;CAR;97;;61;65;;0;1;;3;https://www.cian.ru/sale/flat/294615058/
68000000;10;NAR;112,8;60;3;57;2006;0;0;;3;https://www.cian.ru/sale/flat/295072603/
68000000;11;NWAR;175;;14;38;2015;0;0;3,13;4;https://www.cian.ru/sale/flat/300563675/
68000000;12;NEAR;130;87,6;4;23;2010;0;0;3,3;4;https://www.cian.ru/sale/flat/298340306/
68000000;15;WAR;140;;14;22;2006;0;0;3,05;4;https://www.cian.ru/sale/flat/299722812/
68070000;4;WAR;60;45;6;12;2020;0;0;3,5;2;https://www.cian.ru/sale/flat/300421786/
68080000;4;WAR;59,2;;6;12;2020;0;0;3,2;2;https://www.cian.ru/sale/flat/287686259/
68144365;12;CAR;68,7;32,4;3;17;2022;1;0;3,6;2;https://www.cian.ru/sale/flat/285243989/
68265288;13;SWAR;163,8;91,8;3;32;2021;1;0;3,1;4;https://www.cian.ru/sale/flat/264100269/
68292209;4;NEAR;128,8;;15;15;2021;1;1;;3;https://www.cian.ru/sale/flat/292035521/
68334564;13;SWAR;174,8;70;26;32;2021;1;0;3,1;3;https://www.cian.ru/sale/flat/264100210/
68480000;28;WAR;102,2;42,3;9;13;2023;1;0;3,58;3;https://www.cian.ru/sale/flat/296277916/
68499000;14;NAR;195;110;20;32;2008;0;0;3;4;https://www.cian.ru/sale/flat/300148052/
68500000;5;NWAR;102,2;39,6;10;21;2023;1;0;3,25;4;https://www.cian.ru/sale/flat/295873974/
68650000;12;WAR;137,3;84,5;21;21;2020;1;1;3,3;3;https://www.cian.ru/sale/flat/271161277/
68900000;17;WAR;111;70;4;20;2020;0;0;3;4;https://www.cian.ru/sale/flat/299792149/
68992830;5;CAR;191,7;83,3;7;13;2022;1;1;3,4;3;https://www.cian.ru/sale/flat/300487794/
69000000;4;WAR;60;;6;12;2020;0;0;3,2;2;https://www.cian.ru/sale/flat/287583404/
69000000;17;NWAR;137;125;4;5;2023;1;1;;4;https://www.cian.ru/sale/flat/298213933/
69000000;7;NAR;100;;3;13;;0;0;3;4;https://www.cian.ru/sale/flat/300143589/
69000000;3;CAR;100,7;65,3;5;14;1972;0;0;2,7;4;https://www.cian.ru/sale/flat/294316840/
69108000;2025;NWAR;97,5;63;28;29;2023;1;0;3,15;4;https://www.cian.ru/sale/flat/289786227/
69134455;12;CAR;69,9;18,3;7;9;2021;1;1;3,6;2;https://www.cian.ru/sale/flat/298329474/
69260000;8;WAR;102,3;46;9;13;2023;1;0;3;3;https://www.cian.ru/sale/flat/296278142/
69400000;11;CAR;138,8;;18;29;2021;0;0;3;3;https://www.cian.ru/sale/flat/292721087/
69417260;17;NWAR;83,6;47,2;16;43;2023;1;0;3,15;3;https://www.cian.ru/sale/flat/292613265/
69900000;6;CAR;74;29;3;6;1908;0;0;3;3;https://www.cian.ru/sale/flat/276058207/
69900000;6;WAR;126,8;75,5;11;13;2022;0;0;;4;https://www.cian.ru/sale/flat/300301413/
69900000;6;NEAR;88;59;9;14;2021;0;0;3;4;https://www.cian.ru/sale/flat/300465241/
69950000;10;CAR;101,7;;7;9;;0;0;3,2;3;https://www.cian.ru/sale/flat/285861700/
69990000;4;CAR;90,3;69;7;8;1929;0;0;4,2;3;https://www.cian.ru/sale/flat/296215205/
69990000;14;WAR;110;75;13;25;2017;0;0;3;4;https://www.cian.ru/sale/flat/295005676/
69999990;13;SWAR;162,3;90,8;4;32;2021;1;0;3,1;4;https://www.cian.ru/sale/flat/264100282/
70000000;2;CAR;105;70;25;73;;0;1;;2;https://www.cian.ru/sale/flat/294226335/
70000000;9;CAR;106,2;;5;10;;0;0;3,15;2;https://www.cian.ru/sale/flat/295467334/
70000000;17;NWAR;107,8;;3;3;2017;0;1;3,2;2;https://www.cian.ru/sale/flat/300133660/
70000000;17;NWAR;107,8;;3;3;;0;1;3,2;2;https://www.cian.ru/sale/flat/300120368/
70000000;5;CAR;100;70;5;6;2000;0;0;;2;https://www.cian.ru/sale/flat/300539848/
70000000;1;CAR;105;;25;76;2009;0;1;;2;https://www.cian.ru/sale/flat/297672423/
70000000;7;CAR;76,1;;5;12;1972;0;0;3;2;https://www.cian.ru/sale/flat/297550308/
70000000;2;CAR;67;;32;65;;0;1;;2;https://www.cian.ru/sale/flat/299058486/
70000000;19;NWAR;96,2;62;5;10;2023;1;0;;3;https://www.cian.ru/sale/flat/299321811/
70000000;16;SWAR;143;75;20;21;;0;0;;3;https://www.cian.ru/sale/flat/300289243/
70000000;7;SWAR;135,4;;23;31;2004;0;0;3;3;https://www.cian.ru/sale/flat/295203930/
70000000;3;CAR;100;;18;78;2020;0;1;3,9;3;https://www.cian.ru/sale/flat/293128761/
70000000;6;WAR;101;;2;19;;0;0;;3;https://www.cian.ru/sale/flat/299776434/
70000000;16;CAR;123,7;78;9;18;2009;0;0;;3;https://www.cian.ru/sale/flat/300751207/
70000000;8;NAR;109;65;12;12;2019;0;1;3,2;3;https://www.cian.ru/sale/flat/300337230/
70000000;16;CAR;123;97;9;18;;0;0;;3;https://www.cian.ru/sale/flat/299609442/
70000000;12;CAR;124;;9;18;2008;0;0;3;3;https://www.cian.ru/sale/flat/298824528/
70000000;3;CAR;100;;29;78;2020;0;1;3,9;3;https://www.cian.ru/sale/flat/293128332/
70000000;7;SAR;130;;14;22;2002;0;0;3;4;https://www.cian.ru/sale/flat/300247942/
70000000;12;NEAR;99,7;61,3;3;11;;0;0;;4;https://www.cian.ru/sale/flat/296404224/
70000000;11;WAR;104,7;77,6;8;15;1952;0;0;3,2;4;https://www.cian.ru/sale/flat/300341852/
70000000;1;NAR;142,7;;5;59;2021;0;0;2,8;4;https://www.cian.ru/sale/flat/296599966/
70000000;5;SAR;184,5;100;8;8;2016;0;1;5,5;4;https://www.cian.ru/sale/flat/295096926/
70000000;10;NEAR;152,4;62,2;20;21;2021;0;0;3,5;4;https://www.cian.ru/sale/flat/299376345/
70000000;12;NWAR;127,2;80;31;35;2008;0;0;3,1;4;https://www.cian.ru/sale/flat/300441618/
70000000;5;SAR;185;;8;8;2016;0;1;;4;https://www.cian.ru/sale/flat/276634299/
70000000;6;NEAR;109,5;;12;23;;0;0;;4;https://www.cian.ru/sale/flat/299566803/
70001652;1;CAR;80,6;49,6;59;85;2015;1;1;;2;https://www.cian.ru/sale/flat/288136857/
70050000;13;NAR;102,4;50,1;4;12;2023;1;0;3,02;3;https://www.cian.ru/sale/flat/299174089/
70090220;20;SAR;137,52;66,3;27;46;2023;1;0;3;4;https://www.cian.ru/sale/flat/299093555/
70395800;10;NEAR;134,6;101;33;34;2022;1;0;3;4;https://www.cian.ru/sale/flat/298604116/
70555650;6;CAR;78,1;;5;6;;0;0;;2;https://www.cian.ru/sale/flat/286514413/
70569150;4;CAR;78,1;50;5;6;1952;0;0;3,96;3;https://www.cian.ru/sale/flat/286620185/
70569150;4;CAR;78,1;;5;6;1952;0;0;4;3;https://www.cian.ru/sale/flat/291597053/
70740000;12;WAR;87,5;31,9;3;12;2023;1;0;3,65;2;https://www.cian.ru/sale/flat/300311955/
70800000;5;WAR;59;;6;8;2020;0;0;;2;https://www.cian.ru/sale/flat/282550588/
70985200;11;NWAR;124,1;50,1;18;21;2023;1;0;3,1;4;https://www.cian.ru/sale/flat/299167970/
71000000;13;NAR;82;55;16;40;;0;0;;2;https://www.cian.ru/sale/flat/300118798/
71000000;5;NAR;95;61;20;21;2019;0;0;3;3;https://www.cian.ru/sale/flat/298851611/
71000000;11;NWAR;150;83;22;32;2010;0;0;;4;https://www.cian.ru/sale/flat/297999581/
71500000;26;WAR;128;75;5;23;2010;0;0;3,2;3;https://www.cian.ru/sale/flat/299327398/
71500000;5;NWAR;175;90;3;14;2006;0;0;3,1;4;https://www.cian.ru/sale/flat/297999583/
71500000;1;SAR;131,13;;25;26;2023;0;0;2,87;4;https://www.cian.ru/sale/flat/295763906/
71564104;4;CAR;119,2;71,6;18;22;2022;1;0;3,25;4;https://www.cian.ru/sale/flat/300887715/
71860200;19;NEAR;156,9;117,7;10;32;2023;1;0;3;3;https://www.cian.ru/sale/flat/289911841/
71950000;10;WAR;124,8;;11;11;2022;0;0;3,4;4;https://www.cian.ru/sale/flat/295774042/
71990000;3;CAR;150;100;3;6;1900;0;0;;4;https://www.cian.ru/sale/flat/300539825/
72000000;7;CAR;150,1;120;2;3;2007;0;0;3;3;https://www.cian.ru/sale/flat/300539737/
72000000;8;NAR;108,2;70;11;12;2019;0;1;3,2;3;https://www.cian.ru/sale/flat/300281368/
72000000;18;SAR;129,1;;38;40;2023;1;0;;4;https://www.cian.ru/sale/flat/300209363/
72000000;7;WAR;153,5;;10;28;2019;0;0;;4;https://www.cian.ru/sale/flat/290013051/
72000000;4;CAR;98;;5;6;1910;0;0;3,2;4;https://www.cian.ru/sale/flat/297680385/
72000000;8;CAR;115,4;84,8;6;8;1959;0;0;3;4;https://www.cian.ru/sale/flat/299459960/
72000000;14;NWAR;140;;13;19;2019;0;0;3,2;4;https://www.cian.ru/sale/flat/295044624/
72060705;17;NWAR;86,7;53,1;39;43;2023;1;0;3,15;3;https://www.cian.ru/sale/flat/298987908/
72090000;28;WAR;102,1;42,3;12;13;2023;1;0;3,58;3;https://www.cian.ru/sale/flat/296277908/
72129200;17;NWAR;88;53,2;38;43;2023;1;0;3,15;3;https://www.cian.ru/sale/flat/292613324/
72150000;3;CAR;105;90;8;10;2019;0;1;4,35;3;https://www.cian.ru/sale/flat/300234174/
72300000;7;NWAR;94;59;13;22;;0;0;;3;https://www.cian.ru/sale/flat/298565480/
72490000;6;CAR;151;110;6;13;2001;0;0;3,2;4;https://www.cian.ru/sale/flat/300005858/
72500000;16;WAR;123;;16;16;2020;0;0;3;4;https://www.cian.ru/sale/flat/299333776/
72640000;8;WAR;102,3;46;12;13;2023;1;0;3;3;https://www.cian.ru/sale/flat/296278140/
72690000;6;CAR;69,7;;5;7;;0;1;3,4;2;https://www.cian.ru/sale/flat/300421868/
72998000;12;NWAR;129,2;70;20;21;2023;1;0;3,1;4;https://www.cian.ru/sale/flat/299168063/
73000000;7;NAR;89;;4;10;;0;1;;2;https://www.cian.ru/sale/flat/292187076/
73000000;2;CAR;106;;25;75;2010;0;1;3;2;https://www.cian.ru/sale/flat/298073163/
73000000;9;CAR;72;17;5;21;2023;1;0;;1;https://www.cian.ru/sale/flat/298416859/
73000000;11;CAR;49;;2;8;;0;1;;1;https://www.cian.ru/sale/flat/300885088/
73000000;7;CAR;148,6;86;6;12;2003;0;0;2,9;3;https://www.cian.ru/sale/flat/296903834/
73000000;3;CAR;100;;9;10;2019;0;1;4,35;3;https://www.cian.ru/sale/flat/291373130/
73000000;7;WAR;122;;14;26;2019;0;0;3,15;4;https://www.cian.ru/sale/flat/292771380/
73000000;8;NAR;110;34;9;12;;0;1;;4;https://www.cian.ru/sale/flat/271257683/
73000000;2;WAR;133;;4;24;;0;0;3;4;https://www.cian.ru/sale/flat/299844318/
73263439;9;CAR;154,9;;21;30;2020;1;0;3,2;4;https://www.cian.ru/sale/flat/300285601/
73300000;6;CAR;122;;5;18;2017;0;1;3;4;https://www.cian.ru/sale/flat/299294280/
73395040;6;NWAR;79,2;36,2;7;9;2023;1;0;3,25;2;https://www.cian.ru/sale/flat/299261519/
73500000;18;WAR;128;61;5;23;2010;0;0;3;3;https://www.cian.ru/sale/flat/296041240/
73500000;6;NAR;105;61;6;12;;0;0;;3;https://www.cian.ru/sale/flat/295156758/
73600000;14;CAR;122,6;86,4;1;16;1956;0;0;3,5;4;https://www.cian.ru/sale/flat/294859988/
73990000;7;CAR;150;96;8;9;2003;0;0;3;3;https://www.cian.ru/sale/flat/297693816/
73998843;1;CAR;92,1;61,3;43;85;2015;1;1;;2;https://www.cian.ru/sale/flat/291360124/
74000000;5;CAR;81;22;2;5;2021;0;1;;3;https://www.cian.ru/sale/flat/299560798/
74000000;8;NAR;117;;25;38;2021;0;0;3,1;4;https://www.cian.ru/sale/flat/296315011/
74100000;6;CAR;78;;37;78;2020;0;1;3,9;2;https://www.cian.ru/sale/flat/300447621/
74500000;5;CAR;75;;36;78;;0;1;;2;https://www.cian.ru/sale/flat/300467617/
74600000;27;WAR;98,7;38,9;13;13;2023;1;0;3,13;3;https://www.cian.ru/sale/flat/296278089/
74653941;7;SAR;129,3;74;32;40;2023;1;0;3,15;4;https://www.cian.ru/sale/flat/293203859/
74709308;12;CAR;84,8;59,4;5;9;2021;1;1;3,6;2;https://www.cian.ru/sale/flat/298329491/
74752720;7;CAR;73,5;;4;5;1913;0;0;3,4;4;https://www.cian.ru/sale/flat/284201268/
74890000;14;NEAR;106;;21;22;2019;0;0;3,1;3;https://www.cian.ru/sale/flat/298057479/
74900000;13;CAR;60;;5;8;2023;0;0;;2;https://www.cian.ru/sale/flat/294770347/
74900000;6;CAR;171;;7;12;;0;1;;3;https://www.cian.ru/sale/flat/241370449/
74900000;17;SAR;140,2;60;15;16;2001;0;0;3,1;4;https://www.cian.ru/sale/flat/295800026/
74935640;6;NWAR;79,6;36,2;8;9;2023;1;0;3,25;2;https://www.cian.ru/sale/flat/299261516/
74990000;10;CAR;116;70;5;5;;0;0;;4;https://www.cian.ru/sale/flat/300542974/
74990000;10;CAR;116;;5;5;1910;0;0;3,5;4;https://www.cian.ru/sale/flat/292017256/
75000000;6;CAR;82;;55;78;2020;0;1;3,9;2;https://www.cian.ru/sale/flat/300447237/
75000000;4;CAR;90;;57;88;2020;0;1;;2;https://www.cian.ru/sale/flat/300445967/
75000000;6;CAR;82;53;54;67;;0;1;;2;https://www.cian.ru/sale/flat/283627992/
75000000;2;CAR;75;;2;4;;0;0;2,9;2;https://www.cian.ru/sale/flat/288080141/
75000000;16;NAR;94;;4;10;;0;1;;2;https://www.cian.ru/sale/flat/261659981/
75000000;5;WAR;90;52;7;18;2013;0;0;3;3;https://www.cian.ru/sale/flat/297776871/
75000000;12;NAR;114;65;25;41;;0;0;;3;https://www.cian.ru/sale/flat/295896669/
75000000;10;NAR;116,2;65;18;22;2006;0;0;3,1;3;https://www.cian.ru/sale/flat/300117351/
75000000;12;NAR;114;78;25;37;2021;0;0;;3;https://www.cian.ru/sale/flat/299872305/
75000000;19;CAR;110;58;16;22;;0;0;;3;https://www.cian.ru/sale/flat/299330349/
75000000;3;CAR;121,6;;9;10;1986;0;0;3;3;https://www.cian.ru/sale/flat/300068326/
75000000;12;NAR;114;78;25;41;;0;0;;3;https://www.cian.ru/sale/flat/300564787/
75000000;6;WAR;139;101;11;15;2005;0;0;3;3;https://www.cian.ru/sale/flat/300532384/
75000000;14;WAR;100;;21;28;;0;0;3;3;https://www.cian.ru/sale/flat/298227447/
75000000;10;NAR;116;90;18;57;;0;0;;3;https://www.cian.ru/sale/flat/297857392/
75000000;9;WAR;106;56,6;15;19;2008;0;0;3,2;3;https://www.cian.ru/sale/flat/298504349/
75000000;5;CAR;170;83;7;12;;0;1;;3;https://www.cian.ru/sale/flat/297837651/
75000000;10;NAR;115,7;90;18;50;;0;0;;3;https://www.cian.ru/sale/flat/299925925/
75000000;10;CAR;112,7;;8;16;2012;0;0;3;4;https://www.cian.ru/sale/flat/298985541/
75000000;7;CAR;117;66;2;4;1917;0;0;;4;https://www.cian.ru/sale/flat/299552813/
75000000;13;CAR;90;;44;44;2018;0;0;3;4;https://www.cian.ru/sale/flat/298802516/
75000000;13;NWAR;140,4;90;17;19;2018;0;0;3;4;https://www.cian.ru/sale/flat/286139771/
75000000;5;CAR;130;90;5;6;1938;0;0;;4;https://www.cian.ru/sale/flat/300539728/
75000000;12;NWAR;140,7;;7;19;2018;0;0;3,2;4;https://www.cian.ru/sale/flat/295316183/
75000000;13;CAR;88;;29;44;2018;0;0;3,1;4;https://www.cian.ru/sale/flat/300597186/
75000000;5;NAR;180;82;9;19;2006;0;0;3;4;https://www.cian.ru/sale/flat/287648831/
75000000;8;WAR;163;55;11;22;2004;0;0;3;4;https://www.cian.ru/sale/flat/288273358/
75000000;5;WAR;104;60;14;26;2021;0;0;;4;https://www.cian.ru/sale/flat/298786938/
75000000;19;CAR;131,5;;13;24;2004;0;0;;4;https://www.cian.ru/sale/flat/301035347/
75000000;6;WAR;140;;11;17;2005;0;0;3;4;https://www.cian.ru/sale/flat/296857564/
75018964;1;CAR;91,4;;48;85;2015;1;1;;2;https://www.cian.ru/sale/flat/291360122/
75145000;8;CAR;79,1;;2;5;1886;0;1;3,3;2;https://www.cian.ru/sale/flat/280660461/
75240000;3;CAR;83,6;;34;66;2020;1;1;3,9;2;https://www.cian.ru/sale/flat/300085962/
75273760;7;CAR;73,7;;4;5;1913;0;0;3;3;https://www.cian.ru/sale/flat/284310333/
75450000;13;NAR;119;54,8;8;12;2023;1;0;3,02;4;https://www.cian.ru/sale/flat/300954739/
75500000;5;CAR;88;46;2;10;;0;0;;3;https://www.cian.ru/sale/flat/299281080/
75607525;12;CAR;88,7;57,8;7;9;2021;1;1;3,6;2;https://www.cian.ru/sale/flat/300835887/
75670000;27;WAR;115,7;50,5;10;13;2023;1;0;3,13;3;https://www.cian.ru/sale/flat/296278083/
76000000;8;SWAR;95;;16;25;2024;1;0;3,17;3;https://www.cian.ru/sale/flat/294842884/
76000000;4;SAR;94;;3;15;2019;0;0;3,15;3;https://www.cian.ru/sale/flat/300578212/
76000000;12;SAR;89,9;50,3;13;18;2017;0;0;;3;https://www.cian.ru/sale/flat/295413844/
76000000;9;WAR;182;85;19;30;;0;0;;4;https://www.cian.ru/sale/flat/300897164/
76077459;14;CAR;60,8;42,2;4;9;2021;1;0;3,6;1;https://www.cian.ru/sale/flat/298329457/
76167310;6;NWAR;85,7;36,6;3;9;2023;1;0;3,25;2;https://www.cian.ru/sale/flat/299261517/
76200000;4;SAR;127;41;14;16;;0;1;;4;https://www.cian.ru/sale/flat/298484246/
76500000;10;NAR;166;124;7;25;;0;1;;4;https://www.cian.ru/sale/flat/300539766/
76750000;11;CAR;160;100;22;22;;0;0;3,2;4;https://www.cian.ru/sale/flat/297450928/
76752000;11;CAR;159,9;56;22;22;2022;0;0;;3;https://www.cian.ru/sale/flat/295092037/
76752000;11;CAR;159,9;;22;25;2021;0;0;3;4;https://www.cian.ru/sale/flat/289899678/
77000000;15;SAR;136,6;;2;4;;0;1;;2;https://www.cian.ru/sale/flat/299558863/
77000000;12;WAR;97,4;51;2;12;2023;1;0;;3;https://www.cian.ru/sale/flat/297719006/
77000000;17;WAR;84,5;45;15;34;2022;0;1;3,6;3;https://www.cian.ru/sale/flat/293542645/
77000000;14;WAR;166;98;6;22;2001;0;0;3;3;https://www.cian.ru/sale/flat/299841895/
77000000;8;NAR;107,6;;3;24;2019;0;0;3,4;3;https://www.cian.ru/sale/flat/290884000/
77000000;12;WAR;97,4;51;2;12;2023;0;0;;3;https://www.cian.ru/sale/flat/297731682/
77000000;11;CAR;98,3;62;2;8;2007;0;0;3;3;https://www.cian.ru/sale/flat/298804885/
77000000;17;WAR;84,5;45;15;34;2022;0;1;3,6;3;https://www.cian.ru/sale/flat/293542645/
77000000;3;SWAR;141,8;;7;48;;0;0;;4;https://www.cian.ru/sale/flat/300509004/
77000000;6;SWAR;177,8;98;7;20;2005;0;0;;4;https://www.cian.ru/sale/flat/297727468/
77000000;4;CAR;109;70,6;4;5;;0;0;3,5;4;https://www.cian.ru/sale/flat/298275471/
77058760;6;NWAR;81,9;37,3;3;9;2023;1;0;3,25;2;https://www.cian.ru/sale/flat/299261530/
77112000;12;SWAR;123,3;;16;18;2005;0;0;3;2;https://www.cian.ru/sale/flat/298978845/
77500000;12;WAR;97,7;36;2;12;2023;1;0;;3;https://www.cian.ru/sale/flat/297719004/
77500000;12;WAR;97,7;36;2;12;2023;0;0;;3;https://www.cian.ru/sale/flat/297731681/
77500000;9;CAR;160,6;135,6;5;6;1998;0;0;;4;https://www.cian.ru/sale/flat/300539748/
77500000;12;SWAR;195,3;;3;18;2005;0;0;3;4;https://www.cian.ru/sale/flat/300690285/
77517000;12;NWAR;130,5;72,2;20;21;2023;1;0;3,1;4;https://www.cian.ru/sale/flat/300312691/
77587734;19;SAR;103,9;;6;6;2023;1;0;3,15;3;https://www.cian.ru/sale/flat/300848127/
77652688;22;SAR;117,87;54,6;27;29;2023;1;0;3;3;https://www.cian.ru/sale/flat/289549085/
77805000;12;NEAR;119,7;89,8;35;37;2024;1;0;4,1;3;https://www.cian.ru/sale/flat/300463319/
77805400;8;CAR;81,9;;3;5;1886;0;1;3,1;2;https://www.cian.ru/sale/flat/284287625/
77967850;12;WAR;86,5;37,1;2;12;2023;1;0;3,65;2;https://www.cian.ru/sale/flat/299121997/
77990000;4;CAR;132,3;;6;8;1902;0;0;3,2;4;https://www.cian.ru/sale/flat/291733595/
78000000;3;WAR;135,4;80;2;17;;0;0;;3;https://www.cian.ru/sale/flat/300682264/
78000000;4;SAR;85,2;41,6;9;18;;0;0;;3;https://www.cian.ru/sale/flat/292980150/
78000000;9;CAR;127;;6;7;1902;0;0;3,1;4;https://www.cian.ru/sale/flat/300657331/
78000000;9;CAR;152;91;4;4;1890;0;0;3,2;4;https://www.cian.ru/sale/flat/300342962/
78000000;17;SAR;138;60;6;14;2019;0;0;3,4;4;https://www.cian.ru/sale/flat/295872379/
78000000;4;CAR;134;107;6;7;;0;0;;4;https://www.cian.ru/sale/flat/299895112/
78000000;2;CAR;127,1;70,7;6;7;1902;0;0;;4;https://www.cian.ru/sale/flat/301064989/
78000000;10;CAR;110;42;11;14;;0;0;;4;https://www.cian.ru/sale/flat/295062426/
78100000;27;WAR;115,7;57,8;12;13;2023;1;0;3,13;4;https://www.cian.ru/sale/flat/296278084/
78100000;11;SWAR;165,3;87,2;4;5;2010;0;0;3,3;4;https://www.cian.ru/sale/flat/292680419/
78120660;6;NWAR;90,1;;2;9;2023;1;0;3,25;2;https://www.cian.ru/sale/flat/299261520/
78259545;9;CAR;65,9;18,8;5;21;2023;1;0;3;1;https://www.cian.ru/sale/flat/287317369/
78500000;11;CAR;110,5;57,8;11;12;2013;0;0;3,1;4;https://www.cian.ru/sale/flat/291962439/
78700000;4;NAR;84,5;35;16;17;2023;0;1;3,2;3;https://www.cian.ru/sale/flat/300587718/
78708290;6;NWAR;122,9;64,9;2;8;2023;1;0;3,25;3;https://www.cian.ru/sale/flat/299261531/
78890000;3;CAR;140;101;4;5;1900;0;0;3,2;4;https://www.cian.ru/sale/flat/298988937/
78900000;11;CAR;60;34,5;4;8;2019;0;1;;2;https://www.cian.ru/sale/flat/300422149/
78900000;11;;111;46,4;11;12;2013;0;0;3,1;3;https://www.cian.ru/sale/flat/291962442/
78900000;10;CAR;111,1;48,5;11;12;;0;0;;3;https://www.cian.ru/sale/flat/291292047/
78900000;3;SWAR;212;;3;23;2014;0;0;;4;https://www.cian.ru/sale/flat/275990802/
78950000;2;CAR;68,8;38;8;8;1902;0;0;3,2;3;https://www.cian.ru/sale/flat/300006309/
78950000;5;WAR;91,1;58,1;3;13;2022;0;0;3,25;4;https://www.cian.ru/sale/flat/300684789/
78990850;6;NWAR;81,1;37,4;4;9;2023;1;0;3,25;2;https://www.cian.ru/sale/flat/299261524/
79000000;11;CAR;65;39;7;8;2018;0;0;3,2;2;https://www.cian.ru/sale/flat/299795999/
79000000;2;NAR;80;60,2;10;15;2023;0;1;3,1;2;https://www.cian.ru/sale/flat/298616596/
79000000;14;CAR;87,6;;3;9;2021;1;1;;1;https://www.cian.ru/sale/flat/291744038/
79000000;6;CAR;119;64,7;14;17;1998;0;0;3,2;3;https://www.cian.ru/sale/flat/296315046/
79000000;6;CAR;119;;14;17;1998;0;0;3,2;3;https://www.cian.ru/sale/flat/300149305/
79000000;2;CAR;90,7;53;3;8;1940;0;0;;3;https://www.cian.ru/sale/flat/256680882/
79000000;8;WAR;150;83;29;33;2015;0;0;3,1;4;https://www.cian.ru/sale/flat/300015364/
79000000;15;WAR;145,8;102;36;48;;0;0;3;4;https://www.cian.ru/sale/flat/277152529/
79376400;12;NWAR;129,7;70;21;21;2023;1;0;3,1;4;https://www.cian.ru/sale/flat/299168062/
79500000;10;CAR;95,7;;3;5;1958;0;0;;4;https://www.cian.ru/sale/flat/300527124/
79500000;5;WAR;151;94;7;8;1956;0;0;3;4;https://www.cian.ru/sale/flat/276577049/
79500000;7;CAR;178;94;8;12;2003;0;0;3;4;https://www.cian.ru/sale/flat/299120244/
79851000;6;CAR;185,7;;5;5;1917;0;0;4;3;https://www.cian.ru/sale/flat/299146912/
79877440;6;NWAR;122,3;54,3;2;10;2023;1;0;3,25;3;https://www.cian.ru/sale/flat/299261515/
79950000;11;CAR;159,9;;22;29;2021;0;0;3;3;https://www.cian.ru/sale/flat/292721081/
79950000;13;WAR;140;88;22;22;2018;0;0;3,9;4;https://www.cian.ru/sale/flat/299612030/
79990000;7;CAR;156;;4;6;1904;0;0;3,5;2;https://www.cian.ru/sale/flat/300006046/
79990000;4;WAR;108;;30;34;2011;0;0;3;3;https://www.cian.ru/sale/flat/298979087/
80000000;1;CAR;116,2;;25;85;2015;1;1;;2;https://www.cian.ru/sale/flat/299938864/
80000000;7;CAR;73;;8;32;1952;0;0;;2;https://www.cian.ru/sale/flat/299462745/
80000000;5;CAR;92;;16;78;2020;0;1;3;2;https://www.cian.ru/sale/flat/299573102/
80000000;9;CAR;80;;2;6;;0;0;3,5;2;https://www.cian.ru/sale/flat/299294037/
80000000;13;NAR;91,2;62,3;7;41;2022;0;0;3,1;3;https://www.cian.ru/sale/flat/299852072/
80000000;16;WAR;141;;8;45;;0;0;;3;https://www.cian.ru/sale/flat/300281927/
80000000;9;NAR;106;;13;15;2017;0;0;3,15;3;https://www.cian.ru/sale/flat/299570606/
80000000;9;CAR;90;;2;7;1933;0;0;3;3;https://www.cian.ru/sale/flat/300144349/
80000000;9;CAR;90;75;2;7;;0;0;;3;https://www.cian.ru/sale/flat/300539712/
80000000;9;CAR;90;66;2;7;1933;0;0;3;3;https://www.cian.ru/sale/flat/300189345/
80000000;9;WAR;130;72,3;17;21;2015;0;0;3;4;https://www.cian.ru/sale/flat/299857358/
80000000;9;NAR;139;86;13;14;2018;0;1;3;4;https://www.cian.ru/sale/flat/299185566/
80529800;11;NWAR;122,2;67,9;21;21;2023;1;0;3,1;4;https://www.cian.ru/sale/flat/299168007/
81000000;6;CAR;101,9;65;63;68;2019;0;1;3,5;3;https://www.cian.ru/sale/flat/297157541/
81200000;3;CAR;116;;52;78;2019;0;1;3,9;3;https://www.cian.ru/sale/flat/296702466/
81499999;16;CAR;134,5;;3;13;;0;0;;3;https://www.cian.ru/sale/flat/300509438/
81500000;16;CAR;134,5;;3;13;;0;0;;3;https://www.cian.ru/sale/flat/300509015/
81800000;3;CAR;132,3;60;5;5;1913;0;0;;3;https://www.cian.ru/sale/flat/299363916/
81940000;21;WAR;67,5;;3;8;;0;0;3,2;2;https://www.cian.ru/sale/flat/300393459/
81980000;4;WAR;66,2;;3;12;2020;0;0;3,5;2;https://www.cian.ru/sale/flat/300421777/
81980000;19;WAR;156;;7;24;2014;0;0;;3;https://www.cian.ru/sale/flat/299936366/
82000000;4;WAR;66;44,8;3;12;;0;0;;2;https://www.cian.ru/sale/flat/284054915/
82000000;4;WAR;100;;42;42;2021;0;0;3,5;2;https://www.cian.ru/sale/flat/300504325/
82000000;10;CAR;73,8;;4;6;2024;0;1;;2;https://www.cian.ru/sale/flat/300759739/
82000000;4;WAR;65,6;;3;9;2020;0;0;3,2;2;https://www.cian.ru/sale/flat/293947936/
82000000;4;WAR;65,6;;3;12;;0;0;;2;https://www.cian.ru/sale/flat/300877514/
82000000;4;WAR;66;;3;12;;0;0;3,35;2;https://www.cian.ru/sale/flat/295412219/
82000000;18;NWAR;190;;9;35;2003;0;0;3,2;4;https://www.cian.ru/sale/flat/292953495/
82000000;18;NWAR;189,2;;6;32;;0;0;3;4;https://www.cian.ru/sale/flat/291445703/
82153253;4;CAR;109,3;86;4;6;1912;0;0;3;4;https://www.cian.ru/sale/flat/293032511/
82200000;6;CAR;184,1;;6;6;2015;0;1;;4;https://www.cian.ru/sale/flat/289899661/
82350000;8;WAR;115;72;19;22;;0;0;;3;https://www.cian.ru/sale/flat/289032731/
82400000;8;CAR;62;;1;7;;0;0;;2;https://www.cian.ru/sale/flat/300509378/
82500000;4;WAR;66;;3;8;2020;0;0;3,2;2;https://www.cian.ru/sale/flat/292243588/
82500000;18;NWAR;150;;13;21;2023;0;0;;4;https://www.cian.ru/sale/flat/299744613/
82644000;3;CAR;85,2;;52;66;2020;1;1;3,9;2;https://www.cian.ru/sale/flat/296913134/
82800000;2;CAR;60,7;;8;9;2023;0;1;;2;https://www.cian.ru/sale/flat/299672730/
83000000;4;WAR;66;;3;12;2019;0;0;3;2;https://www.cian.ru/sale/flat/293596614/
83000000;6;CAR;113;70;59;79;;0;1;;3;https://www.cian.ru/sale/flat/300539688/
83000000;11;CAR;120;42,9;2;29;2021;0;0;2,8;3;https://www.cian.ru/sale/flat/300873827/
83000000;6;NEAR;130;85;14;23;2010;0;0;3,37;3;https://www.cian.ru/sale/flat/298066142/
83000000;10;CAR;171,3;108;5;25;1998;0;0;;4;https://www.cian.ru/sale/flat/300539797/
83000000;10;CAR;171,3;108;5;25;1998;0;0;3;4;https://www.cian.ru/sale/flat/298472219/
83000000;14;WAR;218;170;37;37;;0;0;;4;https://www.cian.ru/sale/flat/299061815/
83000000;3;CAR;100,9;59,9;4;12;2006;0;0;3,1;4;https://www.cian.ru/sale/flat/297946581/
83000000;3;CAR;100;68,5;4;12;2006;0;0;3;4;https://www.cian.ru/sale/flat/297919203/
83000000;10;WAR;108,4;70;23;52;2020;0;0;3;4;https://www.cian.ru/sale/flat/300380261/
83000000;11;CAR;120;84;3;29;;0;0;3;4;https://www.cian.ru/sale/flat/298224144/
83000000;3;CAR;99,6;;4;12;2006;0;0;3,5;4;https://www.cian.ru/sale/flat/298255926/
83200000;7;NAR;104,5;;3;15;2017;0;0;3,15;4;https://www.cian.ru/sale/flat/297588490/
83700000;17;WAR;83,7;;17;32;;0;1;;3;https://www.cian.ru/sale/flat/299095732/
83777500;14;CAR;57,5;;6;8;2023;1;0;3,2;1;https://www.cian.ru/sale/flat/294641872/
83800800;2;CAR;82,4;26,3;5;8;2022;0;1;3;2;https://www.cian.ru/sale/flat/293459376/
83900000;14;WAR;192,7;;25;30;2001;0;0;3;4;https://www.cian.ru/sale/flat/295761850/
84000000;3;CAR;120;;62;78;2020;0;1;3,9;3;https://www.cian.ru/sale/flat/293045467/
84000000;13;NAR;82;62;25;37;2021;0;0;;3;https://www.cian.ru/sale/flat/298522497/
84000000;4;WAR;135;80;25;34;2011;0;0;;3;https://www.cian.ru/sale/flat/296202968/
84000000;3;CAR;120;;38;78;2019;0;1;3,9;3;https://www.cian.ru/sale/flat/296587634/
84000000;10;NAR;135;55;3;25;2020;0;1;3,2;4;https://www.cian.ru/sale/flat/298253271/
84200000;2;CAR;106;59;5;5;1890;0;0;3;3;https://www.cian.ru/sale/flat/295616431/
84300000;15;WAR;100;37,8;14;14;2023;1;0;3;3;https://www.cian.ru/sale/flat/296277569/
84370000;4;CAR;76,7;;42;78;2019;1;1;3,9;2;https://www.cian.ru/sale/flat/298855602/
84400000;9;CAR;76;;2;5;2020;0;1;3,5;2;https://www.cian.ru/sale/flat/297708682/
84480213;12;CAR;87,6;54,7;4;9;2021;1;1;3,6;2;https://www.cian.ru/sale/flat/298329476/
84481000;4;CAR;88,4;;4;7;2016;0;1;3,5;2;https://www.cian.ru/sale/flat/295040022/
84500000;9;CAR;75,1;;2;5;2020;0;1;;2;https://www.cian.ru/sale/flat/285554427/
84600000;28;WAR;130,4;84,1;2;14;;0;0;;4;https://www.cian.ru/sale/flat/300509013/
84750000;9;CAR;75;58;2;6;;0;1;;2;https://www.cian.ru/sale/flat/290001136/
84770000;12;CAR;121,1;;4;15;2000;0;0;3;3;https://www.cian.ru/sale/flat/296514916/
84990000;15;SWAR;122;75;5;20;2019;0;0;3;3;https://www.cian.ru/sale/flat/300736517/
84990000;13;NAR;91;60;6;41;2023;0;0;3,2;4;https://www.cian.ru/sale/flat/298980804/
84990000;11;WAR;135;95;21;39;2017;0;0;3,1;4;https://www.cian.ru/sale/flat/300393612/
85000000;12;SAR;136,9;100;6;16;2017;0;0;3;3;https://www.cian.ru/sale/flat/299894947/
85000000;11;WAR;88,7;;9;15;1952;0;0;3,2;3;https://www.cian.ru/sale/flat/291413430/
85000000;3;CAR;123;;45;78;2020;0;1;3,9;3;https://www.cian.ru/sale/flat/294465896/
85000000;17;WAR;101,9;;11;32;2023;0;1;;3;https://www.cian.ru/sale/flat/299762411/
85000000;8;CAR;112,7;65;3;5;2013;0;1;3,5;3;https://www.cian.ru/sale/flat/299069947/
85000000;;WAR;104;67;9;14;;0;0;;3;https://www.cian.ru/sale/flat/298786403/
85000000;13;WAR;110;;13;44;2017;0;0;3,1;3;https://www.cian.ru/sale/flat/292583669/
85000000;3;WAR;108,1;73;7;14;1955;0;0;3,2;3;https://www.cian.ru/sale/flat/290380799/
85000000;11;CAR;112,5;;3;7;2013;0;1;3,5;3;https://www.cian.ru/sale/flat/247716276/
85000000;6;CAR;90,6;32;7;79;2019;0;1;;3;https://www.cian.ru/sale/flat/298476765/
85000000;7;CAR;85,7;;6;21;;0;0;;3;https://www.cian.ru/sale/flat/294045499/
85000000;8;CAR;112;;3;5;;0;1;3,5;3;https://www.cian.ru/sale/flat/298367854/
85000000;8;CAR;132,1;;7;7;;0;0;;3;https://www.cian.ru/sale/flat/289628414/
85000000;8;CAR;112,7;65;3;5;2014;0;1;3,6;3;https://www.cian.ru/sale/flat/299700370/
85000000;8;CAR;140;90;7;7;1952;0;0;;4;https://www.cian.ru/sale/flat/300539743/
85000000;5;WAR;100;;10;14;2022;0;0;3,1;4;https://www.cian.ru/sale/flat/300838160/
85000000;13;WAR;133;;21;36;2016;0;0;3;4;https://www.cian.ru/sale/flat/295086101/
85000000;19;WAR;168;88;10;30;2008;0;0;3,1;4;https://www.cian.ru/sale/flat/291914963/
85000000;6;CAR;135;87;6;7;1914;0;0;3,2;4;https://www.cian.ru/sale/flat/295377165/
85000000;15;SAR;176;;6;9;1940;0;0;3;4;https://www.cian.ru/sale/flat/300006008/
85000000;10;CAR;200;;2;4;1895;0;0;3,4;4;https://www.cian.ru/sale/flat/298379426/
85000000;8;CAR;140;90;7;7;1952;0;0;;4;https://www.cian.ru/sale/flat/300539782/
85000000;5;CAR;153,3;119;3;8;1996;0;0;2,75;4;https://www.cian.ru/sale/flat/283107913/
85000001;17;WAR;83,6;;27;34;2024;1;1;;3;https://www.cian.ru/sale/flat/299928367/
85004500;8;CAR;104,3;;6;7;2016;1;1;3,25;2;https://www.cian.ru/sale/flat/263389572/
85244381;1;CAR;76,65;;4;17;2025;1;0;3,28;2;https://www.cian.ru/sale/flat/299928834/
85400000;3;CAR;122;;43;78;2019;0;1;3,9;3;https://www.cian.ru/sale/flat/296585885/
85600000;5;CAR;87,7;;3;3;2004;0;0;3;3;https://www.cian.ru/sale/flat/300023889/
85900000;9;CAR;61,8;;3;4;1860;0;0;4;2;https://www.cian.ru/sale/flat/297753284/
85974000;1;CAR;62,3;;8;9;2023;1;1;;2;https://www.cian.ru/sale/flat/289484533/
86000000;12;CAR;69;;14;17;2017;0;0;3,3;2;https://www.cian.ru/sale/flat/299250886/
86000000;5;CAR;114,2;;46;75;2012;0;1;3;2;https://www.cian.ru/sale/flat/288552689/
86000000;10;CAR;93;69;11;17;2013;0;0;3,3;2;https://www.cian.ru/sale/flat/292278816/
86000000;4;CAR;114,2;;46;80;2014;0;1;;2;https://www.cian.ru/sale/flat/290012400/
86000000;4;CAR;114;92;46;75;;0;1;;2;https://www.cian.ru/sale/flat/288307714/
86000000;3;CAR;114,2;;46;75;2013;0;1;3;2;https://www.cian.ru/sale/flat/288553462/
86000000;11;SWAR;174,6;88;5;5;2010;0;0;3,4;3;https://www.cian.ru/sale/flat/299063762/
86000000;19;CAR;160;;12;22;2007;0;0;3;4;https://www.cian.ru/sale/flat/296940812/
86000000;3;CAR;160;;12;22;2007;0;0;;4;https://www.cian.ru/sale/flat/285604501/
86800000;3;CAR;124;;49;78;2019;0;1;3,9;3;https://www.cian.ru/sale/flat/296587173/
86990000;4;CAR;128;65;4;4;1900;0;0;4;3;https://www.cian.ru/sale/flat/299466728/
87000000;18;SWAR;115,7;63;5;19;2007;0;0;3;3;https://www.cian.ru/sale/flat/299385590/
87000000;6;CAR;86;;3;5;2021;0;1;3,3;4;https://www.cian.ru/sale/flat/289899668/
87000000;6;CAR;84,97;;3;5;2021;0;1;3;4;https://www.cian.ru/sale/flat/289462352/
87200000;11;WAR;141,1;;2;12;2023;1;0;;3;https://www.cian.ru/sale/flat/298921564/
87312000;2;CAR;64,2;;8;9;2023;0;1;3,6;2;https://www.cian.ru/sale/flat/297469215/
87400000;6;CAR;85;;3;5;2021;0;1;3,4;4;https://www.cian.ru/sale/flat/278010627/
87500000;7;SWAR;115,4;;38;40;2013;0;0;3,5;2;https://www.cian.ru/sale/flat/300667260/
87500000;3;CAR;125;;44;78;2019;0;1;3,9;3;https://www.cian.ru/sale/flat/296586411/
87700000;5;WAR;73,5;;10;13;;0;1;2,9;2;https://www.cian.ru/sale/flat/298162050/
88000000;15;CAR;73;;7;21;;0;0;3,3;2;https://www.cian.ru/sale/flat/297673737/
88000000;8;CAR;70;40;6;10;;0;0;;2;https://www.cian.ru/sale/flat/298529365/
88000000;8;CAR;179;;10;11;2022;0;1;;4;https://www.cian.ru/sale/flat/300822934/
88184211;10;CAR;111,7;;8;8;2019;1;0;3,3;2;https://www.cian.ru/sale/flat/274788987/
88184211;10;CAR;111,7;;8;8;2019;1;0;3,3;1;https://www.cian.ru/sale/flat/274788987/
88540000;8;CAR;93,2;;2;5;1886;0;1;3,3;2;https://www.cian.ru/sale/flat/293262180/
89000000;7;WAR;151,8;100;21;23;2010;0;0;3;4;https://www.cian.ru/sale/flat/299469711/
89000000;3;CAR;137;;4;4;1902;0;0;3,2;4;https://www.cian.ru/sale/flat/300292461/
89500000;9;CAR;104;70;3;17;2013;0;0;3,3;4;https://www.cian.ru/sale/flat/293498431/
89900000;6;NEAR;135;91;15;23;2010;0;0;3;3;https://www.cian.ru/sale/flat/300320849/
89900000;4;CAR;93,4;;2;7;2016;0;1;3,5;3;https://www.cian.ru/sale/flat/297311898/
89900000;15;WAR;105,6;62;10;18;2026;0;0;3,2;3;https://www.cian.ru/sale/flat/298735155/
89936196;12;NAR;133,2;;4;41;2022;1;0;3,1;4;https://www.cian.ru/sale/flat/301041435/
89999999;8;WAR;96;76;8;9;;0;0;;3;https://www.cian.ru/sale/flat/297954913/
90000000;3;CAR;101;;43;75;2013;0;1;3,2;2;https://www.cian.ru/sale/flat/292207196/
90000000;6;CAR;86;18;63;66;;0;1;;1;https://www.cian.ru/sale/flat/299723346/
90000000;8;CAR;122;;5;5;1910;0;0;3,4;3;https://www.cian.ru/sale/flat/299060713/
90000000;6;CAR;93,8;45,4;2;6;2017;0;1;3,85;3;https://www.cian.ru/sale/flat/296574070/
90000000;6;WAR;111;;10;12;;0;0;;3;https://www.cian.ru/sale/flat/300509123/
90000000;6;CAR;168;135;5;11;2001;0;0;3;3;https://www.cian.ru/sale/flat/289975609/
90000000;20;SWAR;185;70;19;51;;0;0;;3;https://www.cian.ru/sale/flat/299254495/
90000000;3;CAR;154;;5;5;1954;0;0;3,2;4;https://www.cian.ru/sale/flat/300760149/
90000000;9;WAR;132,8;;4;14;2022;0;0;3,4;4;https://www.cian.ru/sale/flat/287663543/
90000000;7;WAR;280;;1;7;2008;0;0;;4;https://www.cian.ru/sale/flat/272816556/
90000000;7;WAR;155;;4;11;2015;0;0;3;4;https://www.cian.ru/sale/flat/297349731/
90000000;5;WAR;136;;4;14;2022;0;0;3,1;4;https://www.cian.ru/sale/flat/300987092/
90000000;9;CAR;169;;6;6;1902;0;0;3,1;4;https://www.cian.ru/sale/flat/291342956/
90214161;12;CAR;87,3;54,7;5;9;2021;1;1;3,6;2;https://www.cian.ru/sale/flat/298329488/
90265800;10;NEAR;142,6;107;34;34;2022;1;0;6,9;4;https://www.cian.ru/sale/flat/298604135/
90478440;7;CAR;74,8;;4;10;;0;0;;3;https://www.cian.ru/sale/flat/299070307/
90551232;11;CAR;65;;4;7;2013;0;1;2,9;2;https://www.cian.ru/sale/flat/283680381/
90900900;9;CAR;87;56;6;21;2023;0;0;3;3;https://www.cian.ru/sale/flat/299588498/
91000000;1;CAR;130;;69;95;2017;0;1;3,5;3;https://www.cian.ru/sale/flat/300317865/
91000000;9;CAR;87,6;58;7;21;2023;0;0;3;3;https://www.cian.ru/sale/flat/296785937/
91096000;5;WAR;113,87;;57;57;2024;1;0;2,9;3;https://www.cian.ru/sale/flat/300843847/
91500000;16;NWAR;170;64;13;19;;0;0;;4;https://www.cian.ru/sale/flat/299770399/
91999000;6;CAR;99,61;;10;14;;0;0;;2;https://www.cian.ru/sale/flat/300826937/
92000000;5;WAR;137;;6;12;2021;0;0;3,6;4;https://www.cian.ru/sale/flat/297929292/
92000000;6;WAR;136,5;;6;12;2022;0;0;3;4;https://www.cian.ru/sale/flat/298158048/
92690000;6;CAR;72;40;3;6;2017;0;1;3,4;2;https://www.cian.ru/sale/flat/283063995/
92900000;6;CAR;78;55;72;78;2020;0;1;3,04;2;https://www.cian.ru/sale/flat/299216001/
93000000;6;CAR;87;60;46;78;;0;1;;3;https://www.cian.ru/sale/flat/300642328/
93000000;7;CAR;110;75,4;2;5;1912;0;0;3,5;3;https://www.cian.ru/sale/flat/297904821/
93000000;13;WAR;117;73;9;39;2015;0;0;;3;https://www.cian.ru/sale/flat/298726967/
93000000;6;CAR;93;68;2;7;2016;0;1;3,5;3;https://www.cian.ru/sale/flat/300393385/
93000000;9;WAR;216;121;15;44;2004;0;0;3;4;https://www.cian.ru/sale/flat/298876471/
93230650;5;NWAR;151,9;61,4;2;21;2023;1;0;3,23;4;https://www.cian.ru/sale/flat/295343751/
93550000;7;CAR;67,3;;14;66;2023;0;0;3;2;https://www.cian.ru/sale/flat/295149797/
93589100;10;CAR;77,2;43,7;4;8;2019;0;1;;2;https://www.cian.ru/sale/flat/284611342/
93700000;12;CAR;60;14;2;9;2020;0;0;3;2;https://www.cian.ru/sale/flat/294203461/
93750000;8;WAR;125;71,3;5;14;1955;0;0;3,2;4;https://www.cian.ru/sale/flat/299549536/
94000000;15;CAR;119,7;88;17;21;2008;0;0;3;3;https://www.cian.ru/sale/flat/300812071/
94000000;2;CAR;106,4;;5;6;2013;0;1;2,7;3;https://www.cian.ru/sale/flat/291967807/
94000000;10;CAR;140;;4;6;1913;0;0;3,6;3;https://www.cian.ru/sale/flat/290012384/
94000000;10;CAR;140;75;4;5;1900;0;0;;4;https://www.cian.ru/sale/flat/293666101/
94092200;28;WAR;103,1;41,2;4;12;;0;0;;3;https://www.cian.ru/sale/flat/300509117/
94324200;8;CAR;65;44;3;9;;0;0;;2;https://www.cian.ru/sale/flat/300734218/
94400000;11;CAR;90,4;;5;12;;0;0;;2;https://www.cian.ru/sale/flat/300509445/
94450000;9;CAR;71,06;36,8;3;13;;0;0;;1;https://www.cian.ru/sale/flat/300509292/
94500000;3;CAR;135;;42;78;2019;0;1;3,9;3;https://www.cian.ru/sale/flat/296588130/
94966000;7;CAR;92,2;;3;21;;0;0;;3;https://www.cian.ru/sale/flat/297313101/
94980000;3;NWAR;137,6;;6;21;2023;1;0;;3;https://www.cian.ru/sale/flat/299653994/
95000000;9;CAR;56;40;3;4;2016;0;1;;2;https://www.cian.ru/sale/flat/279918609/
95000000;;CAR;77;;3;18;2019;0;0;3,65;2;https://www.cian.ru/sale/flat/298474189/
95000000;5;CAR;105;;4;7;2017;0;1;3,2;3;https://www.cian.ru/sale/flat/280304500/
95000000;16;WAR;160;80;4;15;;0;0;3;3;https://www.cian.ru/sale/flat/298002096/
95000000;10;CAR;160;;3;7;1914;0;1;;3;https://www.cian.ru/sale/flat/300887660/
95000000;7;CAR;92,2;;3;21;2023;0;0;3;3;https://www.cian.ru/sale/flat/300194610/
95000000;7;CAR;92,12;60;3;21;2023;0;0;;3;https://www.cian.ru/sale/flat/296838583/
95000000;11;NWAR;105;37,7;25;36;;0;0;;3;https://www.cian.ru/sale/flat/295521368/
95000000;9;CAR;90;;4;6;1910;0;0;;3;https://www.cian.ru/sale/flat/294081699/
95000000;10;NEAR;151,1;74,5;5;12;1999;0;0;3;4;https://www.cian.ru/sale/flat/295284260/
95000000;12;NWAR;180;80;38;48;;0;0;3,15;4;https://www.cian.ru/sale/flat/297318631/
95000000;4;WAR;157;;44;53;2012;0;0;5;4;https://www.cian.ru/sale/flat/297988218/
95000000;12;NWAR;172;;42;48;2003;0;0;3,2;4;https://www.cian.ru/sale/flat/300210734/
95000000;12;NWAR;171,7;66;38;48;2016;0;0;;4;https://www.cian.ru/sale/flat/297912415/
95000000;10;CAR;165;135;3;7;1914;0;1;3,5;4;https://www.cian.ru/sale/flat/300872556/
95000000;14;SWAR;123;;12;19;;0;1;3;4;https://www.cian.ru/sale/flat/297842118/
95000000;10;CAR;165;130;3;7;1914;0;0;3,4;4;https://www.cian.ru/sale/flat/300753196/
95000000;1;CAR;143;94,2;6;8;1912;0;0;;4;https://www.cian.ru/sale/flat/288970638/
95700000;11;CAR;86;;2;9;2020;0;1;3,2;3;https://www.cian.ru/sale/flat/294769641/
95700000;11;CAR;86;54;2;9;2022;0;1;3;3;https://www.cian.ru/sale/flat/290380706/
95700000;11;CAR;86;;2;7;2021;0;1;3;3;https://www.cian.ru/sale/flat/289764822/
95700000;13;CAR;87;62;2;7;2021;0;1;;3;https://www.cian.ru/sale/flat/294741490/
95850000;6;CAR;192;;9;14;2022;0;1;3,5;4;https://www.cian.ru/sale/flat/300005823/
96000000;2;CAR;85;48;63;65;2020;0;1;3,5;2;https://www.cian.ru/sale/flat/299112798/
96000000;6;CAR;86;38;63;66;;0;1;;1;https://www.cian.ru/sale/flat/299330003/
96000000;8;NAR;148,7;;4;12;2019;0;1;;4;https://www.cian.ru/sale/flat/298719691/
96000000;10;NWAR;162,1;;2;6;2008;0;0;3,5;4;https://www.cian.ru/sale/flat/293750379/
96169560;7;NWAR;149,2;61,5;3;21;2023;1;0;3,23;4;https://www.cian.ru/sale/flat/296760315/
96288928;22;SAR;136,39;66,5;1;1;2023;1;0;3;4;https://www.cian.ru/sale/flat/288867469/
96600000;12;WAR;193,2;112,4;21;21;2020;1;1;3,3;4;https://www.cian.ru/sale/flat/271161275/
96705000;5;WAR;92,1;;8;13;;0;0;3,1;3;https://www.cian.ru/sale/flat/295915768/
96710000;8;WAR;129,8;38,7;13;14;2023;1;0;3;3;https://www.cian.ru/sale/flat/296277887/
96914966;7;CAR;103,5;;3;7;1947;0;0;3;3;https://www.cian.ru/sale/flat/239124088/
97000000;12;SAR;136,7;64,5;15;18;2017;0;0;3;3;https://www.cian.ru/sale/flat/300059754/
97000000;2;CAR;220;;45;75;2010;0;1;3;3;https://www.cian.ru/sale/flat/294462390/
97178536;4;CAR;160;;4;7;1911;0;0;3,5;4;https://www.cian.ru/sale/flat/299609144/
97375000;17;WAR;102,5;70;12;34;;0;1;3,4;3;https://www.cian.ru/sale/flat/300479087/
97850000;9;CAR;110,4;;3;4;;0;0;;3;https://www.cian.ru/sale/flat/292653563/
98000000;17;SWAR;95;75;9;20;;0;0;;3;https://www.cian.ru/sale/flat/295797621/
98000000;9;CAR;83;59;9;14;2013;0;0;3;3;https://www.cian.ru/sale/flat/300116453/
98000000;3;CAR;140;;68;78;2019;0;1;3,9;3;https://www.cian.ru/sale/flat/296702722/
98000000;5;WAR;136;;4;24;2010;0;0;;3;https://www.cian.ru/sale/flat/263883005/
98000000;18;NWAR;141;;16;17;;0;0;3,2;4;https://www.cian.ru/sale/flat/298645481/
98000000;8;CAR;110,4;57,1;3;13;;0;0;;4;https://www.cian.ru/sale/flat/296835523/
98112945;4;CAR;160;;4;9;1913;0;0;3;4;https://www.cian.ru/sale/flat/299724522/
98500000;5;CAR;141;80;11;13;2016;0;1;;4;https://www.cian.ru/sale/flat/271618813/
98763758;8;CAR;122,7;;3;13;2013;1;1;3,15;2;https://www.cian.ru/sale/flat/297286573/
98796810;13;WAR;117,8;80;25;44;2017;0;0;3,1;3;https://www.cian.ru/sale/flat/287625698/
98800000;9;CAR;152;120;2;4;2024;1;1;;4;https://www.cian.ru/sale/flat/300982399/
98900000;14;CAR;95,3;;3;13;;0;0;;2;https://www.cian.ru/sale/flat/300509431/
99000000;11;CAR;90,4;;5;12;;0;0;;2;https://www.cian.ru/sale/flat/300509137/
99000000;10;CAR;75,1;;4;6;2023;0;1;3;2;https://www.cian.ru/sale/flat/300101163/
99000000;4;CAR;123;69;51;75;;0;1;;1;https://www.cian.ru/sale/flat/297087850/
99000000;8;CAR;110,4;;3;11;2012;0;0;3,3;3;https://www.cian.ru/sale/flat/291590051/
99000000;12;CAR;90;;16;20;2021;0;0;3,23;3;https://www.cian.ru/sale/flat/300392038/
99000000;12;CAR;90;65;16;20;2021;0;0;3,2;3;https://www.cian.ru/sale/flat/298068249/
99000000;5;WAR;108,5;;15;19;2013;0;0;3,05;3;https://www.cian.ru/sale/flat/298499782/
99000000;5;NEAR;123;78;1;3;;0;0;;3;https://www.cian.ru/sale/flat/298002956/
99000000;14;CAR;93;74;7;24;;0;0;;3;https://www.cian.ru/sale/flat/296084770/
99000000;19;CAR;83;28;14;20;;0;0;3,25;3;https://www.cian.ru/sale/flat/299232975/
99000000;10;CAR;110,5;61;2;6;1912;0;0;3;3;https://www.cian.ru/sale/flat/295370167/
99000000;11;CAR;93;;7;20;2021;0;0;3,2;3;https://www.cian.ru/sale/flat/291318309/
99000000;28;WAR;136,5;84,6;5;12;;0;0;;4;https://www.cian.ru/sale/flat/300508999/
99000000;10;CAR;166,5;107;2;7;1913;0;0;;4;https://www.cian.ru/sale/flat/300539805/
99000000;12;CAR;90;;16;20;2021;0;0;3,2;4;https://www.cian.ru/sale/flat/298805304/
99000000;12;CAR;90;65;16;20;2021;0;0;3,2;4;https://www.cian.ru/sale/flat/299979345/
99000000;14;WAR;290,7;188;18;21;2006;0;0;3;4;https://www.cian.ru/sale/flat/299717440/
99460000;8;WAR;129,5;38,7;9;14;2023;1;0;3;3;https://www.cian.ru/sale/flat/296278219/
99500000;7;CAR;90,53;;11;21;;0;0;;3;https://www.cian.ru/sale/flat/300509439/
99700000;6;CAR;108;;9;21;2023;0;0;;3;https://www.cian.ru/sale/flat/295314997/
99800000;15;WAR;140;;14;22;2012;0;0;3;4;https://www.cian.ru/sale/flat/299761391/
99900000;13;CAR;70;;12;33;1953;0;0;3,2;2;https://www.cian.ru/sale/flat/297813183/
100000000;29;WAR;130;;22;47;2012;0;0;2,8;3;https://www.cian.ru/sale/flat/296709454/
100000000;2;WAR;152,5;;6;18;2007;0;0;3;3;https://www.cian.ru/sale/flat/285740105/
100000000;9;CAR;118;;4;14;1998;0;0;3,2;3;https://www.cian.ru/sale/flat/292984012/
100000000;4;WAR;130;84;22;55;;0;0;3,1;3;https://www.cian.ru/sale/flat/295454334/
100000000;3;CAR;168;;31;85;2016;0;1;3;3;https://www.cian.ru/sale/flat/293045810/
100000000;13;CAR;118;103,9;5;14;;0;0;;4;https://www.cian.ru/sale/flat/297543163/
100000000;8;CAR;109,7;72,6;3;3;1917;0;0;4;4;https://www.cian.ru/sale/flat/300912740/
100000000;4;WAR;130;;22;53;2012;0;0;;4;https://www.cian.ru/sale/flat/295803481/
100000000;11;WAR;185;113;12;30;2003;0;0;3,2;4;https://www.cian.ru/sale/flat/299204960/
100082519;22;SAR;155,04;79,1;1;1;2023;1;0;3;4;https://www.cian.ru/sale/flat/301052498/
100800000;6;CAR;126;;73;79;;0;1;3,9;3;https://www.cian.ru/sale/flat/283387984/
101000000;13;WAR;117;;15;44;2017;0;0;3,1;3;https://www.cian.ru/sale/flat/296195763/
101000000;7;CAR;104,55;;11;21;;0;0;;3;https://www.cian.ru/sale/flat/300509442/
101500000;3;CAR;133,2;;70;78;2020;0;1;3,9;3;https://www.cian.ru/sale/flat/291059858/
101639382;11;CAR;105,2;;1;7;2022;1;1;3,4;2;https://www.cian.ru/sale/flat/288177339/
101894074;20;SAR;142,04;74,9;46;46;2023;1;0;4,18;4;https://www.cian.ru/sale/flat/299093554/
101999000;6;CAR;99,71;44,2;9;14;;0;0;;2;https://www.cian.ru/sale/flat/300509440/
102000000;12;WAR;136,5;;8;12;2023;1;0;;3;https://www.cian.ru/sale/flat/300298619/
102000000;5;WAR;136,9;;8;12;2023;0;0;3,13;4;https://www.cian.ru/sale/flat/294221017/
102000000;28;WAR;136,9;85,8;8;12;;0;0;;4;https://www.cian.ru/sale/flat/300509130/
102000000;5;WAR;137;;8;12;2021;0;0;3,1;4;https://www.cian.ru/sale/flat/298346043/
102120000;8;WAR;125,6;55,3;12;14;2023;1;0;3;4;https://www.cian.ru/sale/flat/298402501/
102316445;11;NAR;132,1;;22;41;2021;1;0;3,1;4;https://www.cian.ru/sale/flat/301041418/
102925900;5;NWAR;149,5;61,3;3;21;2023;1;0;3,23;4;https://www.cian.ru/sale/flat/295343752/
103000000;11;CAR;99,71;44,2;9;14;;0;0;;2;https://www.cian.ru/sale/flat/300509297/
103000000;10;CAR;121;;7;16;;0;0;3,1;3;https://www.cian.ru/sale/flat/295295279/
103000000;3;CAR;124;;49;78;2020;0;1;3,9;3;https://www.cian.ru/sale/flat/292945223/
103000000;7;;115;64;2;21;2023;0;0;;3;https://www.cian.ru/sale/flat/299644232/
103000000;6;NAR;187,4;107;18;32;2005;0;0;;4;https://www.cian.ru/sale/flat/294654566/
103000000;11;WAR;131;;12;25;2021;0;0;3,1;4;https://www.cian.ru/sale/flat/291002206/
103000000;9;NAR;187,4;106,5;18;18;2006;0;0;3,2;4;https://www.cian.ru/sale/flat/291069986/
103322186;12;NWAR;134,21;72,7;21;32;2023;1;0;3,4;4;https://www.cian.ru/sale/flat/297368075/
103326600;3;CAR;101,9;;61;66;2020;1;1;3,9;3;https://www.cian.ru/sale/flat/298051555/
103412500;12;WAR;138,1;73,5;7;12;2023;1;0;3,65;3;https://www.cian.ru/sale/flat/298496128/
103501420;4;CAR;111,3;69,2;4;10;2008;0;0;;3;https://www.cian.ru/sale/flat/211521310/
103501420;9;CAR;130;80;4;13;;0;0;;3;https://www.cian.ru/sale/flat/282406814/
103787040;9;CAR;110,6;;5;21;2023;1;0;3;2;https://www.cian.ru/sale/flat/262519758/
104000000;14;SWAR;124;;17;19;;0;1;3,2;4;https://www.cian.ru/sale/flat/297952036/
104230000;28;WAR;148,9;62,8;14;14;2023;1;0;3;3;https://www.cian.ru/sale/flat/296277940/
104500000;12;CAR;118;88;3;7;2021;0;0;3,3;4;https://www.cian.ru/sale/flat/289461457/
104500000;12;CAR;118;;3;7;2021;0;0;3;4;https://www.cian.ru/sale/flat/292444828/
104500000;11;CAR;118;94;3;9;;0;0;;4;https://www.cian.ru/sale/flat/297454754/
104554824;20;SAR;144,31;83,9;46;46;2023;1;0;4,18;3;https://www.cian.ru/sale/flat/299093548/
104750000;6;CAR;78;;7;12;;0;1;;2;https://www.cian.ru/sale/flat/300509437/
104900000;8;CAR;77,2;;7;12;2014;0;0;;2;https://www.cian.ru/sale/flat/299328634/
104900000;8;CAR;78;49;7;12;2014;0;0;3,6;2;https://www.cian.ru/sale/flat/297805133/
104900000;6;CAR;78;;7;12;;0;0;;2;https://www.cian.ru/sale/flat/300509295/
104900000;7;CAR;77,2;;7;12;;0;0;;2;https://www.cian.ru/sale/flat/281705865/
105000000;1;CAR;83;;11;13;2022;0;0;3,2;2;https://www.cian.ru/sale/flat/298050415/
105000000;10;CAR;71,3;;7;12;2019;0;0;3,6;2;https://www.cian.ru/sale/flat/300593035/
105000000;9;CAR;72;;7;13;;0;0;;1;https://www.cian.ru/sale/flat/300698636/
105000000;14;CAR;96,4;76,9;36;67;2023;1;0;3,05;3;https://www.cian.ru/sale/flat/295988623/
105000000;9;CAR;120;;2;14;2013;0;0;3;3;https://www.cian.ru/sale/flat/289733284/
105000000;2;WAR;136,2;;13;15;;0;0;;3;https://www.cian.ru/sale/flat/294090489/
105000000;2;CAR;202;;37;75;2010;0;1;3;3;https://www.cian.ru/sale/flat/294369416/
105000000;8;CAR;120;96;2;4;1917;0;0;3,4;4;https://www.cian.ru/sale/flat/294265556/
105000000;12;WAR;200;81;11;21;2015;0;0;3,1;4;https://www.cian.ru/sale/flat/298062594/
105000000;3;WAR;191;;10;23;1999;0;0;3;4;https://www.cian.ru/sale/flat/287774980/
105000000;12;WAR;200;116;11;21;;0;0;2,85;4;https://www.cian.ru/sale/flat/299057601/
105000000;16;NWAR;137,1;85,3;4;19;;0;0;3;4;https://www.cian.ru/sale/flat/298609954/
106140000;9;NAR;183;146;15;18;;0;0;;3;https://www.cian.ru/sale/flat/296205791/
106290000;27;WAR;149;50,6;14;14;2023;1;0;3;3;https://www.cian.ru/sale/flat/299262086/
106491170;12;;127,9;61,8;2;12;2023;1;0;3,65;3;https://www.cian.ru/sale/flat/298028296/
106500000;3;CAR;146;81;4;12;2005;0;0;3;3;https://www.cian.ru/sale/flat/293377423/
106500000;3;CAR;136;;4;12;2005;0;0;;3;https://www.cian.ru/sale/flat/294783019/
106500000;3;CAR;146;;4;9;2005;0;0;3;3;https://www.cian.ru/sale/flat/293448196/
106500000;3;CAR;136,1;;4;12;2005;0;0;3;3;https://www.cian.ru/sale/flat/294650785/
106500000;3;CAR;143;72;4;12;2005;0;0;3;3;https://www.cian.ru/sale/flat/293653748/
106500000;3;CAR;146;81;4;12;;0;0;;3;https://www.cian.ru/sale/flat/300539700/
106605097;6;SAR;144,2;;6;6;2023;1;0;3,15;4;https://www.cian.ru/sale/flat/301068246/
106730000;5;NWAR;94,2;30,4;2;3;2023;1;1;3,1;2;https://www.cian.ru/sale/flat/300415816/
106945102;11;CAR;112,8;;2;7;2022;1;1;3,4;2;https://www.cian.ru/sale/flat/288177346/
107000000;18;CAR;90;;4;9;2019;0;0;3,2;2;https://www.cian.ru/sale/flat/300534105/
107000000;12;SAR;110;60;15;18;2017;0;0;3,5;3;https://www.cian.ru/sale/flat/292156332/
107000000;18;CAR;90;52;4;6;;0;0;3,25;3;https://www.cian.ru/sale/flat/300866247/
107000000;7;CAR;108;;9;21;2023;0;0;3;3;https://www.cian.ru/sale/flat/297358384/
107000000;19;SAR;162,6;130,4;9;9;;0;0;;4;https://www.cian.ru/sale/flat/300477449/
107235000;5;NWAR;149;82,6;5;8;2023;1;0;3,25;4;https://www.cian.ru/sale/flat/300159762/
107235000;6;NWAR;149,9;82,6;5;8;2023;1;0;3,25;4;https://www.cian.ru/sale/flat/299660843/
107276254;12;NAR;132,1;;38;41;2022;1;0;3,1;4;https://www.cian.ru/sale/flat/301041432/
107526900;6;CAR;102,7;;4;6;2017;1;1;3;2;https://www.cian.ru/sale/flat/297596634/
107890000;3;CAR;100,5;64;4;5;1910;0;0;3,3;4;https://www.cian.ru/sale/flat/297901375/
108000000;8;CAR;120;100;6;13;2013;0;1;;2;https://www.cian.ru/sale/flat/299476098/
108000000;11;CAR;108;76;3;12;2015;0;0;3,2;3;https://www.cian.ru/sale/flat/300824467/
108000000;11;CAR;108,1;75;3;12;;0;0;;3;https://www.cian.ru/sale/flat/300754049/
108000000;8;CAR;180;;9;9;1997;0;1;5,4;4;https://www.cian.ru/sale/flat/300005789/
108000000;12;CAR;119,4;;2;9;2021;0;0;3,6;4;https://www.cian.ru/sale/flat/294373044/
108153660;12;WAR;117,4;52,5;8;12;2023;1;0;3,65;3;https://www.cian.ru/sale/flat/298028295/
108206030;8;CAR;110;90;4;4;1910;0;0;4;3;https://www.cian.ru/sale/flat/198782509/
108500000;3;CAR;97;57,7;4;5;1910;0;0;3,3;4;https://www.cian.ru/sale/flat/298166662/
109000000;3;CAR;105;74,6;5;11;1937;0;0;3,2;3;https://www.cian.ru/sale/flat/296710665/
109000000;12;CAR;135,2;68,5;2;6;1914;0;0;;4;https://www.cian.ru/sale/flat/298940472/
109000000;5;CAR;221,8;;6;10;2015;0;1;3,3;4;https://www.cian.ru/sale/flat/299403207/
109213650;11;CAR;127;;3;7;2022;1;1;3,4;2;https://www.cian.ru/sale/flat/288177352/
109213650;11;CAR;127;;3;7;2022;1;1;3,4;3;https://www.cian.ru/sale/flat/288177352/
109700000;17;CAR;212;;11;24;2004;0;0;3;4;https://www.cian.ru/sale/flat/298205927/
109900000;10;CAR;123;70;2;6;1986;0;0;3;4;https://www.cian.ru/sale/flat/298068778/
110000000;8;CAR;78;46;7;12;;0;0;3,5;2;https://www.cian.ru/sale/flat/300422122/
110000000;9;CAR;94;59;5;6;2018;0;1;;2;https://www.cian.ru/sale/flat/299107582/
110000000;5;CAR;85;;63;66;2020;0;1;3,9;2;https://www.cian.ru/sale/flat/297699610/
110000000;2;CAR;186;100;35;73;;0;1;;3;https://www.cian.ru/sale/flat/283410183/
110000000;7;CAR;95;70;9;67;2023;0;0;3,1;3;https://www.cian.ru/sale/flat/298647465/
110000000;9;CAR;96;;12;14;;0;0;3,4;3;https://www.cian.ru/sale/flat/294111560/
110000000;17;SWAR;132,5;;14;20;2012;0;0;3,15;3;https://www.cian.ru/sale/flat/280420033/
110000000;9;CAR;97;67;9;21;;0;0;;3;https://www.cian.ru/sale/flat/299728876/
110000000;1;CAR;129,3;;5;8;1997;0;0;3;3;https://www.cian.ru/sale/flat/291208091/
110000000;11;CAR;135;;28;30;;0;0;3;4;https://www.cian.ru/sale/flat/299178539/
110000000;15;NAR;112,8;64;10;41;;0;0;;4;https://www.cian.ru/sale/flat/293781651/
110000000;17;SWAR;207,2;;6;16;2004;0;0;3;4;https://www.cian.ru/sale/flat/294292405/
110000000;5;CAR;160;;6;9;1911;0;0;3,4;4;https://www.cian.ru/sale/flat/300936966/
110000000;17;SWAR;207;120;6;16;2004;0;0;;4;https://www.cian.ru/sale/flat/298993032/
110000000;5;CAR;156,5;99;6;9;1911;0;0;3,4;4;https://www.cian.ru/sale/flat/298903586/
110000000;17;SWAR;207;;6;16;2004;0;0;3,2;4;https://www.cian.ru/sale/flat/299094240/
110000000;3;CAR;163;111;2;7;1914;0;0;;4;https://www.cian.ru/sale/flat/266931748/
110000000;14;WAR;217;;4;38;;0;0;;4;https://www.cian.ru/sale/flat/298144507/
110000000;8;WAR;212,7;;4;4;2004;0;0;5;4;https://www.cian.ru/sale/flat/289745351/
110000000;12;NAR;112,8;70,4;10;37;2021;0;0;;4;https://www.cian.ru/sale/flat/300417156/
110000000;4;WAR;150,7;;25;53;2012;0;0;5;4;https://www.cian.ru/sale/flat/296390761/
110000000;4;CAR;156,5;99;6;7;1911;0;0;;4;https://www.cian.ru/sale/flat/299850719/
110220000;4;CAR;100,2;;68;78;2019;1;1;3,9;3;https://www.cian.ru/sale/flat/300449729/
110500000;8;CAR;142;60;3;5;2016;0;1;3,2;3;https://www.cian.ru/sale/flat/299960510/
110530000;27;WAR;167,5;72,5;13;13;2023;1;0;3,13;4;https://www.cian.ru/sale/flat/296278075/
110584760;6;CAR;131,4;;4;7;;0;0;;3;https://www.cian.ru/sale/flat/294675252/
110761560;11;CAR;128,8;;3;7;2022;1;1;3,4;3;https://www.cian.ru/sale/flat/298164213/
111000000;4;CAR;110;75;2;5;2009;0;0;;3;https://www.cian.ru/sale/flat/237857545/
111060882;8;CAR;112,9;;10;13;2013;1;1;3,15;2;https://www.cian.ru/sale/flat/297286575/
111182375;12;NAR;131;;38;41;2022;1;0;3,1;4;https://www.cian.ru/sale/flat/301041422/
111215000;12;NEAR;171,1;128,3;35;37;2024;1;0;4,1;4;https://www.cian.ru/sale/flat/300463315/
111800000;8;CAR;157;90;4;9;1997;0;0;3,2;3;https://www.cian.ru/sale/flat/300669758/
111800000;8;CAR;160;133;4;9;1997;0;0;3,2;3;https://www.cian.ru/sale/flat/300005967/
111960930;12;WAR;117,7;52,5;7;12;2023;1;0;3,65;3;https://www.cian.ru/sale/flat/299121996/
112000000;9;CAR;126;63;3;6;2017;0;1;3,4;3;https://www.cian.ru/sale/flat/298496616/
112000000;4;WAR;152,4;117,7;40;53;2011;0;0;3,3;4;https://www.cian.ru/sale/flat/297971288/
112000000;4;WAR;152,4;;40;53;;0;0;3,3;4;https://www.cian.ru/sale/flat/298844325/
112900000;7;CAR;120,9;97,8;17;65;2023;1;0;;4;https://www.cian.ru/sale/flat/299885026/
112910640;7;CAR;68,2;;3;6;2009;0;0;3,2;3;https://www.cian.ru/sale/flat/294823138/
112930000;8;CAR;102;71;8;18;2022;0;0;3,3;3;https://www.cian.ru/sale/flat/299504460/
112981744;12;CAR;141,2;101,9;6;9;2021;1;1;3,6;4;https://www.cian.ru/sale/flat/298329528/
113000000;11;CAR;100;56,5;8;14;;0;0;;2;https://www.cian.ru/sale/flat/300509285/
113000000;9;CAR;99,71;;8;13;;0;0;;3;https://www.cian.ru/sale/flat/294553685/
113000000;9;CAR;99,71;;9;13;;0;0;;3;https://www.cian.ru/sale/flat/294374810/
113000000;11;CAR;152;90;5;5;;0;0;;3;https://www.cian.ru/sale/flat/298149867/
113300000;11;CAR;100;56,5;8;14;;0;0;;2;https://www.cian.ru/sale/flat/300509038/
113400000;8;CAR;126;80;6;13;2013;0;1;;2;https://www.cian.ru/sale/flat/299249180/
113500000;6;CAR;100;72;8;15;;0;0;;3;https://www.cian.ru/sale/flat/291697598/
113540000;28;WAR;169,2;78,6;14;14;2023;1;0;3;3;https://www.cian.ru/sale/flat/296277932/
114000000;6;CAR;99,7;;8;18;2022;0;0;3,65;3;https://www.cian.ru/sale/flat/299145698/
114000000;4;CAR;165,7;86;2;7;1998;0;0;;4;https://www.cian.ru/sale/flat/300548969/
114600000;14;CAR;120;;3;8;2023;0;0;;3;https://www.cian.ru/sale/flat/293143542/
114990000;14;;118,7;95;3;8;2023;1;0;;3;https://www.cian.ru/sale/flat/284596246/
115000000;4;CAR;117;90;5;6;2007;0;0;;2;https://www.cian.ru/sale/flat/300539780/
115000000;5;CAR;123;;51;75;2012;0;1;3,2;2;https://www.cian.ru/sale/flat/259427417/
115000000;9;CAR;91,2;;3;7;;0;1;;2;https://www.cian.ru/sale/flat/298969634/
115000000;17;SAR;124;71;12;14;2023;0;0;;3;https://www.cian.ru/sale/flat/298372126/
115000000;9;CAR;106,2;;6;6;;0;0;;3;https://www.cian.ru/sale/flat/297295342/
115000000;2;CAR;126;40;73;79;;0;1;3,9;3;https://www.cian.ru/sale/flat/294002765/
115000000;7;CAR;96;67,2;9;20;;0;0;3;3;https://www.cian.ru/sale/flat/300556446/
115000000;7;CAR;104,55;;11;21;;0;0;;3;https://www.cian.ru/sale/flat/300509023/
115000000;5;CAR;139;;4;16;2000;0;0;3;3;https://www.cian.ru/sale/flat/299338893/
115000000;5;CAR;135;79;2;8;2005;0;0;3;4;https://www.cian.ru/sale/flat/300137154/
115000000;8;CAR;192;;4;6;;0;0;3,6;4;https://www.cian.ru/sale/flat/295368854/
115000000;8;CAR;192;;4;6;1913;0;0;3;4;https://www.cian.ru/sale/flat/297256666/
115000000;5;CAR;135;;2;8;;0;0;3;4;https://www.cian.ru/sale/flat/300483482/
115000000;4;CAR;160;;5;6;2008;0;0;3,4;4;https://www.cian.ru/sale/flat/300620703/
115000000;5;CAR;135;;2;8;2005;0;0;;4;https://www.cian.ru/sale/flat/300109356/
115000000;8;CAR;115;82;4;5;1947;0;0;3,35;4;https://www.cian.ru/sale/flat/297947520/
115302000;19;NEAR;174,7;131;32;32;2023;1;0;5,85;4;https://www.cian.ru/sale/flat/298604109/
116000000;10;NWAR;198;;2;6;2005;0;0;3,4;4;https://www.cian.ru/sale/flat/300005979/
116298800;18;SWAR;174,1;;22;32;2021;1;0;3,1;3;https://www.cian.ru/sale/flat/298609355/
116660000;8;CAR;122,8;65;3;5;1886;0;1;3,1;3;https://www.cian.ru/sale/flat/281251732/
117000000;10;CAR;189,1;;4;19;1999;0;0;3,3;4;https://www.cian.ru/sale/flat/300759292/
117000000;2;CAR;163,5;104;6;6;1998;0;0;;4;https://www.cian.ru/sale/flat/300616273/
117000000;9;CAR;128,7;70;4;7;2019;0;0;3;4;https://www.cian.ru/sale/flat/290380690/
117000000;10;CAR;189,1;;4;19;1999;0;0;3,3;4;https://www.cian.ru/sale/flat/300759623/
117089718;11;CAR;123,5;;2;7;2022;1;1;3,4;2;https://www.cian.ru/sale/flat/288177343/
117500000;17;WAR;155,2;135,5;5;12;;0;0;;4;https://www.cian.ru/sale/flat/290327922/
117705000;7;CAR;123,9;57;4;5;1886;0;1;2,9;3;https://www.cian.ru/sale/flat/281253722/
118000000;10;CAR;142;;14;17;2008;0;0;3,1;3;https://www.cian.ru/sale/flat/300005888/
118000000;6;CAR;125;73;2;7;;0;0;3;3;https://www.cian.ru/sale/flat/297126142/
118000000;14;CAR;120,9;97,8;57;67;2023;1;0;3,05;4;https://www.cian.ru/sale/flat/295206400/
118000000;10;CAR;145;90,7;3;11;2012;0;0;3,1;4;https://www.cian.ru/sale/flat/296571329/
118150000;6;NWAR;107,2;32,9;2;3;2023;1;1;3,1;2;https://www.cian.ru/sale/flat/300415740/
118260000;5;NWAR;107,3;32,8;2;3;2023;1;1;3,1;3;https://www.cian.ru/sale/flat/300415769/
118300000;10;CAR;120;;4;17;;0;0;;3;https://www.cian.ru/sale/flat/299237798/
118370000;27;WAR;171,3;61,9;14;14;2023;1;0;3;3;https://www.cian.ru/sale/flat/299262088/
118450000;11;CAR;99,71;44,2;9;14;;0;0;;2;https://www.cian.ru/sale/flat/300509041/
118500000;15;WAR;257,2;;12;22;;0;0;3,5;4;https://www.cian.ru/sale/flat/299276285/
118850000;10;CAR;113,91;;11;12;;0;0;;2;https://www.cian.ru/sale/flat/300509424/
118900000;6;CAR;200,5;140;8;8;2001;0;0;3,2;4;https://www.cian.ru/sale/flat/291531568/
119000000;10;CAR;113,91;;11;12;;0;0;;2;https://www.cian.ru/sale/flat/300509284/
119000000;10;CAR;113,91;;11;12;;0;0;;2;https://www.cian.ru/sale/flat/300650832/
119000000;13;CAR;110;64;3;5;;0;0;;3;https://www.cian.ru/sale/flat/290250467/
119000000;13;CAR;111;;3;5;2022;0;0;3,6;3;https://www.cian.ru/sale/flat/298515885/
119000000;13;CAR;110;;3;5;2021;0;0;;3;https://www.cian.ru/sale/flat/291161856/
119000000;4;NWAR;217;108;9;27;2006;0;0;3,1;4;https://www.cian.ru/sale/flat/295178043/
119000000;2;CAR;168,9;87;4;6;1998;0;0;3;4;https://www.cian.ru/sale/flat/301067687/
119000000;6;CAR;190;90;7;8;2006;0;0;3,2;4;https://www.cian.ru/sale/flat/292766301/
119000000;6;CAR;200;;7;8;2001;0;0;;4;https://www.cian.ru/sale/flat/292444827/
119000000;6;CAR;201;142,5;7;8;2001;0;0;3,5;4;https://www.cian.ru/sale/flat/295284317/
119000000;6;CAR;200;;7;8;2001;0;0;3,5;4;https://www.cian.ru/sale/flat/299894967/
119300000;27;WAR;168,5;65,8;14;14;2023;1;0;3;3;https://www.cian.ru/sale/flat/299262087/
119500000;8;CAR;134;100;6;13;2013;0;1;;3;https://www.cian.ru/sale/flat/299374541/
120000000;5;CAR;77,4;49,7;2;8;2023;1;0;;2;https://www.cian.ru/sale/flat/300526235/
120000000;3;CAR;111;;2;7;2015;0;1;3,2;2;https://www.cian.ru/sale/flat/294069323/
120000000;4;WAR;63,8;;3;12;2020;0;0;;2;https://www.cian.ru/sale/flat/300472283/
120000000;5;WAR;102,2;;9;12;2021;0;0;3,4;3;https://www.cian.ru/sale/flat/300367025/
120000000;1;CAR;184;;23;76;2009;0;1;3,1;3;https://www.cian.ru/sale/flat/291161850/
120000000;10;CAR;122,6;;6;16;;0;0;;3;https://www.cian.ru/sale/flat/299844612/
120000000;7;CAR;116,8;;5;21;2022;0;0;3;3;https://www.cian.ru/sale/flat/300822468/
120000000;6;CAR;78;;4;7;2017;0;1;3,5;3;https://www.cian.ru/sale/flat/300440822/
120000000;9;CAR;177,5;82;7;10;;0;0;;3;https://www.cian.ru/sale/flat/294962431/
120000000;7;CAR;116,78;37,6;5;21;;0;0;;3;https://www.cian.ru/sale/flat/296468286/
120000000;1;CAR;185;;33;75;2009;0;1;;3;https://www.cian.ru/sale/flat/289779307/
120000000;6;CAR;78;57;4;6;;0;1;;3;https://www.cian.ru/sale/flat/299070313/
120000000;6;CAR;180;120;4;6;1914;0;0;;3;https://www.cian.ru/sale/flat/300539810/
120000000;7;CAR;116,78;;5;21;;0;0;;3;https://www.cian.ru/sale/flat/300691853/
120000000;7;CAR;116,7;;5;20;2023;0;0;;3;https://www.cian.ru/sale/flat/296202679/
120000000;8;CAR;104;;3;4;1912;0;0;;3;https://www.cian.ru/sale/flat/299052958/
120000000;7;CAR;108;;9;21;2023;0;0;3,1;3;https://www.cian.ru/sale/flat/299243737/
120000000;6;CAR;99,7;;9;18;2022;0;0;3,65;3;https://www.cian.ru/sale/flat/299143568/
120000000;14;CAR;120,1;97,1;52;67;2023;1;0;3,05;4;https://www.cian.ru/sale/flat/296401065/
120000000;3;CAR;157,3;96;5;12;2003;0;0;3,2;4;https://www.cian.ru/sale/flat/290380778/
120000000;10;NAR;213,8;;19;57;;0;0;;4;https://www.cian.ru/sale/flat/298826487/
120000000;12;WAR;150;95;13;35;2008;0;0;3;4;https://www.cian.ru/sale/flat/296044657/
120000000;8;CAR;119,1;;5;9;;0;0;;4;https://www.cian.ru/sale/flat/300697253/
120000000;2;CAR;158,4;;6;6;1998;0;0;;4;https://www.cian.ru/sale/flat/295326123/
120000000;3;CAR;162,3;;5;12;2003;0;0;3;4;https://www.cian.ru/sale/flat/278190873/
120000000;2;CAR;163,5;96;6;6;1998;0;0;3;4;https://www.cian.ru/sale/flat/297548153/
120303960;17;NWAR;118,2;74,4;42;43;2023;1;0;3,15;4;https://www.cian.ru/sale/flat/298665066/
120615000;1;CAR;93,5;;3;9;2023;1;1;;2;https://www.cian.ru/sale/flat/277035771/
120930000;;WAR;166,8;77,7;14;14;2023;1;0;3;3;https://www.cian.ru/sale/flat/299262037/
121460000;6;NWAR;107,2;32,9;3;3;2023;1;1;3,1;2;https://www.cian.ru/sale/flat/300415754/
121800000;11;CAR;87;;5;8;2021;0;1;;3;https://www.cian.ru/sale/flat/297325999/
122000000;8;CAR;119,4;73,5;2;5;2019;0;1;3;4;https://www.cian.ru/sale/flat/296272660/
122319860;10;WAR;109,8;;7;15;2008;0;0;3,35;3;https://www.cian.ru/sale/flat/294566604/
122400000;15;WAR;144;;8;11;2020;0;0;3,3;3;https://www.cian.ru/sale/flat/300330497/
123900000;5;CAR;126,7;90;2;3;1917;0;0;;4;https://www.cian.ru/sale/flat/300539716/
123900000;5;CAR;126;80;2;3;;0;0;;4;https://www.cian.ru/sale/flat/299739475/
125000000;11;CAR;100,1;38,6;5;14;;0;0;;2;https://www.cian.ru/sale/flat/300509017/
125000000;4;CAR;170;71;47;75;;0;1;;3;https://www.cian.ru/sale/flat/299290455/
125000000;11;CAR;107,11;64,4;10;14;;0;0;;3;https://www.cian.ru/sale/flat/300509299/
125000000;11;CAR;95,5;;5;32;1952;0;0;3,2;3;https://www.cian.ru/sale/flat/285581103/
125000000;3;CAR;93;69;6;7;;0;1;3,1;3;https://www.cian.ru/sale/flat/273848978/
125000000;14;CAR;115;80;5;33;1953;0;0;3,3;3;https://www.cian.ru/sale/flat/295371756/
125000000;10;NAR;169,5;;23;25;2020;0;0;3,2;4;https://www.cian.ru/sale/flat/297603832/
125000000;12;NAR;135,3;95,9;37;41;;0;0;;4;https://www.cian.ru/sale/flat/273469240/
125000000;20;NEAR;224,3;;24;25;2007;0;0;3;4;https://www.cian.ru/sale/flat/299637836/
125000000;8;CAR;172,5;105,9;7;12;2003;0;0;2,9;4;https://www.cian.ru/sale/flat/300264745/
125700000;7;CAR;116,8;;9;21;2023;0;0;3,2;3;https://www.cian.ru/sale/flat/297039409/
125730000;14;CAR;97,25;;9;15;;0;0;;2;https://www.cian.ru/sale/flat/300509441/
125740000;14;CAR;97,25;;9;15;;0;0;;2;https://www.cian.ru/sale/flat/300509296/
126000000;8;SEAR;216;152;13;16;2023;0;1;3,2;4;https://www.cian.ru/sale/flat/300227312/
126000000;3;CAR;126;;3;7;1914;0;0;3,2;4;https://www.cian.ru/sale/flat/300742307/
126000000;3;CAR;125,9;;3;7;1914;0;0;3,2;4;https://www.cian.ru/sale/flat/296521432/
126490000;14;CAR;97,25;;9;15;;0;0;;2;https://www.cian.ru/sale/flat/300509135/
126500000;8;CAR;97;;9;15;;0;0;3,3;3;https://www.cian.ru/sale/flat/295360181/
126650000;6;CAR;138;86;7;7;2003;0;0;2,9;3;https://www.cian.ru/sale/flat/292409934/
126890000;6;CAR;118,71;70,2;3;11;;0;0;;3;https://www.cian.ru/sale/flat/300650864/
126980000;5;NWAR;87,1;30,6;1;3;2023;1;1;3,1;2;https://www.cian.ru/sale/flat/300415762/
127000000;9;CAR;128;;6;21;2023;0;0;3,1;3;https://www.cian.ru/sale/flat/297776226/
127000000;8;WAR;101;;5;9;2017;0;0;3,25;3;https://www.cian.ru/sale/flat/298212883/
127000000;5;WAR;217,3;;13;30;2008;0;0;3,1;4;https://www.cian.ru/sale/flat/296082689/
127000000;16;WAR;195;150;3;47;2004;0;0;3,2;4;https://www.cian.ru/sale/flat/299738531/
127000000;5;CAR;120,1;;4;7;1890;0;0;3,3;4;https://www.cian.ru/sale/flat/253208123/
127500000;4;WAR;110,9;;6;12;;0;0;;3;https://www.cian.ru/sale/flat/300509403/
128000000;7;CAR;130;73;9;15;2021;0;0;3,2;4;https://www.cian.ru/sale/flat/299667494/
128000000;13;WAR;233;;38;39;2010;0;0;3,3;4;https://www.cian.ru/sale/flat/297997014/
128250760;14;CAR;116;93,6;66;67;2023;1;0;3,05;3;https://www.cian.ru/sale/flat/284503826/
128579724;11;CAR;142,4;;2;7;2022;1;1;3,4;3;https://www.cian.ru/sale/flat/288177351/
128600000;10;CAR;128,6;;7;8;2019;1;0;3,3;3;https://www.cian.ru/sale/flat/299053644/
128803339;8;CAR;111,3;;8;13;2013;1;1;3,15;2;https://www.cian.ru/sale/flat/297286584/
129000000;7;WAR;137;89;24;44;2017;0;0;3,1;3;https://www.cian.ru/sale/flat/300818777/
129000000;9;CAR;150;52,1;4;6;2003;0;0;3,1;4;https://www.cian.ru/sale/flat/300005942/
129000000;19;SWAR;175,6;120;24;48;2010;0;0;;4;https://www.cian.ru/sale/flat/279152182/
129000000;15;CAR;222,8;176;5;21;2008;0;0;3,3;4;https://www.cian.ru/sale/flat/296282173/
129124882;4;CAR;218,9;;23;73;2009;0;1;3;2;https://www.cian.ru/sale/flat/297454391/
129630000;28;WAR;167,5;72,7;14;14;2021;1;0;3;3;https://www.cian.ru/sale/flat/296277985/
129695970;5;WAR;148;;12;13;2017;0;1;4;4;https://www.cian.ru/sale/flat/296776103/
129810000;27;WAR;192,3;72;13;13;2023;1;0;3,13;3;https://www.cian.ru/sale/flat/296278076/
130000000;15;CAR;95;50;6;7;2014;0;0;3,1;2;https://www.cian.ru/sale/flat/297894351/
130000000;10;CAR;94;;6;7;;0;0;;2;https://www.cian.ru/sale/flat/300509397/
130000000;12;CAR;94;60;6;8;;0;0;3,2;2;https://www.cian.ru/sale/flat/286943716/
130000000;6;CAR;99,61;;10;14;;0;0;;2;https://www.cian.ru/sale/flat/300509288/
130000000;17;WAR;127,9;;26;34;2024;1;1;;3;https://www.cian.ru/sale/flat/299928194/
130000000;1;CAR;223;;45;76;2009;0;1;;3;https://www.cian.ru/sale/flat/291161843/
130000000;8;CAR;119;;6;15;;0;0;;3;https://www.cian.ru/sale/flat/300509278/
130000000;9;CAR;149,9;60;3;13;;0;0;;3;https://www.cian.ru/sale/flat/300907654/
130000000;9;CAR;149,9;;4;13;1998;0;0;3,2;3;https://www.cian.ru/sale/flat/296521536/
130000000;9;CAR;150;103;3;13;1998;0;0;3;3;https://www.cian.ru/sale/flat/298642379/
130000000;7;CAR;182;120;7;9;2016;0;0;3,3;4;https://www.cian.ru/sale/flat/300486546/
130000000;28;NWAR;143,6;;30;36;;0;0;3,4;4;https://www.cian.ru/sale/flat/298158751/
130000000;3;CAR;193,7;99;7;8;1996;0;0;3,2;4;https://www.cian.ru/sale/flat/301075981/
130000000;1;CAR;260;170;3;8;1997;0;0;;4;https://www.cian.ru/sale/flat/300539708/
130000000;3;CAR;193;;7;8;1996;0;0;3,2;4;https://www.cian.ru/sale/flat/297553018/
130000000;3;CAR;193;154;7;8;;0;0;;4;https://www.cian.ru/sale/flat/298364458/
130707000;9;CAR;94;75;12;14;;0;0;;3;https://www.cian.ru/sale/flat/296777810/
130817260;4;WAR;165;;40;53;2011;0;0;3,3;4;https://www.cian.ru/sale/flat/295392025/
130817260;13;CAR;217;;3;4;1946;0;0;3,4;4;https://www.cian.ru/sale/flat/295462657/
130817260;4;WAR;165;;40;53;2012;0;0;5;4;https://www.cian.ru/sale/flat/297055902/
130817260;4;WAR;165;;40;54;;0;0;;4;https://www.cian.ru/sale/flat/287506166/
130817260;4;WAR;165;113;40;53;2011;0;0;;4;https://www.cian.ru/sale/flat/300950195/
130900000;8;CAR;154;110;6;13;2013;0;1;;3;https://www.cian.ru/sale/flat/299249188/
131000000;7;CAR;114;40,9;6;21;;0;0;;3;https://www.cian.ru/sale/flat/300650885/
131000000;27;WAR;195,8;65,9;13;13;2023;1;0;3,13;4;https://www.cian.ru/sale/flat/296278077/
131560000;3;CAR;119,6;;42;66;2020;1;1;3,9;3;https://www.cian.ru/sale/flat/298051551/
131920652;1;CAR;166;117,7;40;85;2015;1;1;;3;https://www.cian.ru/sale/flat/291360142/
131950000;5;NWAR;128,1;41,3;2;3;2023;1;1;3,1;3;https://www.cian.ru/sale/flat/300415805/
132000000;16;CAR;103;50;12;20;2021;0;0;3,2;2;https://www.cian.ru/sale/flat/298311584/
132000000;9;CAR;112,7;;6;21;2023;0;0;3;3;https://www.cian.ru/sale/flat/267420074/
132661182;14;CAR;116,2;93,8;67;67;2023;1;0;3,05;2;https://www.cian.ru/sale/flat/287868739/
133000000;4;WAR;110,9;;3;8;2020;0;0;3,2;3;https://www.cian.ru/sale/flat/298332329/
133180000;5;NWAR;129,3;42,5;2;3;2023;1;1;3,1;3;https://www.cian.ru/sale/flat/300415811/
133200000;5;WAR;111;;6;8;2020;0;0;;3;https://www.cian.ru/sale/flat/282550381/
133560000;10;CAR;111,3;;4;6;2023;0;1;3;3;https://www.cian.ru/sale/flat/298296903/
133770000;28;WAR;171,3;56,6;14;14;2021;1;0;3;3;https://www.cian.ru/sale/flat/296277986/
134680000;4;CAR;138,2;70;4;7;2016;0;1;3,5;3;https://www.cian.ru/sale/flat/295068153/
135000000;11;CAR;101,61;;8;8;;0;0;;2;https://www.cian.ru/sale/flat/300509142/
135000000;6;CAR;106,3;;8;18;2022;0;0;3,3;3;https://www.cian.ru/sale/flat/297949569/
135000000;3;CAR;135;;4;12;;0;0;;3;https://www.cian.ru/sale/flat/296204878/
135000000;11;CAR;118,71;;3;11;;0;0;;3;https://www.cian.ru/sale/flat/300554553/
135000000;11;CAR;118,71;70,2;3;11;;0;0;;3;https://www.cian.ru/sale/flat/300509031/
135000000;4;WAR;150;;8;53;2011;0;0;;3;https://www.cian.ru/sale/flat/247174958/
135000000;11;CAR;140;;6;7;2018;0;1;3,1;3;https://www.cian.ru/sale/flat/296564597/
135000000;11;CAR;107,11;;10;14;;0;0;;3;https://www.cian.ru/sale/flat/300509047/
135000000;6;CAR;100;39;8;10;;0;0;3,3;3;https://www.cian.ru/sale/flat/300608374/
135000000;3;CAR;135;80;4;12;2005;0;0;3;3;https://www.cian.ru/sale/flat/294593364/
135000000;6;CAR;106,3;79;8;8;;0;0;;3;https://www.cian.ru/sale/flat/298011670/
135000000;3;CAR;135;;4;12;;0;0;;3;https://www.cian.ru/sale/flat/297085772/
135000000;16;CAR;139,6;70,7;7;10;;0;0;;3;https://www.cian.ru/sale/flat/300509405/
135000000;4;CAR;160;120;4;8;2008;0;0;;4;https://www.cian.ru/sale/flat/271629143/
135000000;11;CAR;143;;6;7;2018;0;1;3,2;4;https://www.cian.ru/sale/flat/295772903/
135000000;4;CAR;160;100;4;8;;0;0;;4;https://www.cian.ru/sale/flat/291703327/
135000000;8;CAR;139;96;2;5;1998;0;0;;4;https://www.cian.ru/sale/flat/300578367/
135000000;11;CAR;122,6;67;8;18;2016;0;0;;4;https://www.cian.ru/sale/flat/299851468/
135540000;10;CAR;75,3;;4;9;2023;0;0;;2;https://www.cian.ru/sale/flat/285925205/
135790000;8;WAR;172,9;81,4;14;14;2023;1;0;3;3;https://www.cian.ru/sale/flat/298893338/
135800000;16;WAR;176;136;12;17;2003;0;0;3;4;https://www.cian.ru/sale/flat/300295839/
136120000;8;WAR;177,9;80,9;14;14;2023;1;0;3;3;https://www.cian.ru/sale/flat/298893339/
136120000;6;NWAR;128,3;41,2;3;3;2023;1;1;3,1;3;https://www.cian.ru/sale/flat/300415749/
136770090;7;CAR;91;;5;8;2004;0;0;3,4;2;https://www.cian.ru/sale/flat/295350545/
136878088;1;CAR;161,6;112,2;53;85;2015;1;1;;3;https://www.cian.ru/sale/flat/291360093/
137000000;12;NAR;138,2;;26;41;2020;0;0;3,1;4;https://www.cian.ru/sale/flat/285243200/
137000000;13;CAR;126;;7;18;2020;0;0;3,2;4;https://www.cian.ru/sale/flat/292852388/
137357394;1;CAR;159,7;110,3;56;85;2015;1;1;;3;https://www.cian.ru/sale/flat/291360089/
137437842;1;CAR;157,4;108;59;85;2015;1;1;;3;https://www.cian.ru/sale/flat/291360073/
138000000;3;CAR;138,3;;3;10;;0;0;3,4;3;https://www.cian.ru/sale/flat/299244058/
138315534;9;WAR;109,8;70;7;15;2008;0;0;3,3;3;https://www.cian.ru/sale/flat/266266409/
138710722;10;WAR;105,3;;7;15;2008;0;0;3,4;3;https://www.cian.ru/sale/flat/294650775/
138750000;6;CAR;150;100;3;14;2022;0;0;3,3;4;https://www.cian.ru/sale/flat/300393599/
138750000;11;CAR;147,36;56,5;3;11;;0;0;;4;https://www.cian.ru/sale/flat/300508740/
138794810;8;CAR;146,3;;4;7;2016;1;1;3,25;3;https://www.cian.ru/sale/flat/292484942/
138830000;6;CAR;152,2;;2;8;;0;0;;3;https://www.cian.ru/sale/flat/300509293/
139000000;11;CAR;147,36;56,5;3;11;;0;0;;4;https://www.cian.ru/sale/flat/300509274/
139000000;8;CAR;149;115;3;4;1900;0;0;5;4;https://www.cian.ru/sale/flat/220126243/
139720000;1;CAR;99,8;;5;9;2023;1;1;;2;https://www.cian.ru/sale/flat/289484495/
139810000;14;CAR;127,1;103;23;67;2023;1;0;3,05;4;https://www.cian.ru/sale/flat/298020355/
140000000;5;NWAR;229;;1;3;2019;0;1;;3;https://www.cian.ru/sale/flat/291404045/
140000000;16;CAR;95,7;;3;7;2016;0;0;3,1;3;https://www.cian.ru/sale/flat/297307916/
140000000;7;CAR;137;;5;21;;0;0;;3;https://www.cian.ru/sale/flat/300509158/
140000000;17;WAR;128;68;25;34;2024;0;1;;3;https://www.cian.ru/sale/flat/299871876/
140000000;8;CAR;99;58;4;21;;0;0;3,2;3;https://www.cian.ru/sale/flat/300615233/
140000000;16;CAR;103;60;3;7;2016;0;0;3;3;https://www.cian.ru/sale/flat/297725136/
140000000;6;CAR;138,1;;4;14;;0;0;;3;https://www.cian.ru/sale/flat/300509451/
140000000;4;CAR;201;165;3;5;;0;0;3,8;4;https://www.cian.ru/sale/flat/298560697/
140000000;7;NAR;201,3;82;7;10;2017;0;1;;4;https://www.cian.ru/sale/flat/277002292/
140000000;10;CAR;138;53;7;9;1998;0;0;3;4;https://www.cian.ru/sale/flat/299906692/
140000000;9;NAR;201,3;;7;10;2017;0;0;3,15;4;https://www.cian.ru/sale/flat/297581765/
140000000;7;NAR;203,1;;7;11;;0;1;3,15;4;https://www.cian.ru/sale/flat/285555298/
140000000;13;SWAR;161,9;100;17;19;2011;0;0;3,1;4;https://www.cian.ru/sale/flat/300480524/
140000000;4;CAR;200;165;3;6;;0;0;;4;https://www.cian.ru/sale/flat/293906419/
140000000;7;NAR;200;;7;13;2019;0;1;3;4;https://www.cian.ru/sale/flat/298801810/
140000000;8;CAR;162,4;;2;6;1912;0;0;3,5;4;https://www.cian.ru/sale/flat/286796837/
140000000;8;CAR;145;;3;3;2016;0;1;4;4;https://www.cian.ru/sale/flat/294855111/
140000000;11;CAR;150;;6;9;;0;0;;4;https://www.cian.ru/sale/flat/285891913/
140000000;9;CAR;136;;5;21;2023;0;0;3,1;4;https://www.cian.ru/sale/flat/299341037/
140000000;6;CAR;167,5;145;5;6;1914;0;0;3,5;4;https://www.cian.ru/sale/flat/301020277/
140000000;8;CAR;145;51,3;3;5;2017;0;0;3,2;4;https://www.cian.ru/sale/flat/298519318/
140000000;6;CAR;170;120;5;6;1914;0;0;;4;https://www.cian.ru/sale/flat/297546093/
140161350;11;CAR;143;;6;7;;0;1;3,4;4;https://www.cian.ru/sale/flat/296565365/
140884081;8;CAR;169,5;;5;7;2016;1;1;3,25;3;https://www.cian.ru/sale/flat/296394255/
141138300;12;CAR;110;;3;11;2008;0;0;3,2;3;https://www.cian.ru/sale/flat/297718370/
141580000;8;WAR;173,5;81,4;14;14;2023;1;0;3;3;https://www.cian.ru/sale/flat/296277878/
141600000;12;CAR;118;49,5;2;7;2021;0;0;3,6;3;https://www.cian.ru/sale/flat/300434424/
141739202;14;CAR;128,2;104;66;67;2023;1;0;3,05;4;https://www.cian.ru/sale/flat/284503827/
141938000;6;CAR;151,1;;4;7;2017;0;1;3,3;4;https://www.cian.ru/sale/flat/291208092/
142440000;7;CAR;118,7;;30;66;2023;0;0;3,4;3;https://www.cian.ru/sale/flat/291914791/
143593800;14;CAR;125,3;;3;8;2023;1;0;3,2;2;https://www.cian.ru/sale/flat/294641838/
143712000;1;CAR;99,8;;6;9;2023;1;1;;2;https://www.cian.ru/sale/flat/289484508/
143796000;1;CAR;104,2;;5;9;2023;1;1;;2;https://www.cian.ru/sale/flat/286258299/
143849475;14;CAR;126,7;102,7;67;67;2023;1;0;3,05;3;https://www.cian.ru/sale/flat/287868736/
144224525;3;CAR;191,6;;22;65;2008;0;1;3;3;https://www.cian.ru/sale/flat/276109910/
144508000;10;CAR;158,8;48,6;5;6;2021;1;1;3,85;2;https://www.cian.ru/sale/flat/300430648/
144638530;9;WAR;109,8;;7;15;;0;0;3,3;3;https://www.cian.ru/sale/flat/292425759/
145000000;3;CAR;135,4;;3;9;2007;0;0;3,2;2;https://www.cian.ru/sale/flat/295368581/
145000000;2;CAR;134;;3;10;2002;0;0;3;4;https://www.cian.ru/sale/flat/299641072/
145000000;12;CAR;146;;6;13;2017;0;0;3,2;4;https://www.cian.ru/sale/flat/299853624/
145000000;12;CAR;146;124;6;17;;0;0;;4;https://www.cian.ru/sale/flat/299054017/
145000000;9;CAR;134;86;3;21;2023;0;0;3;4;https://www.cian.ru/sale/flat/299163491/
145000000;2;CAR;260,8;;48;75;2010;0;1;3;4;https://www.cian.ru/sale/flat/292132242/
145566606;11;NAR;131,9;;39;40;2021;1;0;3,1;4;https://www.cian.ru/sale/flat/301041560/
145748818;15;WAR;105,1;;10;11;2020;0;0;3,3;3;https://www.cian.ru/sale/flat/287168354/
145748818;15;WAR;105;84;10;11;;0;0;;3;https://www.cian.ru/sale/flat/299771688/
146084211;10;CAR;154,2;;4;8;2019;1;0;3,3;3;https://www.cian.ru/sale/flat/274789015/
146300000;6;CAR;133,6;;4;5;2019;1;0;3,6;3;https://www.cian.ru/sale/flat/291467888/
146361132;14;CAR;128,2;104;67;67;2023;1;0;3,05;3;https://www.cian.ru/sale/flat/287868741/
146554436;1;CAR;187,5;139,1;37;85;2015;1;1;;3;https://www.cian.ru/sale/flat/288136849/
146630000;8;CAR;133,3;;9;13;2013;1;1;3,15;2;https://www.cian.ru/sale/flat/297286590/
146715789;10;CAR;121,2;;8;8;2019;1;0;3,3;2;https://www.cian.ru/sale/flat/284404561/
147000000;4;WAR;165;;2;12;;0;0;;4;https://www.cian.ru/sale/flat/300731784/
147120000;10;CAR;122,6;;5;6;2023;0;1;3;3;https://www.cian.ru/sale/flat/298296899/
147160000;1;CAR;104;;6;9;2023;1;1;;2;https://www.cian.ru/sale/flat/293149097/
147171200;14;CAR;124,3;;3;8;2023;1;0;3,2;2;https://www.cian.ru/sale/flat/294641860/
147636622;7;CAR;183;140;3;7;1917;0;0;3,2;4;https://www.cian.ru/sale/flat/293515347/
147636622;7;CAR;183;;3;7;1917;0;0;;4;https://www.cian.ru/sale/flat/292309522/
147800000;10;CAR;129,5;38,7;5;14;;0;0;;2;https://www.cian.ru/sale/flat/300508743/
148000000;3;CAR;150;;8;10;2011;0;0;;3;https://www.cian.ru/sale/flat/278927183/
148000000;3;CAR;149,9;86;8;11;;0;0;3,37;3;https://www.cian.ru/sale/flat/281492779/
148000000;7;CAR;178;86;15;16;2009;0;0;;3;https://www.cian.ru/sale/flat/299793431/
148900000;7;NWAR;200;;20;22;2019;0;0;3,2;4;https://www.cian.ru/sale/flat/300005780/
149000000;6;CAR;111;70;62;77;;0;1;;2;https://www.cian.ru/sale/flat/280116651/
149000000;6;CAR;111;;62;77;;0;1;;2;https://www.cian.ru/sale/flat/288080150/
149000000;6;CAR;123;74;43;73;;0;1;;2;https://www.cian.ru/sale/flat/294457758/
149000000;6;CAR;123;;43;77;;0;1;;2;https://www.cian.ru/sale/flat/287787147/
149000000;6;CAR;111;;62;77;2019;0;1;3,2;3;https://www.cian.ru/sale/flat/294650793/
149000000;11;CAR;210;;5;5;1914;0;0;3,8;4;https://www.cian.ru/sale/flat/300005755/
149038000;2;CAR;76,5;;3;3;;0;1;5,2;2;https://www.cian.ru/sale/flat/298893125/
149187500;12;WAR;171,4;89;4;12;2023;1;0;3,65;4;https://www.cian.ru/sale/flat/300086493/
149300000;2;CAR;160,1;120;3;6;1907;0;0;;4;https://www.cian.ru/sale/flat/300539785/
149600000;9;CAR;116;50;2;21;;0;0;;2;https://www.cian.ru/sale/flat/300033762/
149980000;1;CAR;103;;2;5;1917;0;1;3,4;2;https://www.cian.ru/sale/flat/300006052/
150000000;1;CAR;104;60;3;5;2015;0;1;3,8;2;https://www.cian.ru/sale/flat/297469657/
150000000;11;CAR;107;;6;8;2019;0;1;3,2;3;https://www.cian.ru/sale/flat/299854801/
150000000;8;CAR;109,7;;1;4;1910;0;1;;3;https://www.cian.ru/sale/flat/291049741/
150000000;11;CAR;106,7;76,7;6;8;2019;0;1;;3;https://www.cian.ru/sale/flat/298051841/
150000000;10;CAR;150,5;85;5;6;1900;0;0;3,4;3;https://www.cian.ru/sale/flat/299912758/
150000000;10;CAR;107;85;6;8;;0;1;;3;https://www.cian.ru/sale/flat/300875918/
150000000;4;CAR;133,8;;4;8;;0;0;3,3;3;https://www.cian.ru/sale/flat/297827504/
150000000;16;WAR;164;;7;7;1999;0;0;3;3;https://www.cian.ru/sale/flat/289519241/
150000000;9;CAR;112,5;;6;21;2023;0;0;;3;https://www.cian.ru/sale/flat/300294429/
150000000;8;CAR;150;100;2;14;;0;0;;4;https://www.cian.ru/sale/flat/287106219/
150000000;9;CAR;236;;9;10;2005;0;0;3;4;https://www.cian.ru/sale/flat/266228776/
150000000;16;WAR;168,1;;7;7;1999;0;0;3;4;https://www.cian.ru/sale/flat/289519232/
150000000;7;CAR;137;;7;21;;0;0;3;4;https://www.cian.ru/sale/flat/297359672/
150000000;16;WAR;218;;6;17;;0;0;3,2;4;https://www.cian.ru/sale/flat/300348491/
150000000;4;WAR;194;;11;22;2010;0;0;;4;https://www.cian.ru/sale/flat/245218694/
150000000;15;CAR;174,1;;13;21;2008;0;0;3,1;4;https://www.cian.ru/sale/flat/297641473/
150000000;7;NAR;125;89;5;19;;0;0;;4;https://www.cian.ru/sale/flat/300861932/
150000000;11;SAR;124,1;82;5;9;2021;0;0;3,8;4;https://www.cian.ru/sale/flat/300688370/
150400000;6;CAR;178,6;;3;5;2019;1;0;5,5;2;https://www.cian.ru/sale/flat/280427150/
150760000;12;CAR;141;;16;18;2021;0;0;3,23;4;https://www.cian.ru/sale/flat/300392388/
150760000;12;CAR;140,9;;16;20;2021;0;0;3,23;4;https://www.cian.ru/sale/flat/298843473/
151200000;6;CAR;151,2;90;14;14;1956;0;0;;4;https://www.cian.ru/sale/flat/284342291/
151380000;14;CAR;119,5;46,2;8;15;;0;0;;3;https://www.cian.ru/sale/flat/300509402/
151500000;6;CAR;151,5;99;14;14;;0;0;;4;https://www.cian.ru/sale/flat/295067682/
151958903;3;CAR;190;;33;65;2008;0;1;3,1;3;https://www.cian.ru/sale/flat/275848588/
152000000;;CAR;170;88;9;10;;0;0;;4;https://www.cian.ru/sale/flat/286439279/
152990000;7;CAR;206;126;9;16;;0;0;;3;https://www.cian.ru/sale/flat/297913645/
153000000;6;CAR;94,1;48,1;2;8;1920;0;0;3,7;3;https://www.cian.ru/sale/flat/292805935/
153000000;6;CAR;94;;2;7;2017;0;0;;3;https://www.cian.ru/sale/flat/295271852/
153000000;6;CAR;94;57;2;7;2017;0;0;3,1;3;https://www.cian.ru/sale/flat/293145354/
153000000;6;CAR;94,1;;2;8;2017;0;0;4;3;https://www.cian.ru/sale/flat/292755587/
153150000;5;NWAR;119,6;41,2;1;3;2023;1;1;3,1;3;https://www.cian.ru/sale/flat/300415757/
154000000;11;CAR;138,1;;4;14;;0;0;;3;https://www.cian.ru/sale/flat/300509303/
154000000;11;CAR;138,1;67,9;4;14;;0;0;;3;https://www.cian.ru/sale/flat/300508756/
154000000;11;CAR;138,1;67,9;4;14;;0;0;;3;https://www.cian.ru/sale/flat/300650842/
154000000;9;CAR;177;110,4;2;8;2009;0;0;;4;https://www.cian.ru/sale/flat/300393601/
154578600;14;CAR;122,1;;5;8;2023;1;0;3,2;2;https://www.cian.ru/sale/flat/299319262/
155000000;11;CAR;152,2;;2;8;;0;0;;3;https://www.cian.ru/sale/flat/300509024/
155000000;11;CAR;152,2;;2;8;;0;0;;3;https://www.cian.ru/sale/flat/300509124/
155000000;6;CAR;104;;5;7;2017;0;1;3,6;3;https://www.cian.ru/sale/flat/298214250/
155000000;11;NAR;158,3;93,2;22;37;2021;0;0;3,1;4;https://www.cian.ru/sale/flat/300568716/
155000000;2;WAR;227,2;;18;18;2007;0;0;3,6;4;https://www.cian.ru/sale/flat/285696427/
155000000;15;CAR;188;;8;21;2008;0;0;3;4;https://www.cian.ru/sale/flat/297550310/
155158038;15;WAR;105,1;;10;11;2019;0;0;3;3;https://www.cian.ru/sale/flat/300114603/
155350000;14;CAR;119,5;46,2;8;15;;0;0;;3;https://www.cian.ru/sale/flat/300509267/
155448971;1;CAR;175,4;124,9;62;85;2015;1;1;;3;https://www.cian.ru/sale/flat/291412606/
155724450;14;CAR;131,7;89,9;4;9;2021;1;0;3,6;3;https://www.cian.ru/sale/flat/298329452/
155950000;15;WAR;197,4;65,9;14;14;2023;1;0;3;4;https://www.cian.ru/sale/flat/296277556/
156000000;12;CAR;156;;3;11;2009;0;0;3,15;4;https://www.cian.ru/sale/flat/300067978/
157144346;8;CAR;124,9;;8;13;2013;1;1;3,15;2;https://www.cian.ru/sale/flat/297286591/
158220000;10;CAR;87,9;;4;9;2023;0;0;;2;https://www.cian.ru/sale/flat/285924533/
159000000;15;CAR;226,3;;15;22;;0;0;;4;https://www.cian.ru/sale/flat/300772000/
159263158;10;CAR;222,5;;5;8;2019;1;0;3,3;4;https://www.cian.ru/sale/flat/274789013/
159350000;14;CAR;138,57;;8;15;;0;0;;3;https://www.cian.ru/sale/flat/300509408/
159355000;14;CAR;138,57;;8;15;;0;0;;3;https://www.cian.ru/sale/flat/300508732/
159355500;14;CAR;138,57;;8;15;;0;0;;3;https://www.cian.ru/sale/flat/300509268/
159530000;5;NWAR;120,8;40,9;1;3;2023;1;1;3,1;3;https://www.cian.ru/sale/flat/300415801/
159990000;14;CAR;99,9;;3;15;;0;0;;3;https://www.cian.ru/sale/flat/300509302/
159999999;8;CAR;99,9;64;3;15;;0;0;3,2;4;https://www.cian.ru/sale/flat/299108056/
160000000;15;CAR;144;;14;21;2017;0;0;3,2;2;https://www.cian.ru/sale/flat/299939830/
160000000;1;CAR;105;50;2;5;2015;0;1;3;2;https://www.cian.ru/sale/flat/299018185/
160000000;15;CAR;144;56;14;21;;0;0;;1;https://www.cian.ru/sale/flat/300436631/
160000000;8;CAR;112,6;;3;4;1910;0;0;;3;https://www.cian.ru/sale/flat/291055540/
160000000;6;CAR;146;12;67;79;2019;0;1;;3;https://www.cian.ru/sale/flat/300303698/
160000000;11;CAR;114,99;70,2;7;11;;0;0;;3;https://www.cian.ru/sale/flat/300650829/
160000000;11;CAR;114,99;70,2;7;11;;0;0;;3;https://www.cian.ru/sale/flat/300509420/
160000000;11;CAR;114,99;70,2;7;11;;0;0;;3;https://www.cian.ru/sale/flat/300509279/
160000000;14;CAR;99,9;;3;15;;0;0;;3;https://www.cian.ru/sale/flat/300509049/
160000000;5;CAR;209;;35;67;;0;1;;4;https://www.cian.ru/sale/flat/300670580/
160000000;7;CAR;153,3;;12;21;2023;0;0;3,1;4;https://www.cian.ru/sale/flat/291642079/
160000000;3;CAR;155;120;6;7;1914;0;0;;4;https://www.cian.ru/sale/flat/300539792/
160000000;9;CAR;149;;3;10;2013;0;0;;4;https://www.cian.ru/sale/flat/289779282/
160000000;3;CAR;153;102;6;7;1914;0;0;3,2;4;https://www.cian.ru/sale/flat/297231399/
160000000;11;WAR;180;;2;9;2006;0;0;;4;https://www.cian.ru/sale/flat/298825074/
160000000;4;WAR;250;;17;17;2006;0;0;3;4;https://www.cian.ru/sale/flat/290364227/
160000000;9;CAR;112,6;;3;5;;0;0;;4;https://www.cian.ru/sale/flat/280068241/
160500000;13;CAR;107,5;;6;13;;0;0;;3;https://www.cian.ru/sale/flat/300508744/
160500000;9;CAR;107;43,2;6;12;;0;0;;3;https://www.cian.ru/sale/flat/295229141/
160645133;14;CAR;145,3;118,5;66;67;2023;1;0;3,05;4;https://www.cian.ru/sale/flat/284503829/
161000000;6;CAR;169,5;;14;17;2003;0;0;3;3;https://www.cian.ru/sale/flat/266856911/
161000000;12;WAR;220;;1;10;2019;0;1;;4;https://www.cian.ru/sale/flat/284513072/
162000000;7;CAR;205;;9;16;2008;0;0;;4;https://www.cian.ru/sale/flat/297175747/
162210000;5;NWAR;123,4;41,3;1;3;2023;1;1;3,1;3;https://www.cian.ru/sale/flat/300415794/
162900000;12;CAR;159,2;;3;11;2009;0;0;3,15;4;https://www.cian.ru/sale/flat/299938567/
164000000;4;CAR;137;;3;6;2015;0;1;4;3;https://www.cian.ru/sale/flat/299896223/
165000000;15;CAR;120;100;2;21;;0;0;;3;https://www.cian.ru/sale/flat/298380201/
165000000;9;CAR;107;;5;15;;0;0;;3;https://www.cian.ru/sale/flat/296860897/
165000000;4;CAR;173,6;;3;10;2009;0;0;3;3;https://www.cian.ru/sale/flat/297042900/
165000000;9;CAR;173,6;;7;13;2009;0;0;;4;https://www.cian.ru/sale/flat/294172054/
165000000;12;CAR;163,7;104,8;5;18;2021;0;0;3,2;4;https://www.cian.ru/sale/flat/297217894/
165000000;12;CAR;165;;5;20;2021;0;0;3,23;4;https://www.cian.ru/sale/flat/295280191/
165000000;12;CAR;164;;5;20;2021;0;0;3,2;4;https://www.cian.ru/sale/flat/298844331/
165000000;8;CAR;184;112;5;7;2012;0;0;;4;https://www.cian.ru/sale/flat/289239530/
165000000;12;CAR;164;84;5;8;2021;0;0;;4;https://www.cian.ru/sale/flat/297233657/
165000000;12;CAR;161;89;5;18;2021;0;0;3,2;4;https://www.cian.ru/sale/flat/298468273/
165000000;8;CAR;185;120;5;7;2011;0;0;3;4;https://www.cian.ru/sale/flat/301067143/
165000000;8;CAR;189;;5;7;2012;0;0;3,4;4;https://www.cian.ru/sale/flat/300005934/
165000000;7;CAR;154;76;16;21;2023;0;0;;4;https://www.cian.ru/sale/flat/295795425/
165858000;6;CAR;231,3;141;15;15;2003;0;0;3,2;4;https://www.cian.ru/sale/flat/294292628/
166000000;8;CAR;176,7;84;4;5;1998;0;0;2,7;4;https://www.cian.ru/sale/flat/294657110/
166400000;3;CAR;64;;2;5;2021;0;1;3,4;2;https://www.cian.ru/sale/flat/289514736/
166900000;6;CAR;95;;7;14;;0;0;;2;https://www.cian.ru/sale/flat/300554949/
167000000;6;CAR;95;56,8;7;14;;0;0;;2;https://www.cian.ru/sale/flat/300509289/
167000000;4;CAR;143,7;92;4;6;;0;0;;3;https://www.cian.ru/sale/flat/288962979/
167000000;4;CAR;145;;4;6;2008;0;0;3,2;3;https://www.cian.ru/sale/flat/300006042/
167500000;14;WAR;167,5;;6;8;2019;1;0;;2;https://www.cian.ru/sale/flat/268870129/
168000000;9;WAR;280;150;42;44;;0;0;;4;https://www.cian.ru/sale/flat/299650626/
168000000;15;WAR;190;;8;11;2020;0;0;3,3;4;https://www.cian.ru/sale/flat/297507632/
168500000;12;CAR;163,5;;3;18;2021;0;0;3,23;4;https://www.cian.ru/sale/flat/299645435/
168900000;10;CAR;170;108,5;4;6;;0;0;;3;https://www.cian.ru/sale/flat/300508758/
169247000;14;CAR;122,2;;7;8;2023;1;0;3,2;3;https://www.cian.ru/sale/flat/294641848/
169740636;6;CAR;127;;68;79;;0;1;3,9;3;https://www.cian.ru/sale/flat/294831180/
169783560;8;WAR;123;;2;6;2012;0;0;;2;https://www.cian.ru/sale/flat/292476141/
169783560;8;WAR;123;;2;6;2005;0;0;3,2;2;https://www.cian.ru/sale/flat/243609636/
169900000;9;WAR;152;;4;10;2024;1;0;;4;https://www.cian.ru/sale/flat/298139775/
169900000;14;WAR;180;;3;8;2019;0;0;3,5;4;https://www.cian.ru/sale/flat/297586854/
169990000;6;CAR;97;51,2;7;13;;0;0;;3;https://www.cian.ru/sale/flat/295916354/
169990000;9;CAR;156,6;103;10;13;2019;0;0;3,6;4;https://www.cian.ru/sale/flat/299852097/
170000000;13;CAR;150,7;;10;13;;0;0;;3;https://www.cian.ru/sale/flat/300509120/
170000000;13;CAR;150,7;;10;13;;0;0;;3;https://www.cian.ru/sale/flat/300509042/
170000000;6;CAR;97;;7;13;2022;0;0;3;3;https://www.cian.ru/sale/flat/292537223/
170000000;9;CAR;193;;5;5;1900;0;0;3,2;3;https://www.cian.ru/sale/flat/299754349/
170000000;12;CAR;182;142;6;10;2008;0;0;3,15;4;https://www.cian.ru/sale/flat/229252131/
170000000;5;CAR;166,3;65;4;6;;0;0;;4;https://www.cian.ru/sale/flat/297747833/
170000000;5;CAR;166;;4;6;;0;0;;4;https://www.cian.ru/sale/flat/296713177/
170000000;9;CAR;150,7;;10;13;2019;0;0;3,65;4;https://www.cian.ru/sale/flat/301061342/
170000000;9;CAR;151;;10;13;2019;0;0;;4;https://www.cian.ru/sale/flat/299894995/
170000000;12;CAR;182,1;141,9;6;9;2009;0;0;;4;https://www.cian.ru/sale/flat/253645417/
170000000;5;CAR;180;;2;8;2006;0;0;3,5;4;https://www.cian.ru/sale/flat/297590813/
170000000;9;CAR;136;80;4;21;;0;0;;4;https://www.cian.ru/sale/flat/295395551/
170000000;5;CAR;180;110;2;8;1905;0;0;4;4;https://www.cian.ru/sale/flat/299651859/
170000000;9;CAR;210,6;;2;9;2005;0;0;3;4;https://www.cian.ru/sale/flat/291208107/
170000000;2;CAR;188,1;110;10;10;;0;0;;4;https://www.cian.ru/sale/flat/300099418/
170903720;5;CAR;200,8;;5;6;2005;0;0;3,2;3;https://www.cian.ru/sale/flat/289779308/
171788760;11;CAR;234,3;;3;7;2022;1;1;3,4;4;https://www.cian.ru/sale/flat/298164211/
172000000;11;CAR;240;;3;8;;0;1;;4;https://www.cian.ru/sale/flat/299209046/
172158805;1;CAR;186;118,3;72;85;2015;1;1;;3;https://www.cian.ru/sale/flat/291360023/
172273127;1;CAR;187,9;120,2;70;85;2015;1;1;;3;https://www.cian.ru/sale/flat/291360034/
172557849;12;CAR;148,8;59,8;12;17;2022;1;0;4,5;3;https://www.cian.ru/sale/flat/280543689/
172617316;1;CAR;191;123,3;67;85;2015;1;1;;3;https://www.cian.ru/sale/flat/291360046/
173000000;10;CAR;115;;3;7;;0;0;;3;https://www.cian.ru/sale/flat/300575952/
173610717;9;CAR;126,3;;9;15;2023;1;0;3;2;https://www.cian.ru/sale/flat/272819965/
173679000;14;CAR;125,4;;7;8;2023;1;0;3,2;3;https://www.cian.ru/sale/flat/294641859/
174100000;7;CAR;114,1;56,6;6;12;;0;0;;3;https://www.cian.ru/sale/flat/300508734/
174494300;5;CAR;183,1;;5;5;2017;1;1;3,2;3;https://www.cian.ru/sale/flat/293584644/
175000000;6;CAR;146;85;10;14;2003;0;0;3;3;https://www.cian.ru/sale/flat/298825149/
175000000;6;CAR;146;;10;14;2003;0;0;3;3;https://www.cian.ru/sale/flat/286815643/
175000000;9;CAR;150;;5;14;2019;0;0;3,6;3;https://www.cian.ru/sale/flat/300293015/
175000000;12;CAR;125,8;;4;9;;0;0;;4;https://www.cian.ru/sale/flat/300509391/
175000000;4;CAR;136,3;;4;5;1899;0;0;;4;https://www.cian.ru/sale/flat/300876145/
175000000;4;CAR;125,7;;5;7;2016;0;1;3,5;4;https://www.cian.ru/sale/flat/299457588/
175000000;8;CAR;160;100;3;7;;0;1;;4;https://www.cian.ru/sale/flat/299892202/
175000000;11;WAR;178,7;;6;8;2019;0;0;;4;https://www.cian.ru/sale/flat/279149346/
175000000;9;CAR;136,5;111,5;14;16;;0;0;;4;https://www.cian.ru/sale/flat/298786225/
175000000;9;CAR;136,5;;14;15;2023;0;0;3,1;4;https://www.cian.ru/sale/flat/299251933/
175000000;14;WAR;190,5;;2;12;2006;0;0;3,1;4;https://www.cian.ru/sale/flat/266931411/
175000000;4;WAR;163;130;31;53;;0;0;;4;https://www.cian.ru/sale/flat/300564793/
175059786;12;CAR;134,3;60,3;15;17;2022;1;0;4,5;3;https://www.cian.ru/sale/flat/280543714/
175500000;12;CAR;130;;3;9;2021;0;0;3;3;https://www.cian.ru/sale/flat/292723721/
175500000;12;CAR;130;;3;9;2021;0;0;3,3;4;https://www.cian.ru/sale/flat/292773654/
176000000;12;CAR;140,8;77;5;9;2021;0;0;3,2;4;https://www.cian.ru/sale/flat/300322817/
176120000;6;CAR;125,8;80;2;8;2006;0;0;;4;https://www.cian.ru/sale/flat/286484906/
177000000;13;CAR;250,8;;34;44;2018;0;0;3;4;https://www.cian.ru/sale/flat/299164423/
178000000;6;CAR;100;67;70;75;2019;0;1;3,4;3;https://www.cian.ru/sale/flat/298833706/
178000000;11;CAR;179,2;94,2;2;5;;0;0;;4;https://www.cian.ru/sale/flat/300509026/
178878353;12;CAR;156,4;59,8;11;17;2022;1;0;4,5;3;https://www.cian.ru/sale/flat/288560131/
179000000;11;CAR;117;76;17;18;2016;0;0;4,5;2;https://www.cian.ru/sale/flat/294872333/
179000000;10;CAR;113,9;56,6;6;12;;0;0;;3;https://www.cian.ru/sale/flat/300509269/
179300000;9;CAR;163;;15;21;2021;0;0;;4;https://www.cian.ru/sale/flat/295795771/
179360000;2;CAR;112,1;;6;12;2021;0;0;;3;https://www.cian.ru/sale/flat/296106405/
179900000;10;CAR;170,1;108;4;6;2019;0;0;3,6;4;https://www.cian.ru/sale/flat/292249325/
180000000;5;CAR;180;;12;13;2000;0;0;3;3;https://www.cian.ru/sale/flat/300650152/
180000000;5;CAR;159;;13;13;2000;0;0;3;3;https://www.cian.ru/sale/flat/300650050/
180000000;5;CAR;159;;13;14;;0;0;3;3;https://www.cian.ru/sale/flat/300693443/
180000000;7;CAR;196;140;11;16;2009;0;0;3,4;4;https://www.cian.ru/sale/flat/299036391/
180000000;7;WAR;220;;16;18;2007;0;0;;4;https://www.cian.ru/sale/flat/275234253/
180000000;9;CAR;329;101;16;18;2006;0;0;3,8;4;https://www.cian.ru/sale/flat/284800710/
180000000;7;CAR;196;;11;16;2009;0;0;3,4;4;https://www.cian.ru/sale/flat/291444293/
180000000;5;WAR;168,9;;25;31;2008;0;0;3,1;4;https://www.cian.ru/sale/flat/298473997/
180468421;6;CAR;201,7;;3;5;2019;1;0;5,5;2;https://www.cian.ru/sale/flat/274788002/
180790000;1;CAR;101;;9;9;2023;1;1;;3;https://www.cian.ru/sale/flat/289484543/
180855975;12;CAR;162,8;50,4;14;17;2022;1;0;3,6;4;https://www.cian.ru/sale/flat/285243986/
181800000;10;CAR;187;105;2;8;2005;0;0;3,2;4;https://www.cian.ru/sale/flat/299779536/
182000000;11;CAR;184,6;;2;8;;0;0;;3;https://www.cian.ru/sale/flat/300509109/
182209755;11;CAR;165,9;;9;18;;0;0;;4;https://www.cian.ru/sale/flat/298717136/
182209755;11;CAR;165,9;110;9;18;2016;0;0;3,3;4;https://www.cian.ru/sale/flat/292822064/
182209755;11;CAR;165;;9;18;2016;0;0;3,3;4;https://www.cian.ru/sale/flat/295668889/
182240000;10;CAR;113,9;56,6;6;12;;0;0;;3;https://www.cian.ru/sale/flat/300509030/
182240000;7;CAR;113,9;;6;12;;0;0;;3;https://www.cian.ru/sale/flat/285557020/
182439000;3;CAR;209,7;;37;66;2020;1;1;3,9;4;https://www.cian.ru/sale/flat/298051540/
182560000;9;CAR;114,1;;6;12;;0;0;3,2;3;https://www.cian.ru/sale/flat/285557021/
183000000;7;CAR;160;;5;7;2019;0;0;3,4;3;https://www.cian.ru/sale/flat/294031984/
183000000;7;CAR;158;109,2;5;7;;0;0;;4;https://www.cian.ru/sale/flat/296784846/
183000000;7;CAR;158;;5;6;2019;0;0;3,8;4;https://www.cian.ru/sale/flat/295985526/
183000000;7;CAR;160;;5;7;2019;0;0;3,4;4;https://www.cian.ru/sale/flat/294031986/
183560639;12;NAR;163,5;;37;41;2023;1;0;3,1;3;https://www.cian.ru/sale/flat/299233236/
184792300;8;CAR;163,1;;7;7;;0;0;;4;https://www.cian.ru/sale/flat/287545085/
185000000;1;CAR;239;;53;75;;0;1;;3;https://www.cian.ru/sale/flat/300276868/
185000000;7;CAR;117,7;;4;8;;0;0;3,2;3;https://www.cian.ru/sale/flat/298508096/
185000000;2;CAR;239;176;53;73;;0;1;;3;https://www.cian.ru/sale/flat/293972109/
185000000;2;CAR;239;;53;76;2009;0;1;3,3;3;https://www.cian.ru/sale/flat/300006063/
185000000;17;WAR;169,6;;26;34;2024;1;1;;4;https://www.cian.ru/sale/flat/299928499/
185000000;;NAR;195;;13;15;2019;0;1;3;4;https://www.cian.ru/sale/flat/280360268/
185000000;8;NAR;195;103,5;13;16;;0;1;;4;https://www.cian.ru/sale/flat/300298586/
185000000;5;CAR;212,1;133,8;6;6;2005;0;0;3,2;4;https://www.cian.ru/sale/flat/300821131/
185000000;4;CAR;165,1;;8;8;1898;0;0;3,1;4;https://www.cian.ru/sale/flat/300004581/
185000000;8;NAR;195;;13;15;2020;0;0;3,15;4;https://www.cian.ru/sale/flat/297612196/
185000000;1;NAR;195;151;13;15;;0;1;3;4;https://www.cian.ru/sale/flat/274485942/
185000000;8;CAR;141,1;;2;4;1910;0;0;;4;https://www.cian.ru/sale/flat/292193523/
185000000;8;NAR;146,9;61,9;8;24;2018;0;0;3,2;4;https://www.cian.ru/sale/flat/298874653/
185000000;9;CAR;140;43;4;7;;0;0;3,25;4;https://www.cian.ru/sale/flat/298055135/
185000000;;NAR;195;;13;15;;0;1;3,2;4;https://www.cian.ru/sale/flat/294620841/
186000000;10;CAR;186;;2;8;2005;0;0;3,2;3;https://www.cian.ru/sale/flat/299926797/
186000000;11;CAR;186;;2;7;2004;0;0;3,2;3;https://www.cian.ru/sale/flat/268525423/
186192428;12;CAR;162,3;50,4;15;17;2022;1;0;3,6;4;https://www.cian.ru/sale/flat/285243994/
186880866;5;CAR;170,2;94;3;3;2009;0;0;3,4;4;https://www.cian.ru/sale/flat/285498334/
186881800;6;CAR;170;;2;6;2001;0;0;3,5;4;https://www.cian.ru/sale/flat/298478046/
186881800;10;CAR;187;;3;8;2001;0;0;;4;https://www.cian.ru/sale/flat/283440889/
186881800;1;CAR;190,4;;44;69;2009;0;1;3,1;4;https://www.cian.ru/sale/flat/291208096/
186881800;10;NAR;193,7;;4;25;2007;0;0;3;4;https://www.cian.ru/sale/flat/280406607/
186881800;6;CAR;182,5;107;1;4;1912;0;0;3,5;4;https://www.cian.ru/sale/flat/252671392/
186881800;3;CAR;192;;44;65;2008;0;1;3;4;https://www.cian.ru/sale/flat/288107715/
186881800;5;CAR;170;75;3;3;2010;0;0;3,35;4;https://www.cian.ru/sale/flat/236960194/
188184400;2;CAR;224;;53;75;2010;0;1;3;3;https://www.cian.ru/sale/flat/299776865/
188184400;6;CAR;180;70;2;15;;0;0;;3;https://www.cian.ru/sale/flat/287044518/
188184400;10;WAR;120;96;11;15;;0;0;;3;https://www.cian.ru/sale/flat/286396664/
188240000;4;CAR;89,3;;2;8;;0;0;3,45;2;https://www.cian.ru/sale/flat/295731374/
188800000;4;WAR;163;115;47;54;;0;0;;3;https://www.cian.ru/sale/flat/294029718/
188800000;4;WAR;150;;47;53;2012;0;0;5;3;https://www.cian.ru/sale/flat/299601528/
189000000;5;CAR;127,4;;3;6;;0;0;;2;https://www.cian.ru/sale/flat/300509419/
189000000;4;WAR;230;73;18;18;2007;0;0;;4;https://www.cian.ru/sale/flat/297366236/
189630000;3;CAR;210,7;;41;66;2020;1;1;3,9;4;https://www.cian.ru/sale/flat/299800471/
189791469;9;CAR;161;;5;21;2023;1;0;3;4;https://www.cian.ru/sale/flat/289108923/
189811432;11;CAR;189,3;;2;7;2022;1;1;3,4;4;https://www.cian.ru/sale/flat/294508972/
190000000;10;CAR;169;;4;18;2019;0;0;3,15;3;https://www.cian.ru/sale/flat/286007029/
190000000;14;CAR;170;108,5;4;6;;0;0;;3;https://www.cian.ru/sale/flat/300509116/
190000000;14;CAR;170;108,5;4;6;;0;0;;3;https://www.cian.ru/sale/flat/300509033/
190000000;10;CAR;169;95;4;6;2016;0;0;3,6;4;https://www.cian.ru/sale/flat/289873138/
190000000;6;CAR;185;;4;9;1998;0;0;3;4;https://www.cian.ru/sale/flat/293934154/
190000000;5;CAR;210;140;45;68;2020;0;1;;4;https://www.cian.ru/sale/flat/285926750/
193000000;14;CAR;105;84;2;13;;0;0;;3;https://www.cian.ru/sale/flat/300299264/
193320888;11;CAR;192,8;;2;7;2022;1;1;3,4;4;https://www.cian.ru/sale/flat/288177361/
193467552;12;CAR;178,1;43,1;14;17;2022;1;0;3,6;4;https://www.cian.ru/sale/flat/285243997/
194072550;7;CAR;196;110;4;7;2011;0;0;;4;https://www.cian.ru/sale/flat/300539699/
194800000;8;WAR;160,8;80;47;54;2012;0;0;;3;https://www.cian.ru/sale/flat/297615874/
194800000;4;WAR;160,8;;47;50;2011;0;0;3,3;3;https://www.cian.ru/sale/flat/298157610/
194800000;4;WAR;160;;47;54;;0;0;;3;https://www.cian.ru/sale/flat/293641999/
194856000;4;WAR;162,38;;12;18;2024;1;0;;3;https://www.cian.ru/sale/flat/275277433/
194940000;2;CAR;108,3;;7;9;2023;0;1;3,35;2;https://www.cian.ru/sale/flat/298050405/
195000000;4;CAR;160;140;3;3;;0;1;;3;https://www.cian.ru/sale/flat/297423705/
195000000;10;WAR;220;138,8;30;30;2007;0;0;3,5;4;https://www.cian.ru/sale/flat/290921431/
195000000;8;CAR;144;119;9;12;2014;0;0;;4;https://www.cian.ru/sale/flat/300539778/
195000000;8;CAR;143,5;;9;12;2014;0;0;;4;https://www.cian.ru/sale/flat/299329302/
195000000;6;CAR;185;107;4;9;1998;0;0;3,2;4;https://www.cian.ru/sale/flat/299502167/
195500000;5;WAR;170;;6;8;2020;0;0;;4;https://www.cian.ru/sale/flat/282551748/
195587632;12;CAR;157,6;59,6;14;17;2022;1;0;4,5;3;https://www.cian.ru/sale/flat/280543692/
195840000;10;CAR;108,8;;4;9;2023;0;0;;3;https://www.cian.ru/sale/flat/285924764/
196225890;6;CAR;154,2;114;3;14;2005;0;0;3;4;https://www.cian.ru/sale/flat/290380899/
196225890;10;NAR;177,1;;32;37;2006;0;0;3;4;https://www.cian.ru/sale/flat/298870082/
196225890;12;NWAR;212;;22;32;2008;0;0;3;4;https://www.cian.ru/sale/flat/300478208/
196225890;7;CAR;195,1;80;4;7;;0;0;3,4;4;https://www.cian.ru/sale/flat/297124780/
196225890;6;CAR;196;;4;10;2010;0;0;3,4;4;https://www.cian.ru/sale/flat/269485967/
196225890;7;CAR;195,1;151;4;7;2010;0;0;3,37;4;https://www.cian.ru/sale/flat/300727627/
196225890;7;CAR;195,1;;4;7;2008;0;0;3,2;4;https://www.cian.ru/sale/flat/291924280/
196225890;6;CAR;154,2;;3;15;;0;0;3;4;https://www.cian.ru/sale/flat/299105242/
196537110;5;CAR;150,8;;3;6;2009;0;0;3,8;2;https://www.cian.ru/sale/flat/265207233/
197000000;9;CAR;160;88;5;6;2018;0;1;3,3;3;https://www.cian.ru/sale/flat/294622608/
197000000;9;CAR;160;;5;6;2018;0;1;3,35;3;https://www.cian.ru/sale/flat/287963659/
197000000;9;CAR;160;;5;6;;0;1;;3;https://www.cian.ru/sale/flat/299654561/
198000000;12;CAR;205,7;;10;20;2021;0;0;3,23;4;https://www.cian.ru/sale/flat/300370152/
198555773;12;CAR;177;59,7;15;17;2022;1;0;3,6;4;https://www.cian.ru/sale/flat/285243993/
199000000;2;CAR;184;110;47;95;;0;1;3,1;3;https://www.cian.ru/sale/flat/294374478/
199000000;10;CAR;160;105;4;7;;0;0;;3;https://www.cian.ru/sale/flat/295291816/
199500000;7;CAR;163,1;122;5;8;1928;0;0;3,3;4;https://www.cian.ru/sale/flat/296380323/
199870086;12;CAR;142,6;100;8;10;;0;0;;4;https://www.cian.ru/sale/flat/298113923/
199900000;4;WAR;186;120;2;19;2013;0;0;;3;https://www.cian.ru/sale/flat/245277094/
200000000;13;CAR;210,9;85;3;6;2012;0;0;3,8;3;https://www.cian.ru/sale/flat/234469964/
200000000;8;CAR;122,7;60;3;15;2021;0;0;3,2;3;https://www.cian.ru/sale/flat/296649966/
200000000;5;CAR;122,9;27;4;8;2023;0;0;;3;https://www.cian.ru/sale/flat/297678043/
200000000;13;CAR;210;85;4;6;2012;0;0;3,7;3;https://www.cian.ru/sale/flat/290380881/
200000000;13;CAR;209;;4;6;2012;0;0;5,1;3;https://www.cian.ru/sale/flat/292721096/
200000000;10;CAR;150;;11;11;;0;0;;3;https://www.cian.ru/sale/flat/300592030/
200000000;13;CAR;210;;4;6;2012;0;0;;3;https://www.cian.ru/sale/flat/300694597/
200000000;7;CAR;150;;11;11;;0;0;;3;https://www.cian.ru/sale/flat/300593282/
200000000;15;CAR;160;;13;21;2017;0;0;3,2;4;https://www.cian.ru/sale/flat/299679142/
200000000;15;WAR;152;;10;11;2020;0;0;3,2;4;https://www.cian.ru/sale/flat/299250571/
200000000;16;WAR;204,9;115;28;31;2008;0;1;3;4;https://www.cian.ru/sale/flat/290463046/
201063200;4;CAR;160;100;32;84;;0;1;;3;https://www.cian.ru/sale/flat/290284499/
201595003;12;CAR;157,3;59,6;15;17;2022;1;0;4,5;3;https://www.cian.ru/sale/flat/280543713/
202782230;11;CAR;164,9;;3;7;2022;1;1;3,4;3;https://www.cian.ru/sale/flat/298003478/
204999000;11;CAR;184,3;;4;12;;0;0;;4;https://www.cian.ru/sale/flat/300650836/
205000000;8;CAR;158;;6;16;2007;0;0;3,2;3;https://www.cian.ru/sale/flat/278751260/
205000000;9;CAR;205;;2;6;2020;0;0;3,4;4;https://www.cian.ru/sale/flat/300195361/
205134182;7;CAR;167,1;;1;7;;0;0;3,8;4;https://www.cian.ru/sale/flat/298735125/
205569887;11;CAR;163,8;;2;10;2013;0;0;3,4;4;https://www.cian.ru/sale/flat/294768307/
205569980;11;CAR;168,3;;2;11;2012;0;0;3,4;4;https://www.cian.ru/sale/flat/280782889/
205569980;13;CAR;163,8;;2;10;2012;0;0;;4;https://www.cian.ru/sale/flat/279405634/
205569980;11;CAR;163,8;;2;10;2012;0;0;3,3;4;https://www.cian.ru/sale/flat/300551563/
205569980;5;CAR;183,6;126;4;5;1913;0;0;3,6;4;https://www.cian.ru/sale/flat/290380718/
205692000;3;CAR;224,8;;50;66;2020;1;1;3,9;4;https://www.cian.ru/sale/flat/298051568/
206000000;11;CAR;210;;8;14;;0;0;;3;https://www.cian.ru/sale/flat/285074040/
206000000;14;CAR;125,18;44,1;8;15;;0;0;;3;https://www.cian.ru/sale/flat/300509132/
206004314;2;CAR;161,09;60,8;5;7;2022;1;0;3,5;3;https://www.cian.ru/sale/flat/298333736/
207002840;10;NAR;158;;9;57;2007;0;0;3,2;3;https://www.cian.ru/sale/flat/294650800/
207002840;11;CAR;164;105;3;5;;0;0;3,3;3;https://www.cian.ru/sale/flat/293982392/
207002840;11;CAR;164;;2;5;;0;0;;3;https://www.cian.ru/sale/flat/300509141/
207380000;7;CAR;135,08;73;5;12;;0;0;;3;https://www.cian.ru/sale/flat/300508754/
209000000;2;CAR;136,9;;5;12;2021;0;0;3,3;3;https://www.cian.ru/sale/flat/294651840/
209000000;10;CAR;135,08;73;5;12;;0;0;;3;https://www.cian.ru/sale/flat/300509034/
209000000;10;CAR;135,08;73;5;12;;0;0;;3;https://www.cian.ru/sale/flat/300509115/
209038500;;CAR;135,3;;2;4;2021;1;0;;3;https://www.cian.ru/sale/flat/296119400/
209231579;10;CAR;180,7;;8;8;2019;1;0;3,3;4;https://www.cian.ru/sale/flat/274788985/
209250000;6;CAR;225;100;63;79;;0;1;;4;https://www.cian.ru/sale/flat/293426922/
209988449;9;CAR;168,2;;3;21;2023;1;0;3;4;https://www.cian.ru/sale/flat/262519423/
210000000;3;CAR;140;;4;7;2015;0;1;3,15;3;https://www.cian.ru/sale/flat/281304705/
210000000;20;WAR;324;60;1;7;2006;0;0;;3;https://www.cian.ru/sale/flat/239000729/
210000000;4;CAR;172;;8;9;2010;0;0;3,6;4;https://www.cian.ru/sale/flat/299712795/
210000000;4;CAR;172;;8;14;2011;0;0;3,5;4;https://www.cian.ru/sale/flat/298209370/
210000000;17;WAR;177,4;;22;34;2024;0;1;;4;https://www.cian.ru/sale/flat/300434042/
210000000;4;CAR;172;;8;9;2011;0;0;3,5;4;https://www.cian.ru/sale/flat/299830026/
210000000;10;NWAR;455;;5;6;2005;0;0;3,5;4;https://www.cian.ru/sale/flat/300476896/
210242025;8;CAR;185;130;2;6;;0;0;;4;https://www.cian.ru/sale/flat/293433594/
211500000;8;CAR;184;147;3;6;2002;0;0;3,1;4;https://www.cian.ru/sale/flat/301061414/
211680000;8;CAR;176,4;134;7;7;2012;0;0;3,4;4;https://www.cian.ru/sale/flat/298795836/
214000000;11;CAR;142,8;;6;8;;0;1;3,3;3;https://www.cian.ru/sale/flat/294051481/
214729050;12;NAR;197;;40;41;2023;1;0;3,1;4;https://www.cian.ru/sale/flat/301041540/
214999900;11;CAR;118,7;;2;6;2008;0;0;3;3;https://www.cian.ru/sale/flat/295848895/
215000000;9;CAR;150,7;;10;13;2020;0;0;3,4;3;https://www.cian.ru/sale/flat/300839676/
215000000;6;CAR;130;;4;4;;0;0;3,4;3;https://www.cian.ru/sale/flat/298909594/
215000000;5;CAR;126;72;2;6;;0;0;;3;https://www.cian.ru/sale/flat/295066683/
215000000;5;CAR;126;81;2;6;2008;0;0;;3;https://www.cian.ru/sale/flat/284047364/
215000000;11;CAR;142,8;;6;8;2019;0;1;3,3;3;https://www.cian.ru/sale/flat/290012403/
215000000;10;CAR;118;;2;9;2022;0;1;;3;https://www.cian.ru/sale/flat/300022362/
215000000;5;CAR;119;;2;6;;0;0;3,4;3;https://www.cian.ru/sale/flat/295467331/
215000000;11;CAR;144;;6;8;;0;1;3,2;3;https://www.cian.ru/sale/flat/286239370/
215000000;5;CAR;119;;2;6;2008;0;0;3,4;3;https://www.cian.ru/sale/flat/298749524/
215000000;6;CAR;135;100;4;5;2023;0;0;3,4;3;https://www.cian.ru/sale/flat/293717850/
216728693;1;CAR;232,5;153,4;75;85;2015;1;1;;4;https://www.cian.ru/sale/flat/288136859/
216819225;9;CAR;181,8;;14;21;2023;1;0;3;3;https://www.cian.ru/sale/flat/269051087/
217080000;13;WAR;190,6;174,9;4;6;2019;0;0;3,5;4;https://www.cian.ru/sale/flat/294814361/
218000000;6;CAR;163;;3;7;2000;0;0;;3;https://www.cian.ru/sale/flat/298963566/
218651706;5;CAR;157,6;;7;18;;0;0;;4;https://www.cian.ru/sale/flat/300509376/
219253500;3;CAR;223,5;;64;66;2020;1;1;3,9;4;https://www.cian.ru/sale/flat/300449717/
219586115;11;CAR;181;;3;12;;0;0;;4;https://www.cian.ru/sale/flat/299464258/
219890000;14;CAR;199,37;129,4;9;11;;0;0;;4;https://www.cian.ru/sale/flat/300508747/
220000000;10;WAR;190;;5;12;2005;0;0;3;4;https://www.cian.ru/sale/flat/294672502/
220000000;7;CAR;162,2;;5;6;2009;0;0;3,3;4;https://www.cian.ru/sale/flat/295855242/
220000000;8;CAR;250;120;6;7;;0;1;3,4;4;https://www.cian.ru/sale/flat/279095017/
220000000;11;CAR;155;85;6;9;2015;0;0;3,2;4;https://www.cian.ru/sale/flat/300740705/
220000000;9;NAR;204;;10;10;2017;0;1;;4;https://www.cian.ru/sale/flat/260225922/
220620000;5;CAR;120,3;35,8;3;6;2025;1;0;3,91;2;https://www.cian.ru/sale/flat/294328854/
221900000;12;CAR;172,7;;6;9;;0;0;;4;https://www.cian.ru/sale/flat/300509393/
226380000;11;NAR;215,6;76,8;35;40;;0;0;;4;https://www.cian.ru/sale/flat/300193785/
226400000;3;CAR;226,4;;65;66;2020;1;1;3,9;4;https://www.cian.ru/sale/flat/298051595/
226600000;2025;NWAR;236,7;69,2;1;3;2023;1;1;3,1;4;https://www.cian.ru/sale/flat/300415728/
226600000;2025;NWAR;237,9;68,7;1;3;2023;1;1;3,1;4;https://www.cian.ru/sale/flat/300415710/
226800000;7;WAR;165;;50;53;;0;0;;2;https://www.cian.ru/sale/flat/285245614/
226972000;1;CAR;112;;9;9;2023;1;1;;3;https://www.cian.ru/sale/flat/289484549/
227332000;17;WAR;162,38;;8;14;2024;1;0;;4;https://www.cian.ru/sale/flat/289786573/
228800000;6;CAR;173,9;;5;8;;0;0;;4;https://www.cian.ru/sale/flat/300509113/
229400000;13;CAR;153;;6;13;;0;0;;4;https://www.cian.ru/sale/flat/300650827/
229490529;12;CAR;250,7;177,2;8;9;2021;1;1;3,6;4;https://www.cian.ru/sale/flat/298329549/
229500000;13;CAR;153;;4;13;;0;0;;3;https://www.cian.ru/sale/flat/300650821/
229500000;8;CAR;153;90;6;12;;0;0;;4;https://www.cian.ru/sale/flat/295229143/
230000000;2;CAR;148,5;;3;9;2023;0;1;3,5;2;https://www.cian.ru/sale/flat/291004202/
230000000;16;CAR;142;95;5;9;2014;0;0;;3;https://www.cian.ru/sale/flat/297053129/
230000000;16;CAR;142;;5;14;2014;0;0;3,2;3;https://www.cian.ru/sale/flat/300378773/
230000000;16;CAR;142;;5;11;;0;0;3,2;3;https://www.cian.ru/sale/flat/300439781/
230000000;10;CAR;150;;5;10;2014;0;0;3,4;3;https://www.cian.ru/sale/flat/299728123/
230000000;16;CAR;142;;5;11;2014;0;0;3,2;3;https://www.cian.ru/sale/flat/294646337/
230000000;10;CAR;149,6;65;4;6;;0;0;;3;https://www.cian.ru/sale/flat/300707882/
230000000;6;CAR;156;;9;11;;0;0;;4;https://www.cian.ru/sale/flat/300740379/
230000000;6;CAR;212,3;;6;7;;0;1;3,4;4;https://www.cian.ru/sale/flat/292704771/
230000000;6;CAR;212,3;;7;7;2017;0;1;3,4;4;https://www.cian.ru/sale/flat/289533278/
230000000;6;CAR;212,3;73;7;7;2017;0;1;4,88;4;https://www.cian.ru/sale/flat/299068659/
230000000;6;CAR;213,7;111;7;7;2017;0;1;3,2;4;https://www.cian.ru/sale/flat/300097386/
230000000;9;CAR;164;92;4;5;1901;0;0;3;4;https://www.cian.ru/sale/flat/290380788/
230000000;9;CAR;199;;4;9;2003;0;0;3,4;4;https://www.cian.ru/sale/flat/299456268/
230000000;9;CAR;170;;4;5;;0;0;;4;https://www.cian.ru/sale/flat/277466643/
230448000;4;WAR;192,04;;9;18;2024;1;0;;4;https://www.cian.ru/sale/flat/275277425/
231222680;9;CAR;140;;2;4;1903;0;0;3,5;3;https://www.cian.ru/sale/flat/298534721/
231222680;5;CAR;140;;2;4;1903;0;0;3,5;3;https://www.cian.ru/sale/flat/299892821/
231222680;5;CAR;140;;2;5;;0;0;3,5;3;https://www.cian.ru/sale/flat/300883472/
231515000;4;WAR;150,2;80;8;9;;0;0;3,2;4;https://www.cian.ru/sale/flat/300393470/
231520000;4;WAR;149,5;;8;9;2020;0;0;3,2;4;https://www.cian.ru/sale/flat/297578042/
231523500;5;WAR;149,37;;8;9;2021;1;0;;4;https://www.cian.ru/sale/flat/258945661/
231523500;4;WAR;150;;8;9;2020;0;0;3,2;4;https://www.cian.ru/sale/flat/299851179/
231523500;4;WAR;149,37;;8;9;;0;0;3,35;4;https://www.cian.ru/sale/flat/300839315/
231523500;4;WAR;150;;8;9;2020;0;0;3,2;4;https://www.cian.ru/sale/flat/288716778/
232387519;12;CAR;165,8;125;7;11;;0;0;;4;https://www.cian.ru/sale/flat/286200127/
233000000;6;CAR;155;;3;14;;0;0;;3;https://www.cian.ru/sale/flat/300825212/
233000000;6;CAR;155;;3;14;;0;0;;3;https://www.cian.ru/sale/flat/300912558/
233164800;14;CAR;153,6;125,6;65;67;2023;1;0;3,05;4;https://www.cian.ru/sale/flat/284503885/
235000000;10;WAR;434;137;22;22;2011;0;0;;4;https://www.cian.ru/sale/flat/293449799/
235230500;12;CAR;139;;8;11;2008;0;0;3,2;3;https://www.cian.ru/sale/flat/299593466/
235230500;4;WAR;191,5;;29;53;2014;0;0;3,1;3;https://www.cian.ru/sale/flat/280279506/
235230500;12;CAR;139;;8;11;2008;0;0;3,2;3;https://www.cian.ru/sale/flat/295986039/
235230500;3;CAR;223,3;;39;65;2008;0;1;3;3;https://www.cian.ru/sale/flat/296106303/
235230500;8;CAR;138;112;8;10;2008;0;0;3,2;3;https://www.cian.ru/sale/flat/286337916/
235810500;12;CAR;142;;8;11;;0;0;;2;https://www.cian.ru/sale/flat/300509009/
236105925;14;CAR;162,3;133;65;67;2023;1;0;3,05;4;https://www.cian.ru/sale/flat/284503887/
236405477;12;CAR;169;134;8;10;2009;0;0;;4;https://www.cian.ru/sale/flat/300753193/
236592359;12;CAR;168,8;120;8;10;;0;0;;4;https://www.cian.ru/sale/flat/298130366/
236872682;12;CAR;169;;8;11;2009;0;0;3,15;4;https://www.cian.ru/sale/flat/300828783/
237000000;9;CAR;153;;4;15;;0;0;;4;https://www.cian.ru/sale/flat/296860989/
237112344;12;CAR;138,6;;8;11;2008;0;0;3,2;3;https://www.cian.ru/sale/flat/286714948/
238525000;7;CAR;136;90;19;21;2023;0;0;;4;https://www.cian.ru/sale/flat/300053781/
239590000;5;NWAR;223,2;67,4;2;3;2023;1;1;3,1;3;https://www.cian.ru/sale/flat/300415774/
239900000;10;CAR;237;140;5;5;;0;0;3;4;https://www.cian.ru/sale/flat/300707134/
239970000;5;CAR;258;;4;4;1917;0;0;4,2;4;https://www.cian.ru/sale/flat/300566778/
240000000;8;CAR;172,5;95;3;10;2013;0;0;3,15;3;https://www.cian.ru/sale/flat/300812053/
240000000;7;CAR;145,2;;7;7;2019;0;0;3,1;3;https://www.cian.ru/sale/flat/299249837/
240000000;12;CAR;172;110;5;9;2021;0;0;3,4;4;https://www.cian.ru/sale/flat/292243678/
240000000;13;CAR;170;;3;6;2022;0;0;;4;https://www.cian.ru/sale/flat/298470038/
240000000;14;CAR;199,37;129,4;9;11;;0;0;;4;https://www.cian.ru/sale/flat/300509417/
240000000;12;CAR;172;;6;9;2021;0;0;3,2;4;https://www.cian.ru/sale/flat/299070805/
242899015;6;CAR;172,1;;4;6;2012;0;0;3,3;3;https://www.cian.ru/sale/flat/297904271/
242899015;6;CAR;185;;4;6;2005;0;0;3,4;3;https://www.cian.ru/sale/flat/300005884/
242899015;6;CAR;172,1;;4;5;;0;0;3,3;3;https://www.cian.ru/sale/flat/295782093/
242899015;6;CAR;172,1;40,2;4;6;;0;0;;3;https://www.cian.ru/sale/flat/300509101/
243000000;2;CAR;175,2;125;40;60;;0;1;3,5;4;https://www.cian.ru/sale/flat/290380756/
243000000;2;CAR;175;125;40;60;;0;1;;4;https://www.cian.ru/sale/flat/295152325/
243000000;2;CAR;175,2;;40;59;2011;0;1;3,5;4;https://www.cian.ru/sale/flat/299638326/
243000000;2;CAR;175;125;40;60;;0;1;;4;https://www.cian.ru/sale/flat/295152257/
243000000;5;CAR;175,2;;40;60;2010;0;1;3,5;4;https://www.cian.ru/sale/flat/266531972/
243000000;7;CAR;175,2;;40;60;2011;0;1;;4;https://www.cian.ru/sale/flat/274247449/
243000000;3;CAR;175;130;40;60;2011;0;1;3,5;4;https://www.cian.ru/sale/flat/293664935/
243250000;7;CAR;138,57;;19;21;;0;0;;4;https://www.cian.ru/sale/flat/300509020/
245500000;6;CAR;136;;19;21;2023;1;0;;4;https://www.cian.ru/sale/flat/292308486/
246620603;11;CAR;231,9;;4;7;2022;1;1;3,4;3;https://www.cian.ru/sale/flat/298003465/
247000000;6;CAR;206;;7;22;2006;0;0;3,3;3;https://www.cian.ru/sale/flat/289971025/
249900000;5;CAR;166;;1;7;2006;0;0;3,2;4;https://www.cian.ru/sale/flat/300029091/
250000000;6;CAR;124,7;70;3;14;2024;0;0;;3;https://www.cian.ru/sale/flat/296943732/
250000000;4;CAR;160;;4;6;2008;0;0;3,4;3;https://www.cian.ru/sale/flat/300877955/
250000000;6;CAR;124,5;75;3;8;2009;0;0;3,2;3;https://www.cian.ru/sale/flat/298000257/
250000000;9;CAR;170;;4;6;2006;0;0;3,5;3;https://www.cian.ru/sale/flat/294650811/
250000000;11;CAR;125;85;2;4;2023;0;0;3,2;3;https://www.cian.ru/sale/flat/294509004/
250000000;6;CAR;176;;12;22;2006;0;0;3,3;4;https://www.cian.ru/sale/flat/300573187/
250000000;9;CAR;170;;6;11;;0;0;;4;https://www.cian.ru/sale/flat/293620532/
250000000;9;CAR;168,3;;7;12;2012;0;0;3,5;4;https://www.cian.ru/sale/flat/296384043/
250000000;9;CAR;168,3;;6;11;2012;0;0;3,9;4;https://www.cian.ru/sale/flat/300058175/
250000000;7;NAR;324,5;;6;6;;0;1;;4;https://www.cian.ru/sale/flat/288460497/
250000000;6;CAR;208;50;8;14;2006;0;0;3,1;4;https://www.cian.ru/sale/flat/299232018/
250500000;6;CAR;139;;19;21;2023;1;0;;4;https://www.cian.ru/sale/flat/292309445/
251566093;12;CAR;221,7;171,1;6;9;2021;1;1;3,6;4;https://www.cian.ru/sale/flat/298329504/
252637557;6;CAR;179;;4;6;;0;0;;3;https://www.cian.ru/sale/flat/291599656/
252637557;6;CAR;179;;4;6;2009;0;0;3,4;3;https://www.cian.ru/sale/flat/294650824/
252637557;6;CAR;179;36,4;4;6;;0;0;;3;https://www.cian.ru/sale/flat/300509002/
256542000;14;CAR;169;138,7;65;67;2023;1;0;3,05;4;https://www.cian.ru/sale/flat/284503899/
258868870;10;CAR;98;;5;7;;0;0;;1;https://www.cian.ru/sale/flat/300509400/
259000000;7;CAR;173;101;5;16;2010;0;0;3;4;https://www.cian.ru/sale/flat/300194263/
259808000;17;WAR;162,38;;11;14;2024;1;0;;3;https://www.cian.ru/sale/flat/275277401/
260000000;5;CAR;193,7;;2;6;;0;0;;4;https://www.cian.ru/sale/flat/290537650/
260000000;10;CAR;230;119;6;7;;0;0;;4;https://www.cian.ru/sale/flat/297857098/
260000000;10;CAR;215;;6;7;;0;0;;4;https://www.cian.ru/sale/flat/297449287/
260000000;10;CAR;137,2;;3;7;2007;0;0;3,2;4;https://www.cian.ru/sale/flat/296260378/
265000000;10;CAR;161,6;;2;7;;0;0;4;4;https://www.cian.ru/sale/flat/296458781/
265500000;10;CAR;161,6;;2;8;;0;0;4;3;https://www.cian.ru/sale/flat/276681309/
265500000;9;CAR;184,5;;2;6;2020;0;1;3,4;4;https://www.cian.ru/sale/flat/296125793/
265500000;10;CAR;161,6;115;2;7;1913;0;0;4;4;https://www.cian.ru/sale/flat/291733228/
268000000;11;CAR;122;85;3;4;2023;0;0;3,2;3;https://www.cian.ru/sale/flat/294370415/
270000000;5;NWAR;197;;2;3;2019;1;1;;3;https://www.cian.ru/sale/flat/280125497/
270000000;5;NWAR;195,6;;3;3;2019;1;1;;3;https://www.cian.ru/sale/flat/280125504/
270982535;1;CAR;294,6;203,7;76;85;2015;1;1;;4;https://www.cian.ru/sale/flat/299938863/
272285755;1;CAR;292,1;198,6;75;85;2015;1;1;;4;https://www.cian.ru/sale/flat/291360020/
273903884;12;CAR;274,4;206,8;6;9;2021;1;1;3,6;4;https://www.cian.ru/sale/flat/298329501/
275133273;1;CAR;293,8;201,7;76;85;2015;1;1;;4;https://www.cian.ru/sale/flat/291360013/
275650655;10;CAR;162;;2;7;1913;0;0;;4;https://www.cian.ru/sale/flat/265312351/
276144397;12;CAR;204,1;87,6;16;17;2022;1;0;4,5;4;https://www.cian.ru/sale/flat/280543693/
277246500;4;CAR;340;180;6;6;2002;0;0;;4;https://www.cian.ru/sale/flat/300539722/
277760000;1;CAR;173,6;;5;9;2021;0;0;3,3;4;https://www.cian.ru/sale/flat/296106344/
278500000;8;CAR;167;;3;6;;0;0;;4;https://www.cian.ru/sale/flat/280742090/
280000000;8;CAR;158;100;3;7;;0;0;;4;https://www.cian.ru/sale/flat/295316053/
280322700;6;CAR;251,5;84;3;12;;0;0;;4;https://www.cian.ru/sale/flat/270772381/
280322700;4;CAR;340;;6;6;2002;0;0;3;4;https://www.cian.ru/sale/flat/299604103/
280322700;6;CAR;340;248;6;7;2002;0;0;;4;https://www.cian.ru/sale/flat/239000665/
280322700;4;CAR;340;281;6;6;2002;0;0;;4;https://www.cian.ru/sale/flat/299474676/
280322700;6;CAR;203;;10;17;1998;0;0;;4;https://www.cian.ru/sale/flat/292548940/
280322700;7;CAR;200,3;;10;17;1998;0;0;3,2;4;https://www.cian.ru/sale/flat/291590043/
283821725;14;CAR;195,1;160,8;65;67;2023;1;0;3,05;4;https://www.cian.ru/sale/flat/284503892/
289120000;11;WAR;222,4;;3;6;2019;1;0;;3;https://www.cian.ru/sale/flat/267963958/
289750000;6;CAR;190,4;;4;5;2019;1;0;3,6;3;https://www.cian.ru/sale/flat/291467891/
289870000;16;CAR;203;170;4;9;2014;0;0;3,2;4;https://www.cian.ru/sale/flat/300393548/
290000000;11;CAR;158,6;;3;6;2008;0;0;3;3;https://www.cian.ru/sale/flat/295848893/
290000000;5;CAR;162;87;3;6;;0;0;;3;https://www.cian.ru/sale/flat/296120452/
290000000;5;CAR;158,6;;3;6;2008;0;0;3,4;3;https://www.cian.ru/sale/flat/298752008/
290000000;5;CAR;162;71;3;6;2008;0;0;;3;https://www.cian.ru/sale/flat/284017557/
290000000;9;CAR;330;51,3;5;8;;0;0;;4;https://www.cian.ru/sale/flat/281889962/
290000000;16;CAR;201,6;133;4;8;;0;0;;4;https://www.cian.ru/sale/flat/300509096/
290000000;7;CAR;261,79;183;7;7;2019;0;0;3,8;4;https://www.cian.ru/sale/flat/282977876/
290000000;16;CAR;202;170;4;9;2014;0;0;;4;https://www.cian.ru/sale/flat/298148100/
291685820;2;CAR;160,8;120;7;9;2021;0;1;3,3;3;https://www.cian.ru/sale/flat/300002527/
294755912;3;CAR;296;241;55;95;2017;0;1;3;4;https://www.cian.ru/sale/flat/233673108/
295990000;4;WAR;238,2;;3;9;2020;0;0;3,2;4;https://www.cian.ru/sale/flat/293947623/
296485000;7;CAR;137,9;;2;4;2015;0;1;3;3;https://www.cian.ru/sale/flat/290706192/
297000000;8;CAR;271,7;;6;7;2011;0;0;3;4;https://www.cian.ru/sale/flat/295837879/
297489993;12;CAR;216,2;58,4;16;17;2022;1;0;4,5;3;https://www.cian.ru/sale/flat/300468144/
297832500;17;WAR;192,15;;9;14;2024;1;0;;4;https://www.cian.ru/sale/flat/275277392/
299000000;6;CAR;210;;5;14;2005;0;0;;4;https://www.cian.ru/sale/flat/285874806/
299010880;6;CAR;250;72;3;14;2003;0;0;3,2;4;https://www.cian.ru/sale/flat/267233008/
299010880;6;CAR;155;;3;6;2006;0;0;3,2;4;https://www.cian.ru/sale/flat/275594512/
300000000;5;NWAR;203,1;;1;3;2019;1;1;;3;https://www.cian.ru/sale/flat/280125492/
300000000;11;CAR;151,3;;2;7;;0;0;3,25;3;https://www.cian.ru/sale/flat/294907870/
300000000;11;CAR;151,3;86;2;6;;0;0;3,4;3;https://www.cian.ru/sale/flat/300285745/
300000000;11;CAR;151,3;;2;7;2018;0;0;3,2;3;https://www.cian.ru/sale/flat/292408704/
300000000;16;CAR;202;170;4;9;2014;0;0;3,1;4;https://www.cian.ru/sale/flat/301039807/
300000000;16;CAR;204;;4;11;;0;0;;4;https://www.cian.ru/sale/flat/292544369/
300000000;16;CAR;202;;4;11;2014;0;0;3,2;4;https://www.cian.ru/sale/flat/290012394/
300000000;11;NWAR;225;;1;5;;0;0;;4;https://www.cian.ru/sale/flat/297166882/
300000000;16;CAR;204;;4;14;2014;0;0;3,2;4;https://www.cian.ru/sale/flat/295332112/
300000000;16;CAR;201,6;;4;12;2014;0;0;3,2;4;https://www.cian.ru/sale/flat/275789938/
301095040;7;CAR;154,2;97;3;7;;0;0;;3;https://www.cian.ru/sale/flat/298111075/
301095040;2;CAR;160,8;43;7;9;2023;0;1;;3;https://www.cian.ru/sale/flat/297872122/
301095040;7;CAR;154,2;94,7;3;7;;0;0;;3;https://www.cian.ru/sale/flat/300509007/
301095040;7;CAR;154,2;94,7;3;7;;0;0;;3;https://www.cian.ru/sale/flat/300508751/
306625000;8;CAR;223;;13;13;2013;1;1;3,15;4;https://www.cian.ru/sale/flat/297286598/
307942336;12;CAR;276,1;178,8;8;9;2021;1;1;3,6;4;https://www.cian.ru/sale/flat/298329544/
309657431;6;CAR;219,4;;4;6;;0;0;;3;https://www.cian.ru/sale/flat/291604691/
309657431;6;CAR;219,4;48,1;4;6;;0;0;;3;https://www.cian.ru/sale/flat/300509386/
310000000;;CAR;136,6;;3;4;2021;1;0;;3;https://www.cian.ru/sale/flat/296119405/
310000000;5;CAR;124;;7;9;2019;0;0;;3;https://www.cian.ru/sale/flat/289781524/
310000000;11;CAR;207;;17;18;2016;0;0;4,2;3;https://www.cian.ru/sale/flat/300522113/
310200000;9;CAR;137;58;4;6;2018;0;1;3,2;2;https://www.cian.ru/sale/flat/300568713/
310504260;6;CAR;145;111;2;3;1890;0;1;3,8;3;https://www.cian.ru/sale/flat/255814688/
312000000;1;CAR;166;95;4;5;2015;0;1;3;3;https://www.cian.ru/sale/flat/298382835/
313000000;4;CAR;237;197;15;15;;0;0;;4;https://www.cian.ru/sale/flat/294170270/
315208870;1;CAR;123;95;2;5;2015;0;1;3,2;3;https://www.cian.ru/sale/flat/296698115/
315208870;1;CAR;124,7;77;2;5;2015;0;1;3,2;3;https://www.cian.ru/sale/flat/290518757/
315208870;1;CAR;123;100;2;5;2015;0;1;;3;https://www.cian.ru/sale/flat/299690994/
320000000;5;CAR;243,5;151;11;12;2001;0;0;3,65;4;https://www.cian.ru/sale/flat/300472757/
320000000;8;CAR;177,4;;4;5;2022;0;1;;4;https://www.cian.ru/sale/flat/297250665/
324900000;16;CAR;205;145;5;9;2014;0;0;3,2;4;https://www.cian.ru/sale/flat/300393557/
325000000;5;CAR;212;;4;12;2002;0;0;3,5;4;https://www.cian.ru/sale/flat/297946122/
327000000;8;CAR;182;;4;6;;0;0;3,2;4;https://www.cian.ru/sale/flat/293996621/
327043150;8;WAR;221;190;2;6;2004;0;0;3,5;4;https://www.cian.ru/sale/flat/296646329/
327043150;7;CAR;261;;5;8;2004;0;0;3,4;4;https://www.cian.ru/sale/flat/287967334/
328184010;9;CAR;234,3;;18;21;2023;1;0;3;4;https://www.cian.ru/sale/flat/270042550/
329322700;10;NAR;262;148;26;57;2006;0;0;4;3;https://www.cian.ru/sale/flat/290380851/
329322700;5;CAR;204;145;8;22;2006;0;0;;3;https://www.cian.ru/sale/flat/269984902/
329423325;9;CAR;231;;20;21;2023;1;0;3;4;https://www.cian.ru/sale/flat/272819951/
329870000;10;CAR;242,97;;11;14;;0;0;;3;https://www.cian.ru/sale/flat/300509280/
330000000;16;CAR;202;;5;9;2013;0;0;;4;https://www.cian.ru/sale/flat/297766672/
330000000;12;CAR;285,35;;7;7;2021;0;0;3,2;4;https://www.cian.ru/sale/flat/300155192/
330000000;7;CAR;237;175;15;15;2023;0;0;2,95;4;https://www.cian.ru/sale/flat/297419149/
330000000;13;WAR;214;190;2;6;;0;0;;4;https://www.cian.ru/sale/flat/293809446/
330000000;11;CAR;180;126;5;7;2018;0;0;3,05;4;https://www.cian.ru/sale/flat/289915709/
330000000;7;CAR;188,7;;3;7;2015;0;0;;4;https://www.cian.ru/sale/flat/298844162/
334591864;5;CAR;254;;11;12;2002;0;0;;3;https://www.cian.ru/sale/flat/284256512/
334723593;5;CAR;254,1;;11;12;2002;0;0;3,2;3;https://www.cian.ru/sale/flat/276394501/
340000000;10;CAR;158,13;;6;9;2022;0;1;;4;https://www.cian.ru/sale/flat/299728149/
343080000;3;CAR;128;;2;5;2021;0;1;3,4;4;https://www.cian.ru/sale/flat/289514740/
345000000;17;WAR;270;;30;34;2024;0;1;7;4;https://www.cian.ru/sale/flat/300597162/
345000000;14;WAR;305;;30;31;2023;0;1;7;4;https://www.cian.ru/sale/flat/295528192/
345731330;5;CAR;214;171;4;6;;0;0;;4;https://www.cian.ru/sale/flat/291645443/
345731330;6;CAR;174;;2;5;2004;0;0;4;4;https://www.cian.ru/sale/flat/300940969/
347734754;2;CAR;281,51;77,1;6;7;2022;1;0;3,5;4;https://www.cian.ru/sale/flat/298333739/
348141140;10;CAR;150;105;2;6;2003;0;0;3,3;3;https://www.cian.ru/sale/flat/282559741/
348141140;6;CAR;204;;8;22;2006;0;0;3,3;3;https://www.cian.ru/sale/flat/299606430/
350000000;14;CAR;242,97;;11;14;;0;0;;3;https://www.cian.ru/sale/flat/300509043/
350000000;6;CAR;173,6;;2;5;2004;0;0;4;3;https://www.cian.ru/sale/flat/292587627/
350000000;12;CAR;216;152;4;6;;0;0;3,4;4;https://www.cian.ru/sale/flat/298112694/
350000000;8;CAR;200;80;3;10;2008;0;0;3,2;4;https://www.cian.ru/sale/flat/300475516/
350000000;8;CAR;238,8;;11;12;2019;0;0;3,9;4;https://www.cian.ru/sale/flat/300818257/
350000000;12;CAR;270;;11;11;2003;0;0;3,4;4;https://www.cian.ru/sale/flat/300338403/
350000000;17;WAR;312;110,3;30;32;2023;0;1;6,35;4;https://www.cian.ru/sale/flat/300396629/
350000000;8;CAR;177;;4;6;2023;0;0;;4;https://www.cian.ru/sale/flat/296467715/
355075420;6;CAR;171,9;;2;5;2004;0;0;3,2;4;https://www.cian.ru/sale/flat/300650054/
355075420;6;CAR;172;;2;5;2002;0;0;3,2;4;https://www.cian.ru/sale/flat/300578699/
355075420;6;CAR;210;125;5;6;2006;0;0;3;4;https://www.cian.ru/sale/flat/301035457/
355075420;6;CAR;171,9;;2;5;2004;0;0;3,2;4;https://www.cian.ru/sale/flat/298263572/
355075420;6;CAR;132;;2;5;;0;0;;4;https://www.cian.ru/sale/flat/292396726/
357000000;;CAR;179;120;6;16;2021;0;0;3,85;2;https://www.cian.ru/sale/flat/300613267/
357500000;5;CAR;116,8;;5;7;2016;0;0;3,85;3;https://www.cian.ru/sale/flat/272629978/
357550360;6;CAR;132,6;;2;8;2010;0;0;;3;https://www.cian.ru/sale/flat/299460124/
357550360;6;CAR;132,6;;2;8;2011;0;0;;3;https://www.cian.ru/sale/flat/300006030/
357550360;6;CAR;132,6;;2;8;;0;0;3,2;3;https://www.cian.ru/sale/flat/295118857/
357550360;6;CAR;173,6;;2;5;2004;0;0;4;3;https://www.cian.ru/sale/flat/292771959/
360000000;;CAR;175;;4;9;2015;0;0;4;4;https://www.cian.ru/sale/flat/300760666/
360500000;6;CAR;212,3;;8;8;2006;0;0;6,8;4;https://www.cian.ru/sale/flat/300431343/
361519400;14;CAR;222,2;;8;8;2023;1;0;3,2;3;https://www.cian.ru/sale/flat/294775304/
370000000;1;CAR;128,7;;5;15;2015;0;1;;2;https://www.cian.ru/sale/flat/296102099/
370000000;4;CAR;295;;79;82;;0;1;3;4;https://www.cian.ru/sale/flat/298829719/
370730000;5;WAR;273,2;170;13;13;;0;1;;4;https://www.cian.ru/sale/flat/293821776/
371250000;10;CAR;165;;3;7;;0;0;3,5;4;https://www.cian.ru/sale/flat/298786229/
373763600;10;WAR;220;114;14;15;;0;0;;4;https://www.cian.ru/sale/flat/299368091/
373763600;6;CAR;244,9;;10;14;2007;0;0;6,5;4;https://www.cian.ru/sale/flat/290862825/
373763600;6;CAR;244,9;;9;14;;0;0;3,8;4;https://www.cian.ru/sale/flat/297032515/
376368800;9;CAR;180,9;;3;9;2003;0;0;3,1;3;https://www.cian.ru/sale/flat/291590056/
376368800;11;CAR;160;;3;7;2017;0;0;3,4;3;https://www.cian.ru/sale/flat/294196446/
385000000;6;CAR;162,9;98;4;8;;0;0;3,1;3;https://www.cian.ru/sale/flat/300139607/
395000000;4;CAR;136,85;;4;5;1903;0;1;;3;https://www.cian.ru/sale/flat/280842956/
396000000;9;CAR;255,6;;3;7;2003;0;0;3,35;4;https://www.cian.ru/sale/flat/292133913/
400000000;2;CAR;146,8;;2;5;2021;0;1;3,6;3;https://www.cian.ru/sale/flat/292723657/
400000000;2;CAR;146;;2;2;2021;0;1;3,51;3;https://www.cian.ru/sale/flat/296339323/
400000000;9;CAR;270;110;11;13;;0;0;;4;https://www.cian.ru/sale/flat/281376540/
404596460;14;CAR;172,26;;5;7;2015;0;0;3,3;3;https://www.cian.ru/sale/flat/291636518/
410936842;6;CAR;200,2;;5;5;2019;1;0;3,6;3;https://www.cian.ru/sale/flat/274788020/
411139960;3;CAR;273;;7;10;;0;0;;4;https://www.cian.ru/sale/flat/293697907/
415812005;3;CAR;273;;7;10;;0;0;3,4;4;https://www.cian.ru/sale/flat/292321434/
418000000;11;CAR;220;150;2;4;2023;0;0;3,2;4;https://www.cian.ru/sale/flat/294469422/
420000000;10;CAR;206,6;;1;10;2014;0;0;3,4;4;https://www.cian.ru/sale/flat/298847431/
420000000;13;CAR;230,32;;11;12;;0;0;3,93;4;https://www.cian.ru/sale/flat/300883465/
420484050;7;CAR;215;;3;7;;0;0;;4;https://www.cian.ru/sale/flat/300509006/
430000000;15;CAR;230;;6;21;2008;0;0;3,1;4;https://www.cian.ru/sale/flat/300369421/
430000000;9;CAR;200;;3;14;;0;0;;4;https://www.cian.ru/sale/flat/281590820/
430000201;12;WAR;217,1;;3;4;2019;1;0;;3;https://www.cian.ru/sale/flat/292542045/
430358905;1;CAR;207,9;;5;15;2015;0;1;3,3;3;https://www.cian.ru/sale/flat/299340448/
440510000;7;CAR;248;;20;21;2023;1;0;3;4;https://www.cian.ru/sale/flat/270887982/
442233340;10;CAR;152;;2;6;2003;0;0;3,2;3;https://www.cian.ru/sale/flat/234479051/
442233340;10;CAR;156;110;2;6;;0;0;;3;https://www.cian.ru/sale/flat/288318449/
442233340;10;CAR;157;;2;6;2003;0;0;3;3;https://www.cian.ru/sale/flat/298482969/
445000000;4;CAR;235;;12;12;2010;0;0;;4;https://www.cian.ru/sale/flat/300977564/
450000000;12;CAR;270;;11;13;2003;0;0;3;4;https://www.cian.ru/sale/flat/298729079/
450000000;7;CAR;207;;6;8;2012;0;0;3,15;4;https://www.cian.ru/sale/flat/290979265/
450000000;6;CAR;207;130;6;8;2012;0;0;;4;https://www.cian.ru/sale/flat/274970246/
452732374;6;CAR;235,3;;2;8;2009;0;0;3,4;4;https://www.cian.ru/sale/flat/268525437/
457135000;7;CAR;247,1;;21;21;2023;1;0;3;4;https://www.cian.ru/sale/flat/276810420/
458234336;7;CAR;306,7;;19;21;2023;1;0;;4;https://www.cian.ru/sale/flat/267125571/
458259200;14;CAR;296,8;;3;8;2023;1;0;3,2;4;https://www.cian.ru/sale/flat/294641869/
462745440;6;CAR;245,9;;2;8;;0;0;3,3;3;https://www.cian.ru/sale/flat/283353046/
468024590;10;CAR;305;240;5;6;2003;0;0;3,4;4;https://www.cian.ru/sale/flat/283112027/
469028980;8;CAR;126,2;63,6;2;5;2023;1;0;3;2;https://www.cian.ru/sale/flat/299858831/
470000000;10;CAR;200;;4;7;1907;0;0;;4;https://www.cian.ru/sale/flat/280568651/
470461000;8;CAR;196;;5;8;2014;0;0;;3;https://www.cian.ru/sale/flat/300925961/
478932289;12;CAR;278;69,8;17;17;2022;1;0;4,5;4;https://www.cian.ru/sale/flat/280543695/
480000000;14;WAR;225,7;209;4;4;;0;0;;4;https://www.cian.ru/sale/flat/291788651/
481220635;6;CAR;247,2;;2;7;2007;0;0;;4;https://www.cian.ru/sale/flat/270038741/
481281603;1;CAR;204,6;;6;15;2015;0;1;3,3;3;https://www.cian.ru/sale/flat/299340237/
482560800;14;CAR;300,1;;1;8;2023;1;0;3,2;3;https://www.cian.ru/sale/flat/294641868/
486000000;9;CAR;252,3;;4;7;2003;0;0;3,6;4;https://www.cian.ru/sale/flat/299925208/
486000000;9;CAR;252,3;;4;7;2003;0;0;3,35;4;https://www.cian.ru/sale/flat/291590047/
491725838;7;CAR;175;;9;11;2014;0;0;3,2;3;https://www.cian.ru/sale/flat/298876198/
495000000;6;CAR;300;;3;5;2014;0;1;3,5;4;https://www.cian.ru/sale/flat/300250559/
495498405;3;CAR;294,6;;80;85;;0;1;4;4;https://www.cian.ru/sale/flat/297733877/
495498405;3;CAR;294,6;;80;85;2016;0;1;3;4;https://www.cian.ru/sale/flat/300102965/
495498405;3;CAR;294,6;;80;85;2016;0;1;3;4;https://www.cian.ru/sale/flat/299294066/
498688660;6;CAR;202,4;;2;8;2009;0;0;3,5;3;https://www.cian.ru/sale/flat/286463729/
499000000;2;CAR;426;350;66;73;;0;1;;4;https://www.cian.ru/sale/flat/279148561/
500000000;6;CAR;250;;13;13;2016;0;0;4,2;3;https://www.cian.ru/sale/flat/299242936/
500000000;4;CAR;240;;13;13;;0;1;4,7;3;https://www.cian.ru/sale/flat/297748689/
500000000;14;CAR;250;170;11;13;2019;0;0;;4;https://www.cian.ru/sale/flat/300705211/
504580860;6;CAR;303;;11;11;;0;0;;4;https://www.cian.ru/sale/flat/300508763/
513924950;6;CAR;303;;11;11;;0;0;;4;https://www.cian.ru/sale/flat/300650863/
550000000;6;CAR;253;155;68;73;2010;0;1;4,9;4;https://www.cian.ru/sale/flat/295885244/
550000000;12;CAR;241,2;127;3;4;;0;0;;4;https://www.cian.ru/sale/flat/300341986/
560000000;10;CAR;280;196;5;6;2003;0;0;3,3;4;https://www.cian.ru/sale/flat/292247013/
560000000;8;CAR;283,4;;6;6;2019;0;1;3,1;4;https://www.cian.ru/sale/flat/299477912/
560000000;8;CAR;283,4;;7;7;2019;0;1;3,1;4;https://www.cian.ru/sale/flat/300156724/
560000000;8;CAR;283,4;103;7;7;2018;0;0;3,1;4;https://www.cian.ru/sale/flat/299881286/
560645400;2;CAR;246,4;;8;9;2023;0;1;3,5;4;https://www.cian.ru/sale/flat/288723231/
560645400;10;CAR;277,9;200;3;6;2005;0;0;3,3;4;https://www.cian.ru/sale/flat/293085065/
569100000;7;CAR;227,64;;11;15;2022;0;0;3,3;4;https://www.cian.ru/sale/flat/272126679/
576973371;7;CAR;219,2;;2;4;;0;0;;3;https://www.cian.ru/sale/flat/300509099/
576973371;7;CAR;219,2;177;2;4;2014;0;0;3;3;https://www.cian.ru/sale/flat/292979032/
576973371;7;CAR;219,2;;2;4;2015;0;0;3,2;3;https://www.cian.ru/sale/flat/290411907/
577750000;8;CAR;231,1;137;4;6;2017;0;1;4;4;https://www.cian.ru/sale/flat/289182693/
599445000;7;CAR;363,3;190,3;21;21;2023;1;0;;4;https://www.cian.ru/sale/flat/283545627/
620000000;13;CAR;355;;4;4;2021;0;0;;4;https://www.cian.ru/sale/flat/299645497/
630000000;13;CAR;251,8;;4;4;2021;0;0;6;4;https://www.cian.ru/sale/flat/300464176/
630000000;12;CAR;351;200;4;4;2023;0;0;6;4;https://www.cian.ru/sale/flat/300396846/
641574564;9;CAR;254,3;;7;8;;0;0;3,3;4;https://www.cian.ru/sale/flat/298736311/
644957125;3;CAR;222;;4;8;2015;0;0;3,5;4;https://www.cian.ru/sale/flat/297901402/
647924211;6;CAR;343,6;;5;5;2019;1;0;3,6;3;https://www.cian.ru/sale/flat/294880595/
650000000;13;CAR;251,8;;4;4;2021;1;0;;4;https://www.cian.ru/sale/flat/296119409/
705691500;4;CAR;203,1;;6;7;;0;0;3,4;3;https://www.cian.ru/sale/flat/291067078/
723197400;14;CAR;458,3;;8;8;2023;1;0;3,2;4;https://www.cian.ru/sale/flat/294775310/
725300000;7;CAR;366,8;197;4;7;2016;0;0;3,6;4;https://www.cian.ru/sale/flat/299060923/
747527200;5;CAR;227;109,7;3;7;2017;0;0;;4;https://www.cian.ru/sale/flat/296186591/
765000000;9;CAR;273,8;;7;7;2003;0;0;3,6;4;https://www.cian.ru/sale/flat/299925024/
792540000;5;CAR;396,27;106,3;4;5;;0;0;4,4;4;https://www.cian.ru/sale/flat/300547257/
810340000;5;CAR;405,17;97;4;5;;0;0;4,4;4;https://www.cian.ru/sale/flat/300547260/
855000000;6;CAR;269,6;125;5;6;2022;0;1;;4;https://www.cian.ru/sale/flat/301003551/
903406350;9;CAR;460,1;;21;21;2023;1;0;3;4;https://www.cian.ru/sale/flat/272290927/
904784400;8;CAR;198,8;75,6;3;5;2023;1;0;3;3;https://www.cian.ru/sale/flat/299563199/
940922000;7;CAR;303,9;;12;12;;0;0;;3;https://www.cian.ru/sale/flat/275848068/
3737636000;10;CAR;530;183;6;7;2003;0;0;;4;https://www.cian.ru/sale/flat/300427641/
